crID	flank	n_reads	raw_sites	sites	sv_sites	pairs_decided	n_groups	grouped_frac	sizes	secs	cur_n	ari_vs_cur	trio_n	trio_pat	trio_mat	acc_new	split_err_new	join_err_new	acc_cur	split_err_cur	join_err_cur	_labels
0	5000	21	337	335	0	0.976	2	1.0	11,10	0.5	2	1.0	21	11	11	1.0	0.0	0.0	1.0	0.0	0.0	{"16bf86be-438c-4d6d-a915-198de0f8f96c": 0, "24b6c8fd-77ee-4197-810b-0fa5218c41ad": 0, "2bfadfd7-c7df-4ae5-bac8-72fadd72525c": 0, "2f22f01a-d9ef-4f6c-98fa-6887b420353f": 0, "32a3452e-f39e-45fb-8fe9-358086f2a780": 0, "36cfc2e1-c6b5-49ef-bf75-a59047b81f60": 1, "48c1b772-5f36-40e7-8d9c-085ef591c56f": 1, "5b6ab076-7a14-411f-a338-673fa4035f0a": 0, "67b525ad-8b0b-4249-af1a-0febcc082b8e": 0, "6ec6f7e4-a21e-43fe-b9e9-3954d6fc7f33": 0, "7063aea2-6eea-4eac-9c77-360bf9d73206": 1, "7fbc8d80-fe56-42fa-a61d-298b6778374a": 1, "a37d8c2a-1310-4b71-ba0d-ed4b83ee18c8": 1, "aef34cfc-d35f-4ab3-a601-9e28962c3121": 1, "b594face-c5f0-4ff7-a4bd-fb719b507ed7": 0, "b8f73350-02e1-4579-86f1-8fca40d2b8f9": 0, "c05c6878-b105-46d6-9e59-53acf4e871ec": 1, "c9cc2a2c-c4a8-4062-819d-cba4bdcd5a28": 1, "cb96522f-05ad-4285-8680-bd154b03b3b5": 0, "d26b30e5-ce7c-453a-b53a-87ce9957d25f": 1, "e4b0616d-7f92-45e2-8797-88321a6b946f": 1}
1	5000	26	35	25	0	0.138	2	0.269	4,3,1,1,1,1,1,1,1,1,1,1,1,1,1,1,1,1,1,1,1	1.2	2	-0.004	11	4	9	0.509	0.963	0.036	1.0	0.0	0.0	{"02b47593-8594-4e7c-9961-fd9bdfeca4bb": 0, "02f7454b-76a7-47f5-9826-b80ed471c67c": 1, "0f21ca0b-23e0-4ca3-bed2-2937212b7f26": 2, "1a35dbf4-bc30-4ee7-be10-37224050d94b": 2, "282c2d62-a991-4005-90a0-dee1ee36ea9d": 2, "2cbd30a7-8c18-48d4-af7a-8a43f0be2c62": 3, "332e39d5-77d6-41f3-8901-8abf2191a6c0": 4, "383387b1-128f-4e9f-886d-924457067fc6": 5, "392e901c-0b08-4a79-8306-b285e8c7138b": 6, "431f274f-1b6d-45e4-b2c4-59eb02d40983": 7, "46016e3e-9aab-4440-bdfa-433f4ea707aa": 2, "51d553ef-54b8-45b2-a6c3-d04bc08910b9": 8, "5680d79e-c880-4c6b-b9fe-729761581916": 9, "6a0c8e15-f745-4e43-b160-8bc8c793391c": 10, "76ab2810-6449-49e1-84fd-9e377885ef23": 11, "7a684e8a-738d-4914-a564-b89a7a71bd3e": 12, "7d9463d8-b973-4958-bfea-76d053477cb3": 13, "964c5a2c-84ae-48c6-b8e4-bc7616e07518": 14, "97cd99c6-ff36-4a84-806a-4117375addf4": 15, "a2799313-0320-4c67-8cbf-d1cc91847e21": 16, "a999a8dc-686e-4a95-afb3-14f01f51c5ab": 14, "b37ec97a-a457-4206-9981-744cc0e2e56a": 17, "c44b09fe-5d8d-479e-9b3b-950f692fd92e": 18, "d80dd313-ed88-4a2b-af1a-8dbee75c28af": 19, "e2f391c6-94e4-4af1-9e37-c07d6ad2d19c": 14, "fe89f87a-5953-423f-bfed-a5d6a957ff5c": 20}
2	5000	18	299	286	0	0.882	2	0.944	9,8,1	0.4	2	0.894	18	9	12	0.941	0.123	0.0	0.889	0.123	0.1	{"1f54b59c-f314-424a-b4ff-2a8ac06a5959": 0, "28d1aa29-38fc-4747-835e-80bc65370d05": 1, "2afe53d5-5ee4-4f59-bda8-fc95a6a22a5e": 0, "2b3345d9-8dd4-48f3-94bf-8b99bc696a95": 0, "2e59df6a-5518-4ed0-baa2-65608bec36e1": 1, "34142215-9e6a-4b07-98b7-c05bf6d638d4": 2, "3e3ba44c-e18d-4554-9801-edba9f2fc1c4": 1, "4b9e7b5b-a920-4bf6-b57d-d008ee36e4bc": 0, "508fbdf5-2b94-4871-af23-3a5818c55f49": 1, "5320c645-ffc0-4fa2-9640-8f0365474a67": 0, "5702a054-bb15-4475-856e-409abc7658bd": 0, "5c4e3dd1-08de-4c66-8374-7c8b95493286": 1, "761a6e9f-2914-46f1-9e2f-3ab36c2b3fa2": 1, "94759eab-2d81-4d85-ae04-3d45cd36d829": 0, "b44f4d24-619f-4fbe-ac7b-f8330ed46295": 1, "d2e05e77-70bd-4ad3-9a2a-56cc58919f3e": 0, "eab850b9-835f-4b95-8e4c-dc4f044f4a85": 1, "ee94f09e-9fdc-4f86-bdfe-97d8daefec5d": 0}
3	5000	21	128	119	0	1.0	2	1.0	11,10	0.6	2	1.0	21	13	12	1.0	0.0	0.0	1.0	0.0	0.0	{"0bdb3198-eb14-4116-8deb-760b6405e815": 0, "0c86a0dd-d325-457c-9966-3b51d1cc1ab8": 0, "0d56c49d-8c7d-4904-bc98-ecb66fc7e5f8": 1, "0e69a408-2620-40a3-8135-e1d964005ede": 1, "1f944e28-e0a9-4f07-8eb2-35bb390e6ab5": 0, "26511d78-2c29-4551-aa04-b0b7bc9c566f": 0, "28b90adf-62d5-422c-a45f-9810cacff368": 0, "630dafd1-273c-4058-a8ee-880124f16d24": 1, "6d48f856-e005-41cb-9df2-ff9b8a21b2f5": 1, "71eb4119-f02b-46e2-98c7-e1d2d412d666": 1, "8faac6d2-dda2-4416-83b6-52ad80b0473f": 0, "9227c5c9-15e9-437a-9bca-b8d68d8ab01e": 0, "a7069917-e3a4-4d6d-b593-3ca523f1fb11": 1, "bc3fbcf5-45ed-460f-b08f-fee35981d33c": 1, "c2cdfb4c-163d-48b5-ba3a-7026512c7614": 1, "ccf9cecc-0365-442d-892f-e1dd29d0700b": 0, "cf8ddded-612a-4447-8cf8-4938ad42d0cc": 0, "e05da643-9f5f-49fd-afc5-181b91b1e955": 0, "e0a93671-a009-4d81-9e3e-7ac10799e4d7": 1, "e9a9cdeb-63e7-400e-a058-2398dfbcd114": 1, "eee6a5b0-97ea-4ab9-bedb-5a24d72a74bd": 0}
4	5000	24	133	107	0	0.928	2	1.0	12,12	0.6	2	0.681	22	13	10	1.0	0.0	0.0	1.0	0.0	0.0	{"0bdb3198-eb14-4116-8deb-760b6405e815": 0, "0d56c49d-8c7d-4904-bc98-ecb66fc7e5f8": 1, "0e69a408-2620-40a3-8135-e1d964005ede": 1, "14a2bcec-7da6-4b26-86a2-321bcd47dc72": 1, "1f944e28-e0a9-4f07-8eb2-35bb390e6ab5": 0, "26511d78-2c29-4551-aa04-b0b7bc9c566f": 0, "28b90adf-62d5-422c-a45f-9810cacff368": 0, "44b44f71-f706-467a-8b7e-08a43dfe4af1": 0, "464c6679-e51a-4aac-a646-7057cd1a0c8f": 0, "630dafd1-273c-4058-a8ee-880124f16d24": 1, "71eb4119-f02b-46e2-98c7-e1d2d412d666": 1, "8faac6d2-dda2-4416-83b6-52ad80b0473f": 0, "9227c5c9-15e9-437a-9bca-b8d68d8ab01e": 0, "9c356c74-359e-47f6-9ad0-8e7225d72581": 1, "a1cb7815-fc10-45d1-ad1c-97cc90464f2e": 0, "a7069917-e3a4-4d6d-b593-3ca523f1fb11": 1, "ad610688-07f5-439f-85ba-de0b374c65bd": 1, "baa6b7c4-e463-4657-97df-6905d0890a0b": 1, "bc5656bb-36d6-4419-96ed-75dcb8fa8f69": 0, "c2cdfb4c-163d-48b5-ba3a-7026512c7614": 1, "ccf9cecc-0365-442d-892f-e1dd29d0700b": 0, "cf8ddded-612a-4447-8cf8-4938ad42d0cc": 0, "e0a93671-a009-4d81-9e3e-7ac10799e4d7": 1, "e9a9cdeb-63e7-400e-a058-2398dfbcd114": 1}
5	5000	22	178	171	0	0.996	2	1.0	15,7	0.6	2	1.0	21	16	7	1.0	0.0	0.0	1.0	0.0	0.0	{"11a6e05a-c2e5-4e8d-b8c0-de6aaa0a8704": 0, "31711ca2-2d2b-4e29-9559-bd44421cc260": 0, "3802556f-cfe1-436f-ab64-d6a4ab6c7419": 0, "3db26494-3b88-4dd9-928a-cef12fcc4b3c": 1, "3eed0a65-e800-4764-bf91-bcfee0484f13": 0, "42551bd1-5679-4009-bfd8-f2c01da149a8": 0, "5522d28c-cb46-4b0e-a191-cc349908670f": 0, "5562fc5b-2bec-4055-a674-36544ceee274": 1, "77f11acf-2efd-4f17-94b2-d7251fdbcfb7": 1, "7ca868b3-4814-4188-bdc0-b49d67e0c886": 0, "8c8cb4a0-99f3-4fc6-9636-0e8a8636fd8b": 0, "8dd135d0-b7f8-4d89-8fa1-41768817fb85": 1, "9ff68611-d56b-471b-8fd5-7c77af8131c0": 0, "a595a4eb-eb67-4ef7-9330-4159df2fde51": 1, "a674336f-80d0-4fa5-992c-7605bb61d178": 0, "b0d0941f-5c2a-44fd-9e1d-a389092a6a81": 0, "c0c863d1-4fa8-4872-bf2d-b5304779bf14": 0, "d2cc7741-94bc-4bec-bce4-2ac4024a25dc": 0, "d44dc1b2-f537-4c8b-8a4e-5994619dc248": 1, "d9433348-6b0f-4fdb-8cbd-1f63678c26b3": 0, "dfe3acd0-d6dc-40eb-b77d-e94bf74df2e7": 0, "fc325528-6bd7-456c-92c7-a53cbc0b24ba": 1}
6	5000	23	18	2	0	0.059	1	0.348	8,1,1,1,1,1,1,1,1,1,1,1,1,1,1,1	0.5	2	-0.024	16	11	7	0.608	0.825	0.0	0.475	0.0	1.0	{"168ddc82-40d4-4782-a06c-0d546513a411": 0, "1c24ae54-6884-4bfd-bc0c-fbba8571dd88": 1, "3633c16d-3d0a-4050-a078-323015578614": 2, "3bdcf329-66d9-4547-b82b-5e55e4032d32": 3, "3d7a6b38-604a-4218-97c0-39f07d791d39": 4, "41df3652-ee1f-4e76-967e-628d1561a06d": 3, "422bb471-7584-4cc3-9fdc-f1e0d94980c5": 3, "4720d419-5145-4042-96ba-c685cb7e66db": 5, "52d6c9ab-d915-494d-8dd3-b2dd0c8edf22": 3, "600f8fe6-6db8-4268-9b70-e7439ffdf5cf": 6, "6cffa686-55bb-4ac2-8334-689f78ed88de": 3, "6f82aa85-9564-4cd4-a5f7-d073f458de29": 3, "71c3f8ca-15b8-4a3c-9aed-b2b545145394": 3, "77bece8b-2329-4a73-82b5-62c85ce1ea27": 7, "8bc6b4bb-3887-4e7e-86a0-d8f09f720726": 3, "8f3a019b-96f2-4172-a789-3974c92f6aca": 8, "90973930-ed86-40cd-b655-daf8fded2623": 9, "ae8caa25-0c2a-4457-a8d1-55cd4d3e4baa": 10, "b0f450fa-8b6f-4bb0-a37d-e2f860ddcb23": 11, "c17dbaf6-8c84-48ab-8946-4ef7d884c19a": 12, "c20cebde-4732-4b69-8f63-1c9b1037691e": 13, "d5ed3f02-c4a8-484b-a09e-bfaae8a24512": 14, "d63ba137-b833-4906-a230-92be0ca42283": 15}
7	5000	19	116	114	0	0.977	2	1.0	14,5	0.6	2	1.0	19	5	14	1.0	0.0	0.0	1.0	0.0	0.0	{"02ebf6c1-672e-433b-8db5-9b4e898fb120": 0, "08d54574-9e87-4ea9-b383-a9f3897abe3e": 0, "2897833b-29de-4c1a-8e08-cdda8ed3e666": 0, "36ce80f4-137d-4d45-8cb2-6e91dacae75e": 0, "7029a9a3-b7f3-494c-9eac-2305add36048": 0, "80b527ff-9a87-4c1d-b22c-db8deb51a3c7": 0, "8155ae2c-ceb9-493b-8ed3-ab6a4b942221": 0, "86e03b59-9c07-41ad-83a2-92aba5d787d3": 1, "948cffd1-2983-4982-86e4-aa5769bb2093": 1, "94a3760c-575c-448d-83b2-dc04ac37def1": 1, "9fa4a553-b6b9-4263-8904-c0b4396664e1": 0, "a001f270-5ff8-44bb-af8b-ff69a588dcfc": 0, "a904cb10-3f6e-4e5e-a0e2-70919b7f0dfb": 1, "c2740b39-876a-490b-8041-eaf6512cb770": 0, "c75108c6-19ec-498b-95a1-744622dc20cb": 0, "d7a2d151-28ba-46ea-909f-0e5dea39a20a": 0, "dfd3f1ea-dc38-4bdd-8eb1-7cbf335bff18": 0, "e4c0add1-c7c6-49a7-879d-17aff9abc922": 1, "ec096144-e21f-4cf0-ba40-03a3cf5ec1cd": 0}
8	5000	23	117	87	0	0.988	2	1.0	13,10	0.8	2	1.0	23	10	13	1.0	0.0	0.0	1.0	0.0	0.0	{"02ebf6c1-672e-433b-8db5-9b4e898fb120": 0, "08d54574-9e87-4ea9-b383-a9f3897abe3e": 0, "0b5e82c7-3fec-4008-8f18-8041d3904f6c": 1, "0ed2fd78-a74f-4120-b5bf-45e8c5f09005": 1, "21b17e53-fd24-44b9-b199-d9959179eaf8": 1, "2897833b-29de-4c1a-8e08-cdda8ed3e666": 0, "53f1a280-fbcd-4bfa-a971-c4fbbdb9d80f": 1, "68abb168-eff2-4ad9-b1a0-3b64567e0c1c": 1, "6aae0f08-3008-42ff-8cdf-e01e7b4ebb85": 0, "7029a9a3-b7f3-494c-9eac-2305add36048": 0, "80b527ff-9a87-4c1d-b22c-db8deb51a3c7": 0, "86e03b59-9c07-41ad-83a2-92aba5d787d3": 1, "948cffd1-2983-4982-86e4-aa5769bb2093": 1, "94a3760c-575c-448d-83b2-dc04ac37def1": 1, "9692b4a5-47fc-4096-bbb8-4127558f3495": 0, "9fa4a553-b6b9-4263-8904-c0b4396664e1": 0, "a001f270-5ff8-44bb-af8b-ff69a588dcfc": 0, "a904cb10-3f6e-4e5e-a0e2-70919b7f0dfb": 1, "d7a2d151-28ba-46ea-909f-0e5dea39a20a": 0, "e4c0add1-c7c6-49a7-879d-17aff9abc922": 1, "ec096144-e21f-4cf0-ba40-03a3cf5ec1cd": 0, "f9897e25-ab61-4279-959e-3c1535e666a5": 0, "fef75157-fff2-4763-898d-09e1da4fc25a": 0}
9	5000	28	34	0	0	0.0	0	0.0	1,1,1,1,1,1,1,1,1,1,1,1,1,1,1,1,1,1,1,1,1,1,1,1,1,1,1,1	1.0	1	0.0	23	15	8	0.474	1.0	0.0	0.526	0.0	1.0	{"0c746629-a078-4bda-a7dd-741f193ffebb": 0, "0f06d6aa-76ff-4cdd-bf26-f46849157096": 1, "25987fd9-0b6f-4c1d-9cff-0b4ddb7dc19b": 2, "2aa981f2-1c68-41c1-aba1-f2a3a6ace439": 3, "2ea980ee-4132-4fa0-8f2b-a3e531185d7d": 4, "34b82756-f2cd-4c4e-8158-7e17eace25de": 5, "36d0073f-c85d-4d37-a496-ead377f8dc42": 6, "46038410-7173-40e7-94d5-1b183c810558": 7, "491b6e22-55fd-4d96-9d45-6dc66bcf7de3": 8, "4d6b2250-b5c2-4692-ac7a-415d940c379e": 9, "74e8cb0e-9166-42f9-b464-9f5139a2973f": 10, "7613170d-5dc9-4176-9106-8dc818cc7294": 11, "78dcf924-63ca-46e2-9c23-bfc4c1e5d455": 12, "7b949942-5d82-4e76-af90-aebb000200ca": 13, "84858707-53b8-4981-a726-b2bb3341455a": 14, "8e0c272a-3697-470f-9abe-2c9b4f66cbde": 15, "8fbec57e-f1c2-469e-a40b-cd51139bf7c3": 16, "9d7698fe-ded2-40d1-bde1-a9532dca6200": 17, "a4697ac1-b015-4e9f-8dab-12cf34abf6e9": 18, "b2b5735c-8e09-4f2b-a67d-756d32472352": 19, "b7d304d2-dae7-4790-8ebf-62b3e89a4904": 20, "c48f3d35-5d5b-4b02-9f8d-5391062993ed": 21, "c6e4300b-0e5a-4cad-bf56-4d6c82650fe3": 22, "c93f4af4-f3f0-46c2-9104-27297c1979d5": 23, "cffc042f-554b-40a2-9bcf-caf825fe42e2": 24, "dbd28124-69f1-4c3c-8e95-4f4ecd169c59": 25, "df4f336f-c8f6-49ec-b44a-1030c15a48b2": 26, "f7c83c86-6f76-4c99-8264-84ca522edd6c": 27}
10	5000	29	39	3	0	0.057	1	0.276	8,1,1,1,1,1,1,1,1,1,1,1,1,1,1,1,1,1,1,1,1,1	1.0	1	0.0	23	17	8	0.526	0.851	0.0	0.557	0.0	1.0	{"0c746629-a078-4bda-a7dd-741f193ffebb": 0, "0f06d6aa-76ff-4cdd-bf26-f46849157096": 1, "25987fd9-0b6f-4c1d-9cff-0b4ddb7dc19b": 2, "2aa981f2-1c68-41c1-aba1-f2a3a6ace439": 1, "2ea980ee-4132-4fa0-8f2b-a3e531185d7d": 3, "34b82756-f2cd-4c4e-8158-7e17eace25de": 4, "46038410-7173-40e7-94d5-1b183c810558": 5, "491b6e22-55fd-4d96-9d45-6dc66bcf7de3": 6, "4d6b2250-b5c2-4692-ac7a-415d940c379e": 7, "74e8cb0e-9166-42f9-b464-9f5139a2973f": 8, "7613170d-5dc9-4176-9106-8dc818cc7294": 9, "78dcf924-63ca-46e2-9c23-bfc4c1e5d455": 10, "7b949942-5d82-4e76-af90-aebb000200ca": 1, "84858707-53b8-4981-a726-b2bb3341455a": 1, "8e0c272a-3697-470f-9abe-2c9b4f66cbde": 1, "8fbec57e-f1c2-469e-a40b-cd51139bf7c3": 1, "9d7698fe-ded2-40d1-bde1-a9532dca6200": 11, "a4697ac1-b015-4e9f-8dab-12cf34abf6e9": 12, "afdf09f1-d40f-4386-b71b-22719ac08d8a": 13, "b2b5735c-8e09-4f2b-a67d-756d32472352": 14, "b7d304d2-dae7-4790-8ebf-62b3e89a4904": 15, "bedc3800-f975-4738-a8ab-fa5bc77990d6": 16, "c48f3d35-5d5b-4b02-9f8d-5391062993ed": 17, "c6e4300b-0e5a-4cad-bf56-4d6c82650fe3": 1, "cffc042f-554b-40a2-9bcf-caf825fe42e2": 18, "d8256b2e-1f1a-433d-8c2d-df11f98f835c": 19, "dbd28124-69f1-4c3c-8e95-4f4ecd169c59": 20, "df4f336f-c8f6-49ec-b44a-1030c15a48b2": 1, "f7c83c86-6f76-4c99-8264-84ca522edd6c": 21}
11	5000	25	301	242	0	0.937	2	1.0	16,9	1.1	2	0.439	24	16	10	1.0	0.0	0.0	0.71	0.284	0.296	{"0d38f8ee-1cfb-40fa-97b6-fed85f0d9526": 0, "18b29743-f0c5-4a41-a21f-73e0aa326957": 1, "206a7207-822a-41c3-8c35-53dcaa508c2c": 1, "282e25aa-bd15-4c34-b409-1ad2b122ee10": 1, "3e3c69de-b6b8-4412-ae10-6f5f8a681e01": 1, "49566efb-621c-4ab0-bb33-bfb20095a5b2": 0, "4a0c83ec-d0b0-4a6b-bf59-deb15f8aaa1f": 0, "4f59f43c-971b-49fc-b12e-9377da467477": 1, "564bbdbc-b5e3-4682-9da6-294d2fe2ce02": 1, "614bb602-45f4-489c-a7c1-014a36b30aa8": 1, "6847807a-cecc-4fa2-ab15-27cd2af640ef": 0, "83f6ba36-e9b1-48d2-93b9-8f5fabfb5f76": 1, "852a16e1-b649-4e86-9ebc-925f191650f6": 0, "956e7b58-2013-4d37-b278-47a36afe0882": 0, "ac44cbd8-942a-454d-8ecf-5ec9154ffbfa": 1, "bedd5b5d-4769-4627-8f48-444ace398d36": 0, "c7162aff-262d-4e1e-90aa-0e00f84bcbab": 1, "cde67797-3b17-4548-9c32-3026dd9d6640": 1, "d1557c4d-3ca4-47dc-938f-f67ba299f445": 1, "d3b90268-5f64-40eb-a0cb-f3c623868127": 1, "f674c0a3-0bd7-44fd-bddb-3e9bab53949c": 1, "f7685923-96e2-44a2-bc12-f1f88cbabd55": 1, "f85f561c-2db3-460e-a908-b227a234fba2": 0, "fb044581-e33f-4f85-9358-d1d9454f3418": 0, "fff0891a-840c-4a17-b2ea-f26198d27b41": 1}
12	5000	18	66	39	0	0.595	2	0.778	8,6,1,1,1,1	0.7	1	0.0	7	3	4	0.571	0.667	0.25	0.429	0.0	1.0	{"1cd09e69-5f4c-4e01-bdb5-cff205c0c0d4": 0, "1cea4f3b-1f5e-4ae4-b048-f485a83ecbab": 0, "1e2018fe-c612-4d31-89f6-76202789f478": 1, "206a7207-822a-41c3-8c35-53dcaa508c2c": 0, "3d891721-6378-44bc-b07f-32447c8f4c3a": 2, "42e7c31e-9733-414c-9a89-37db950d2c4d": 0, "48f99cb5-c40e-4604-9667-0c9d127c5746": 1, "666e9a09-ad61-4a05-8d1c-9a8410dca746": 0, "89b28f4d-f3ff-4cf5-ac51-4a1d91107ccf": 1, "8eccc7e8-e76b-4111-a0e6-800e16fdd62d": 0, "93483933-efb1-4466-b261-00e6f35413b2": 0, "94995151-1975-4eac-8bf5-a0ab4ded3b61": 3, "9756cb48-c336-4f79-a5c3-3432946a86f7": 4, "a618c8e6-520e-4855-a018-db5711f281b0": 0, "d1208322-0c51-447f-8ceb-af09e51f6a16": 5, "e8763f67-e404-4e60-bdc9-46f0eefe7861": 1, "f4421231-5bea-4eb1-ab3c-0b6da81548f0": 1, "f8d3e7a5-4f78-4633-ad23-3f8f8df2f82b": 1}
13	5000	20	326	308	0	0.974	2	1.0	10,10	0.5	1	0.0	18	11	11	1.0	0.0	0.0	0.471	0.0	1.0	{"1e2018fe-c612-4d31-89f6-76202789f478": 0, "25301592-9474-4ba6-af9b-32479ca27f1b": 1, "3d891721-6378-44bc-b07f-32447c8f4c3a": 0, "40d49c80-dc4e-415e-bcfd-d3f02ffb09b7": 1, "40f12cf6-36eb-4e0e-b139-77acfb184737": 1, "48f99cb5-c40e-4604-9667-0c9d127c5746": 0, "495bdc1d-f08f-4024-b7d5-5abf80e92cd4": 1, "4ebff94a-e4a0-48e6-924f-1dbe094533ff": 1, "5424ce96-1e42-4e51-9004-eb7656a859d1": 0, "6283d859-7252-4208-a3fd-a9a4d0c56f03": 1, "70525c06-16bd-47e6-be76-f52faa04c3a4": 0, "75971ec1-9f8b-45fb-bca4-339bbb948e40": 1, "7f0698a6-f7e8-41bd-a75a-5b5d24f66f55": 0, "89871659-1e23-4790-93fb-6784376b9821": 0, "89b28f4d-f3ff-4cf5-ac51-4a1d91107ccf": 0, "d1208322-0c51-447f-8ceb-af09e51f6a16": 0, "ea1fbfda-8d5a-47d5-b699-e2cc3d284e66": 1, "ed026db6-aaa3-4645-a762-a5c69e2254e5": 0, "f44119ba-9ebf-4212-a5b9-45bfada8b009": 1, "f9c3d401-dc1f-4b51-8aa3-9d2ed14e93e8": 1}
14	5000	25	54	12	0	0.05	0	0.0	2,2,1,1,1,1,1,1,1,1,1,1,1,1,1,1,1,1,1,1,1,1,1	0.6	2	0.002	13	6	9	0.5	1.0	0.025	0.462	0.184	0.875	{"0269d908-96e3-4ce4-86cd-be758206aa3b": 0, "02b15efc-7041-4100-9fb3-f035b4983e0a": 1, "06ea9ef1-6ba0-4de6-9ab9-9469f1ae9bad": 2, "09c3c742-c771-45e1-ae06-d83b5485b45b": 3, "09d2602b-e079-4c88-a897-df813ddc1f0a": 4, "1288c045-4100-408c-93cd-74f160dc5d16": 5, "142f8b5e-1b84-49d6-b875-686d60b28375": 6, "1962b8f1-221d-4373-bafc-43f3d12f518e": 7, "233fb988-357c-4f83-97c3-5fdb657543d7": 8, "32025a03-6951-45bc-a3d6-1b65eddd5957": 9, "353f5efe-a9d4-4938-b03f-4aa3a03ebdfe": 10, "40f12cf6-36eb-4e0e-b139-77acfb184737": 11, "433abf2e-f362-46c1-9441-8c53acfeb092": 12, "5424ce96-1e42-4e51-9004-eb7656a859d1": 13, "5690a1ab-bf0f-41f4-8735-0c92c7e862b6": 14, "6668de0d-e8e7-4002-a3ab-6c872e522b01": 15, "9bd3268e-6b2c-46c9-b4f6-f8fc83e7f9e6": 16, "b5146e0f-f375-43f1-b4e1-0651c3eee86d": 17, "c2772a9b-0348-4878-a830-dc614ff1ed48": 18, "cabcc16e-bc1c-4bc3-b42f-f4faaeac8b4a": 19, "d16bba89-1d19-4ddd-8f94-717a2f944c39": 20, "d79cacfb-10aa-4020-8f96-4cd8bbe29635": 7, "d880b827-fe3e-4653-bfed-47a53a4bf9ee": 20, "de7fb335-1087-4ca1-be8a-41138fef0c8f": 21, "e2cf7e3c-bdbe-4961-8111-2c1173cc71a0": 22}
15	5000	27	84	9	0	0.1	2	0.333	5,4,1,1,1,1,1,1,1,1,1,1,1,1,1,1,1,1,1,1	0.8	1	0.0	12	7	5	0.53	1.0	0.0	0.47	0.0	1.0	{"09c3c742-c771-45e1-ae06-d83b5485b45b": 0, "09d2602b-e079-4c88-a897-df813ddc1f0a": 1, "1257e6ae-63e4-4226-9bdf-5c418e9d8320": 2, "1288c045-4100-408c-93cd-74f160dc5d16": 0, "139b3e9d-0005-470d-b22e-004d68913de2": 0, "142f8b5e-1b84-49d6-b875-686d60b28375": 3, "1962b8f1-221d-4373-bafc-43f3d12f518e": 4, "233fb988-357c-4f83-97c3-5fdb657543d7": 5, "32025a03-6951-45bc-a3d6-1b65eddd5957": 6, "353f5efe-a9d4-4938-b03f-4aa3a03ebdfe": 1, "433abf2e-f362-46c1-9441-8c53acfeb092": 7, "51061687-5f1d-40c7-b2e7-736cbfbf89cf": 1, "6399865c-7d1e-4a5d-aa98-c7df4d63fd8b": 8, "6622a07e-fc7a-4eeb-b1e9-8b6fcebaf923": 9, "687996b3-49de-4fa1-9d57-882b555e8f48": 10, "77fc4fd0-23d7-441a-b028-df1d7ea28d72": 11, "785003f7-a1c1-46bc-9096-810b15c5b00a": 0, "9bd3268e-6b2c-46c9-b4f6-f8fc83e7f9e6": 12, "a4679434-e8f6-4d7e-9aaa-a573772e6852": 13, "b5146e0f-f375-43f1-b4e1-0651c3eee86d": 14, "b6e3e814-d7d4-4b4e-ba5f-318486ae344f": 15, "bf8c9676-3de4-4f70-b439-cc04bd2941d9": 16, "c142d04a-473d-4d82-b653-15872f02ce65": 17, "cd34f0b0-e7c0-4255-9b51-fbed128d787d": 18, "d16bba89-1d19-4ddd-8f94-717a2f944c39": 0, "da37b4b8-6329-4e64-8cae-3fdeef6f4327": 19, "de7fb335-1087-4ca1-be8a-41138fef0c8f": 1}
16	5000	18	138	116	0	0.732	2	0.889	10,6,1,1	0.3	1	0.0	16	8	10	1.0	0.0	0.0	0.5	0.0	1.0	{"0d2d91fe-9062-480c-81a1-64da9a183977": 0, "0dc014d5-6311-4192-9805-c91f5a131365": 1, "4fb940ce-06b5-4a48-8c6b-8ad5c5629f7d": 0, "62cd4235-755c-4af6-bff3-cd5c3643aac7": 2, "68d8509f-f6f1-44ef-bb0b-a5fa128f8c23": 2, "6cf23e9c-5e34-42d8-a528-e599f5955e3e": 2, "7b73b6eb-736a-4a79-962b-e346fc5a6c8a": 2, "88f4083f-a0f2-4404-ad8b-cefef9a8ecbb": 0, "98b4ccc2-52c2-497d-b8d0-0bd1957f1a8c": 2, "a751a469-2c11-4768-a374-5d05de028444": 3, "b84b74b3-1c38-4296-9a1d-6335bd3c8da7": 2, "bf03d95b-d265-4a3d-8491-f8beefd890b2": 0, "c4bcbc6c-cf99-47c1-aaed-55cd94a0e99a": 2, "d3926315-5bbd-4b3a-8dbd-c17c3fd7f06c": 2, "e839fea0-6009-40c4-84d3-dc2d4a92ebe2": 2, "eb429da3-31ae-4cc4-ac2e-505893f9226c": 0, "f24a6073-375b-4a9d-aa84-29e531edd530": 0, "fb8fa3a5-ac04-4b4e-a19e-887851b1833c": 2}
17	5000	23	527	522	0	0.996	2	1.0	14,9	0.6	1	0.0	23	9	15	1.0	0.0	0.0	0.502	0.0	1.0	{"05e51cd8-1b7e-44ca-9bfb-b0a7d3697056": 0, "1141ac5a-0461-4c33-ac70-0e8629292c17": 0, "17182877-877a-4d2d-a90b-05f1c3b569f1": 0, "208a4174-8493-43e2-81ef-e3399b5172d6": 1, "297442cd-9089-4162-beca-4844f6a5740b": 0, "324e2e06-a3d6-4788-87b9-9edb5c008a68": 0, "4358ea33-a0b0-41a3-8718-7e0c1c6ce22e": 0, "555b43dc-a45a-4e83-8c90-9a263cdec327": 0, "6be99111-7781-4e28-9ebb-cc418b6e64ee": 1, "7e92c45a-38ae-4bbb-a61b-e7b6a8660fff": 1, "837142dd-7a13-4e6e-b455-d10ec2eb6895": 0, "857d372b-a0c1-4050-b14c-093356d00644": 0, "86da0bd5-9f2c-45a0-8ddc-8623be5b1a43": 0, "89316896-fbb9-4bac-be79-702d84481790": 1, "a4855faa-c9fd-45a9-88f2-9b4c066fd959": 1, "ba6bc477-1a7a-41c9-ae2f-5382db58fdac": 1, "d253eff2-890a-4416-bd90-4d326242d08a": 0, "e2b1beec-6387-4224-8cdb-496988e4a465": 1, "e59d1784-76eb-400d-b17b-c674a3b28c7a": 0, "e789e26c-e944-4b22-a3e7-38dc453969bb": 0, "edd8ecbd-fc90-42d6-b166-1b87c95d3d7c": 0, "f5a720bf-f193-4bd1-bbb9-797803f8f662": 1, "fc053835-ceb8-4515-a832-a985cf4ef8ad": 1}
18	5000	23	270	186	0	0.889	2	0.957	12,10,1	0.7	2	0.324	22	12	13	1.0	0.0	0.0	0.688	0.288	0.333	{"0002934e-1489-4cd5-9365-8bd31a396cfc": 0, "05e51cd8-1b7e-44ca-9bfb-b0a7d3697056": 0, "0c584249-86ae-436d-b40e-d4528256e57d": 1, "0d1b7130-566b-4e50-aee1-6628fe559e85": 1, "15d900a6-0766-4eee-8798-cf1dc8f9ea8a": 0, "28dd8dcd-0374-4d8b-bc6c-6640c7c8f78c": 0, "464fd31a-d6ba-4116-9823-f25d95dbf1ee": 0, "56c88b2b-6902-4cc7-892e-71cddcdb4124": 0, "5fdce26f-3210-4a81-aa6a-83361e6745a3": 2, "6974e568-acfb-4cbd-aea6-80a1f5ee545a": 1, "7e407b53-125b-41f0-8c7b-eedf0d985396": 0, "87fe8404-1f4a-4bfe-8196-6c262f47adce": 0, "9739ca6f-c605-4b9e-b248-4a6aac562dd8": 1, "ac77acf6-012a-431f-877a-2c8a49aa8f1d": 0, "ad598d3f-3296-413d-9ce4-ded14ba375f1": 1, "b9634851-4772-4e16-9306-f3a22637f5e6": 0, "ba6bc477-1a7a-41c9-ae2f-5382db58fdac": 1, "bbfca31c-f2f0-4154-bb71-bfb5a618e8ce": 1, "cfd3b263-eb1c-4ef7-b827-ce8a34581790": 0, "d152497c-b906-4714-a2a6-b388be48eb1d": 1, "d2b80664-588b-4fac-b09f-363f50497570": 0, "e7ad53a4-13b0-4ffc-9f42-190cbc21234a": 1, "e90b3f7b-09c7-4932-a7b6-cc43a760f937": 1}
19	5000	21	18	0	0	0.0	0	0.0	1,1,1,1,1,1,1,1,1,1,1,1,1,1,1,1,1,1,1,1,1	0.5	1	0.0	7	6	2	0.476	1.0	0.0	0.524	0.0	1.0	{"0a5fd88c-c81e-47a7-aee7-2af6a81f2f21": 0, "17b55781-0854-42ea-87f2-8434ef4fdcb6": 1, "1a9a8608-0588-4837-8f70-9e7fcbadbc95": 2, "224fef8f-50e9-4818-ba8d-48832f449d3d": 3, "29be5f43-e7b1-4067-a7a6-e6d91a6647b4": 4, "4b4ddfa8-1f14-462a-b0d7-55103e077383": 5, "4b9ede45-deed-4b80-814d-1cb6425e741c": 6, "5de31d68-039e-4631-932f-c0e533ba53ea": 7, "669886b1-0d81-4346-9094-5f8a263d0318": 8, "68e05449-e6d2-4462-a094-662638527c40": 9, "867bc0e0-4ef3-4a6f-b5ac-88090b548c73": 10, "88dff2d3-63e7-4948-ab4d-36a82a1ec025": 11, "a6d2dbaa-15d6-4587-a5cd-90c4dc153f54": 12, "b8802120-408e-456d-b21c-22fa0526fe56": 13, "b905a8e8-1cd1-4bb8-b4a9-1d0cb274cdb6": 14, "c5974644-06b8-484f-ab13-604b012095f6": 15, "c62e0803-e9a6-4996-bf0a-a2227c36956b": 16, "cc217340-1053-4199-9c78-10be200c47bb": 17, "d86afc75-496e-4de9-bf15-229834823edd": 18, "da2f24d0-2d20-457a-8426-97de759f3459": 19, "ee839dbb-7f5b-43f3-8666-d9b9f57fcc28": 20}
20	5000	21	96	44	0	0.6	1	0.667	14,2,1,1,1,1,1	0.4	1	0.0	6	4	2	0.467	0.0	1.0	0.467	0.0	1.0	{"1a9a8608-0588-4837-8f70-9e7fcbadbc95": 0, "1e7c8756-ef25-4f46-b845-d08fa9318553": 0, "224fef8f-50e9-4818-ba8d-48832f449d3d": 1, "29be5f43-e7b1-4067-a7a6-e6d91a6647b4": 2, "302ba429-4be5-4809-b053-5753a6160ca8": 2, "4965c77c-c6b4-48f5-8a13-f5f03eeb7922": 2, "4b9ede45-deed-4b80-814d-1cb6425e741c": 2, "5de31d68-039e-4631-932f-c0e533ba53ea": 2, "68e05449-e6d2-4462-a094-662638527c40": 2, "6a8f1b2b-be48-4d01-98f7-fbb6052b14ec": 2, "88dff2d3-63e7-4948-ab4d-36a82a1ec025": 2, "a6d2dbaa-15d6-4587-a5cd-90c4dc153f54": 2, "aafb5f99-12d0-47d0-8c72-3ec160237d46": 3, "b1d14493-7734-4983-9ef5-1acd1b01c4b8": 2, "c5974644-06b8-484f-ab13-604b012095f6": 2, "cc217340-1053-4199-9c78-10be200c47bb": 4, "ced4c217-df2c-4fa7-9ba3-96639b97bc0e": 5, "dcb50a74-e198-4ee3-ba23-d53bb5e1e10a": 2, "ee839dbb-7f5b-43f3-8666-d9b9f57fcc28": 2, "f4f121f5-2177-4a51-8b04-7c333d129f97": 6, "f8e6e175-50c4-4912-945c-8067c1a8b857": 2}
21	5000	21	49	3	0	0.076	1	0.19	4,1,1,1,1,1,1,1,1,1,1,1,1,1,1,1,1,1	0.4	2	0.02	2	2	0	0.0	1.0	nan	1.0	0.0	nan	{"14bdd8bd-0a75-4f75-a721-289298179aa0": 0, "1a9a8608-0588-4837-8f70-9e7fcbadbc95": 1, "29be5f43-e7b1-4067-a7a6-e6d91a6647b4": 2, "2ddc5405-dc3f-4de9-9cd8-9763fc7c1221": 3, "302ba429-4be5-4809-b053-5753a6160ca8": 1, "3bb58df5-fa58-4054-bca7-9177d1d8fa89": 4, "4b9ede45-deed-4b80-814d-1cb6425e741c": 5, "5de31d68-039e-4631-932f-c0e533ba53ea": 6, "6249914f-ab8d-4336-a82e-285ca8dd6a66": 7, "6a8f1b2b-be48-4d01-98f7-fbb6052b14ec": 8, "9ab49ea9-f7ee-4c73-85b4-4174b244ac03": 9, "a0b42d8c-1523-46d9-ab84-e2ed0a3ae82b": 10, "a6d2dbaa-15d6-4587-a5cd-90c4dc153f54": 11, "b1d14493-7734-4983-9ef5-1acd1b01c4b8": 12, "c384526f-4827-4259-8b4a-af01620a7c11": 13, "c5974644-06b8-484f-ab13-604b012095f6": 14, "ca3e21ff-3c35-4bdc-985b-766a08e445af": 15, "cc217340-1053-4199-9c78-10be200c47bb": 1, "e90619b6-4cfc-4262-9be5-a0323f95f541": 16, "f58c9420-37f4-4c9e-8e6a-5398d6da1688": 17, "f8e6e175-50c4-4912-945c-8067c1a8b857": 1}
22	5000	87	4290	3962	0	0.977	2	0.989	58,28,1	7.1	1	0.0	17	9	8	0.471	0.0	1.0	0.471	0.0	1.0	{"04a4d7c5-af0c-4d2a-b6e1-d9d27fe811a2": 0, "06ee6d01-7e75-496f-84c7-1d23b0b118a8": 0, "0d68d14d-0b64-4cc3-99cb-637653c53e84": 1, "1058e495-86ec-4681-9918-07c0505dce80": 0, "14129166-2786-4c02-83e6-c0a8ffee6a64": 1, "169af9d0-e58f-4c39-83a6-fb3dc6e85717": 0, "18b37615-1741-4b57-afa8-73fc46f79a8a": 1, "1c2b33a6-3bdd-4e1a-abff-13141c15c62d": 1, "1ca22b52-38c7-4201-92c3-967681b42855": 0, "1d1346fe-99cb-4fa1-83b7-60dbe073d414": 0, "1d70f0c9-7809-402b-9fac-3a4f134f1f57": 1, "1e18c4d9-19fe-4ce1-88ee-afd6d051d165": 1, "1ef481e6-54d3-432a-8d8b-aaa1feb67a70": 1, "21ab50d2-3687-493a-b064-bc90fbd31f03": 1, "22ac7460-871a-4e8b-af7e-29efc44fb077": 0, "247b771b-2ad6-4033-b917-a86c575ebe02": 1, "26333956-1889-4661-a80a-01df64e6a42a": 0, "2640fc6f-1819-4d5d-8f17-0885096ee1b2": 0, "2ce303fe-dfbf-4335-b4cc-2542d4692e71": 1, "2ec6e173-faa2-4cfc-91fa-f2893ce74fb8": 1, "32b9aae3-5b8e-46e2-bbea-e5ae559711d9": 1, "3507fad0-b88a-4a76-8d4b-4712a86afd41": 0, "3878fe35-d800-44b7-9dd4-9439da1ce2ee": 1, "38d1e528-7184-4a4b-a491-b3be3401c09e": 0, "41584cd3-4d1a-4a19-bf1a-42ad48b4eb72": 1, "4194a7f5-e3cc-4097-b6b4-7753b7e2014c": 1, "425428c3-5168-4e83-9b9c-cca94f0b4007": 1, "4dc2e8dd-dda1-432c-98ca-eb8b147204f6": 1, "51b80132-1052-4bf1-b897-958298de2a6a": 1, "546be42f-75eb-496e-aba6-31aa67d8ac18": 0, "57693d97-690a-451d-9e94-a2627174d279": 0, "586e984c-a341-4b54-9348-0c7eff6a9e16": 1, "594adb24-272f-4c1e-8fd7-51baefe25a61": 1, "59aec28a-4890-43ce-bf35-79d83b7b4021": 0, "5a521fac-249e-46fe-a493-5a77fd65f2c6": 0, "5d876831-1fed-47ed-9108-842d91bf8cf2": 1, "5ede1916-70f5-4d2e-98a4-6e17159888f8": 2, "617b35a8-dd8e-4a0b-9ee0-26469e578782": 1, "639994cd-cfed-4627-8a08-83518085ced4": 1, "655f7e30-ea22-4512-9803-4845b493ef9b": 1, "66b4d7df-4b5b-4b83-b4c8-643c54c1bd5f": 1, "66f6bc01-a87b-4b3d-a868-804bb9a80623": 1, "786f33b5-c410-4365-bf0c-de025f31700a": 0, "7fbbce6a-ea11-4eba-8954-a20ac8c723c2": 1, "839002d1-c73b-41f3-bf1a-1d80e52277c8": 1, "8536e313-e173-4d72-87df-9751fbae6c56": 0, "8685401d-52cf-456f-8e16-0180125075dc": 0, "8d1ff9f6-ceb8-46f5-a541-5357f6c66657": 1, "8eafa3e0-5122-476d-b091-fb2d1737084a": 1, "91da4809-fe1b-4e9d-82ad-783ead47f8a2": 0, "9ae3b989-27cc-4ad5-be07-fcf628ce55c0": 0, "9dca9459-fa4c-49d4-9b28-84ca3721596b": 0, "a214119a-23fc-4b3a-8e8a-6b7801323d6d": 1, "a4bb3be0-8567-4a6f-8796-2ad305ae414f": 0, "a5661190-0e6d-45a0-9bd5-9dce40e1be18": 1, "abced81a-7fad-4b8e-bf38-23af5ddd9c6f": 0, "b17c4e65-4e9d-49b3-8d64-3a3784301697": 1, "b1974e30-7d8d-44ae-88ce-0a1c7e15b5cf": 1, "b2f6fda0-e73f-4ae3-9e7b-e3abae5ebb6b": 0, "b428458b-625a-45fb-b922-1618c968d948": 1, "b99fd160-5325-4ab2-9ce5-795dac52a978": 1, "bac249c1-0db6-4b50-9578-6620a331b24a": 1, "bb055f2e-1ca3-426b-8b77-e93e92841a14": 1, "bea3568d-bc0d-4bc5-b40f-65bd16adf3fc": 1, "c1c8dc30-f3cf-4f41-b0c9-4a01d140ae07": 0, "c245ed24-148b-477f-b0f2-d4f9507a394a": 1, "c593fad0-e048-4c1e-ae7b-56cf6a59aebb": 1, "c75e9173-6cbe-42de-97cb-30e7bfe454b8": 1, "cb6a6f00-85a7-4e16-ab75-84698e05682b": 1, "cc95db89-8fd2-4c18-96ac-d154e8df9e23": 1, "d2f670a6-ce3b-4526-8166-43d6d6ecb3fc": 0, "d6ab6d78-adec-4702-915e-31d142324c4d": 1, "d70c9a83-4853-41df-a8ea-5d2556c35207": 1, "d8bdfa5c-5af4-4d6c-b8ab-486d3af7aab3": 1, "dbab4a2b-77f5-4940-8091-e254a74c5ca7": 0, "dcf9d580-7ffb-4ac7-81d0-e5ed47ae0355": 1, "e0605b29-2354-4288-b1a4-224d8de739a4": 1, "e14ef1bc-f490-46ed-9d6d-cd18703753cb": 1, "e7607951-a87e-4203-9d7c-da979a9625f3": 0, "e9ca0f0f-ec9e-48b2-a3a0-1cc3ade6bb4b": 1, "ea2b48d4-4318-44d7-bd8e-90defe8b819b": 1, "eaefc056-f151-4525-af5b-da8a988cf934": 1, "ee041645-8947-4018-a716-e19995ffdda5": 1, "f375c3ff-41ea-49ef-8eb9-52069527322a": 1, "f5a9e156-e5a6-44b0-9728-fe32c28de0d4": 1, "f5f44237-cc6c-4bbf-b63a-32c6b93389b4": 1, "fd0192e2-9db2-486b-95d5-30265f71ba60": 1}
23	5000	71	3103	2893	0	0.998	2	1.0	47,24	6.1	1	0.0	14	9	6	0.505	0.0	1.0	0.505	0.0	1.0	{"06ee6d01-7e75-496f-84c7-1d23b0b118a8": 0, "0d68d14d-0b64-4cc3-99cb-637653c53e84": 1, "1058e495-86ec-4681-9918-07c0505dce80": 0, "14129166-2786-4c02-83e6-c0a8ffee6a64": 1, "18b37615-1741-4b57-afa8-73fc46f79a8a": 1, "1ca22b52-38c7-4201-92c3-967681b42855": 0, "1d70f0c9-7809-402b-9fac-3a4f134f1f57": 1, "1e18c4d9-19fe-4ce1-88ee-afd6d051d165": 1, "1ef481e6-54d3-432a-8d8b-aaa1feb67a70": 1, "21ab50d2-3687-493a-b064-bc90fbd31f03": 1, "26333956-1889-4661-a80a-01df64e6a42a": 0, "2640fc6f-1819-4d5d-8f17-0885096ee1b2": 0, "2ce303fe-dfbf-4335-b4cc-2542d4692e71": 1, "2ec6e173-faa2-4cfc-91fa-f2893ce74fb8": 1, "38d1e528-7184-4a4b-a491-b3be3401c09e": 0, "41584cd3-4d1a-4a19-bf1a-42ad48b4eb72": 1, "4194a7f5-e3cc-4097-b6b4-7753b7e2014c": 1, "425428c3-5168-4e83-9b9c-cca94f0b4007": 1, "4384747c-dbb3-4ac5-8e06-ad3b57e139e9": 1, "4dc2e8dd-dda1-432c-98ca-eb8b147204f6": 1, "546be42f-75eb-496e-aba6-31aa67d8ac18": 0, "57693d97-690a-451d-9e94-a2627174d279": 0, "586e984c-a341-4b54-9348-0c7eff6a9e16": 1, "594adb24-272f-4c1e-8fd7-51baefe25a61": 1, "59aec28a-4890-43ce-bf35-79d83b7b4021": 0, "5a521fac-249e-46fe-a493-5a77fd65f2c6": 0, "5d876831-1fed-47ed-9108-842d91bf8cf2": 1, "617b35a8-dd8e-4a0b-9ee0-26469e578782": 1, "639994cd-cfed-4627-8a08-83518085ced4": 1, "655f7e30-ea22-4512-9803-4845b493ef9b": 1, "66f6bc01-a87b-4b3d-a868-804bb9a80623": 1, "6a65e43c-b0cd-4f23-a6c2-f3d7920f5c03": 0, "70fce0c0-a850-44ce-8634-cecbd22b7e74": 1, "786f33b5-c410-4365-bf0c-de025f31700a": 0, "7fbbce6a-ea11-4eba-8954-a20ac8c723c2": 1, "81101222-dca9-4822-873d-2146cdd4b018": 1, "839002d1-c73b-41f3-bf1a-1d80e52277c8": 1, "8536e313-e173-4d72-87df-9751fbae6c56": 0, "8685401d-52cf-456f-8e16-0180125075dc": 0, "8d1ff9f6-ceb8-46f5-a541-5357f6c66657": 1, "91da4809-fe1b-4e9d-82ad-783ead47f8a2": 0, "91e8f3cd-3f3e-4e66-90f8-a816a3d9a254": 0, "9ae3b989-27cc-4ad5-be07-fcf628ce55c0": 0, "a4bb3be0-8567-4a6f-8796-2ad305ae414f": 0, "a5661190-0e6d-45a0-9bd5-9dce40e1be18": 1, "a5f579bf-ae6a-4497-b8c2-4ef8d89a3920": 1, "ab6ae5e9-0a81-4a66-8714-aa159e045f54": 1, "abced81a-7fad-4b8e-bf38-23af5ddd9c6f": 0, "b17c4e65-4e9d-49b3-8d64-3a3784301697": 1, "b2f6fda0-e73f-4ae3-9e7b-e3abae5ebb6b": 0, "bac249c1-0db6-4b50-9578-6620a331b24a": 1, "be7927b9-9e81-42ed-a0e0-cb61b3af7574": 0, "bea3568d-bc0d-4bc5-b40f-65bd16adf3fc": 1, "c245ed24-148b-477f-b0f2-d4f9507a394a": 1, "c593fad0-e048-4c1e-ae7b-56cf6a59aebb": 1, "c75e9173-6cbe-42de-97cb-30e7bfe454b8": 1, "cc95db89-8fd2-4c18-96ac-d154e8df9e23": 1, "d2f670a6-ce3b-4526-8166-43d6d6ecb3fc": 0, "d6ab6d78-adec-4702-915e-31d142324c4d": 1, "d6de9009-864d-4b87-a83d-772b4f19c355": 1, "d70c9a83-4853-41df-a8ea-5d2556c35207": 1, "d8bdfa5c-5af4-4d6c-b8ab-486d3af7aab3": 1, "dbab4a2b-77f5-4940-8091-e254a74c5ca7": 0, "dcf9d580-7ffb-4ac7-81d0-e5ed47ae0355": 1, "de151c4d-b379-4d6f-9782-8cfa2567242b": 0, "e14ef1bc-f490-46ed-9d6d-cd18703753cb": 1, "eaefc056-f151-4525-af5b-da8a988cf934": 1, "ee041645-8947-4018-a716-e19995ffdda5": 1, "f5f44237-cc6c-4bbf-b63a-32c6b93389b4": 1, "f6cf5d37-ad50-4d30-9dcf-cc4c83938f05": 1, "fd0192e2-9db2-486b-95d5-30265f71ba60": 1}
24	5000	16	111	62	0	0.858	1	0.75	12,2,1,1	0.3	1	0.0	0	0	0	nan	nan	nan	nan	nan	nan	{"02acec1d-674b-48eb-a2d0-45bf64f3dba1": 0, "1d5fba5f-a7a0-43ec-82b1-70cbfcbe805b": 1, "2b87493d-435e-4c31-a669-5b8ffb895128": 0, "3991b3ae-4e0e-49a7-a05b-133295d511cc": 2, "40d85479-ee65-4c45-a941-15573557f337": 0, "479c8dc7-9a18-4649-bf09-31226b63dbdd": 0, "5235bac6-ba63-4f04-81e1-bb64f2be34cb": 0, "59ab870d-4f67-44e4-aa6c-5b7509460ddd": 0, "6b7da509-2eb5-4843-a5de-1c84be07600f": 0, "91f23f28-3172-4acd-9a19-69386cadc703": 1, "9277467b-c8a5-4e7f-9d6d-785ab0019ae9": 0, "a52c2e0b-f38e-427d-8d94-ae02eab73eb0": 0, "a9c6cba2-4fdf-490a-9317-6425817354ab": 3, "bc5b2514-22a9-4d42-9eba-120cba727f6c": 0, "bcd25702-7933-479a-b68e-63325d9a24da": 0, "e747c62a-d4eb-4563-8b13-4bde080a14b6": 0}
25	5000	19	280	251	0	0.854	2	0.947	13,5,1	0.6	1	0.0	18	5	15	0.922	0.136	0.0	0.575	0.0	1.0	{"0433a657-41d6-4dbf-95fa-e4409dcef3c6": 0, "32a9dd6f-aede-4e7f-8e0a-fc1cc455ad57": 1, "3bd5e5ac-6c32-4452-a59d-7a1198cd175b": 0, "4648dbfa-cb87-4ed9-80b9-7c96219fca13": 0, "4ec827e1-89a4-44c7-a41c-522a960246e9": 0, "53ac8652-ecd2-42b3-9ced-604d1055e8f6": 0, "58e9f044-2a9b-4f2b-936a-444ab3fe7126": 1, "5f0a886d-7cd4-45ec-9331-4ac1b4986c74": 1, "7779ec5a-28a1-40ee-80cc-022fe768d664": 0, "791812be-a4ce-411b-a2ba-0361a45d75d7": 1, "8e2c8f19-6ff8-4235-8a5b-963d81c4eeb4": 1, "9609be97-e473-44fe-96db-6d8841a88aa4": 0, "a005e68f-ad66-4f7a-a6a0-c804404b1775": 2, "b26f4118-c214-4693-bba2-56054d1b4afa": 0, "b4d6d127-8120-4ec2-ab15-af748683d5e1": 0, "cbaa908b-5c7f-4ee4-b31b-327633903427": 0, "d32df289-7559-40f5-ab01-6156dab5e9a6": 0, "d5fe69e4-1ebd-4239-b812-4802a413a31f": 0, "dc13e307-36fb-4d21-9009-d2a654a404fa": 0}
26	5000	12	237	187	0	0.97	2	1.0	7,5	0.5	2	0.665	12	5	8	1.0	0.0	0.0	0.833	0.194	0.143	{"31e05b70-24e6-46b5-a73b-1305564ccba7": 0, "3b901477-61ab-4b01-afff-efc2f8c39a76": 1, "50fc779e-c086-4723-a9a0-b118fad9332c": 0, "6a7a2de1-30c9-45e2-8772-017fe2fe0de4": 0, "9609be97-e473-44fe-96db-6d8841a88aa4": 1, "b0e6ea82-64fa-4128-80be-314c4385df68": 0, "beb6067a-170f-4eb0-b8e9-96158b5ea741": 1, "d32df289-7559-40f5-ab01-6156dab5e9a6": 1, "d5fe69e4-1ebd-4239-b812-4802a413a31f": 1, "dc13e307-36fb-4d21-9009-d2a654a404fa": 1, "e4dc5c5d-c23b-4fc4-b966-a9c9d6d8d858": 1, "e7dc79f2-925c-46f6-a8d7-08af2c7e7b95": 0}
27	5000	16	132	62	0	0.808	2	0.812	10,3,2,1	0.6	1	0.0	15	10	7	0.476	0.653	0.411	0.467	0.0	1.0	{"3c58ead8-56b4-4ac6-9c39-09a82fb5f82f": 0, "4b534a4d-e834-4088-85bb-767f64fd730d": 0, "52fb94c3-9f12-4564-b239-19e9a80cba4b": 0, "674721da-04fe-4aff-b5ad-47ac118d32cf": 0, "81ab5131-1cfb-4e4b-be15-700e2c0fdb6c": 1, "944681ee-6988-45bf-958d-fc0871841339": 0, "9e0561dc-a27a-4def-80d8-1f91028b50ed": 1, "a8b563a8-e7ec-42f7-932d-f6cba0bc2549": 2, "aff80c1f-1deb-4dd7-82ed-12154320acf1": 0, "b4e887f8-2646-4efd-8588-c9063cbf8a3f": 0, "b5f0c391-67bf-417d-9580-d55f9eec120e": 0, "cdbf00b3-9690-46a5-b72c-e897e1afb6ce": 0, "ce67fbff-0ede-4d99-9f4a-2d9dc1e8027a": 3, "d6edb35b-9fe8-463e-aafe-9b74f5cb9dec": 1, "e4231703-bff8-4ff2-81bf-2dcb2dcbf3d2": 2, "fccdcc09-35be-4e70-9025-be8e5fa945ce": 0}
28	5000	32	120	80	0	0.881	3	0.969	16,12,3,1	1.3	1	0.0	30	17	13	0.933	0.131	0.005	0.492	0.0	1.0	{"00fd9b8e-99a3-4fd8-a2a5-5feaa4096c80": 0, "035da38d-2a1b-4a03-beeb-08c19e51b38b": 1, "057e7943-ee5f-4534-bd5d-bccaebfa6eb1": 1, "084d373c-727c-4acf-9dad-5a1cc5c0a872": 1, "26361cf3-2a00-4086-82fd-c55f0fc4ad64": 1, "29f032c5-b0a2-4a73-ac2e-6b5a2525d2da": 1, "2d59337d-71b2-45fc-a8ed-7eb695d4e748": 2, "3c75bb14-a6df-44b5-837c-f320ecc893b0": 0, "4e12a69a-0ecf-4d43-85c0-772edabf46c5": 1, "5288deab-f3d2-4034-92a7-c83937bf3cd1": 1, "5336d6f9-00d0-44e5-99e2-9354016e6ef6": 0, "55dfc7c9-ce6a-4d13-8598-d85fe39d503f": 2, "6cee1b50-4a1b-4854-8ea4-bd3d4de9194e": 0, "6d06afba-f93b-47bc-b06c-f954a8633efa": 1, "7f360f97-a4d2-4a89-bfc7-94f1e3a6917b": 1, "8b196bf2-9ca0-4116-8096-84c041865e10": 0, "9782ed3e-a46d-4e02-98c0-40f071272438": 3, "a7a05d86-b27f-4e17-aaa9-72839ec254ae": 1, "a82eb09d-1669-4b13-a9b4-d6bdde2673e2": 0, "ab3adace-4587-4586-b8dc-63e309e3989f": 1, "b2f02d45-34a1-42a7-b63d-b29704d662b2": 0, "b3bc70b7-106a-45e0-9a3d-f0b200e8a76c": 0, "b5079136-1289-4d72-b5f5-64169924b337": 1, "bb1fbc2c-340a-4b69-8e3e-f89d1eff1f21": 0, "d344b32f-1119-4345-ae0d-d57712e6b09c": 0, "dbecd669-8336-43af-9330-e6ee8ea1826c": 0, "dc70643f-f61e-4a7e-9ba6-80df52351aaf": 2, "e1eae565-45a9-434b-a6d3-ad7217cee585": 1, "e2817b4c-6811-46b1-be6a-b221ffc048c9": 1, "ee71f9a4-2f6d-4b03-b946-d8c87621bc57": 0, "fe442006-e1dc-4093-a8a8-3a1e731ce1f3": 1, "fff46efb-7065-4cbf-bc42-ec3ab33fd77d": 1}
29	5000	25	76	20	0	0.307	2	0.8	15,5,1,1,1,1,1	0.8	1	0.0	3	2	1	1.0	0.0	0.0	0.333	0.0	1.0	{"05a4fa17-5e3d-4def-b2aa-400daffe0ebc": 0, "1580edf1-2442-4675-914c-dc4ee7aaa249": 1, "1969b040-774d-4bf6-84f1-66df4037d969": 1, "1f81925d-0ad4-4783-bdd0-cb85117159d0": 0, "2eb59ce7-08c0-4824-87b4-f246e56ce252": 0, "3671bc89-3439-4369-825f-bcb0d69d7d08": 1, "3e08f525-4c5e-4e89-99c9-1b89bdf31b66": 0, "5263c8cf-3570-4908-a103-4539e5d447c8": 0, "5cdeffcf-8330-468b-8f06-edf3cfc6bbdd": 2, "5ed061dd-eefa-41b0-b578-36e54f845384": 0, "73acb499-44c0-4520-8280-8cec3794529a": 0, "7809aacd-e03e-4937-8a1a-1abe2828944f": 3, "7c1780fa-e407-4d7c-9672-9fe89769bfc0": 0, "8a1080a8-95ef-4c55-af99-bb29b3dcd56b": 1, "925fdf56-c3ad-4040-9793-a0fdcb431d85": 0, "9d75c610-7ba5-4c7f-b2f7-d2aa12b16d59": 0, "b1009dcf-61e7-4c15-a1f8-adebe01bb9cb": 0, "b1cdfc4a-f9b1-470f-9bad-68d08e8a6dd6": 1, "c67e74f4-506e-41b1-8a67-98cc8c4354bd": 0, "d42cfc67-a946-421f-8942-3ffec8bd01db": 0, "d7068fe9-1371-4bf7-977f-46e10f7d4df9": 4, "dd9822f9-0748-4018-8885-26672ee36cba": 5, "e1e8842c-7a20-44a0-9db6-d64f078e90dd": 6, "e4f6877b-521c-415b-8efa-fb38c6439701": 0, "e740b3bc-8afb-4285-b1e6-c801df5c99e3": 0}
30	5000	21	81	16	0	0.262	1	0.238	5,2,1,1,1,1,1,1,1,1,1,1,1,1,1,1	0.6	2	-0.006	11	8	3	0.455	0.968	0.0	0.491	0.226	0.875	{"08b1b2ad-b2bd-44f5-a306-d50059a13bae": 0, "0f6e5346-b5c4-4311-af81-4e7e84b49f4d": 1, "186c9051-014a-41b3-96a8-c51f70f24662": 2, "22ccc324-3ce4-43dd-afb8-1f1420075132": 3, "2e0e5a0d-58dd-49ac-b963-5b34a0e68c5e": 4, "3769c5bb-2c04-477d-803f-eb0304a634ca": 5, "3cb2016f-861c-4307-9c11-d8033469f73c": 6, "3da93bfe-25a8-4d86-b23b-3fa733e9e005": 3, "435c8f49-23ea-41e6-a28b-cc5d72a1e763": 7, "43a68900-7a4a-4f3b-aa3e-577cba8347e2": 8, "4d64319a-a51e-463d-a1bc-c8a7c5b600b8": 9, "4ff3c9a8-8779-4b26-b9ab-ef74e500dffa": 3, "72d49378-899b-450e-95e4-790ba7360831": 10, "732d9807-2267-41b6-b8c6-0ee770700795": 11, "768df46e-1a48-4970-bb63-a05920d86cc4": 12, "b8602e63-1540-41cc-a2f1-dac4af2c47b7": 2, "be65b3e2-af67-47b4-b934-2f5e7d9cdd92": 13, "c0937712-37c7-4030-93e5-c76b296842a4": 3, "d24bd395-b2e8-41ef-9f3b-f0d4e5bc421e": 14, "e0d7b44e-ba69-4f0c-a0c7-47ad888b35ed": 15, "fa68e89d-77f6-4267-91b6-33a3083bcc99": 3}
31	5000	16	118	49	0	0.758	2	0.812	9,4,2,1	0.5	1	0.0	7	5	3	0.476	0.818	0.2	0.524	0.0	1.0	{"0f6e5346-b5c4-4311-af81-4e7e84b49f4d": 0, "145adab6-84d6-4475-b650-2018356085a0": 0, "186c9051-014a-41b3-96a8-c51f70f24662": 1, "2e0e5a0d-58dd-49ac-b963-5b34a0e68c5e": 0, "3769c5bb-2c04-477d-803f-eb0304a634ca": 0, "3cb2016f-861c-4307-9c11-d8033469f73c": 2, "3da93bfe-25a8-4d86-b23b-3fa733e9e005": 3, "435c8f49-23ea-41e6-a28b-cc5d72a1e763": 0, "43a68900-7a4a-4f3b-aa3e-577cba8347e2": 0, "4ff3c9a8-8779-4b26-b9ab-ef74e500dffa": 3, "72d49378-899b-450e-95e4-790ba7360831": 0, "732d9807-2267-41b6-b8c6-0ee770700795": 0, "b8602e63-1540-41cc-a2f1-dac4af2c47b7": 1, "c0937712-37c7-4030-93e5-c76b296842a4": 3, "d24bd395-b2e8-41ef-9f3b-f0d4e5bc421e": 0, "fa68e89d-77f6-4267-91b6-33a3083bcc99": 3}
32	5000	25	706	678	0	0.977	2	1.0	13,12	0.9	2	0.84	25	12	13	1.0	0.0	0.0	0.92	0.076	0.083	{"137c2eb3-a40f-4e63-9967-01a846d10f3b": 0, "2c007d39-5f57-40e4-a439-0d1c72aa5a83": 0, "2c37ab8d-cb5f-438b-8543-fa3773385579": 0, "30d65d6a-34f4-40e0-a8a9-8c97382b6f4a": 0, "31f9c43e-1476-4e80-a36b-4fe428eb02e4": 1, "3a215746-d12d-4bb3-ab28-10489e90dcca": 1, "41b21d8a-89de-49ec-83ff-bf9026c66ce8": 0, "4ad1e8ca-5b02-497e-99d8-e795abc3c10c": 0, "51b9a56a-de07-48e6-b3df-2588a8c77c94": 1, "5910c3aa-20aa-405e-8dfd-0b50b7ad1029": 1, "6b1685c7-71c5-43d9-a2b9-069485b072dd": 0, "71bf8579-fc68-44d9-bec3-f181afa66545": 1, "7b4f97ef-9cc6-46b0-8d45-dd4526abd8a1": 0, "83fcf487-f244-4d2d-9a1d-c6c376bc47a0": 1, "84e94743-a40a-4499-b800-b0729902f4b4": 1, "85b5101e-3b32-4271-9413-0d5b5b4c816d": 0, "866d95bb-1267-4fe0-ad55-f579f4d09bb7": 0, "9210a8c3-1602-49ae-ba90-88230f04a451": 1, "a9da854e-bc40-422c-bee8-83ccef953766": 1, "ad155bd3-d4a9-4ca0-86ef-c19b4fdc902b": 0, "b147ccf2-4a25-4e5e-8537-7f33f9f56355": 1, "c9e29834-7af3-4341-ae2d-45afeb784c11": 0, "d4e51581-629f-473c-a0b1-80b785ccaabc": 1, "ea16ba2d-ab36-4f36-8b62-6a55de1bd15a": 0, "f11af620-c962-4b5b-9c7e-f890cc35bcd7": 1}
33	5000	18	77	70	0	0.987	2	1.0	10,8	1.0	1	0.0	18	11	13	1.0	0.0	0.0	0.477	0.0	1.0	{"173adb2d-d3aa-4dad-b53f-c831f6b1cf94": 0, "32f3d1d9-cd30-43a9-9aa7-2055877a1708": 0, "3be35b09-9118-4382-b8d1-a34e10076c1f": 1, "4413309a-d2d6-495d-91d0-b9fbdcc5d981": 1, "4ddc5960-09f6-4477-a906-09aeb14d39ad": 1, "57de5877-e5d7-4675-987a-69aef70fd321": 1, "5e8af337-bfb3-4f13-bfbf-35895f449082": 0, "61c7c6f8-e2b1-42fe-b359-a76970845e9d": 0, "a34fdad3-0a36-4978-beb5-c9af3b83e0ec": 1, "a4682d66-bbf7-4c6f-b8fe-c213a1733a1a": 1, "a63d84b6-67a6-4b92-a029-10c3fe3d16ba": 0, "aa4680b4-4507-41aa-8ef5-0c46f5f8f827": 0, "adda275a-421b-4cb5-bb6c-34b84faa0f33": 1, "cbbb1ed6-70d0-4b30-ac4f-4c2f38e76f5d": 0, "d37e574c-1ef7-499b-b2b8-ece971727d66": 0, "e8911ede-f4c5-426e-8c9c-78dd8cdfbfc9": 0, "ee55c4e2-326f-40c4-85fe-22149544ca7d": 0, "f371c485-491d-4bc6-87c4-e534e9b5a596": 1}
34	5000	23	174	155	0	0.976	2	1.0	12,11	0.6	1	0.0	23	14	12	1.0	0.0	0.0	0.478	0.0	1.0	{"139b6706-a751-4f5b-b607-671d0fd06a6e": 0, "1503faa0-b2f7-4251-980c-005e95080793": 1, "173adb2d-d3aa-4dad-b53f-c831f6b1cf94": 0, "1c2ffe10-41e3-4dc1-b295-679f36bb1a25": 0, "233af7ee-68ef-474d-b536-3d2395d645c0": 1, "2ad9d7f1-197d-46b9-9ab2-8329d6e4c445": 0, "2dc0189b-00cd-4abe-a820-064a87fbfae1": 1, "32f3d1d9-cd30-43a9-9aa7-2055877a1708": 0, "39d17c11-35aa-4ee6-be69-04475c2f84bf": 0, "3a575248-fa45-4f74-8a4b-db79d1620617": 0, "3be35b09-9118-4382-b8d1-a34e10076c1f": 1, "4413309a-d2d6-495d-91d0-b9fbdcc5d981": 1, "4ddc5960-09f6-4477-a906-09aeb14d39ad": 1, "61c7c6f8-e2b1-42fe-b359-a76970845e9d": 0, "9ced6691-6ad7-4fd2-a6bd-ab1713f50450": 1, "a34fdad3-0a36-4978-beb5-c9af3b83e0ec": 1, "adda275a-421b-4cb5-bb6c-34b84faa0f33": 1, "d37e574c-1ef7-499b-b2b8-ece971727d66": 0, "de80c217-a30b-4877-9de8-cf0235b5ed53": 1, "e333edc6-a112-4073-8403-89c1d8deeeed": 1, "e901072e-3d02-4f97-af4a-40e980de8902": 0, "f2875d0a-288c-415f-9172-168100f438aa": 0, "f371c485-491d-4bc6-87c4-e534e9b5a596": 1}
35	5000	17	213	197	0	0.971	2	1.0	11,6	0.6	2	1.0	17	13	6	1.0	0.0	0.0	1.0	0.0	0.0	{"0a4e459f-8e3f-46f3-a86f-fd7ce408f36b": 0, "1b6c3bbf-c47e-4253-8624-217e5b90b84f": 0, "29e315ad-b7e1-4b88-82ab-bb2f5a41c4cf": 0, "312ab43f-3271-415b-b4a5-10e17c8f6f73": 0, "5003efc6-092e-4214-b51a-93c738b6f41d": 0, "5494328c-b74e-4791-96b4-de3692c214b4": 0, "6fbd67e9-9967-48b4-b409-c77510d84660": 0, "8494ea41-4836-429f-b72c-00d238444dee": 0, "8ed3deb1-e423-4705-8e48-6c862cbeab4a": 1, "94184a3e-c5b4-4db1-b749-d66ad9d32652": 1, "9b0b327f-6f64-4ab2-8936-e6a6c79fee26": 1, "ca3f4b5e-8d36-4a53-8d52-b0b1f6b2a4a7": 1, "cb0dad30-52f9-4e6d-8481-93da5072f6b0": 1, "cd84f27c-8520-4b17-89d8-aabb52eb602b": 0, "dc69635f-54e3-4da6-ac19-f59f75b20659": 1, "fdcbbac4-5940-4594-bb99-ce582d7917fd": 0, "fef91eda-8409-448c-ad69-7ae939a3b2be": 0}
36	5000	24	384	362	0	0.996	2	1.0	18,6	0.8	2	0.821	24	9	20	1.0	0.0	0.0	0.917	0.03	0.167	{"04cf4d90-aa10-4f0e-8f69-9d33074a3806": 0, "056d55b4-a314-41e3-8692-13f4af2418f5": 0, "05f53b7c-88e1-415e-9b6d-fe5ffd143bee": 0, "0a0d90d5-8bec-41cf-8e0e-c45d9c7a1c68": 0, "0e67d741-0638-4ac4-85fc-46854ce9b114": 0, "13aee254-9a54-4ddc-8b96-aa861365c219": 0, "170c5b99-4c8e-4d05-8aa9-375ce244d008": 1, "19dcfd5a-c7af-48de-a241-0d7dcb7bdb9b": 0, "1d5d905f-b0e2-4a96-9857-39e18af710b4": 1, "24172992-3f11-45d9-8765-ab863580f9aa": 0, "2f557592-5302-4fbb-9e74-a5cf6c965aad": 0, "2fc4ed9c-8c5a-4062-9757-343790788ca1": 0, "6985b29d-3a79-4c13-92af-9527e3af5fe4": 0, "7945eed3-a15a-4398-b5a1-f505df71ab50": 0, "7e6c719b-4f22-4d35-8398-987d85cfc194": 1, "876124a1-99d4-4f60-a127-4bdb7f6bdc63": 0, "93a03a7d-4b9c-4223-8ffc-52b60525e96a": 1, "9d23c0fd-2f7e-406b-9140-ffb6cf2e8e50": 0, "9e5b0d09-e3bd-4b89-bd6e-a15dd9c7f7df": 0, "c4abd218-a78b-4471-9b09-2a0a6baced93": 1, "c58fb120-5926-4cb4-8f5b-135785d08cce": 1, "d1597a2d-b2fe-4366-9ee2-fa939d772a24": 0, "e74c2632-9608-40c2-9923-e4791c785768": 0, "fa0e8d11-79ec-4f96-886e-8a7f7a3e742d": 0}
37	5000	21	1377	1206	0	0.838	2	0.905	14,5,1,1	28.5	2	0.54	16	3	14	0.808	0.284	0.0	1.0	0.0	0.0	{"023c4e7c-26af-4a54-a89e-ac52f8481363": 0, "04aed0b4-dab5-4e0a-9872-571c2b0d0e19": 0, "2548580f-2d1f-48cf-8d47-a28027b184fa": 0, "374b211e-5f85-48f1-8c76-ce3432b637a1": 0, "4d2693fc-7a86-44f0-b1b5-9bf37ffcf373": 0, "4d8e54a1-11d6-470e-8b5b-8290baa51c2b": 0, "5800ba5d-b950-4135-9d8c-5c00a506cd97": 1, "5f312891-9645-4075-a26b-9d320cfe1f99": 1, "82333cb4-9902-4abd-bc2b-31627646e14b": 0, "8846465b-69aa-4e3e-acc7-a1fc79da0ea5": 0, "96bdb4dc-5a95-41eb-b308-2fe58547e11e": 1, "a0a555fe-18ce-48d0-8c84-15c3e5f1ec9f": 2, "a0f785a8-62d5-4e7a-9246-59a2636f52b4": 1, "ac5aaf01-0980-46bd-a969-7dc400eee31c": 0, "b41ba8ac-3fa3-46f0-b1c0-082b97fe5f72": 0, "b5434be9-5435-4c9e-bb6c-478cb737de3d": 3, "baa39de7-968a-4d21-b781-c755f4b6eb31": 1, "cce43279-fc03-4cb1-bb1e-e9f324630784": 0, "d89b5bec-4bd9-48c2-9dd7-54d57da19a5b": 0, "e5a269c1-80de-4a7c-b564-619646224e82": 0, "f63ea233-8c8a-42d3-a4b0-9a5fcf650959": 0}
38	5000	26	7	0	0	0.0	0	0.0	1,1,1,1,1,1,1,1,1,1,1,1,1,1,1,1,1,1,1,1,1,1,1,1,1,1	0.8	1	0.0	16	14	3	0.325	1.0	0.0	0.675	0.0	1.0	{"0957333b-d29d-4cec-8eb7-694e99f1f4e6": 0, "0a783320-943e-485f-baa7-5af315f4eb37": 1, "0ce14388-f938-4acd-a421-00d4aac743ed": 2, "21748343-261d-433b-949e-b9c1d77dd40e": 3, "3b53abf5-6a42-46b4-a39f-d82ced457935": 4, "412df2fd-9c22-4a68-96fb-548d171ca522": 5, "447fe69c-d6e6-41c3-8d87-c6ad6feb15a3": 6, "472ab947-b5c0-4d1a-a16b-3c4d19b32739": 7, "4b4b6e3f-253f-4c58-bb7d-4de8283f9a0c": 8, "4eec2a5a-d2e3-4c65-98c2-c4b406cdf493": 9, "4f97e7cd-f2aa-4cf4-ac12-2c6ed8a6024d": 10, "5e89bb4c-bf98-447a-85f8-d06b04509d42": 11, "72c8f3e1-3ac8-49b6-a79b-db6305e90f71": 12, "8b9797cf-9b08-4cd7-b8f7-0976b9cbe5a0": 13, "90bee7f2-2ae1-437d-9d95-2a0bbc123698": 14, "a87b6de0-461c-4f25-93b0-81592a3dd549": 15, "c67917e0-2171-44b8-aeee-d6eadb252333": 16, "c85af478-52f5-45ce-928d-1ac268063de6": 17, "d45b6005-cd9d-49d8-a1b8-1e6377e0dce1": 18, "d5ad08f5-0650-4feb-a70b-74302502e3a8": 19, "e882a29b-deee-4700-a4db-20f7e2d8769d": 20, "e9dd4065-365d-4f09-8cc1-6526084803ea": 21, "ecdf1ad8-eb71-46bb-9c23-b50afa5bdba9": 22, "f38b9f7d-dbec-4b2b-8ed5-ffde9db1fbdf": 23, "f699d50c-a114-411d-9293-1312442f16a8": 24, "fea76644-ed87-4eeb-89d3-9c8d488f282f": 25}
39	5000	26	601	597	0	0.963	2	1.0	15,11	0.9	2	0.846	26	17	11	1.0	0.0	0.0	0.923	0.087	0.067	{"0092ad94-d8b0-45da-b4b5-863cdb8a3088": 0, "0523c2d5-56d0-4c97-9c8c-eb95b1a5cfe3": 0, "1c99f083-9213-4f5a-9dcd-208ec1e8296d": 0, "1cc6448e-f543-4557-b7f2-146599c9195d": 1, "21a7c9af-2833-4a2c-9a96-06c7f4688100": 0, "388ba192-a7ef-4821-83ea-4662a799ec5f": 0, "42b8b12f-2a80-4534-b2dd-760cb4ff8c2d": 1, "535070e3-33ce-47cc-9d7f-96d1c7b50154": 0, "59d8909c-1f36-4249-8cd4-d4a5376dcefe": 1, "654cb361-0759-42d9-b6f0-123d9aca37db": 0, "66e0d8d6-ae0b-4b12-92e2-d49ee34fb58f": 0, "6e4e742b-9db6-4820-89ac-e3d50a0c8561": 1, "72ab0188-3c98-4bcd-90c0-6aac2aa361f4": 1, "7e0682ca-69f4-4d8e-9f5e-b40656d630ca": 1, "80ade73a-31ae-48e6-ae5a-71231975448b": 0, "909e48b3-bfc3-458d-b3ac-9a4239e19643": 0, "91ee366b-827f-4155-aea6-d574ce3e67c3": 1, "97088f95-7270-422d-9e75-54f58ba28193": 0, "9b1da78d-8399-416e-9a5b-95fb6cdc3455": 1, "a0b35706-382b-4214-9d6e-26928b9c8fe9": 1, "a2fa32ba-ea32-4515-9dc3-6ecf6b6f6e26": 0, "a4cff7d0-3c0a-4c8b-b652-e38b0c6de40c": 1, "b098955f-4f0d-475e-9346-b50d395bf760": 1, "b8cfcc9e-3aea-4f42-8fc7-c6b4b6c74c85": 0, "e51273d7-f69b-4f7b-9151-03bae4245103": 0, "e602570f-16d5-48c6-b12a-d30b76bcd8db": 0}
40	5000	18	95	67	0	0.954	2	1.0	14,4	0.4	2	1.0	18	7	14	1.0	0.0	0.0	1.0	0.0	0.0	{"01238a04-d24d-4bcc-9fb9-e4da40eb193b": 0, "0a1a1538-d0cb-4405-bcd1-baf5ae6a5f3f": 1, "16ffb5f1-2d7d-46ed-a4ef-77c80de68543": 0, "1e69e7ff-dc48-4d31-9b6a-1d5aa0ff5193": 1, "25872ba7-fd6f-45bb-af03-c466b4ccd6ff": 0, "267e0787-f69a-47ca-92b6-967418aba878": 1, "34e6a5a7-febf-463d-a41d-e38fd75e1557": 1, "35c3f9b0-57d4-48ce-b919-a2f67a79a973": 0, "3adcfd90-bfe3-485a-802a-dc2cda8f3af7": 1, "4b79ddfe-718f-435d-832b-377159d73367": 1, "63d18e5c-fa82-4e27-925d-b7ba2e1202f3": 1, "6e2d3b73-e07a-45c3-92bf-7d3619c1f2da": 1, "7527c669-82e8-4c3f-a8b5-4797b244d2e9": 1, "7c12223c-aecd-4915-8a88-6c0ed16107d5": 1, "9c9344fa-f5ae-47da-837b-8dd7531fe8b4": 1, "c143ca59-7c5c-43d6-9059-c25412d9b739": 1, "de1d0ebf-01f6-4904-a5e6-1d9d9b09e631": 1, "fee5776b-a9c6-4138-8214-4bd169d621f7": 1}
41	5000	17	197	147	0	0.971	2	1.0	12,5	0.5	2	1.0	17	6	14	1.0	0.0	0.0	1.0	0.0	0.0	{"01238a04-d24d-4bcc-9fb9-e4da40eb193b": 0, "0a1a1538-d0cb-4405-bcd1-baf5ae6a5f3f": 1, "25872ba7-fd6f-45bb-af03-c466b4ccd6ff": 0, "267e0787-f69a-47ca-92b6-967418aba878": 1, "2a1aec43-7514-4e76-9c8e-74623ae41665": 0, "34e6a5a7-febf-463d-a41d-e38fd75e1557": 1, "3adcfd90-bfe3-485a-802a-dc2cda8f3af7": 1, "4b79ddfe-718f-435d-832b-377159d73367": 1, "6e2d3b73-e07a-45c3-92bf-7d3619c1f2da": 1, "7527c669-82e8-4c3f-a8b5-4797b244d2e9": 1, "7c12223c-aecd-4915-8a88-6c0ed16107d5": 1, "9881c254-d0d3-44cc-a7c4-9b42ef49e0f4": 0, "9c9344fa-f5ae-47da-837b-8dd7531fe8b4": 1, "c0d111c2-075e-43fe-8625-ab75a9458b68": 0, "c143ca59-7c5c-43d6-9059-c25412d9b739": 1, "de1d0ebf-01f6-4904-a5e6-1d9d9b09e631": 1, "ebca35c8-43e4-4758-89b6-19c3aedb041e": 1}
42	5000	27	1191	1148	0	0.997	2	1.0	18,9	1.0	2	0.851	27	9	19	1.0	0.0	0.0	0.926	0.09	0.056	{"07b853c6-e7d0-4a0b-ac17-3ebe810e4b11": 0, "17c8dc3b-daf8-4cc6-ab8e-4e3bcd4d7f11": 1, "198ac7ce-bac5-49a6-a3af-41b93d98b62d": 1, "3483f3c3-a9a6-4b09-aba0-f9d8f7d97fd3": 0, "3b3f120c-8129-4ba9-ba2c-ae791dde928b": 1, "42ece895-0f61-4b3a-b1d6-96f49f916dba": 1, "51db3c6c-3315-4134-8d20-eb89951cadbe": 1, "66f81153-6eb1-4ea2-96ab-c47754c6bd4e": 1, "684bce1d-6feb-4644-aec0-14fe3c19667b": 0, "6f2f78fb-e56b-4496-a3d3-d958d1c7bdac": 1, "7090080f-7e00-44e3-96f3-fd3371116c58": 1, "7648f688-ba7a-4d90-97f5-8b6913e216d7": 0, "7cad9d48-b642-4cee-8f84-8bf9f855316e": 0, "8105c2e0-9426-4b34-81d0-e49ef07db2ba": 1, "82b81417-0562-4e48-9de5-a0d94dca748c": 1, "995268d3-7100-48a4-a777-becf7b9eec57": 1, "9e2eb59e-ada8-4fe8-974a-860897737e7d": 1, "a3bb2e80-ddb5-4874-9dd4-ba747ca8d9c1": 1, "a64be126-fa59-432e-b435-3749831e8121": 1, "a728f3cb-4eb6-4acf-86e4-1f323ffb7ad1": 1, "ad52aaa8-b600-4a5a-a08a-d0b21fbe5f8c": 1, "d1daf756-86ad-48aa-a385-9bbc1394f922": 1, "d7022787-2288-4f6d-8c39-f411e1059c1c": 0, "dcd3feb5-65b3-4a81-bca1-b919f25d3a12": 0, "e63bf0a4-771b-4056-b673-dcd0c7a2ab1b": 0, "ea9a0681-7cd8-4d45-8227-564fc3e04015": 0, "ff089890-540d-4977-a824-feb3df27dcd2": 1}
43	5000	24	453	419	0	0.989	2	1.0	14,10	1.0	2	0.833	24	11	15	1.0	0.0	0.0	0.917	0.096	0.071	{"07b853c6-e7d0-4a0b-ac17-3ebe810e4b11": 0, "0f30e511-2068-4421-933e-97bd44562bde": 1, "17c8dc3b-daf8-4cc6-ab8e-4e3bcd4d7f11": 1, "26dd58e9-ff6c-4af8-b4a8-4093571311ec": 0, "3301ac84-7eb2-4667-93ae-f2760e46c080": 1, "3483f3c3-a9a6-4b09-aba0-f9d8f7d97fd3": 0, "3a4f2e4a-dfa8-4579-99c7-f61d790c9256": 1, "3b3f120c-8129-4ba9-ba2c-ae791dde928b": 1, "51db3c6c-3315-4134-8d20-eb89951cadbe": 1, "7648f688-ba7a-4d90-97f5-8b6913e216d7": 0, "7cad9d48-b642-4cee-8f84-8bf9f855316e": 0, "995268d3-7100-48a4-a777-becf7b9eec57": 1, "9e2eb59e-ada8-4fe8-974a-860897737e7d": 1, "9eeb16f0-dcde-4329-bac6-65315f3535a2": 1, "ad52aaa8-b600-4a5a-a08a-d0b21fbe5f8c": 1, "b11057cb-3c2d-4e23-976a-883bf07a175c": 0, "c1be2448-be0a-4d12-a27b-3d25574a5ee3": 1, "c767119c-017e-45f4-926e-13db7e9ed0bb": 1, "c83bf85d-31eb-420a-9e73-3440295cbb9e": 1, "dcd3feb5-65b3-4a81-bca1-b919f25d3a12": 0, "e1ece28e-c4f2-40b0-b41e-7d4b8d765d02": 0, "e63bf0a4-771b-4056-b673-dcd0c7a2ab1b": 0, "eb0474bb-c6d6-4432-88d4-2a7a9e9ca9ee": 1, "f814ea7f-b31a-48ff-a98a-c25d130e6d59": 0}
44	5000	24	383	374	0	0.96	2	1.0	16,8	1.0	2	1.0	24	8	20	1.0	0.0	0.0	1.0	0.0	0.0	{"0f30e511-2068-4421-933e-97bd44562bde": 0, "26dd58e9-ff6c-4af8-b4a8-4093571311ec": 1, "319a438e-ebdf-41bb-9d1c-215ccdb1db22": 0, "3301ac84-7eb2-4667-93ae-f2760e46c080": 0, "38bc477b-843b-4159-819c-e482b9ad5f98": 1, "3b3f120c-8129-4ba9-ba2c-ae791dde928b": 0, "4fe6bade-1547-4a8b-a7ed-40be32425f78": 1, "608cbf0c-e57d-4002-9725-baae05f4f0b6": 0, "94249e69-a45f-47db-8d97-16090a79933a": 0, "98dd94ef-9450-42ae-bc42-d9152d8e8ece": 0, "99fd8a85-48a0-45b4-8d7f-342f87bcc01b": 1, "9eeb16f0-dcde-4329-bac6-65315f3535a2": 0, "a1b6818d-07a4-4ee5-b218-115a60680b14": 0, "ad52aaa8-b600-4a5a-a08a-d0b21fbe5f8c": 0, "b11057cb-3c2d-4e23-976a-883bf07a175c": 1, "b9986816-a71d-4666-900b-378ada160792": 0, "c1be2448-be0a-4d12-a27b-3d25574a5ee3": 0, "c767119c-017e-45f4-926e-13db7e9ed0bb": 0, "c83bf85d-31eb-420a-9e73-3440295cbb9e": 0, "d3b6f314-0349-4b8c-9be8-51c152ad82ac": 1, "e1ece28e-c4f2-40b0-b41e-7d4b8d765d02": 1, "eb0474bb-c6d6-4432-88d4-2a7a9e9ca9ee": 0, "f814ea7f-b31a-48ff-a98a-c25d130e6d59": 1, "f99f178c-4e1b-4b21-8269-1b13532b6e94": 0}
45	5000	25	377	341	0	0.977	2	1.0	16,9	0.9	1	0.0	24	9	16	1.0	0.0	0.0	0.511	0.0	1.0	{"0096575b-6006-4ce7-a4eb-ca9980f56d6c": 0, "011e3fec-324e-49fd-8575-9f786b5a41ea": 1, "0f30e511-2068-4421-933e-97bd44562bde": 1, "319a438e-ebdf-41bb-9d1c-215ccdb1db22": 1, "38bc477b-843b-4159-819c-e482b9ad5f98": 0, "427055f5-f259-42d8-aaa3-748c6e9d0c2a": 1, "4ea9c566-c8db-4b7e-9650-b82a15f09ebe": 1, "5b039176-d14a-4b85-be9e-4c4b64b1968f": 0, "68687fca-4e46-4743-b7f9-26e5d2cd7e45": 1, "72c987cf-500a-4974-923b-98e6dd49f5dd": 0, "764c6db1-9088-4aff-9e3f-71200d2e8406": 0, "845efea3-4329-4bfa-83b8-3a3cfebeee27": 1, "86d6cb4a-1136-4643-b7b0-49eb673890f9": 1, "9416790b-c46a-4336-af54-7acbc5fee42b": 0, "a1b6818d-07a4-4ee5-b218-115a60680b14": 1, "c79ea377-9d89-44f6-bf2e-97cefe17c986": 0, "cccb77ba-975a-414f-b32d-bd15550e7431": 1, "cf69522d-70c3-42fa-966c-7196bfc1e309": 1, "dbf52cc8-f41e-4207-b98d-9639e96f8bc9": 1, "e1ece28e-c4f2-40b0-b41e-7d4b8d765d02": 0, "ee123ea2-f4e3-489c-9051-fd759ba10cc7": 1, "f0c8edd1-a557-45e3-9c87-a42e0facf930": 1, "f4e6e57b-4162-47d5-a321-acf17309aadd": 1, "f814ea7f-b31a-48ff-a98a-c25d130e6d59": 0, "f97e3465-5a29-4aab-9f11-9d30f789da30": 1}
46	5000	28	1208	1197	0	0.995	2	1.0	18,10	1.1	2	1.0	28	18	11	1.0	0.0	0.0	1.0	0.0	0.0	{"022c8bca-7310-4de8-853b-35d7c4118d30": 0, "0934f5b7-c959-485c-a6ed-a50c99fb083b": 0, "0fd4b259-efd6-4bd3-97f7-21f0a5faf0b5": 0, "43bf74ec-63bf-43fc-8733-b48329fe81e2": 1, "448c4a0b-a626-4adc-90fb-3e88b5c37055": 0, "4c8fbe3c-21c4-4f1a-83a0-831ff0e32845": 0, "4ef97b2a-f240-487f-9513-db2c434817e8": 0, "51089e16-3de5-429e-a73d-6cbdf0e4e373": 0, "60d84cb9-ce03-4837-818e-a80626b0de84": 1, "656068ea-07d1-43ce-9911-e4a948aa7d87": 0, "6619958a-7e35-40de-9321-b4be9f15eefb": 0, "72c987cf-500a-4974-923b-98e6dd49f5dd": 0, "7464fce7-d7b2-480f-b6f3-25fc65730ceb": 0, "845efea3-4329-4bfa-83b8-3a3cfebeee27": 1, "852b941c-4319-4f9c-96ac-0682e32555ba": 0, "8aba383d-6c34-44f3-8079-be7db1f22e13": 1, "8f827b21-4a0a-489a-a60e-11158e91ad8f": 1, "94f339ba-6ee0-4343-8a58-eefc765f760b": 1, "aa4c7d80-2a2d-4878-9f16-1b5a247de0d2": 0, "c7bb7bad-4e60-4abc-8598-5f92d8d004c8": 0, "d0b465b8-e9eb-446f-870e-699417ed7401": 1, "d0b644f2-9435-42f6-b5e1-9c7c81af4973": 1, "d3247821-c4dc-406f-9d6b-79af8f80e52d": 1, "d76b62a8-584f-4ccc-9f6d-e2513bce44d4": 0, "df5c3810-d831-4286-b91d-88d74d7664c9": 0, "e82d6829-7b4a-4365-bbfd-d1da2999d621": 1, "f3fa5df7-0441-4bca-aba4-d1b6ab95b0a7": 0, "fb147e1e-af12-4eca-8ab5-35da11ae8aeb": 0}
47	5000	20	442	414	0	0.984	2	1.0	15,5	0.6	2	1.0	18	14	4	1.0	0.0	0.0	1.0	0.0	0.0	{"0ebd6297-355f-4df4-a55e-d564484d3c82": 0, "0f305799-29b4-405e-8018-2abc0d1d7b32": 1, "12525fa3-7602-4b21-92dd-757bfd213778": 0, "2cb215a5-d77c-44c6-a3c2-ed319bbe2817": 1, "3709cd65-d768-46c6-be36-978d4fa2fe26": 0, "3cc55708-7952-41ea-b53f-c8908cc57b71": 1, "405659a1-0f5c-4f26-8203-a1252d4fb9c0": 0, "43861021-7f67-4209-9e46-fe20661ad1aa": 0, "545d4cf6-d9c0-4159-bdcf-9d4f68e875b1": 0, "592a0904-2508-4750-b964-5e0c019c5fa1": 0, "65b63979-945c-40b5-b7e0-6b5249257625": 0, "6f6dbbb2-6885-4de1-8b34-546659b16695": 0, "72c89572-9c26-4181-ba7c-ba8954baa950": 0, "996fcb62-e45a-4527-b9a0-e5c5b9b39f13": 0, "a00648a5-f52b-412f-9ca0-5596c0e2abbc": 0, "aafc4f2e-bcad-420c-bc19-027cf7b0f409": 0, "ca8845fc-92e9-49f8-b482-5c0f8a917e30": 0, "e0497707-e6b8-4868-9714-5c801454dd09": 0, "e50f1b25-2dc8-449b-9e36-2aaf28e0698a": 1, "f1481417-b6a3-4e24-92f5-dd016a4d6ab2": 1}
48	5000	19	497	474	0	0.971	2	1.0	13,6	0.6	1	0.0	18	13	5	1.0	0.0	0.0	0.575	0.0	1.0	{"0ebd6297-355f-4df4-a55e-d564484d3c82": 0, "0f305799-29b4-405e-8018-2abc0d1d7b32": 1, "2cb215a5-d77c-44c6-a3c2-ed319bbe2817": 1, "3709cd65-d768-46c6-be36-978d4fa2fe26": 0, "3cc55708-7952-41ea-b53f-c8908cc57b71": 1, "405659a1-0f5c-4f26-8203-a1252d4fb9c0": 0, "43861021-7f67-4209-9e46-fe20661ad1aa": 0, "545d4cf6-d9c0-4159-bdcf-9d4f68e875b1": 0, "592a0904-2508-4750-b964-5e0c019c5fa1": 0, "65b63979-945c-40b5-b7e0-6b5249257625": 0, "6f6dbbb2-6885-4de1-8b34-546659b16695": 0, "996fcb62-e45a-4527-b9a0-e5c5b9b39f13": 0, "a00648a5-f52b-412f-9ca0-5596c0e2abbc": 0, "aafc4f2e-bcad-420c-bc19-027cf7b0f409": 0, "ca8845fc-92e9-49f8-b482-5c0f8a917e30": 0, "e0497707-e6b8-4868-9714-5c801454dd09": 0, "e50f1b25-2dc8-449b-9e36-2aaf28e0698a": 1, "ee8a14bb-5e48-4e35-8c2f-8c9f3a7e5d8e": 1, "f1481417-b6a3-4e24-92f5-dd016a4d6ab2": 1}
49	5000	23	852	807	0	0.957	2	1.0	13,10	0.8	2	0.402	22	13	9	1.0	0.0	0.0	0.753	0.158	0.333	{"0e62f974-34b7-443c-8d30-cbbb79c07717": 0, "0ebd6297-355f-4df4-a55e-d564484d3c82": 1, "0f305799-29b4-405e-8018-2abc0d1d7b32": 0, "2cb215a5-d77c-44c6-a3c2-ed319bbe2817": 0, "3709cd65-d768-46c6-be36-978d4fa2fe26": 1, "3a96d459-64d5-4276-8f6f-5f30a89af8b5": 0, "3cc55708-7952-41ea-b53f-c8908cc57b71": 0, "405659a1-0f5c-4f26-8203-a1252d4fb9c0": 1, "43861021-7f67-4209-9e46-fe20661ad1aa": 1, "545d4cf6-d9c0-4159-bdcf-9d4f68e875b1": 1, "592a0904-2508-4750-b964-5e0c019c5fa1": 1, "5d1fd8a9-0c46-4bb6-baa0-5dcb656b2f38": 0, "5d216255-81c4-43f1-8267-c94e8503e1fc": 0, "65b63979-945c-40b5-b7e0-6b5249257625": 1, "6f6dbbb2-6885-4de1-8b34-546659b16695": 1, "996fcb62-e45a-4527-b9a0-e5c5b9b39f13": 1, "a00648a5-f52b-412f-9ca0-5596c0e2abbc": 1, "aafc4f2e-bcad-420c-bc19-027cf7b0f409": 1, "ca8845fc-92e9-49f8-b482-5c0f8a917e30": 1, "e0497707-e6b8-4868-9714-5c801454dd09": 1, "e5d0cdd3-73bd-45aa-b034-d21071a9903d": 0, "ee8a14bb-5e48-4e35-8c2f-8c9f3a7e5d8e": 0, "f1481417-b6a3-4e24-92f5-dd016a4d6ab2": 0}
50	5000	21	718	600	0	0.948	2	1.0	12,9	0.7	1	0.0	21	10	13	1.0	0.0	0.0	0.486	0.0	1.0	{"1ed75c41-d414-49f9-9fb2-ff888debf897": 0, "39333e3c-1e51-452f-9822-6abc7439255b": 0, "438da84f-2588-456b-8717-e8700a130320": 0, "5a374063-081f-47dd-af65-4a60223f28b8": 1, "64475b8e-5cde-4349-abd2-f882c34e0e2f": 1, "66f799ff-7824-40d9-8d26-3058e233cc43": 0, "6e3e6df5-5ba9-44a1-9b09-31ee31992470": 0, "78ebba47-63c7-40c3-9a3f-98b6dc2ab384": 1, "7f831b08-8401-4b26-87c5-307286096d65": 0, "88e91f5b-f76d-47ca-8e7f-333f02b2584a": 0, "8e90af4a-8f55-40e3-9310-ae3368e71cb0": 1, "9b7bf8df-4011-47f7-9440-75446b3ad4b0": 0, "b92b460e-03cc-4edb-8246-775401231320": 1, "c0052a50-f2ed-4e65-bb66-ff1f5e3e60f3": 0, "c79305db-fcc3-4dc7-bb2e-09d50c36a75b": 0, "c7f589ca-fd56-411c-af09-f9977e434997": 1, "c802a993-6cc6-4a7e-8c05-03a4c3b91742": 0, "cc032694-c154-4ecb-9a70-e86f5fd640bb": 1, "df385f6c-34c5-4576-b8bc-a864a8e420c8": 1, "f3f67bf3-1ee8-4e32-8f1f-641ec57d5241": 0, "f4e02b21-e54a-46b2-b75d-2cdfe0da7ae7": 1}
51	5000	20	415	378	0	0.989	2	1.0	13,7	0.5	1	0.0	20	14	8	1.0	0.0	0.0	0.521	0.0	1.0	{"1433e9c8-e835-4c8c-b438-09a3538c25eb": 0, "1ed75c41-d414-49f9-9fb2-ff888debf897": 1, "2aabac9b-7d4e-46c4-b0b8-f3adc6168a9a": 1, "4f3de1d0-9ea5-4e01-8950-b39f6bed8f9f": 0, "5a374063-081f-47dd-af65-4a60223f28b8": 0, "64475b8e-5cde-4349-abd2-f882c34e0e2f": 0, "6e3e6df5-5ba9-44a1-9b09-31ee31992470": 1, "78ebba47-63c7-40c3-9a3f-98b6dc2ab384": 0, "83f3a481-be92-49a8-916c-188e2e44c285": 0, "8e90af4a-8f55-40e3-9310-ae3368e71cb0": 0, "9295e3f6-0a22-460a-8a3d-e4e00cb90818": 0, "989cc2f2-e6ae-438b-87a1-3678ba0e7de7": 0, "9b7bf8df-4011-47f7-9440-75446b3ad4b0": 1, "b33e3cb1-c55c-41ae-9b97-6a070784ca51": 0, "ba03b6e4-c1f7-409a-9c91-eb666fda69fe": 1, "c5d1ab88-32cd-42c1-b7a6-1d22b1ea5919": 0, "c79305db-fcc3-4dc7-bb2e-09d50c36a75b": 1, "c7f589ca-fd56-411c-af09-f9977e434997": 0, "cc032694-c154-4ecb-9a70-e86f5fd640bb": 0, "f6a85e0e-2513-446e-b7dd-96726495962b": 1}
52	5000	26	284	210	0	0.969	2	1.0	18,8	0.7	2	0.845	25	18	8	1.0	0.0	0.0	0.92	0.098	0.059	{"0dd79703-0380-4bf4-ad3b-4cf0751973d1": 0, "11f18cce-8091-4401-9af9-9de309fb7689": 0, "1433e9c8-e835-4c8c-b438-09a3538c25eb": 0, "2aabac9b-7d4e-46c4-b0b8-f3adc6168a9a": 1, "3245b12c-080f-4f65-b035-42668a8f7ec6": 1, "4ed64551-1a2a-4cbf-b6ab-850cb2687900": 0, "4f3de1d0-9ea5-4e01-8950-b39f6bed8f9f": 0, "5a374063-081f-47dd-af65-4a60223f28b8": 0, "64475b8e-5cde-4349-abd2-f882c34e0e2f": 0, "65cfe5a4-7602-4af6-b7e8-e576b91123c9": 1, "7bfd4d0d-81b4-497f-9410-281470493863": 1, "7e99de84-401b-467f-a861-ff9d0e85947f": 0, "83f3a481-be92-49a8-916c-188e2e44c285": 0, "88da934e-9917-4715-a729-657032b6ef1f": 0, "8e90af4a-8f55-40e3-9310-ae3368e71cb0": 0, "9295e3f6-0a22-460a-8a3d-e4e00cb90818": 0, "989cc2f2-e6ae-438b-87a1-3678ba0e7de7": 0, "a8d3e7a5-0df0-4595-9db2-c03356d9bf11": 1, "b33e3cb1-c55c-41ae-9b97-6a070784ca51": 0, "ba03b6e4-c1f7-409a-9c91-eb666fda69fe": 1, "c2d89426-ec47-4b5f-b8c0-d6c52b691961": 0, "c5d1ab88-32cd-42c1-b7a6-1d22b1ea5919": 0, "c79305db-fcc3-4dc7-bb2e-09d50c36a75b": 1, "dbc3bf4e-95af-4e6a-b903-3222a7a39bbe": 0, "e24e99f3-03a9-4708-9c49-c6b7a8ba41b6": 1, "ee7d527d-d4d1-4128-bded-bf977ce51dab": 0}
53	5000	19	508	477	0	0.942	2	1.0	10,9	26.8	2	0.602	18	10	9	1.0	0.0	0.0	0.791	0.219	0.2	{"09dd44ad-19f8-4e4f-911a-27fd3424d9b4": 0, "0b30f29b-68ce-483e-a8d8-517c175b3822": 1, "1f785001-d536-47a2-8bb5-19c9b1ec94c9": 1, "2ab34f95-ff04-42c8-8102-436d0873125b": 0, "2edb8103-32f0-458a-984b-1923b821602b": 1, "3409a97e-8480-48a5-a106-5b3e942845c2": 0, "404abe55-e739-45f2-95f9-2dd987756bd6": 0, "6111befc-5c0f-4282-827e-17cc73aa15f8": 1, "87758170-215b-4c9f-b08f-fe4bda28cdcb": 1, "9052c2c6-fcd4-4149-9966-1fad98cbb030": 1, "b3b0d5d1-53e6-4d05-9db5-52c19610715b": 1, "cba3d73c-57a8-474e-a6ca-c0dd586d0e9e": 0, "cd78b68a-b8fe-4fe7-bc5f-f9d3eaaa632b": 1, "d91348be-5505-49b2-831f-dfbcf5a431ee": 0, "e74657f0-c221-41dc-8cfb-9b1c7b41686a": 0, "e97c85bf-2bc4-47f6-ba11-ab8c63fc1553": 0, "eabe546c-7fc5-4ab9-8322-6603ef43b961": 0, "ed23de69-81af-4b08-99aa-d8982ff26480": 1, "fe0c3cfa-79dc-4034-a5fb-ff251598120d": 1}
54	5000	23	557	517	0	0.992	2	1.0	12,11	0.6	2	0.818	22	11	13	1.0	0.0	0.0	0.909	0.091	0.091	{"0057dc0f-0c26-464d-af0c-aac07b2b261c": 0, "141db159-9907-48d3-8659-02b22327c130": 0, "27d9ef62-0f2c-46b2-ae2b-47909d17dc6f": 1, "2ba962c7-877a-46b4-b0e3-6cd5ce5c3431": 1, "3abb01c1-b3d2-4c99-a888-56f0fb021695": 1, "404abe55-e739-45f2-95f9-2dd987756bd6": 0, "43d6cd99-c489-40ab-9701-dddd0fc02439": 1, "46d8352f-7340-4115-9aad-01179d209f06": 0, "7174b46a-4a08-4c8b-b82f-d0b5d7176bef": 1, "768eb2da-0ca2-426e-9c89-c2efbbdd1f97": 0, "7c8e8b7b-bf72-4ea7-830d-106e071866d2": 1, "87758170-215b-4c9f-b08f-fe4bda28cdcb": 1, "8faed754-69e0-41d8-97dd-8d6102a1257d": 0, "b17fa728-d077-4a41-89cc-711508320e99": 1, "c1ffb14e-e5a0-485d-8360-e6c6140deb4f": 1, "cb1191da-121b-4771-8c47-dab823faf06f": 0, "cbbc96cd-f12e-4752-8913-4c1a21b595a7": 1, "cfeffa24-5d94-4042-abc0-bc4dbcedbf83": 1, "d2b9b6bc-bfb1-4015-9d1b-d9b3a9ab75fe": 0, "d91348be-5505-49b2-831f-dfbcf5a431ee": 0, "e2140a08-b1a6-4c6f-a6b9-6841230fa69a": 0, "e8ae2fbb-f85f-430a-9c4e-57c66b54a13e": 0, "fe0c3cfa-79dc-4034-a5fb-ff251598120d": 1}
55	5000	22	630	586	0	0.957	2	1.0	12,10	1.9	2	1.0	22	11	12	0.909	0.091	0.091	0.909	0.091	0.091	{"07a454ed-f0b0-40e6-8cde-1300daff326c": 0, "19815d6d-28b3-4812-b940-116852a9ab8d": 1, "2c6e9628-7f3f-472d-b21d-901c9b40b0d3": 1, "30636d6f-752e-4fc9-98ce-61afac1cbea2": 0, "42b0997f-8484-42bf-bccd-0d6c2deab94f": 0, "43d6cd99-c489-40ab-9701-dddd0fc02439": 0, "46d8352f-7340-4115-9aad-01179d209f06": 1, "5decf749-5177-461c-b30c-cc1685c94035": 1, "67fad395-aa55-4e8b-b2e6-71aa9054677b": 1, "6939fe73-8c20-4c8a-84c8-453210dfb311": 0, "79e045ea-9347-49ef-a13f-b9393225c91b": 0, "8e093af6-e7c8-4615-b80e-ce3d3fbc9bcc": 0, "8f9709e9-4bac-4306-b627-9b6b92621a9e": 0, "a98af790-5231-4143-801e-daf52d3d6de9": 0, "af08f7d5-1f87-4e6f-95c5-95fa1f620c83": 1, "afc0083b-ed01-4508-9786-5cecc0758f24": 0, "b68ced59-a096-4b6b-a01f-aee6d4c6f55d": 0, "b7e97a3b-d3e9-445c-a10a-bc3be123d1ad": 1, "cfeffa24-5d94-4042-abc0-bc4dbcedbf83": 0, "d2b9b6bc-bfb1-4015-9d1b-d9b3a9ab75fe": 1, "d56cfc96-f771-4fe1-b4d4-6972d01ca138": 1, "f0bb2c69-779b-466f-bb8b-2efda528beda": 1}
56	5000	26	357	312	0	0.991	2	1.0	16,10	0.8	1	0.0	23	8	15	1.0	0.0	0.0	0.526	0.0	1.0	{"0a7af7eb-62fb-48a9-8c36-d831645a4a89": 0, "1a8a1cd3-9f7a-4723-a66f-56e8652acdbc": 0, "22663c80-5fc3-4014-9aed-4b6ca35c4e2a": 0, "2625a272-de99-4ed0-85e9-ad4d8bd6bdf2": 1, "406791dd-3592-4577-abe8-25d2fb102d07": 1, "51cd2a9b-b0cc-48cd-a7d1-32bc33c64c91": 0, "583612e5-201d-44b6-81d0-2ff710750663": 1, "655c70ab-bc25-4e3b-9897-9509da74366c": 0, "66bd0ef2-4b70-4de7-8b81-f270a3a848d0": 0, "67f5bd5c-b5e7-423d-9bf0-7f805df85383": 0, "7dd9996f-3833-44cc-9fcc-a7fbdb5a1c9d": 0, "8d1cd735-c321-4d00-955b-d33ef2eb23ef": 1, "9b3cff4d-314c-426e-9ce9-acd6803c49ac": 0, "9fc5fa39-cd94-452c-80f1-fbcb498165dd": 1, "a2bd0548-8979-4efe-bd61-0460ce04c459": 0, "b364db62-b1ed-4eae-b7bd-d2e6c26d204a": 1, "b8429a08-6c06-41df-b6b0-eaecad1bf8ad": 0, "b9b0a6a7-d7e8-46df-803d-92d9ee8a3eb7": 1, "ca4ba128-64b0-4a78-a2f3-557d07f02bb8": 1, "cec3d486-1a04-4ba3-9568-2392dc436fac": 0, "d4b913e3-19b4-4176-9ba0-308e5d35f59a": 0, "dadaca43-1407-4050-a734-64824720e790": 0, "dda9be00-bdac-4e56-84ad-ff6285c29dd6": 1, "e72719be-8e48-4041-86ac-544cc28e914d": 0, "eb31cada-4c8f-479c-a1b2-b9734012b3ed": 1, "ee7929a4-1ffe-4f07-bf06-76fd270ae9cc": 0}
57	5000	18	279	237	0	1.0	2	1.0	10,8	0.4	2	1.0	18	10	9	1.0	0.0	0.0	1.0	0.0	0.0	{"0409b0e9-6b3c-447a-9577-ed3829b04f8e": 0, "1a065a05-9066-4536-b828-ae47a1edb5ba": 1, "2a3cd37c-8dbb-4c22-9aff-57dc1d32573d": 1, "30f82b1d-451d-4512-b401-7566cdbd88e1": 1, "38cc8602-4c76-4220-91e2-dc973f9b837f": 0, "42f900d6-6c15-49f8-a37b-534c4386b759": 1, "4dd6698f-0154-4e77-8290-f822570b4e95": 0, "51ef5ba3-9b22-4d16-83f8-46e71d6ebc0f": 0, "78b6c7c6-78f4-4537-9ba1-54276c1d3076": 0, "7ddd756a-9440-4782-986c-a14a094403f3": 1, "a81984dd-08bb-4065-a55b-a416ddb41ee7": 0, "b3bda7e0-feea-4606-b9b0-9fe5f376597f": 1, "d096401f-c4a0-4e32-911d-c35cd14f356d": 0, "d1bae735-274f-43df-bf03-a9e7089518a5": 0, "dee1d1f1-b863-4662-8604-13043a444538": 1, "e00c9f95-60c7-4605-bffc-76f9d018440e": 1, "e7602270-6d9d-49f8-976d-a24654dfa775": 0, "eb69f2cf-527f-469b-92be-8d74bac903ce": 0}
58	5000	21	339	317	0	0.919	2	1.0	14,7	0.5	2	0.808	21	15	7	1.0	0.0	0.0	0.905	0.054	0.143	{"0c29b4c1-07c9-4d23-84ff-903dbe0e84b3": 0, "10f2a267-c6cf-4a61-bdad-f3d371ef78bc": 1, "1c220230-e8e8-4cbd-a2c5-6d490f66750c": 1, "2eeb7267-c184-43cc-8bb6-e6ed46e4a332": 1, "376798eb-7579-4506-b5a7-cf89d46896cc": 1, "448a1d58-f327-4211-aea7-038881fa76ce": 0, "567ae387-3d59-45d5-b51b-04fff2f83ff6": 0, "68225928-b309-402d-bfef-377f6c7629ea": 1, "68b74602-2be7-4676-86f9-7c1154417e21": 0, "6a4cfb1f-36c9-4fba-8fee-e9d74891072b": 0, "706f2cf4-bd36-40d3-83e6-19f0258af966": 1, "841530ff-fb7b-4d50-a7d1-1c38a25deda8": 1, "970dba46-2d09-4f96-8e7b-d8066f76c648": 1, "a5259c12-a65f-455d-8cf8-0a277130cea5": 0, "ba10ff3c-972a-40b1-966d-9a6c545369d3": 1, "c21fe903-3d52-4bb4-ad13-053c1fc95d09": 0, "c6367b45-ed01-4edd-81f7-157d71d2296a": 1, "dc01eafd-e3fd-4eb9-a083-2af1c81656ef": 1, "dd510465-809a-446c-9ca0-9cc7f45a1bd9": 1, "dea47e8a-cf55-4586-b182-e334b63845bb": 1, "ee873d69-e7b6-44cc-89ce-731b25380797": 1}
59	5000	20	329	303	0	1.0	2	1.0	14,6	0.5	1	0.0	20	14	7	1.0	0.0	0.0	0.558	0.0	1.0	{"0c29b4c1-07c9-4d23-84ff-903dbe0e84b3": 0, "1c220230-e8e8-4cbd-a2c5-6d490f66750c": 1, "376798eb-7579-4506-b5a7-cf89d46896cc": 1, "448a1d58-f327-4211-aea7-038881fa76ce": 0, "567ae387-3d59-45d5-b51b-04fff2f83ff6": 0, "68225928-b309-402d-bfef-377f6c7629ea": 1, "68b74602-2be7-4676-86f9-7c1154417e21": 0, "6a4cfb1f-36c9-4fba-8fee-e9d74891072b": 0, "706f2cf4-bd36-40d3-83e6-19f0258af966": 1, "841530ff-fb7b-4d50-a7d1-1c38a25deda8": 1, "93a8dbb9-7ab5-43af-96e3-0dce44d40beb": 1, "970dba46-2d09-4f96-8e7b-d8066f76c648": 1, "ba10ff3c-972a-40b1-966d-9a6c545369d3": 1, "c21fe903-3d52-4bb4-ad13-053c1fc95d09": 0, "c6367b45-ed01-4edd-81f7-157d71d2296a": 1, "dc01eafd-e3fd-4eb9-a083-2af1c81656ef": 1, "dd510465-809a-446c-9ca0-9cc7f45a1bd9": 1, "dea47e8a-cf55-4586-b182-e334b63845bb": 1, "ee873d69-e7b6-44cc-89ce-731b25380797": 1, "faf942de-1cf5-47fd-a92b-3420804af8c8": 1}
60	5000	31	690	667	0	0.925	2	0.968	19,11,1	1.1	2	0.798	30	11	19	1.0	0.0	0.0	0.933	0.08	0.053	{"013a2e1f-36ea-402b-a1d1-d8c06e9e8af0": 0, "01430371-9161-4554-86f0-9ff95cbbd288": 0, "0db57e82-264d-497c-9a9d-7a4976edc3df": 1, "1f4ef867-b79d-494b-a5a6-1bf9e6bd0f8b": 1, "2e0bda91-dc04-4c1a-9f0c-72bcb0f9fb3c": 1, "3eeadf56-a54f-4d36-ace8-234ace0f4683": 0, "4278f2b1-459c-489a-92ca-3fa8807cf0e3": 0, "4db311ce-7537-4959-961c-2d388121c8aa": 1, "620d3bbb-8379-4b22-b0e6-a030a50e45ec": 1, "640e578b-0462-4d11-aa12-c477982a29e3": 0, "6ec758eb-3825-49ba-90c8-4970d72f5c33": 1, "79a029e6-1bc6-44a9-97ea-651a2c55466c": 0, "7ef11767-79f8-480a-84b9-f6a8e1eee6a5": 0, "82e6e1c4-636d-4618-8d1a-e16db306a34e": 0, "876a17fd-9ce5-4584-a64f-3688dc061de3": 1, "89e5385b-49c7-4bf7-95b9-d17213364347": 0, "9112566b-fc8c-4369-8bb2-2ae4682248b8": 0, "95c1c595-5dc3-4210-9464-7ef7757aa5d9": 0, "9ff31a3c-3ab4-4126-a359-e6027e62219d": 1, "a441ea6b-ad18-4b04-b18b-5d8f75025e0c": 0, "a50d2c58-3f6b-4447-92ff-f300c4d5e933": 2, "b0e1ab90-2ddf-481a-af3f-51adf42fee84": 1, "c13f6b2e-02d0-4b57-8561-80cf3e8c6a86": 0, "c9bde073-0c0a-467c-aa5b-b0c56cc5d33f": 0, "d0668a69-ca18-4ba6-ad81-e146426ae4fb": 1, "d1e02e7f-7f28-48c0-9092-70ec519b60de": 1, "d89f6c4d-a9aa-444f-9ac5-13bbd3cc523a": 0, "d9c7a879-609f-4370-b609-d412f8311099": 0, "e68fc4a7-ffba-45dc-95e2-98efb5b7b946": 0, "f3d03e56-4574-4907-ad62-3f37f79129d7": 0, "f68108f0-3df5-484c-a0eb-122f9a2992b4": 0}
61	5000	25	796	765	0	0.977	2	1.0	13,12	0.8	2	1.0	25	15	15	1.0	0.0	0.0	1.0	0.0	0.0	{"0367d881-33d0-42d3-ad4b-7ec30dbf0989": 0, "0a3fe3fa-4c24-4573-9f5b-d212312e06b4": 0, "0a4d708b-599a-441f-9ea1-2f6b83241091": 1, "19a346e9-e657-4c52-b8f6-0d8ee6f12ef0": 1, "1ae92faf-1262-47f0-a67b-d755612cf940": 0, "1f6b3780-b122-4ebb-b1fb-06f5de79e283": 1, "22eca874-6c88-471e-a46d-bb6114819aaa": 1, "25deccb8-aa8a-4265-a2ae-56f8e7bc9c01": 1, "2c0d77a2-860c-4ab1-91fa-3b46543c8d75": 0, "2c9fb4a4-0b7b-45ad-8cdd-954d6d3f77a1": 1, "3c5a6116-64fc-4b40-af9a-4bd71fc3338f": 0, "3c929ee9-9969-4a73-80bd-7787451e0d11": 0, "40e17a56-0fef-4e1a-9930-0465d198356b": 1, "7c1cb7ea-d235-4f6f-a9cd-7bc6ea540686": 1, "8a273fda-43de-42e7-ab8b-113f191ff96b": 0, "a05adb9d-acb8-479d-8c53-d5b08bcfe83b": 0, "a6bfa258-f13f-4fd8-8825-1aa167222d3c": 1, "b36cba80-227a-4f6d-8691-2a909ffbe0f9": 1, "b7dee7d7-6ab8-4f10-ba2d-c503c6d27a94": 0, "bd07bae3-2be6-4cca-a263-aa38744d8d94": 1, "bf41113e-0c71-4eac-99f0-5bdec6454a0e": 0, "d2759a75-ded1-4a60-ae3d-dbeaec929f41": 1, "d3bf7c50-1ea6-45d3-b1f1-178aeea55a85": 1, "f187680d-7dfc-4656-a773-abec1c557ba7": 0, "f3165a15-cf47-4f33-8847-6f6661f40b7d": 0}
62	5000	21	348	335	0	0.981	2	1.0	13,8	0.6	1	0.0	20	13	8	1.0	0.0	0.0	0.495	0.0	1.0	{"03192cd8-99f5-47c8-8f43-dc3d365611ec": 0, "07311588-0e42-4ecb-a05f-f91abc837df2": 1, "0a463890-050a-47e9-bda2-4198e91cd302": 0, "0c32b31a-fe36-4c7b-b57e-04d6f56a50e4": 1, "16046947-353d-4461-9ab9-380944ba09b7": 0, "167349d9-93d5-4b3b-8776-18a0f411ea2e": 1, "26fbb2d7-b8e9-4b36-a5da-a57d882a5f30": 0, "4fa4bb47-a3ad-4983-abd8-88ece4fa7ef0": 1, "57cab39f-87e8-4fef-8f98-deed7dedc5f9": 0, "5d137ea2-b108-47b6-80f8-b3bd46a2eeda": 1, "62bcc663-4fa6-48d7-9b2f-b919c73845cf": 1, "67e93c0a-a6ec-41a1-a8a4-ad348a317430": 1, "927a2c2e-01b4-4938-b176-e04aa1f8f24b": 1, "a0d0839d-3438-4321-873a-69487db4d1d2": 1, "c2c8c23f-5f27-4bbc-8c9d-13c95026e353": 0, "c6f586a0-b161-463f-80eb-cc65e93c4cf3": 1, "c70bbb4d-fc1c-4bf9-b842-9b1eeb81a853": 1, "c7725c56-4e7e-4c87-b541-3499280842a7": 1, "cd2f2aeb-278f-4d15-bdfd-94b33f02233e": 0, "d8c45070-1c88-45d2-a27e-8812cd2dd425": 1, "ddab5549-008a-4077-a8db-e0aa0efe5fbb": 0}
63	5000	19	556	549	0	0.994	2	1.0	11,8	0.5	2	1.0	19	8	12	1.0	0.0	0.0	1.0	0.0	0.0	{"03f69094-bca0-4a3e-a957-2864fa41fce5": 0, "0f739bf5-c3b6-4bf3-8d01-f7035e5c5758": 0, "13db6a4b-ccd0-49eb-9503-19174904ec3e": 0, "1cc13aff-1b26-4073-9f83-63bf00659a47": 1, "42c1925c-b279-4e5e-b998-484a64b4abf7": 1, "6dc8c108-2540-4ce7-8e65-d94904dac6e1": 0, "73a61d9d-9371-4ba4-9d3f-58ef7a264fb2": 1, "8a3f3d87-e656-43b5-bfef-e927868bf1f9": 1, "9cf1b09a-57e3-4e37-ac84-a65addbd5277": 0, "a6c2b904-93ae-4573-a00b-e53da0e6a954": 0, "b0b8dbb0-c873-4231-b061-86fa97d8222d": 0, "cbac3278-2ead-41e4-abc7-9c8be44f739e": 1, "cc0303a9-22db-4e7e-a84a-81a780e0a25e": 1, "db2a5c9c-5117-4082-9439-e11774032eb5": 1, "de9a2c5c-898d-45fa-8c66-a38468278efb": 1, "e604ce9c-f050-4c31-bfa0-c2f6385654ad": 1, "e8ad089e-652b-4a10-84ba-207cb898430f": 1, "ef412027-2b3d-4325-9cbd-67b87a429f6d": 0, "face45e9-db68-4272-8d5c-64cc0efe3d36": 1}
64	5000	27	293	253	0	0.991	2	1.0	17,10	0.8	1	0.0	26	10	16	1.0	0.0	0.0	0.508	0.0	1.0	{"030fb154-5884-4918-b247-5c6b0db209d5": 0, "03f69094-bca0-4a3e-a957-2864fa41fce5": 1, "0a91390b-5931-4f53-9953-3c44ceb6a53e": 0, "1223a7c5-f633-4ca4-b80c-6f9be71a5626": 0, "1c686863-123c-4750-a7f2-8814a610a40c": 0, "37e45fb6-78a1-470c-9969-d9de73907025": 1, "4167f17d-48c5-4354-974d-2ce1d9503241": 0, "42c1925c-b279-4e5e-b998-484a64b4abf7": 0, "45ef9337-9864-4896-81f8-15d80f73e89c": 0, "466d4494-779d-4803-a75b-2544746fc10a": 0, "59698690-22d7-49e8-91b2-f0a7beeb91ef": 1, "5a9bd131-bef4-432f-9510-85e25af8a658": 1, "6dc8c108-2540-4ce7-8e65-d94904dac6e1": 1, "71a68376-785c-4e7d-b335-f099ad2f0f05": 1, "73a61d9d-9371-4ba4-9d3f-58ef7a264fb2": 0, "7e055d07-a4c6-467f-9ff3-57e6b41ee591": 0, "88b4031f-fc30-4d7d-8982-0f615a1d3637": 0, "8a3f3d87-e656-43b5-bfef-e927868bf1f9": 0, "903e0fee-3ff5-4e56-bd7b-9050a4665e5a": 0, "a3f2fe4f-cd7f-41d1-982d-716f16d3e74f": 0, "a49a2d79-b4ae-42bc-9e60-cb463b20538f": 0, "b0b8dbb0-c873-4231-b061-86fa97d8222d": 1, "cbac3278-2ead-41e4-abc7-9c8be44f739e": 0, "cc33b443-1a02-43e4-800f-6bc822064354": 1, "cd785feb-7a90-4cd1-8aeb-d7012356c918": 0, "d11fd952-3bc5-47fa-bfaf-820d1c662ff2": 1, "ea10b1ec-0ec9-4c60-9803-28dae07fb66c": 1}
65	5000	19	41	4	0	0.205	1	0.421	8,1,1,1,1,1,1,1,1,1,1,1	0.4	1	0.0	0	0	0	nan	nan	nan	nan	nan	nan	{"019d40ae-9b92-455f-8555-845fa598032e": 0, "0a3c770e-5a87-40a4-b734-449f472cca37": 1, "0ab56f49-71fc-484c-9b35-4d9e8843a122": 2, "128442dd-97a8-470f-b1f2-b378a9fa6658": 3, "271a3189-b95a-4330-b14e-9ca920661387": 4, "36084181-0d4a-4cc5-820f-4ffba20030a7": 5, "3e940bd8-c1ba-4cc0-b7c7-383affab88c0": 6, "67b78cf0-42af-42c5-8b95-6aa22e1baafc": 7, "731f3e0d-77e9-40f7-b1a5-958c65950b19": 4, "737c7b1a-cedf-495f-8a8c-f4ea059fdd43": 4, "7674450a-4c58-45d6-bc1f-003feb11801e": 8, "abfe21bf-9e28-4931-90fb-cc3040a33cf6": 9, "b6c8b4fa-d02f-4ca2-8192-c0d06dec9216": 4, "d89f9c6b-729a-4421-91f2-aa3807ff2a63": 4, "debf09d5-edf4-4b43-b14f-e49bc3b23b3b": 4, "e928a007-41b7-4f88-8e8a-86c19c7b16f7": 4, "efc5d9d5-b9c1-4cd8-973f-5f6518f447db": 10, "ff47b6cd-7fcc-4925-b874-76b40aa83ae6": 4, "ffd6b9fd-cf83-4eb4-b7ae-e3e4a26e3f5d": 11}
66	5000	29	333	321	0	0.985	2	1.0	15,14	1.0	2	-0.01	29	15	14	1.0	0.0	0.0	0.488	0.301	0.71	{"168b4bbb-1c9a-437f-9d9c-c5b62e9b2bc4": 0, "2216ad28-3b37-45ef-8516-4daa97d7b274": 1, "26621d32-43be-4d05-be0d-9977b52cd8af": 0, "2ef95d19-9039-4938-a65d-afdea24b2935": 1, "37c7b818-400e-49f0-bada-90d776adf2c2": 1, "3d2620e0-4879-4b8f-b16a-f3a22e46a6de": 0, "3e8816d6-4c60-4cf3-b9c7-690660a6c81f": 0, "3f15aeb5-39b4-472d-8be5-b7831fdc9579": 1, "41b1b28a-775a-4894-8593-514b8c1cab21": 1, "41eeb9a6-9bfa-4374-830f-60d2cb3cad15": 1, "441071ed-f33d-4841-ba71-e50e3af5e893": 1, "4fe3af4b-8d95-4f5a-b46b-c96a3d3ef6ae": 0, "598a86d5-a2f3-4c87-9c6c-3d772d17541e": 0, "7aee4526-8695-431e-86d9-67ed5e2ade40": 0, "840a04a1-ee6d-4fea-9e63-745cc45f9d2d": 0, "865779f1-4119-43ce-9332-ba8780007a19": 1, "8cdf2342-a457-4235-8c8d-6012e52b1d7d": 1, "9fe9b7e1-d357-40ba-a257-1e36aa8961b3": 0, "a391bda8-2b64-4eaa-9f04-814ea3a690c2": 1, "a69d35c7-28a8-48f6-adb1-48fff4e3c333": 1, "ab8b1ba3-1b5a-492e-9045-ab60fb8e123b": 0, "ad84db93-9980-42db-82dc-256fb1202c8c": 1, "c550e921-cbe5-4f77-a30f-e9cd3cb275a4": 0, "c784f1b9-51d5-4a2e-b4b1-0e4829bf7f38": 1, "c8c69322-a9c8-4c5a-8814-cd8c17788610": 0, "dbbdfca4-35fa-4f36-9f87-c78475ee839a": 0, "e6319fe1-e497-431f-ab8b-e1b4a80d40de": 0, "f558ee9a-13f7-4005-aeba-18b5d620275d": 1, "f5f67773-8079-408e-aba2-a15759e3e286": 1}
67	5000	26	329	321	0	0.911	2	0.962	16,9,1	0.8	1	0.0	25	10	17	1.0	0.0	0.0	0.52	0.0	1.0	{"2ca590da-9c2c-4c11-8406-4f1fbf1e7c4c": 0, "30736858-c848-429a-b814-ee3cfc15b011": 0, "40336ae0-4d64-4825-819f-d1e1141ff515": 0, "4bff3e8d-3091-4dca-b229-2d585a976a17": 0, "4f30aa73-0890-4eba-b2b1-b8669ce3c44c": 1, "5865e41d-da50-402a-aebd-ff8196dedc84": 1, "5c5c8c21-1bec-4a27-a120-d4953ff1f920": 0, "609097f0-23d4-4cae-af48-f52a63f6d9db": 0, "63d18855-750f-486c-b6df-77186e2492f2": 1, "69d57ee5-15b6-49e1-ace4-00af490670d5": 0, "861e8b6b-30f2-4ef4-b715-5efb5e33ea39": 1, "8ce2c9a6-03a8-4e62-8010-db96e79ede1f": 0, "91cca2f0-0442-4569-9aba-553a38f57643": 1, "aa3f03ae-59cf-4fdf-ad42-14bbdc1a0667": 0, "af11c4f2-72a2-494d-9de2-8d7d2b94dae7": 1, "afdb8888-47ea-455d-8dec-03b27b60a43a": 0, "b07ee108-668f-49da-8ad6-bc57bdfdc9ae": 1, "b4b48bcb-4e98-4ab2-8cdf-0438620203ea": 0, "c7e4ab08-1446-4711-94e9-4304ae88f3d9": 0, "ce68c3d4-5581-4130-a6be-3e67f97385a5": 0, "db2b18a6-0aa1-4eb2-b7e9-15db8175df49": 1, "db781d31-3e20-4218-a9f0-0600b313feca": 1, "ea0da65b-f81b-412c-8871-3e07554cbf4c": 0, "ebe965ea-8578-40ae-bdeb-c5aa6810978c": 2, "f0026200-aa34-4085-888a-ac26c2b3b5eb": 0, "f5462f58-2de6-4979-8ede-16e7f0ce3d6b": 0}
68	5000	29	322	292	0	0.99	2	1.0	15,14	1.0	2	1.0	28	14	15	1.0	0.0	0.0	1.0	0.0	0.0	{"0c77cef3-2cbb-4ee4-b556-0a13e4a2ced2": 0, "2ccb6a6d-afab-4554-9663-77e9c531fad5": 1, "2e65b261-25e2-4c81-a20a-ed06b4cd2490": 1, "30b841ce-8652-4277-8df3-c4e3d419f517": 1, "38b7a030-25e9-404d-a31f-bd6a4790e545": 0, "39041a03-b005-4336-81e4-830d47c2fa38": 0, "3e37fabb-9ec1-4062-9ff3-5f4c78a16ace": 1, "41928118-9289-4b46-9852-dae899629a45": 1, "441dca8c-016a-4635-81e1-27bac7a53dd5": 1, "48835d39-990a-4636-811d-a1a6134abcc5": 0, "49b88d1d-712d-4434-912e-377d9644528f": 1, "49fd1051-0bcb-4115-ac54-01e639160e10": 0, "53f1188f-9923-4f8a-be9e-e1de7c277e00": 0, "54e97b46-548a-44eb-885b-434572580684": 0, "58bd9987-9a8e-49a4-b3d2-3c121d1bae9b": 0, "70fab0d6-4aa0-4aee-b7cc-f1d6e9c80938": 0, "7bb13b8b-5974-4a8e-8b5e-d8336526980f": 1, "7de57e2b-9442-4ede-aa5c-080694259bce": 1, "8564c6ff-9b3b-495c-87ff-8babc69916f5": 0, "98bb94c9-20ac-4711-869e-d3c6c1897360": 1, "a3506a3d-1c22-4c6f-8803-8bb35efa0c6b": 0, "a47517f6-3415-4c22-804f-6fa82f3dadef": 1, "c0b1f276-c57c-4387-adaa-540fc2d99a74": 0, "c3cbdb8a-8f35-46cf-a0b6-d79a1344228e": 0, "c4e3fc9a-fdf6-4ea3-acba-83b0d52f9c01": 1, "cf85748e-23d8-44b5-924e-94ffc72d77ef": 1, "d32e32d0-e125-4343-8030-98105bb8307b": 1, "e0348219-02b4-4754-bf54-534d31b9e188": 0, "f5178d9c-f7da-4cca-b813-c1e0b33d2dac": 0}
69	5000	29	606	598	0	0.968	2	1.0	16,13	4.9	2	0.507	25	11	17	1.0	0.0	0.0	0.847	0.158	0.149	{"15d43bdf-5245-48ca-8857-1159fecc3151": 0, "19e246eb-d903-4e27-a4bb-90f2e5566fd6": 0, "29b39a47-ec04-47e0-8708-5d9d20755816": 0, "333a3ceb-dc4a-4918-8db9-8b99be90db47": 1, "36ab15f7-6be9-4ef0-99c2-3ce252d27b40": 1, "39041a03-b005-4336-81e4-830d47c2fa38": 0, "3e37fabb-9ec1-4062-9ff3-5f4c78a16ace": 1, "40b7d9c6-575a-438f-ab01-8c87033dd19d": 0, "41928118-9289-4b46-9852-dae899629a45": 1, "435a6823-e8bb-4574-b4da-68fe2e04cb51": 1, "5253dd91-dd8a-486b-b90f-1f6214f39412": 1, "54e97b46-548a-44eb-885b-434572580684": 0, "6e79b107-b9f8-4514-8fed-f30791eb3f9b": 0, "70fab0d6-4aa0-4aee-b7cc-f1d6e9c80938": 0, "7bb13b8b-5974-4a8e-8b5e-d8336526980f": 1, "8564c6ff-9b3b-495c-87ff-8babc69916f5": 0, "98bb94c9-20ac-4711-869e-d3c6c1897360": 1, "aa2950cc-4955-4d92-ab04-c76198bbc947": 0, "ac671239-3a6d-4345-a02d-b34f5f937f58": 1, "ba751ffb-bdee-489c-abe1-acf85c95cc33": 0, "c3cbdb8a-8f35-46cf-a0b6-d79a1344228e": 0, "c4e3fc9a-fdf6-4ea3-acba-83b0d52f9c01": 1, "ccdc49ca-8d86-4b08-b2e4-bf55bfc0ea8a": 1, "cd91ec86-dbf8-4e84-a49c-46ad13c1811a": 0, "cf85748e-23d8-44b5-924e-94ffc72d77ef": 1, "d32e32d0-e125-4343-8030-98105bb8307b": 1, "e0348219-02b4-4754-bf54-534d31b9e188": 0, "e36ddc15-13fd-47fc-a03d-849066d3e28f": 0, "e38ebf07-c286-4239-8c02-5e6d052fac7f": 0}
70	5000	23	820	811	0	0.984	2	1.0	16,7	0.6	2	0.825	22	15	8	1.0	0.0	0.0	0.909	0.111	0.067	{"0915df3c-d5d3-458c-a63a-49e10483c146": 0, "0bd2f64c-45f5-4e75-96e2-f3bc9c8f12cf": 1, "11a2855b-6a5d-4cc2-bcd6-1ff158924128": 1, "2ee2eaba-4828-4fae-9113-27dea7576dee": 0, "31f59ef9-780e-4b9a-85c5-1dbc1bd38aaf": 1, "3efacc6a-a530-481d-9203-56b557511aac": 1, "4a36adc1-101d-490a-896e-ed6d0dfa481c": 1, "4be3f2e8-8325-41a9-b22f-6f7e8fa17443": 1, "6581097f-ddf1-4df1-a490-5bdc4599d597": 0, "808f932b-602c-4e10-b140-43338b00d41b": 0, "810247d6-d0e1-4249-8ded-73dfabf60193": 1, "84e161fa-3932-40ce-8a38-aaaab2f0461c": 1, "9696eabf-e700-40ee-827b-d73d2da7c59d": 1, "9a07f25e-36c9-4ce6-8fdf-5229fc8adc8a": 0, "a61f0f50-a8d8-4b3e-a455-0051d3213a21": 1, "ab803a11-1a4b-45a0-a53e-d4b160e7212c": 0, "aed6738a-ae47-4945-a94b-f2eb9169ab04": 1, "b62a77b1-cec3-4faa-9deb-c71a6ff03c71": 1, "bf216ab6-e6c5-4a04-bb2c-963b6cbe0216": 1, "c7b11e61-afb8-4f6f-8a0f-c64085bedcb2": 1, "d97e703c-8de3-4b07-8cf2-83029d57dca4": 1, "e1b36888-2f22-41a0-b8d1-d362044db5fd": 1, "f578e5e9-b201-42c4-a94e-efd661f6efc9": 0}
71	5000	31	429	380	0	0.978	2	1.0	17,14	1.6	2	0.751	30	18	15	1.0	0.0	0.0	0.933	0.056	0.077	{"10a88a2b-ea0b-49fe-b4e3-4c0bbb9b1b4a": 0, "13ee1835-68cc-46df-8ea3-51a3a1329ac9": 1, "1757f97e-987e-412a-aa36-02a6ba985582": 1, "1d34b258-4a93-4134-9110-621e0f4926fe": 0, "21da332c-4fde-4b48-a553-124ea7199420": 1, "245ff62d-1569-4bbd-bc98-dfc642ec5d37": 0, "353d78f9-de75-456d-867b-2c0d28339d9c": 1, "45573878-fdaf-4c50-8519-282e149f74b1": 1, "4fb3d7b1-3adf-4627-ad60-2b92db949a29": 0, "55db12dc-629d-4e90-82de-d0382e0471bb": 0, "5659104f-6730-4c2e-9055-e7419101802d": 0, "6689abe2-2866-4891-bc3d-9337830c8c9a": 0, "7028d923-5501-4feb-9c16-1f3d7a2ec4ee": 1, "76e66f2b-e620-44c6-a781-433e3811048e": 1, "7dc2364d-00c9-4ecc-ad50-31095cd8d777": 1, "8a36d3b4-cf17-49a4-8f59-242f445e87c2": 1, "a8af683d-efad-4f2e-88d6-ffd448a90af4": 1, "a9c95132-75a5-40c6-8bd9-7f11adb411fd": 0, "c04e1fd6-447a-4cc7-8717-cceddffad052": 0, "cd518a6a-7641-4c5e-a08f-d90d53e273c0": 1, "d4c38693-ac5d-4abd-a3e4-904fe3a3aca3": 0, "e106c17d-463c-4a23-8957-782d7b279128": 0, "e1f90ac8-b1af-48b8-9664-fa210e803b03": 0, "e2dea75b-e67b-4f81-8edc-42bf486ea951": 0, "e42bf5bc-f45f-45dd-97ce-020023a90d7e": 0, "e67a063c-62cd-4ca8-a054-4484014de0aa": 1, "e7d2baa5-06b3-457f-8d03-0ac20589d516": 1, "ed5bd3d1-9179-430a-a908-f6813749f9dc": 1, "edc6be92-3b39-4926-bd9d-b670bd0bab65": 1, "ee69995d-86d3-4393-9188-e751212fc19a": 1, "f3b2c54e-5ff7-4f54-8e11-3a27531a3620": 1}
72	5000	27	373	365	0	0.997	2	1.0	15,12	1.0	2	1.0	27	15	12	1.0	0.0	0.0	1.0	0.0	0.0	{"024eb42b-328d-4661-a589-c59b6502f233": 0, "02bb6010-07e9-4f91-9683-cacd3720f928": 0, "135627c7-9dfd-4830-92d3-54d4218cc12d": 1, "1953597b-a818-4bee-93fe-0d0d331252c0": 1, "1cdacfc9-fda9-403f-8a17-1eb8387798d7": 1, "33545eff-9ea6-4c3d-b5dc-997071ec1299": 0, "35959c0b-5d21-4f83-b179-de1a5d73475e": 0, "3fff919a-1c8c-45e6-9455-bc9ce3aad6af": 0, "403cf485-9655-4d5f-96ed-28d1c57bdddd": 1, "407b233d-f099-4e70-9c01-ab8c8dddd300": 0, "464925d2-0cc0-4433-a59a-694e0b126108": 1, "5486decf-f444-4ca2-a4da-dea984f69727": 0, "583a6978-53eb-452a-b73e-7bf77126fe44": 0, "6877c1dc-61ff-4b67-a39a-85753876dd4e": 0, "772dc3b1-045c-4709-9234-7f001ef7ff9b": 1, "79df1b45-6519-4033-872d-d3fa18b36db7": 0, "8ae39b3c-1abb-4217-9a40-6ed4742e9f6f": 1, "8cf0e207-3724-494e-875a-e8006fcd7001": 0, "9c2e8e14-ee11-4223-b7b9-b2d757fc0ded": 1, "cb5f5a01-102f-4bdc-a896-cfdac62f26e1": 1, "d63c94c8-163f-43b1-acc5-c2da670c5f0d": 0, "ddf66e97-92aa-4928-b78b-3b9123710d00": 0, "e2dea75b-e67b-4f81-8edc-42bf486ea951": 1, "f2549bf2-fb08-4eb3-b753-b93d860cbbb0": 1, "f2a3c810-f9f8-4a8a-9389-51b81264ac72": 0, "f6179595-1640-4383-be46-9537a1a45c0a": 1, "f650e3d8-8b58-45a6-b337-8d7bb1758fcb": 0}
73	5000	25	325	286	0	0.977	2	1.0	14,11	0.8	2	0.84	25	15	13	1.0	0.0	0.0	0.92	0.089	0.071	{"11643704-4807-4ec1-90a9-58caa27abdec": 0, "16f68d3e-95a0-479f-b4fe-5c1735ab4352": 0, "1cfac109-3155-47d3-a34f-f7aac88b9baa": 1, "43d1ef9a-05b7-4e1e-b253-9579ba6b05c0": 1, "45978f96-f7ea-4325-abd6-4c37df3cd80f": 1, "48a186ad-9649-47b6-a5dd-2767075b3365": 1, "4c2099c6-fb82-495a-8aad-0d05315f2e9e": 0, "5a177986-d128-43bc-8308-a12e90d3c509": 1, "64d728a5-9734-4a89-8423-f5e67e19a5fb": 1, "7005d73c-db7a-47e6-a1ab-11062c2ca6ed": 1, "70ecf63d-aaed-4ad1-9c25-1899b460f445": 0, "795afd69-6f5e-4bce-aba1-1634e34892b7": 1, "8377821b-1bba-4af4-ab89-d3acc96127fa": 0, "842db852-1632-49f2-ae15-697c8132a19d": 1, "8faf03e2-ecd6-4e5c-bdf6-bde0ac8d9118": 1, "9cfddecf-7d98-4bc3-b2f9-21d2266c7389": 0, "b76f88f2-4e8a-4272-9f4d-15ba5663e8d8": 0, "c583de0b-1758-402d-a74c-5286af627ac4": 1, "cdcb6f03-2f4e-46f9-aa6a-e32c0d035284": 0, "d5894038-ff74-43b4-81e2-26ba6029069c": 0, "dc5dede4-a2f7-4f9e-9464-01f7789d8fb1": 0, "df8530f7-cd73-41ea-82d9-57f5e397f903": 1, "e09da59e-8f78-4cf3-a537-f014fbd5a7af": 0, "ebddbc45-30d4-467b-85bc-8cdb7bfa4da6": 1, "ef0f7771-8636-4ae2-9ad3-f13ae36e8f2d": 1}
74	5000	24	192	165	0	0.989	2	1.0	13,11	0.8	2	1.0	23	11	14	1.0	0.0	0.0	1.0	0.0	0.0	{"113868a5-f062-40a3-a3b1-9f01ee39a81e": 0, "11643704-4807-4ec1-90a9-58caa27abdec": 1, "16f68d3e-95a0-479f-b4fe-5c1735ab4352": 1, "45978f96-f7ea-4325-abd6-4c37df3cd80f": 0, "4c2099c6-fb82-495a-8aad-0d05315f2e9e": 1, "5a177986-d128-43bc-8308-a12e90d3c509": 0, "64d728a5-9734-4a89-8423-f5e67e19a5fb": 0, "670a92ab-a136-4699-af63-74cf601d44a0": 1, "70ecf63d-aaed-4ad1-9c25-1899b460f445": 1, "795afd69-6f5e-4bce-aba1-1634e34892b7": 0, "7a7b02b9-5d1b-48d5-a9c4-7319bd7ea8ac": 0, "810016a6-dcca-473b-a8f3-445cb0de1c2c": 1, "8377821b-1bba-4af4-ab89-d3acc96127fa": 1, "8d018906-7a6c-44e1-8310-eecdbc1e9046": 0, "8faf03e2-ecd6-4e5c-bdf6-bde0ac8d9118": 0, "98e4aa50-60f8-4e41-8778-3efb2498e576": 1, "9cfddecf-7d98-4bc3-b2f9-21d2266c7389": 1, "b76f88f2-4e8a-4272-9f4d-15ba5663e8d8": 1, "c583de0b-1758-402d-a74c-5286af627ac4": 0, "cdcb6f03-2f4e-46f9-aa6a-e32c0d035284": 1, "d5894038-ff74-43b4-81e2-26ba6029069c": 1, "e09da59e-8f78-4cf3-a537-f014fbd5a7af": 1, "ebddbc45-30d4-467b-85bc-8cdb7bfa4da6": 0, "ef0f7771-8636-4ae2-9ad3-f13ae36e8f2d": 0}
75	5000	22	337	328	0	0.987	2	1.0	12,10	0.7	2	1.0	22	10	12	1.0	0.0	0.0	1.0	0.0	0.0	{"07b575b6-31c4-47d4-8894-eed02069171c": 0, "11a7ee32-27a0-419e-8249-114e92a58903": 0, "2c0d6789-1955-4e49-be9a-e3d4fed77860": 1, "4c922f81-223f-430c-b691-94a8c216a5f7": 1, "539dc900-7d65-4e7e-9821-bc2d6d9aed7f": 0, "5f1eacf1-b883-425b-9244-ed7231319b9d": 0, "62b5d367-b8ec-49d4-9fdb-724f09a57928": 1, "6d25b258-0d95-4edb-b0b6-beba58c81472": 0, "99fb5c65-81fb-4f8e-aa59-00aea7c6a730": 1, "a8de4997-3dd4-4848-9a56-20a82bd35127": 0, "a9a9db9d-a8db-4bf3-ac44-209fdfe4ee5c": 1, "b211cb43-c03b-47e7-af92-b9e6ad2f81a9": 1, "bb212104-b116-4add-bc5c-c3d6ae4d666d": 1, "c9c11f2b-78f7-4ab7-9ec8-31e90f0dbc44": 0, "c9cb2938-16a1-4831-84fb-29be41cf2f25": 1, "cbb2ce0b-4818-4866-945d-06fb9f75fa64": 0, "ce74ee69-a437-4ecd-8181-c092ec706611": 0, "d8dacb85-7777-4a9f-903f-92f96f073cda": 0, "dcee5f40-bded-430a-bf66-9c8dbd2412d6": 0, "e3e1abe6-bfe2-488a-ab06-51e828aa7262": 1, "f45862e7-7193-4f49-979e-0b2c6ae197b7": 0, "f9c760fa-84da-4fb7-8d01-d62caeb67eb5": 1}
76	5000	28	1177	988	0	0.963	2	1.0	14,14	5.9	2	0.857	28	16	14	1.0	0.0	0.0	0.929	0.071	0.071	{"01c454c9-e34a-4f9e-ab47-007816e10000": 0, "212cfde2-12c5-497e-97b2-2c5b5454d766": 0, "313d0e41-c09b-45f3-aee2-b338fdb40f09": 1, "37072ed4-be36-417c-890d-8fd40e732c4c": 1, "3b7c1956-be9e-4ed4-9528-c85c616196c3": 0, "3dda110e-b993-4e37-948f-0f91147f438d": 1, "401a6118-81a8-4ea5-a351-0fcfed157268": 1, "52902025-1ae9-4e24-a965-66b9df6e3c7f": 1, "5a2470c0-437b-45d1-b914-49d6eee11e71": 0, "5d808656-3762-47b1-9d99-f51fa9b07697": 0, "624f0bf3-e02d-4179-95ac-1ee68c73cf42": 0, "6496f25e-df7f-43e7-b924-a32e154f2d38": 0, "6ab2ee5a-f2b0-44aa-b2f4-b77b26340b6a": 1, "6b4df8e4-6423-4eda-af97-60bf25aea383": 1, "72619a68-3124-40c4-b0c2-3ac5a6170d8f": 0, "75e3b29a-d6c1-4482-8e9c-61611444fae3": 0, "7b270c30-dbc3-4bd5-a19c-94fc77b791f9": 0, "9294e028-eb6b-4628-8e8c-6a0c1846aa5b": 1, "96eef3bf-9958-4061-8a3a-9e0bd1a19ca5": 0, "a92ca7c8-3c33-4fea-8671-471e3d113e5e": 0, "aef2ae14-1b56-47eb-a0af-9330366a6ed7": 0, "b46c8893-2c84-4686-8c36-25afd92992c8": 1, "c19892f3-8919-4f6c-8c43-4e75e47cc7b9": 1, "dbeb0d34-db93-4f42-90d2-7effce328c01": 1, "e36cfe3d-da98-4fee-865f-7d20752fc87b": 0, "f18258b2-abbd-4cf7-8de5-91ea83f584ad": 1, "f30e23b3-3e01-49e2-ba46-612e3591888c": 1, "f77bd873-4c1c-4ce2-a73c-13a85d85a71b": 1}
77	5000	29	73	7	0	0.081	2	0.552	10,6,2,1,1,1,1,1,1,1,1,1,1,1	0.9	1	0.0	4	1	3	0.5	1.0	0.0	0.5	0.0	1.0	{"0923187f-046b-4f0f-9998-0fac7233c621": 0, "094b64fa-c827-4fd4-ba46-5f91924ee2a7": 1, "13a30f3c-c9cd-4051-9ad9-ed3b105a5e89": 2, "1e6c2c42-e411-4ad4-9116-8984368b3191": 3, "259cc075-bb26-4789-af7f-d578ab03b2ec": 2, "2701ea68-629c-4858-9f80-a2b3e07faaa0": 4, "2de1ddc3-7a12-429a-8f37-14fc710d5887": 2, "3d999f1c-4aae-4ec4-a1d4-78fec15846dd": 4, "41b7d5fe-44ce-4418-a810-8dd81e4726ed": 5, "4cb4d67b-46f7-4d44-815f-2fed2c2a16f0": 4, "4efc41c3-fe76-4519-8ca5-cb9678a76d80": 6, "52fae6d2-3af8-476a-8881-156fb3d7debb": 4, "552c2f6f-a7eb-44ed-8cd3-c3a4f0cec7ea": 6, "5a76ee59-f91b-462b-ae75-e0ab91d5d24a": 2, "68163094-23c7-4d63-901b-96f0867b3306": 4, "7f5c1b22-d549-4188-b51d-efc203cb3a63": 7, "83865186-67db-4495-9cdb-67e0e003e983": 2, "8be4edd0-27d7-4d72-952c-6fed496bc9d9": 8, "91c8b3ec-87d7-478a-b6fb-f748531afbf4": 4, "96e4b096-a546-4cf0-8984-6d8ae9f33223": 4, "9aa736ae-5409-4f8a-9c0d-362efaa14ae1": 9, "a0608f40-76b6-4a5a-b032-6900c7259dea": 10, "a2b52896-2e7f-444f-90bd-c5f968137432": 4, "c778fcfe-e194-4862-b41d-c75c48ccfc5c": 2, "d1f86fca-b0b7-40c6-9e0f-280308b0ddc1": 11, "e1888268-eb55-4c40-b515-63b9dac57862": 4, "e96be3ef-cbbb-470c-b2f5-39f05d2de93f": 4, "f67d5b73-e278-40bf-9afe-6bab1ecb3477": 12, "f76e0b86-a79e-401d-97ca-f58d85c926f9": 13}
78	5000	29	82	51	0	0.857	2	0.931	17,10,1,1	5.0	1	0.0	27	17	10	1.0	0.0	0.0	0.516	0.0	1.0	{"00d448cb-353c-4aac-9db0-4b05faef8135": 0, "04f941b4-b654-4b5e-8a93-b3c79e57c9ad": 1, "0b450b34-cb0c-454f-bbd3-e59dfebc642b": 0, "1349be59-b0fb-4c14-a665-4fc2a0ce3434": 0, "18890c0c-0aba-4593-a566-892bd38d786b": 0, "27cd4d65-f3cf-4966-bcb5-909573877686": 1, "2e7f467c-775e-4110-a203-fc0ceec6d636": 1, "37238c6d-b90e-48fa-8918-2d91a7b69d25": 0, "377ba653-924a-43ec-b170-039cd83f140d": 1, "4460881e-01f3-44b9-8d88-7fed57538ba6": 2, "4d0f6b85-1b88-4535-b1d9-e8aa16e2721f": 1, "586ec700-140f-45c3-ba2d-46c85ebe0eaa": 0, "5b5a3c38-2240-45d6-a5db-86f6216bee66": 1, "757bfb3d-e2f6-4e80-a37d-69e4815d82ac": 0, "7ba0cbb0-eeb4-43c0-b117-285dcd5407d1": 0, "7f089908-b7af-4f32-8348-2cfdee57fc19": 0, "914a044d-a375-480d-ad4e-5223212da27a": 0, "98ae1230-f153-4b3a-9472-b819c74636e3": 0, "9b8322e4-0206-45af-88a2-5cd39081d83e": 0, "a0e6ef2d-d706-40ab-936f-e36c69a4fdeb": 1, "a3c65dc1-d1e1-4caf-8311-e25c8990ba9d": 1, "acd758ad-b9d4-4ec9-b326-61044e75e259": 1, "ad65fe2e-a48f-4e53-9806-afafccb98075": 1, "c63cf787-b0ae-4b26-a593-93d5fe920736": 0, "d01c7724-dd93-48d9-bd47-095ae29dd7fa": 0, "d33f264c-0c8f-49b3-b0a8-8c47fe5832a9": 0, "e82c95bd-5e13-4a25-8d06-921428449af3": 0, "f291da8b-7ca9-429f-8ad8-95c9eb167de0": 0, "fefe5f47-8085-49bf-b74e-8ee5aa9a7b6c": 3}
79	5000	21	30	24	0	0.429	2	0.667	11,3,1,1,1,1,1,1,1	0.6	2	0.576	18	12	7	0.85	0.284	0.0	1.0	0.0	0.0	{"09eb6025-d17e-40d4-a0d1-1f276efef505": 0, "26a62084-58d2-4a2a-b61b-206fc972c41b": 1, "273bd7d1-2282-427d-9187-28149cc4835f": 0, "344e5c9b-071e-44bb-a1d0-e97898fcc091": 0, "3d79360d-bff4-471e-8cf8-9d9fe1a70bee": 2, "3fe58c37-e940-4668-81ab-220fb51d3b36": 0, "4c6cb215-7fe5-462d-a58c-3f1558e6f4bf": 3, "4f4b98ee-9a3a-4187-a2a2-5ed288a3dccb": 0, "5cbe9e15-bcf8-47b4-9290-53792ad13585": 4, "7ced0c89-eb6b-4d9c-82f7-ecf3cbd9c8eb": 0, "8449f64d-6561-48e4-938b-22d61c53cd6d": 0, "88f4ef14-1f58-4910-ac3c-973869738089": 0, "abf9dad7-240d-4278-b527-87d6b46272de": 5, "bd26bc36-7434-435d-9415-88823c202ca0": 6, "be58e088-502c-40c8-9bd9-f3becad9881f": 0, "c1e0b714-7e04-4627-882a-e0a0d4e57434": 1, "e4ac4500-f6f0-43a4-9c11-5ced381bcc1a": 0, "eca5a252-3e82-46d3-8f93-302385a00db0": 0, "f081af55-3a55-49d8-93d6-d93b184c6574": 7, "f154ea59-c881-4adb-a601-f3f1959ac6d5": 8, "f31a56f6-4694-4e94-907e-27eb0cc8dc3b": 1}
80	5000	21	125	43	0	0.743	2	1.0	11,10	0.7	1	0.0	2	1	2	1.0	0.0	nan	1.0	0.0	nan	{"250b01c5-9492-4a1e-b7ae-c90f9d385390": 0, "2cad8702-35df-4b01-b9fb-9969b3f356a3": 1, "2e65d1ec-b0e1-48fc-86cf-9e4094244d02": 0, "374384a0-7c36-478f-8a9c-a5c167cf13ab": 1, "3bc732de-c938-4899-adf5-8c20cdeda6b0": 1, "3ebd6907-1fb5-4f9e-a4eb-1077e9080f20": 1, "51018207-7193-4c74-add9-7db0e6a0085c": 0, "5d7f8fce-d9e0-49f0-b7ed-183de008fd91": 0, "63cd4a88-5d83-4178-9e80-df83b73cefa6": 1, "64076fb0-8e36-443a-9010-8b57ad115122": 0, "662066c9-a7aa-45a9-a6c9-e03a8731f1e0": 0, "702e7356-690a-419e-8289-da1a62a43e84": 0, "94cedf8c-9773-4fb0-8c5a-46003ae84f95": 0, "976194d1-40f7-4e96-b89e-3cb902f868dc": 0, "a0dc9a33-6f34-4f84-bbba-011773dee954": 1, "a5c915d2-9ade-4d89-8f13-6a53f4e2dcc7": 0, "a6868938-fa33-4828-9dec-4ef5424a6f30": 1, "baf07de5-12a1-4179-9c35-4a5a02618389": 1, "c5d258b1-55d2-4768-a403-bf7b01a87bf1": 1, "df3450ad-0e91-4ba5-86df-85e13ded59a4": 1, "f60e2803-bf0a-4ac6-97a1-112f26e6c697": 1}
81	5000	18	398	381	0	0.98	2	1.0	10,8	0.4	2	1.0	18	11	10	1.0	0.0	0.0	1.0	0.0	0.0	{"0b0868e8-3a4e-41fd-afff-ceda4abec8e3": 0, "1098ac38-a550-4fcd-94a2-5f1baecbee9c": 1, "12f25049-bad9-44dd-9ddb-c1fa8a88448c": 1, "1a6bf753-7bfe-45c2-b59c-6ca43cf2f56b": 1, "1cd6a26c-587e-4701-9966-8aecaf2acea6": 0, "2f2f60b0-2a36-4652-b09d-c6de6337f682": 0, "30f4b098-d586-4869-a39c-5b1f8f3c13ef": 1, "371d0a2f-3bbf-434e-9116-34f455ad59e2": 0, "4aa151a5-813f-40e3-b2ac-a917afcd1627": 0, "874e75a7-401c-4ec7-8def-a88503399b40": 1, "937ab18f-b6ce-4a5f-8348-5a388da1cbd5": 0, "93de4201-c9a1-4ca8-9323-abeeb9d9995f": 1, "96700e73-99e0-4906-8491-e9180f4cb4ec": 1, "c30f042a-f252-4b8c-80f8-3f87ffe49ba8": 1, "c6394d4f-f4ec-44a5-bb14-de2944d62757": 1, "ca7bbdbd-7226-4879-8569-e979c6a8989d": 0, "cbbd46b1-b15c-4fed-90a1-0f04d07f6665": 1, "cbd48b20-5f0d-4104-9823-cf429e03e4ef": 0}
82	5000	24	228	224	0	1.0	2	1.0	16,8	0.6	2	0.833	24	8	17	1.0	0.0	0.0	0.917	0.101	0.062	{"18c8f3e9-1396-4f10-93b6-33a9a3964195": 0, "3bc54044-7704-45b5-8637-7f882c592664": 0, "403e7ded-dd88-4acd-88e6-a624a83b13fb": 1, "4232c6e7-d033-4e20-8702-c4c6dced1c97": 1, "42af5872-3eb1-4339-9913-d311b74c50e0": 0, "566d7417-91ec-4211-ac44-30c526b71173": 0, "62414b08-c284-489c-a875-94a4b3b27293": 0, "634916bc-f702-4da2-8e59-32849e1eaaf8": 1, "64d06cce-1b5c-4986-97a6-bc55aac6f615": 1, "65a3503b-26f7-4721-ab45-7ab8c86a7e50": 0, "713d8015-d565-49c6-a09d-e8a50d1330da": 0, "7275551c-d3e0-40e7-9195-fa9b7f15ff43": 0, "79584d18-b3bc-493d-8397-4db620195d97": 0, "7c14f1e0-b993-4ab9-a6da-38bbc21ecb46": 1, "8b5d0269-da5a-4f1e-9931-90f23959b1c8": 0, "9ad2b900-69fa-41ab-985f-e451d2c8a552": 0, "9dc70ca0-b827-4e8a-b084-0633249c9542": 0, "9e43564d-e1a8-4554-8cb7-6422c02d779a": 0, "a947c252-ccf2-48c2-be66-f4abaf370508": 1, "adecb6f8-bf62-4f33-a204-2018227a4b0f": 1, "bd333650-f24d-40d7-85e4-c4637426fdba": 0, "be2d96e9-1b96-49c0-a0e8-d1a7c9692aff": 1, "bf4a0a79-8edb-4eb2-a964-d92d8098c890": 0, "f314c96c-53e2-4660-9634-ae11a3c98eb5": 0}
83	5000	24	183	174	0	0.993	2	1.0	12,12	0.8	2	1.0	23	12	12	1.0	0.0	0.0	1.0	0.0	0.0	{"14e7b77b-6c21-4f83-8ffb-fc8bded5cfe8": 0, "1e1b4202-4fdf-4567-8ac9-035ea3756a62": 0, "1f5763f5-c6c9-4930-a8b2-0249344794e7": 1, "24e02890-9793-4fa8-b0f1-449cde2204c6": 1, "2fb8a474-b1fe-405b-9d3e-2473513163ff": 1, "3e716853-6221-4197-a0c4-b1024725d1cc": 1, "461cfbaa-439e-444e-8aee-d28236b3a729": 0, "479e659d-396d-457b-9e4f-de1388c8955b": 0, "50c2f55b-b204-4d88-9aa0-09df893c624b": 0, "68b28fc9-03df-420c-9113-edd460f1428b": 0, "9043a7ba-ea91-4052-870f-9a3b6ef9d208": 1, "9a299918-c9eb-4a93-9e81-58dc6ba7f480": 1, "a9be40db-d28e-4f9c-97e1-8f2767c0a069": 0, "b23cb12f-98d5-4aec-8492-2b724e28c50b": 0, "b8ac7462-dc7e-4828-9cb2-e2e17bd009be": 1, "bff19f62-d5e0-45cb-aad2-6adc0630a74a": 1, "c4187a3a-02e0-4764-90db-1bb96b20a386": 0, "c5fe4d85-c568-423b-a344-976605201fba": 0, "c876cdaf-c9f3-4705-ba82-5bb1153a5210": 1, "cb0b74f1-5fe8-4972-808e-aa26a97d85f2": 0, "cfd7e114-e168-4e15-90a1-abcf6cee3fa1": 1, "f01bae52-412c-469c-adb8-cf3083f7436e": 1, "f1b59103-6741-4c03-b694-3e19ae303e41": 1, "f2745e36-5bbd-47dd-a040-b951a26bb67e": 0}
84	5000	25	644	538	0	0.963	2	1.0	13,12	7.5	2	0.439	25	13	13	1.0	0.0	0.0	0.72	0.285	0.276	{"0cd02435-6e53-47bd-afa7-9b4fa5b03c08": 0, "17bf096b-ff25-4989-a522-e0128046e713": 0, "2a9e3fd8-51f9-4e69-bda0-1872b546e017": 0, "3ac50a17-e675-471e-b3bd-e88a22a26643": 0, "431eac5a-eee7-408a-95eb-0c8638d8ebbf": 0, "479e659d-396d-457b-9e4f-de1388c8955b": 0, "4bd02ad3-5d8b-4424-9ccf-5d5b5ccee66d": 1, "5bde23fd-3f61-45db-b502-98418c9a64ec": 1, "5f778067-3cff-4708-afa7-b04770641f8c": 0, "685fa0a3-5a3f-4fcd-8f48-430406a1f33d": 1, "6abad87a-b502-4170-9e45-2fba0f9d11d0": 0, "6ca58c2e-d025-4719-9fa9-6654d6386493": 0, "7012a2f6-f25d-448f-983f-682cf1929fe9": 1, "892970d3-25d4-4693-bae6-b43b28fe7074": 1, "8ee3d605-5d18-411f-9c67-b57b2d7b3822": 1, "93a0cb89-4193-4572-aae8-c54832655759": 0, "9c5b6379-50e1-4ea6-b504-8e2600bb32a4": 1, "a11fc50a-ccfd-4200-8aa2-168a04c5b44a": 1, "acd88225-b62a-4a8c-81c9-aa70c329ad1f": 0, "b23b5b23-64f6-498b-821c-650aad2583e7": 1, "b8cacc83-c1c4-421b-a30c-5b1e30b48725": 0, "c551d0b8-31c1-48f3-a6ad-1bae4a188f5d": 1, "cbc44d86-cd42-4399-accf-13b700ee79ca": 0, "d3297e11-373a-4f45-9574-4c2b25e784b2": 1, "ef979c5d-89bc-45ba-9a4c-0842392f2afa": 1}
85	5000	15	168	144	0	0.971	2	1.0	9,6	0.5	2	1.0	15	6	9	1.0	0.0	0.0	1.0	0.0	0.0	{"0fbb3007-22c5-495a-ac9b-579e2d49fb5a": 0, "2124d4b2-be02-4482-9f5d-22051b137b65": 1, "32eec2fd-0e68-4e39-9eb7-cb22217e4199": 0, "389efcbd-2ad0-4593-9057-20f2141fe7fc": 1, "3c127f67-20bc-4fde-b86b-c264fd76727b": 0, "3e8bd85a-d9f8-49f0-89a6-7e2671e7b225": 0, "431eac5a-eee7-408a-95eb-0c8638d8ebbf": 1, "4bd02ad3-5d8b-4424-9ccf-5d5b5ccee66d": 0, "6ca58c2e-d025-4719-9fa9-6654d6386493": 1, "8a799b3d-6637-40f9-9ca1-abb28fb1c64c": 0, "8d5a5e6f-22b3-4fe0-8c00-e629482a811d": 0, "9c5b6379-50e1-4ea6-b504-8e2600bb32a4": 0, "b10d3c42-2235-4010-ba4e-92abc19eb771": 1, "b8cacc83-c1c4-421b-a30c-5b1e30b48725": 1, "eef1a771-68d9-4b18-a270-d4b1b17585c1": 0}
86	5000	15	112	95	0	0.99	2	1.0	9,6	0.3	2	1.0	15	7	11	1.0	0.0	0.0	1.0	0.0	0.0	{"076dedee-ccca-460c-a2c6-6c345b082c8b": 0, "2ab2e2cf-1e49-4230-b373-0c99fb78090c": 0, "32eec2fd-0e68-4e39-9eb7-cb22217e4199": 1, "3322e266-75dc-4c76-b49a-887225709d3b": 1, "39fadc0f-d875-4de5-8d4d-8c48683b0b86": 1, "403239f9-01ac-414b-acca-ae7866a4cfd2": 1, "71a1cf3a-fa43-4c68-949f-9115a8222747": 0, "998d7853-7d50-4be1-8d7f-150d260283e3": 1, "99d6ba1c-2bbe-4ab3-8895-032b8c8e3118": 0, "b6c16218-c217-40ef-bf08-9019fb4cd3ec": 0, "bab15c5c-f7fb-4ce2-8665-7eaa0b7b8dfe": 1, "ce22a86b-f55f-4ff4-834b-09f7c72a7375": 1, "d94fca20-bc40-4d97-b3ff-dad96bf7d722": 0, "e5a71d91-36cd-4631-8ecc-cc197c151737": 1, "eef1a771-68d9-4b18-a270-d4b1b17585c1": 1}
87	5000	18	224	195	0	0.987	2	1.0	10,8	0.5	1	0.0	18	11	8	1.0	0.0	0.0	0.477	0.0	1.0	{"1c8f4236-9303-40fb-9ddc-73907eb56f04": 0, "246b52c8-2a71-47fc-91ac-838c4ab272b7": 1, "3d90b3e9-b923-4dcb-81b6-ff0136c20520": 1, "3f81cd12-f6ff-4380-8523-9b91ad7bba0f": 0, "3fc69b6d-2af1-4b72-8b41-48c130d5da0d": 0, "44f7a542-0e77-491f-b988-2e80224d7a07": 1, "51f7ac3c-3709-4e5b-8b7e-f9809113ee2b": 1, "602efcc3-fa1c-4331-a46a-2679702d909f": 1, "7327da21-85cf-47a1-9afd-f51fb50465fb": 1, "880fc38c-dfae-4b57-a5da-b24c00c5945c": 0, "8d94a6a9-bf5c-4cc7-b1e8-fff9454183a4": 1, "c4947c08-b4d0-44af-b051-28a4d48dce95": 1, "c7c53aed-b23d-4c6c-b271-1d9e2bc2f44b": 0, "cd89c92e-6a36-46ad-af9a-5e6f9b514987": 0, "d3c9e50e-3bfd-49c5-8d69-82a83c9c3cb2": 0, "f21e7740-63fa-4bee-8c3c-b126e2aa7970": 0, "febf0903-ee03-4d82-910a-9deaae2843b5": 1, "ffaaa1cf-47e0-46f7-9085-a997cd7135b6": 1}
88	5000	17	69	47	0	0.897	2	1.0	10,7	0.3	1	0.0	9	6	7	1.0	0.0	0.0	0.444	0.0	1.0	{"04622825-0afe-4536-8668-6011a8bb82da": 0, "0536064b-55c2-431d-ba73-bd6b18f31087": 1, "353f2044-1c79-4343-b908-233d36c1ed94": 1, "43fa9e43-e31d-4c83-bae1-0ebc1facf5da": 0, "462a9113-4ad1-4134-9366-6f7bf665bce8": 0, "4ac506bd-0596-4de4-986d-dce0c139e225": 0, "5ec341c8-a9e8-4386-bd96-9270fbf7dfe2": 0, "8ebedf13-43c7-4426-8987-2367bbaf3c82": 0, "8fc5ac51-7906-49fb-931b-eb767a9511ce": 1, "a125fe06-bcb8-41cb-9796-67e22f641090": 1, "a5d6d6ef-eb9f-4d08-8ad5-61e9556070b7": 1, "a606c890-929c-4742-b6f1-24adac30237e": 0, "badfab28-1313-4095-ba83-1d708a2e2127": 0, "dbd4c66c-abe8-4054-aece-811eab2beb0f": 1, "e4beb29d-8d9f-4b6d-abc6-e02ae234a80a": 0, "eb4ff43e-3b93-408f-a847-0faeef5cb1da": 0, "f7868bce-8a13-4ee2-892f-0cf21cea4251": 1}
89	5000	26	286	277	0	0.994	2	1.0	14,12	0.9	1	0.0	18	10	8	1.0	0.0	0.0	0.477	0.0	1.0	{"034f7ee9-4dd6-41d0-b236-2d64e6e92dd0": 0, "0536064b-55c2-431d-ba73-bd6b18f31087": 1, "0b3d7770-ab1a-40be-8cbe-8d20313bad58": 0, "12dd11d4-f6f2-4d12-8067-188c63baae75": 0, "15435098-0281-4a54-ae3e-d7224f4b1de7": 1, "2a8e778b-1703-48d8-99d4-3c3ae7f0bbc4": 1, "2ed9ad49-e17f-4454-b91c-91fff7c55604": 0, "353f2044-1c79-4343-b908-233d36c1ed94": 1, "3be520b2-e1f2-4191-a16b-45fc230c9cad": 0, "462a9113-4ad1-4134-9366-6f7bf665bce8": 0, "5337281a-e04d-4268-9960-7fa988112d30": 0, "6b1af495-cf1a-46e1-b8e0-864065408426": 0, "7de1ae9b-f511-4545-a954-fb9e3d693ae1": 0, "81d0d56b-6567-4202-8969-50a5815dc8e3": 0, "8a5101e3-45b5-449e-8c66-90e95c08237d": 1, "8fc5ac51-7906-49fb-931b-eb767a9511ce": 1, "a125fe06-bcb8-41cb-9796-67e22f641090": 1, "a606c890-929c-4742-b6f1-24adac30237e": 0, "b03aa4fe-4444-4b9f-8257-a3e95ddf8710": 1, "bdf43065-7399-4e14-906f-e1731a84edfb": 1, "c75a7400-41cc-405f-851b-fe9753bc0485": 1, "cc74cff1-cfdc-414d-a0e6-21c2d54d2275": 0, "d5961a17-de6e-46cc-8403-f0a02185f50a": 1, "dbd4c66c-abe8-4054-aece-811eab2beb0f": 1, "f7868bce-8a13-4ee2-892f-0cf21cea4251": 1, "fe50ab53-4440-4b47-9702-25d07e7227d3": 1}
90	5000	22	482	463	0	0.978	2	1.0	16,6	0.9	2	1.0	21	15	7	1.0	0.0	0.0	1.0	0.0	0.0	{"1f58ab32-5136-42e8-a67c-d1a9e5b2a438": 0, "2b29d807-32d7-4f68-b04a-19e89769c161": 0, "3fa7d305-436d-4b21-a645-35cfd8140f59": 0, "40b44955-2f3b-4c45-88f2-9ac10812be2d": 1, "4b3d5370-1ded-4013-a3b9-128cfa9a5787": 0, "4df8174e-275f-42eb-9cb5-ee7c16cd3970": 1, "4f720abd-0603-40eb-85d5-af31eb4c5cfe": 0, "532d7916-7f58-4cd5-b720-bcfa80615d37": 0, "59da03c0-6b25-45db-9d47-dfce6e40e480": 0, "6ba553a3-c76f-4bf0-8432-ff6d066ec73d": 0, "766554db-48c6-4cf3-a801-c93367bbe192": 1, "9092c5c8-66fc-4798-ac9d-28471e0b3152": 0, "92edfb12-80b9-4602-b0a9-48f2f5b43693": 1, "97542190-7806-4c9e-98c3-34a09d257280": 0, "98f740e1-6a77-4ba8-b032-11823f2b02da": 0, "a6575b60-4cca-4140-b759-27b26f499dc8": 1, "be6bd045-d9c8-4a33-aae5-4e1a65f41ffa": 0, "bf0fbe5f-e4e6-4184-8523-37c5f239ddee": 1, "c21b34b1-5657-4263-99cc-ea70aa5ad7ea": 0, "e3da9594-b634-427b-99e6-b6320e246e8a": 0, "e54e074b-3143-40dd-b927-80747aeef3ca": 0, "fc046290-0d30-4542-ac70-e2d0237766a3": 0}
91	5000	25	199	193	0	0.843	2	0.92	13,10,1,1	1.1	2	0.846	24	13	14	0.964	0.075	0.0	1.0	0.0	0.0	{"10938c78-cfdb-4d8d-bfbc-914ec8fc0b05": 0, "2cc15d70-9e76-414b-815c-ec0b618d1ec0": 0, "2ffe08f4-adb8-4ff8-bd4f-b7134ab6f7da": 0, "30c18ff5-f3a9-4fb0-b145-0e4e61174418": 1, "3586468d-39d7-428f-a3d0-c6b46916a628": 0, "455b84e8-aba1-4e30-955a-1a80a52c8a88": 1, "45d9991f-c846-476d-8fff-814afc1dc521": 0, "472d8bf5-b679-4c88-a086-de4a3ab8017d": 0, "4744726c-43c5-438f-8613-507698a226eb": 0, "4b3d5370-1ded-4013-a3b9-128cfa9a5787": 1, "597be2ec-4b61-486c-888c-9608411ddc17": 1, "5a3c8aae-c28c-4eb9-a9b8-c98a60e91dd4": 0, "60251b24-e998-4512-a0ac-234313e8a7d6": 0, "65f69960-b809-41af-8358-d75769c54797": 0, "70da9f48-7d4f-47c1-bbd2-97e24e19474a": 2, "79af2535-f379-4a45-9b76-fbc184e3b904": 3, "9d0abfb9-4a39-4ff0-b801-a927edd837b0": 0, "c398faef-1d80-4042-b359-81d3cd325da1": 0, "cc1dda4f-159b-4556-836d-774ab70d39d6": 1, "dd80165a-d55d-436a-83fe-8026dda82933": 0, "e54e074b-3143-40dd-b927-80747aeef3ca": 1, "e894632c-05d5-41a2-957c-495ab66d1f27": 1, "f00822bc-48a1-47af-a215-482a0add1f7b": 1, "fc046290-0d30-4542-ac70-e2d0237766a3": 1, "fd8dcdf2-6e66-449a-b3bd-692840f47e55": 1}
92	5000	27	391	375	0	0.997	2	1.0	14,13	1.3	2	1.0	27	13	15	1.0	0.0	0.0	1.0	0.0	0.0	{"051438cf-b19f-476f-b70f-7d6af1156540": 0, "2cc15d70-9e76-414b-815c-ec0b618d1ec0": 0, "2ffe08f4-adb8-4ff8-bd4f-b7134ab6f7da": 0, "30c18ff5-f3a9-4fb0-b145-0e4e61174418": 1, "45d9991f-c846-476d-8fff-814afc1dc521": 0, "472d8bf5-b679-4c88-a086-de4a3ab8017d": 0, "4744726c-43c5-438f-8613-507698a226eb": 0, "4a9c33d5-1d95-4ec0-86c6-f6610cc65f3a": 1, "4b3d5370-1ded-4013-a3b9-128cfa9a5787": 1, "4d5933cb-660a-4710-b39e-7b8922fc8d57": 1, "5a3c8aae-c28c-4eb9-a9b8-c98a60e91dd4": 0, "74be6bfe-eb68-4067-bd21-ef29e830b50a": 0, "79af2535-f379-4a45-9b76-fbc184e3b904": 1, "8c5a3fdd-351a-47a8-a4d3-a150f7b5020d": 1, "a495b1ec-ddd2-4466-960c-7b19908a04ec": 0, "c398faef-1d80-4042-b359-81d3cd325da1": 0, "cc1dda4f-159b-4556-836d-774ab70d39d6": 1, "d4407d2e-cb0e-40b1-9645-b64221e23f78": 0, "dd80165a-d55d-436a-83fe-8026dda82933": 0, "dfeb2941-d283-4765-a4c0-a0484300f09b": 1, "e0aef959-7ca3-41b0-a18b-58d97f739131": 1, "e54e074b-3143-40dd-b927-80747aeef3ca": 1, "e894632c-05d5-41a2-957c-495ab66d1f27": 1, "f00822bc-48a1-47af-a215-482a0add1f7b": 1, "f59c67c7-b327-418c-b38f-eb52a1d0c8e9": 0, "f8600f26-0fb8-4151-a8a1-47cdd01ebb3c": 0, "fd8dcdf2-6e66-449a-b3bd-692840f47e55": 1}
93	5000	37	97	33	0	0.068	1	0.135	5,2,1,1,1,1,1,1,1,1,1,1,1,1,1,1,1,1,1,1,1,1,1,1,1,1,1,1,1,1,1,1	2.4	1	0.0	30	20	12	0.476	0.991	0.019	0.52	0.0	1.0	{"0e1c6e9b-176f-4058-a2e4-7d4aab9a4ef0": 0, "0e745684-f14f-4b58-b52e-8946b3135810": 1, "0f59acd8-5289-4845-b5b1-1e96145e8d93": 2, "0fcbf1c8-2df1-4e2c-87de-2112794f250f": 3, "1b15edba-c35b-46c1-be11-70310442ea13": 4, "1c1d5a78-ceb5-43d9-b8b7-8d46350add14": 5, "22df034f-b6f0-4646-b98e-fae2fa57dfb2": 6, "2e816c58-b238-4e97-90d5-31595e21b84d": 7, "32c91c26-01d0-4467-82dc-e287aa81da5d": 8, "33fde978-27a9-4804-ac0e-82c7650fde87": 9, "422b0ba3-e1d6-498d-aa23-c6cfee15e75e": 10, "480b3bb2-bbe1-474d-9cb9-33b55b57eaa7": 11, "4bf27ae3-8bd1-4b96-8dd0-2c312dc90fe5": 12, "5b6491b1-cefd-4879-a743-7bfa09e64c02": 13, "62c0253f-ac4a-430f-84bb-41583648c3a7": 14, "68e49e6f-413f-4c83-b3ff-5ba337ab636b": 15, "6a1d8047-8ab3-49de-91e9-89b6b18028f3": 16, "735715f5-d444-4c1e-8682-43f37df78918": 17, "780359dc-5127-4fd6-a4ff-0c1d11b08bfe": 18, "7b0908e5-42c9-4a97-b127-7331593974dc": 19, "8435cd5d-9cfc-4616-b919-69540820e2da": 20, "88480c38-1e1a-4515-b8f6-4b74c6952277": 3, "894abd74-33d0-4565-9bdf-89cda2d19d8c": 21, "8b696e8d-ffab-4938-9e28-3f391793d6f3": 18, "8e3c7201-e379-481e-a5af-f67c6bcb791e": 18, "a144732c-edd2-48e3-95b3-f803cb59e381": 22, "a2a9a2d2-97de-4aa7-81de-e192516f1322": 23, "abd45d9a-4a8b-48cf-aded-84e308e4011e": 24, "b17fc2c1-4d35-48f3-b3a3-9388f3f61a09": 25, "c0541f03-59c1-45a3-bba3-6a209aa70e5f": 26, "cf5158b6-7005-4e39-a773-dbdcf01c42e4": 27, "d4207443-357b-466d-b2bf-a98fbb11fcad": 18, "d4debd71-e368-49b1-a3f4-ccf685454183": 28, "d6a813e1-c0fd-421d-8297-3404fd1f5849": 29, "d74fe1aa-274b-47fa-bd91-1774bfa6a405": 18, "e0b44878-9ce5-44f5-9ee1-9a549f99662e": 30, "f3ec6961-57b7-4d05-b270-4d67e344fea4": 31}
94	5000	32	301	266	0	0.935	2	1.0	20,12	2.4	2	0.875	31	21	14	0.935	0.046	0.083	1.0	0.0	0.0	{"0a496668-8bfe-490c-9068-641aa540fb53": 0, "0b1a6d23-1fbe-4152-8d87-512f25f66971": 0, "0cc612c1-369b-4335-809e-7fa6fe05e807": 0, "0e1c6e9b-176f-4058-a2e4-7d4aab9a4ef0": 0, "0f59acd8-5289-4845-b5b1-1e96145e8d93": 1, "12801822-7b79-4658-9d75-d1c1ec614fe7": 0, "1c1d5a78-ceb5-43d9-b8b7-8d46350add14": 0, "2027bf87-7ed7-4225-8339-fe1ce946ae54": 0, "22df034f-b6f0-4646-b98e-fae2fa57dfb2": 0, "2e816c58-b238-4e97-90d5-31595e21b84d": 1, "422b0ba3-e1d6-498d-aa23-c6cfee15e75e": 0, "476a3d71-ad3e-42fb-a534-922e7c1b8acc": 0, "49a1babb-a2ba-43a4-b382-7365aff8dce1": 1, "4bf27ae3-8bd1-4b96-8dd0-2c312dc90fe5": 0, "512d9362-b743-43b7-8291-4947e2f26298": 0, "562b8e5f-57cb-4fb8-93a8-49a84d4033d7": 1, "62c0253f-ac4a-430f-84bb-41583648c3a7": 0, "735715f5-d444-4c1e-8682-43f37df78918": 1, "7fe34935-c756-437d-a9ad-da4e1ea65b24": 1, "894abd74-33d0-4565-9bdf-89cda2d19d8c": 1, "9a46bcc6-cea9-4859-901c-adc381de78b9": 1, "9c24e652-b909-48a0-a0bf-539fe8b7811f": 0, "af9b2601-04f4-45ab-86c5-2f2f58524af0": 0, "b17fc2c1-4d35-48f3-b3a3-9388f3f61a09": 0, "b50afd6f-ae14-4e7d-87db-4bb1fa2d3d1b": 0, "bad3756e-f6dd-4b3b-ac4b-f855d7d478a0": 1, "c0541f03-59c1-45a3-bba3-6a209aa70e5f": 0, "c9d27e7d-5b07-4394-bc6a-8e60eef60537": 0, "e06d2747-1ead-419f-8a06-6596f8b30b98": 1, "e9bd2147-92da-4b2d-9e29-156faf66cefb": 0, "f4cb9050-188c-49af-b0e7-f1ab64a384b1": 1, "f9da1177-c0cf-4481-9dae-2a1e469bb164": 1}
95	5000	23	125	60	0	0.802	2	0.957	13,9,1	1.3	1	0.0	20	13	10	1.0	0.0	0.0	0.495	0.0	1.0	{"053dcc2c-7819-4b11-8525-d2c35f2b42c1": 0, "09e56fb8-7451-4af3-a0b7-f19e16a1f6d6": 1, "0c2412c7-dedf-4007-93a1-bc0ce64d048e": 0, "0e03a90f-3a50-4590-9d0d-0bdf754c73a9": 2, "15a62992-6d8a-48a6-85fd-007a9d4c3771": 0, "1fb6870b-e21b-4214-b6bc-aa6ba4c4895f": 2, "2324c731-27aa-4e91-8215-b36134872f08": 2, "2e747408-7015-4acd-8d8d-d964c2ab5a6f": 0, "41e6a98e-efa6-4df7-b37d-415fe35f074d": 2, "477b755a-a840-4c08-9002-f468343e3bf8": 2, "682cbfb0-bc54-4f05-85db-836c1b726db7": 0, "869f78ec-2b37-4943-b9de-20f844f7631e": 0, "8b4fce96-82d7-45b5-9d7e-1e8d41f673d2": 2, "9710580b-1156-48b8-89e8-3205e509d91c": 0, "9db67209-5cb8-46bd-b9af-44bd10610663": 0, "a078ff1a-5954-4758-986a-43bb048d39d8": 2, "aa5ff3b7-24b0-4cf9-b0a7-9336c60d332d": 0, "b15353ad-2bdc-4f10-9f26-2ea144a9d9fd": 0, "da23685a-af6a-4217-80e9-b74f3ce519e7": 0, "e477781a-477c-416e-a3c6-d5ba0834fe91": 0, "e80b0e0f-02da-4b28-ba22-3f90ade347e2": 2, "ecccd6a3-406e-40b5-af9d-8e36c452fb9d": 0, "f1c55d04-9648-412b-b7d4-8c3e6e18b0b5": 2}
96	5000	16	42	21	0	0.717	2	1.0	13,3	0.4	1	0.0	12	7	8	0.47	0.323	0.714	0.47	0.0	1.0	{"28c659a0-ad95-467c-b8a0-3c5fb321e104": 0, "3618f628-1019-4c5b-85e5-5ec0625c0573": 0, "3a86fa2b-1bef-4afd-9360-6b0879b875ed": 0, "52de1a55-1e37-4900-9302-611215d196a9": 1, "78aeecbd-30bc-4881-88e3-c587bada4449": 0, "7e7c9ed7-2685-4411-a1c7-42012df4b3d5": 1, "83b74c6a-1c42-4b9d-ab90-c53257350500": 0, "8be409b7-98a8-41e3-968c-07162a6fea40": 1, "a08eac4d-07c2-41b1-b66c-fe19a5f631fc": 0, "a7ed1a26-260f-4eaa-82c6-bcbe7cc1279d": 0, "a868ae0b-295b-477c-a6f9-87efd780a7bc": 0, "bde45c2c-5fda-4a9d-bffc-bc5130f10aa8": 0, "edde6de8-37d0-4b18-aeba-9b48db39e33a": 0, "f8af604d-1c1d-42e9-bae7-98115328f115": 0, "f95c0a08-4ea9-414f-8f7b-4dd2f5a6cbda": 0, "fcbd661e-13f5-438b-8c7e-64e14d92a1ea": 0}
97	5000	21	529	518	0	1.0	2	1.0	11,10	0.7	2	1.0	21	12	11	1.0	0.0	0.0	1.0	0.0	0.0	{"024da220-eeae-4b13-a4b3-bc9ba42d93c0": 0, "03936df1-8a33-4889-b3c6-0fba442b5f06": 1, "0a7d555c-0453-4c59-bdad-c7e1266b99c9": 0, "0c4cdad4-c249-41d5-8522-1bbb73c1087e": 0, "11ed2a19-4ad6-4800-bd2b-e13c2c9b4133": 1, "18167a1f-c535-4031-a9b4-f309a8dbf12f": 0, "18a9e969-57aa-44a9-bc9c-e8b390eb48fa": 1, "336b6a5d-a93c-4e69-8141-5d3beec826b4": 0, "3a6d41cf-abf0-4ec2-8bb3-8ebcc9f49efa": 1, "4332113f-3d87-4476-b477-c5ca778c0cc3": 0, "55e9eee3-d503-4f00-97c0-1536615e7634": 1, "6dac0984-9234-4014-935e-da669e837086": 1, "89a91d99-db79-4b2a-ba0d-156f159a5652": 1, "8cefd6c4-788d-4305-b9de-ab8a69924144": 1, "8d9d15e1-490d-4f91-9711-6f642fde99fe": 1, "a2857f50-76a2-4cca-86d2-99b6facca8a0": 1, "a389ac9d-4ba2-4985-a2f5-2cbc7e2f55c2": 0, "d90ea4c5-4c41-4b76-98a0-d2c03f1f9e09": 1, "f1aba4b9-a513-4ed6-b5ff-f9befc9a7f9d": 0, "f547a571-7c61-47a2-870f-68119bd623ce": 0, "ff27b448-de4f-4aac-be6a-ea867e2827a8": 0}
98	5000	18	438	435	0	0.974	2	1.0	11,7	0.5	2	0.778	18	12	8	1.0	0.0	0.0	0.889	0.079	0.143	{"024da220-eeae-4b13-a4b3-bc9ba42d93c0": 0, "03936df1-8a33-4889-b3c6-0fba442b5f06": 1, "0c4cdad4-c249-41d5-8522-1bbb73c1087e": 0, "18167a1f-c535-4031-a9b4-f309a8dbf12f": 0, "18814b93-df94-4e78-af67-fd2489c96594": 1, "18a9e969-57aa-44a9-bc9c-e8b390eb48fa": 1, "336b6a5d-a93c-4e69-8141-5d3beec826b4": 0, "4eca006d-fb4b-4aa8-9c10-87ac8dfc1f36": 0, "6dac0984-9234-4014-935e-da669e837086": 1, "72fec6f8-433a-4ba4-ab60-06547517d903": 1, "773570a1-45ed-4cc8-bc33-9cd0562353ff": 1, "89a91d99-db79-4b2a-ba0d-156f159a5652": 1, "8cefd6c4-788d-4305-b9de-ab8a69924144": 1, "8d9d15e1-490d-4f91-9711-6f642fde99fe": 1, "a2857f50-76a2-4cca-86d2-99b6facca8a0": 1, "eda45cd3-9835-4356-9bb5-12032e5158cd": 1, "f1aba4b9-a513-4ed6-b5ff-f9befc9a7f9d": 0, "ff27b448-de4f-4aac-be6a-ea867e2827a8": 0}
99	5000	25	200	122	0	0.957	2	1.0	13,12	1.3	1	0.0	22	14	11	1.0	0.0	0.0	0.481	0.0	1.0	{"0dfc037f-ce6c-4196-a149-651b0f3fe86c": 0, "1abba0ab-2e8a-477d-9709-a7b0f34a572a": 1, "1abca8a4-a78c-48b5-8b4e-3eca1596414c": 1, "2d5567fc-541d-46a1-bb1a-90b9148c3bd8": 1, "33c60490-974a-47ec-b45f-0a735e94a7ba": 1, "3db56c81-8138-4a25-b299-bb479c0cc857": 0, "3f157bf3-26e0-44bf-a196-30a1ad28003b": 0, "44956596-4d1f-4f04-b3f2-7e26838995ad": 0, "5e39e3bf-4807-4b3f-8552-e4522e0bbf3f": 1, "6dac0984-9234-4014-935e-da669e837086": 0, "6fab5cf8-42e3-4e09-acf0-2a37313b95e8": 1, "7f3c1633-43a8-4667-9241-577a255a2551": 0, "82e0e2dd-06f4-462a-ab39-2923062c5f24": 0, "9064aed7-dc78-43df-8e57-522e45eebdad": 0, "91cac271-d9a3-445e-b9ae-33e3b36ab5ed": 1, "9516cbb0-a625-46fc-8eca-54b4eb2def52": 1, "a3065b2e-2181-4ccd-b1c0-46aba8409797": 1, "a842e377-12a4-4a6e-a4d8-565289841cdd": 0, "a85793c8-fc96-48e4-8c78-c1ea5033cdca": 0, "ac831018-f4c3-4197-b6b2-202b91737323": 0, "b77ba55f-ec8a-4613-8090-2ad604cd1432": 1, "b98a4f22-5ec7-460b-a181-b45c3203b86b": 0, "c6e65ce5-b26d-484c-855e-2dd8b9332d2b": 0, "ed359d61-9d69-48f5-ad26-bd48da18286f": 1, "fe6e8caf-2e3c-4011-ae75-f85ef4ff6007": 1}
