crID	flank	n_reads	raw_sites	sites	sv_sites	lowq	pairs_decided	n_groups	grouped_frac	sizes	secs	assigned_trio_frac	acc_asg	split_err_asg	join_err_asg	cur_n	ari_vs_cur	trio_n	trio_pat	trio_mat	acc_new	split_err_new	join_err_new	acc_cur	split_err_cur	join_err_cur	error	_labels
3	5000	21	128	141	22	0	1.0	2	1.0	11,10	0.8	1.0	1.0	0.0	0.0	2	1.0	21	13	12	1.0	0.0	0.0	1.0	0.0	0.0		{"0bdb3198-eb14-4116-8deb-760b6405e815": 0, "0c86a0dd-d325-457c-9966-3b51d1cc1ab8": 0, "0d56c49d-8c7d-4904-bc98-ecb66fc7e5f8": 1, "0e69a408-2620-40a3-8135-e1d964005ede": 1, "1f944e28-e0a9-4f07-8eb2-35bb390e6ab5": 0, "26511d78-2c29-4551-aa04-b0b7bc9c566f": 0, "28b90adf-62d5-422c-a45f-9810cacff368": 0, "630dafd1-273c-4058-a8ee-880124f16d24": 1, "6d48f856-e005-41cb-9df2-ff9b8a21b2f5": 1, "71eb4119-f02b-46e2-98c7-e1d2d412d666": 1, "8faac6d2-dda2-4416-83b6-52ad80b0473f": 0, "9227c5c9-15e9-437a-9bca-b8d68d8ab01e": 0, "a7069917-e3a4-4d6d-b593-3ca523f1fb11": 1, "bc3fbcf5-45ed-460f-b08f-fee35981d33c": 1, "c2cdfb4c-163d-48b5-ba3a-7026512c7614": 1, "ccf9cecc-0365-442d-892f-e1dd29d0700b": 0, "cf8ddded-612a-4447-8cf8-4938ad42d0cc": 0, "e05da643-9f5f-49fd-afc5-181b91b1e955": 0, "e0a93671-a009-4d81-9e3e-7ac10799e4d7": 1, "e9a9cdeb-63e7-400e-a058-2398dfbcd114": 1, "eee6a5b0-97ea-4ab9-bedb-5a24d72a74bd": 0}
4	5000	24	133	133	26	0	0.982	2	0.917	12,10,1,1	0.7	1.0	1.0	0.0	0.0	2	0.818	22	13	10	1.0	0.0	0.0	1.0	0.0	0.0		{"0bdb3198-eb14-4116-8deb-760b6405e815": 1, "0d56c49d-8c7d-4904-bc98-ecb66fc7e5f8": 0, "0e69a408-2620-40a3-8135-e1d964005ede": 0, "14a2bcec-7da6-4b26-86a2-321bcd47dc72": 0, "1f944e28-e0a9-4f07-8eb2-35bb390e6ab5": 1, "26511d78-2c29-4551-aa04-b0b7bc9c566f": 1, "28b90adf-62d5-422c-a45f-9810cacff368": 1, "44b44f71-f706-467a-8b7e-08a43dfe4af1": -1, "464c6679-e51a-4aac-a646-7057cd1a0c8f": -1, "630dafd1-273c-4058-a8ee-880124f16d24": 0, "71eb4119-f02b-46e2-98c7-e1d2d412d666": 0, "8faac6d2-dda2-4416-83b6-52ad80b0473f": 1, "9227c5c9-15e9-437a-9bca-b8d68d8ab01e": 1, "9c356c74-359e-47f6-9ad0-8e7225d72581": 0, "a1cb7815-fc10-45d1-ad1c-97cc90464f2e": 1, "a7069917-e3a4-4d6d-b593-3ca523f1fb11": 0, "ad610688-07f5-439f-85ba-de0b374c65bd": 0, "baa6b7c4-e463-4657-97df-6905d0890a0b": 0, "bc5656bb-36d6-4419-96ed-75dcb8fa8f69": 1, "c2cdfb4c-163d-48b5-ba3a-7026512c7614": 0, "ccf9cecc-0365-442d-892f-e1dd29d0700b": 1, "cf8ddded-612a-4447-8cf8-4938ad42d0cc": 1, "e0a93671-a009-4d81-9e3e-7ac10799e4d7": 0, "e9a9cdeb-63e7-400e-a058-2398dfbcd114": 0}
11	5000	25	301	286	44	0	0.94	2	1.0	16,9	1.5	1.0	1.0	0.0	0.0	2	0.439	24	16	10	1.0	0.0	0.0	0.71	0.284	0.296		{"0d38f8ee-1cfb-40fa-97b6-fed85f0d9526": 1, "18b29743-f0c5-4a41-a21f-73e0aa326957": 0, "206a7207-822a-41c3-8c35-53dcaa508c2c": 0, "282e25aa-bd15-4c34-b409-1ad2b122ee10": 0, "3e3c69de-b6b8-4412-ae10-6f5f8a681e01": 0, "49566efb-621c-4ab0-bb33-bfb20095a5b2": 1, "4a0c83ec-d0b0-4a6b-bf59-deb15f8aaa1f": 1, "4f59f43c-971b-49fc-b12e-9377da467477": 0, "564bbdbc-b5e3-4682-9da6-294d2fe2ce02": 0, "614bb602-45f4-489c-a7c1-014a36b30aa8": 0, "6847807a-cecc-4fa2-ab15-27cd2af640ef": 1, "83f6ba36-e9b1-48d2-93b9-8f5fabfb5f76": 0, "852a16e1-b649-4e86-9ebc-925f191650f6": 1, "956e7b58-2013-4d37-b278-47a36afe0882": 1, "ac44cbd8-942a-454d-8ecf-5ec9154ffbfa": 0, "bedd5b5d-4769-4627-8f48-444ace398d36": 1, "c7162aff-262d-4e1e-90aa-0e00f84bcbab": 0, "cde67797-3b17-4548-9c32-3026dd9d6640": 0, "d1557c4d-3ca4-47dc-938f-f67ba299f445": 0, "d3b90268-5f64-40eb-a0cb-f3c623868127": 0, "f674c0a3-0bd7-44fd-bddb-3e9bab53949c": 0, "f7685923-96e2-44a2-bc12-f1f88cbabd55": 0, "f85f561c-2db3-460e-a908-b227a234fba2": 1, "fb044581-e33f-4f85-9358-d1d9454f3418": 1, "fff0891a-840c-4a17-b2ea-f26198d27b41": 0}
17	5000	23	527	536	14	0	0.996	2	1.0	14,9	0.9	1.0	1.0	0.0	0.0	1	0.0	23	9	15	1.0	0.0	0.0	0.502	0.0	1.0		{"05e51cd8-1b7e-44ca-9bfb-b0a7d3697056": 0, "1141ac5a-0461-4c33-ac70-0e8629292c17": 0, "17182877-877a-4d2d-a90b-05f1c3b569f1": 0, "208a4174-8493-43e2-81ef-e3399b5172d6": 1, "297442cd-9089-4162-beca-4844f6a5740b": 0, "324e2e06-a3d6-4788-87b9-9edb5c008a68": 0, "4358ea33-a0b0-41a3-8718-7e0c1c6ce22e": 0, "555b43dc-a45a-4e83-8c90-9a263cdec327": 0, "6be99111-7781-4e28-9ebb-cc418b6e64ee": 1, "7e92c45a-38ae-4bbb-a61b-e7b6a8660fff": 1, "837142dd-7a13-4e6e-b455-d10ec2eb6895": 0, "857d372b-a0c1-4050-b14c-093356d00644": 0, "86da0bd5-9f2c-45a0-8ddc-8623be5b1a43": 0, "89316896-fbb9-4bac-be79-702d84481790": 1, "a4855faa-c9fd-45a9-88f2-9b4c066fd959": 1, "ba6bc477-1a7a-41c9-ae2f-5382db58fdac": 1, "d253eff2-890a-4416-bd90-4d326242d08a": 0, "e2b1beec-6387-4224-8cdb-496988e4a465": 1, "e59d1784-76eb-400d-b17b-c674a3b28c7a": 0, "e789e26c-e944-4b22-a3e7-38dc453969bb": 0, "edd8ecbd-fc90-42d6-b166-1b87c95d3d7c": 0, "f5a720bf-f193-4bd1-bbb9-797803f8f662": 1, "fc053835-ceb8-4515-a832-a985cf4ef8ad": 1}
18	5000	23	270	214	28	0	0.889	2	0.957	12,10,1	1.0	1.0	1.0	0.0	0.0	2	0.324	22	12	13	1.0	0.0	0.0	0.688	0.288	0.333		{"0002934e-1489-4cd5-9365-8bd31a396cfc": 0, "05e51cd8-1b7e-44ca-9bfb-b0a7d3697056": 0, "0c584249-86ae-436d-b40e-d4528256e57d": 1, "0d1b7130-566b-4e50-aee1-6628fe559e85": 1, "15d900a6-0766-4eee-8798-cf1dc8f9ea8a": 0, "28dd8dcd-0374-4d8b-bc6c-6640c7c8f78c": 0, "464fd31a-d6ba-4116-9823-f25d95dbf1ee": 0, "56c88b2b-6902-4cc7-892e-71cddcdb4124": 0, "5fdce26f-3210-4a81-aa6a-83361e6745a3": -1, "6974e568-acfb-4cbd-aea6-80a1f5ee545a": 1, "7e407b53-125b-41f0-8c7b-eedf0d985396": 0, "87fe8404-1f4a-4bfe-8196-6c262f47adce": 0, "9739ca6f-c605-4b9e-b248-4a6aac562dd8": 1, "ac77acf6-012a-431f-877a-2c8a49aa8f1d": 0, "ad598d3f-3296-413d-9ce4-ded14ba375f1": 1, "b9634851-4772-4e16-9306-f3a22637f5e6": 0, "ba6bc477-1a7a-41c9-ae2f-5382db58fdac": 1, "bbfca31c-f2f0-4154-bb71-bfb5a618e8ce": 1, "cfd3b263-eb1c-4ef7-b827-ce8a34581790": 0, "d152497c-b906-4714-a2a6-b388be48eb1d": 1, "d2b80664-588b-4fac-b09f-363f50497570": 0, "e7ad53a4-13b0-4ffc-9f42-190cbc21234a": 1, "e90b3f7b-09c7-4932-a7b6-cc43a760f937": 1}
25	5000	19	280	267	16	0	0.854	2	0.947	13,5,1	0.8	0.944	1.0	0.0	0.0	1	0.0	18	5	15	0.922	0.136	0.0	0.575	0.0	1.0		{"0433a657-41d6-4dbf-95fa-e4409dcef3c6": 0, "32a9dd6f-aede-4e7f-8e0a-fc1cc455ad57": 1, "3bd5e5ac-6c32-4452-a59d-7a1198cd175b": 0, "4648dbfa-cb87-4ed9-80b9-7c96219fca13": 0, "4ec827e1-89a4-44c7-a41c-522a960246e9": 0, "53ac8652-ecd2-42b3-9ced-604d1055e8f6": 0, "58e9f044-2a9b-4f2b-936a-444ab3fe7126": 1, "5f0a886d-7cd4-45ec-9331-4ac1b4986c74": 1, "7779ec5a-28a1-40ee-80cc-022fe768d664": 0, "791812be-a4ce-411b-a2ba-0361a45d75d7": 1, "8e2c8f19-6ff8-4235-8a5b-963d81c4eeb4": 1, "9609be97-e473-44fe-96db-6d8841a88aa4": 0, "a005e68f-ad66-4f7a-a6a0-c804404b1775": -1, "b26f4118-c214-4693-bba2-56054d1b4afa": 0, "b4d6d127-8120-4ec2-ab15-af748683d5e1": 0, "cbaa908b-5c7f-4ee4-b31b-327633903427": 0, "d32df289-7559-40f5-ab01-6156dab5e9a6": 0, "d5fe69e4-1ebd-4239-b812-4802a413a31f": 0, "dc13e307-36fb-4d21-9009-d2a654a404fa": 0}
29	5000	25	76	20	0	0	0.307	2	0.8	16,4,1,1,1,1,1	1.1	0.667	1.0	0.0	nan	1	0.0	3	2	1	1.0	0.0	0.0	0.333	0.0	1.0		{"05a4fa17-5e3d-4def-b2aa-400daffe0ebc": 0, "1580edf1-2442-4675-914c-dc4ee7aaa249": 1, "1969b040-774d-4bf6-84f1-66df4037d969": 1, "1f81925d-0ad4-4783-bdd0-cb85117159d0": 0, "2eb59ce7-08c0-4824-87b4-f246e56ce252": 0, "3671bc89-3439-4369-825f-bcb0d69d7d08": 1, "3e08f525-4c5e-4e89-99c9-1b89bdf31b66": 0, "5263c8cf-3570-4908-a103-4539e5d447c8": 0, "5cdeffcf-8330-468b-8f06-edf3cfc6bbdd": 0, "5ed061dd-eefa-41b0-b578-36e54f845384": 0, "73acb499-44c0-4520-8280-8cec3794529a": 0, "7809aacd-e03e-4937-8a1a-1abe2828944f": -1, "7c1780fa-e407-4d7c-9672-9fe89769bfc0": 0, "8a1080a8-95ef-4c55-af99-bb29b3dcd56b": -1, "925fdf56-c3ad-4040-9793-a0fdcb431d85": 0, "9d75c610-7ba5-4c7f-b2f7-d2aa12b16d59": 0, "b1009dcf-61e7-4c15-a1f8-adebe01bb9cb": 0, "b1cdfc4a-f9b1-470f-9bad-68d08e8a6dd6": 1, "c67e74f4-506e-41b1-8a67-98cc8c4354bd": 0, "d42cfc67-a946-421f-8942-3ffec8bd01db": 0, "d7068fe9-1371-4bf7-977f-46e10f7d4df9": -1, "dd9822f9-0748-4018-8885-26672ee36cba": -1, "e1e8842c-7a20-44a0-9db6-d64f078e90dd": -1, "e4f6877b-521c-415b-8efa-fb38c6439701": 0, "e740b3bc-8afb-4285-b1e6-c801df5c99e3": 0}
34	5000	23	174	164	9	0	0.976	2	1.0	12,11	0.9	1.0	1.0	0.0	0.0	1	0.0	23	14	12	1.0	0.0	0.0	0.478	0.0	1.0		{"139b6706-a751-4f5b-b607-671d0fd06a6e": 1, "1503faa0-b2f7-4251-980c-005e95080793": 0, "173adb2d-d3aa-4dad-b53f-c831f6b1cf94": 1, "1c2ffe10-41e3-4dc1-b295-679f36bb1a25": 1, "233af7ee-68ef-474d-b536-3d2395d645c0": 0, "2ad9d7f1-197d-46b9-9ab2-8329d6e4c445": 1, "2dc0189b-00cd-4abe-a820-064a87fbfae1": 0, "32f3d1d9-cd30-43a9-9aa7-2055877a1708": 1, "39d17c11-35aa-4ee6-be69-04475c2f84bf": 1, "3a575248-fa45-4f74-8a4b-db79d1620617": 1, "3be35b09-9118-4382-b8d1-a34e10076c1f": 0, "4413309a-d2d6-495d-91d0-b9fbdcc5d981": 0, "4ddc5960-09f6-4477-a906-09aeb14d39ad": 0, "61c7c6f8-e2b1-42fe-b359-a76970845e9d": 1, "9ced6691-6ad7-4fd2-a6bd-ab1713f50450": 0, "a34fdad3-0a36-4978-beb5-c9af3b83e0ec": 0, "adda275a-421b-4cb5-bb6c-34b84faa0f33": 0, "d37e574c-1ef7-499b-b2b8-ece971727d66": 1, "de80c217-a30b-4877-9de8-cf0235b5ed53": 0, "e333edc6-a112-4073-8403-89c1d8deeeed": 0, "e901072e-3d02-4f97-af4a-40e980de8902": 1, "f2875d0a-288c-415f-9172-168100f438aa": 1, "f371c485-491d-4bc6-87c4-e534e9b5a596": 0}
35	5000	17	213	211	14	0	0.978	2	1.0	11,6	0.7	1.0	1.0	0.0	0.0	2	1.0	17	13	6	1.0	0.0	0.0	1.0	0.0	0.0		{"0a4e459f-8e3f-46f3-a86f-fd7ce408f36b": 0, "1b6c3bbf-c47e-4253-8624-217e5b90b84f": 0, "29e315ad-b7e1-4b88-82ab-bb2f5a41c4cf": 0, "312ab43f-3271-415b-b4a5-10e17c8f6f73": 0, "5003efc6-092e-4214-b51a-93c738b6f41d": 0, "5494328c-b74e-4791-96b4-de3692c214b4": 0, "6fbd67e9-9967-48b4-b409-c77510d84660": 0, "8494ea41-4836-429f-b72c-00d238444dee": 0, "8ed3deb1-e423-4705-8e48-6c862cbeab4a": 1, "94184a3e-c5b4-4db1-b749-d66ad9d32652": 1, "9b0b327f-6f64-4ab2-8936-e6a6c79fee26": 1, "ca3f4b5e-8d36-4a53-8d52-b0b1f6b2a4a7": 1, "cb0dad30-52f9-4e6d-8481-93da5072f6b0": 1, "cd84f27c-8520-4b17-89d8-aabb52eb602b": 0, "dc69635f-54e3-4da6-ac19-f59f75b20659": 1, "fdcbbac4-5940-4594-bb99-ce582d7917fd": 0, "fef91eda-8409-448c-ad69-7ae939a3b2be": 0}
36	5000	24	384	385	23	0	0.996	2	1.0	18,6	1.3	1.0	1.0	0.0	0.0	2	0.821	24	9	20	1.0	0.0	0.0	0.917	0.03	0.167		{"04cf4d90-aa10-4f0e-8f69-9d33074a3806": 0, "056d55b4-a314-41e3-8692-13f4af2418f5": 0, "05f53b7c-88e1-415e-9b6d-fe5ffd143bee": 0, "0a0d90d5-8bec-41cf-8e0e-c45d9c7a1c68": 0, "0e67d741-0638-4ac4-85fc-46854ce9b114": 0, "13aee254-9a54-4ddc-8b96-aa861365c219": 0, "170c5b99-4c8e-4d05-8aa9-375ce244d008": 1, "19dcfd5a-c7af-48de-a241-0d7dcb7bdb9b": 0, "1d5d905f-b0e2-4a96-9857-39e18af710b4": 1, "24172992-3f11-45d9-8765-ab863580f9aa": 0, "2f557592-5302-4fbb-9e74-a5cf6c965aad": 0, "2fc4ed9c-8c5a-4062-9757-343790788ca1": 0, "6985b29d-3a79-4c13-92af-9527e3af5fe4": 0, "7945eed3-a15a-4398-b5a1-f505df71ab50": 0, "7e6c719b-4f22-4d35-8398-987d85cfc194": 1, "876124a1-99d4-4f60-a127-4bdb7f6bdc63": 0, "93a03a7d-4b9c-4223-8ffc-52b60525e96a": 1, "9d23c0fd-2f7e-406b-9140-ffb6cf2e8e50": 0, "9e5b0d09-e3bd-4b89-bd6e-a15dd9c7f7df": 0, "c4abd218-a78b-4471-9b09-2a0a6baced93": 1, "c58fb120-5926-4cb4-8f5b-135785d08cce": 1, "d1597a2d-b2fe-4366-9ee2-fa939d772a24": 0, "e74c2632-9608-40c2-9923-e4791c785768": 0, "fa0e8d11-79ec-4f96-886e-8a7f7a3e742d": 0}
37	5000	21	1377	1374	168	0	0.838	2	0.905	14,5,1,1	35.7	0.875	1.0	0.0	0.0	2	0.54	16	3	14	0.808	0.284	0.0	1.0	0.0	0.0		{"023c4e7c-26af-4a54-a89e-ac52f8481363": 0, "04aed0b4-dab5-4e0a-9872-571c2b0d0e19": 0, "2548580f-2d1f-48cf-8d47-a28027b184fa": 0, "374b211e-5f85-48f1-8c76-ce3432b637a1": 0, "4d2693fc-7a86-44f0-b1b5-9bf37ffcf373": 0, "4d8e54a1-11d6-470e-8b5b-8290baa51c2b": 0, "5800ba5d-b950-4135-9d8c-5c00a506cd97": 1, "5f312891-9645-4075-a26b-9d320cfe1f99": 1, "82333cb4-9902-4abd-bc2b-31627646e14b": 0, "8846465b-69aa-4e3e-acc7-a1fc79da0ea5": 0, "96bdb4dc-5a95-41eb-b308-2fe58547e11e": 1, "a0a555fe-18ce-48d0-8c84-15c3e5f1ec9f": -1, "a0f785a8-62d5-4e7a-9246-59a2636f52b4": 1, "ac5aaf01-0980-46bd-a969-7dc400eee31c": 0, "b41ba8ac-3fa3-46f0-b1c0-082b97fe5f72": 0, "b5434be9-5435-4c9e-bb6c-478cb737de3d": -1, "baa39de7-968a-4d21-b781-c755f4b6eb31": 1, "cce43279-fc03-4cb1-bb1e-e9f324630784": 0, "d89b5bec-4bd9-48c2-9dd7-54d57da19a5b": 0, "e5a269c1-80de-4a7c-b564-619646224e82": 0, "f63ea233-8c8a-42d3-a4b0-9a5fcf650959": 0}
42	5000	27	1191	1213	65	0	0.997	2	1.0	18,9	1.4	1.0	1.0	0.0	0.0	2	0.851	27	9	19	1.0	0.0	0.0	0.926	0.09	0.056		{"07b853c6-e7d0-4a0b-ac17-3ebe810e4b11": 1, "17c8dc3b-daf8-4cc6-ab8e-4e3bcd4d7f11": 0, "198ac7ce-bac5-49a6-a3af-41b93d98b62d": 0, "3483f3c3-a9a6-4b09-aba0-f9d8f7d97fd3": 1, "3b3f120c-8129-4ba9-ba2c-ae791dde928b": 0, "42ece895-0f61-4b3a-b1d6-96f49f916dba": 0, "51db3c6c-3315-4134-8d20-eb89951cadbe": 0, "66f81153-6eb1-4ea2-96ab-c47754c6bd4e": 0, "684bce1d-6feb-4644-aec0-14fe3c19667b": 1, "6f2f78fb-e56b-4496-a3d3-d958d1c7bdac": 0, "7090080f-7e00-44e3-96f3-fd3371116c58": 0, "7648f688-ba7a-4d90-97f5-8b6913e216d7": 1, "7cad9d48-b642-4cee-8f84-8bf9f855316e": 1, "8105c2e0-9426-4b34-81d0-e49ef07db2ba": 0, "82b81417-0562-4e48-9de5-a0d94dca748c": 0, "995268d3-7100-48a4-a777-becf7b9eec57": 0, "9e2eb59e-ada8-4fe8-974a-860897737e7d": 0, "a3bb2e80-ddb5-4874-9dd4-ba747ca8d9c1": 0, "a64be126-fa59-432e-b435-3749831e8121": 0, "a728f3cb-4eb6-4acf-86e4-1f323ffb7ad1": 0, "ad52aaa8-b600-4a5a-a08a-d0b21fbe5f8c": 0, "d1daf756-86ad-48aa-a385-9bbc1394f922": 0, "d7022787-2288-4f6d-8c39-f411e1059c1c": 1, "dcd3feb5-65b3-4a81-bca1-b919f25d3a12": 1, "e63bf0a4-771b-4056-b673-dcd0c7a2ab1b": 1, "ea9a0681-7cd8-4d45-8227-564fc3e04015": 1, "ff089890-540d-4977-a824-feb3df27dcd2": 0}
44	5000	24	383	396	22	0	0.967	2	1.0	16,8	1.3	1.0	1.0	0.0	0.0	2	1.0	24	8	20	1.0	0.0	0.0	1.0	0.0	0.0		{"0f30e511-2068-4421-933e-97bd44562bde": 0, "26dd58e9-ff6c-4af8-b4a8-4093571311ec": 1, "319a438e-ebdf-41bb-9d1c-215ccdb1db22": 0, "3301ac84-7eb2-4667-93ae-f2760e46c080": 0, "38bc477b-843b-4159-819c-e482b9ad5f98": 1, "3b3f120c-8129-4ba9-ba2c-ae791dde928b": 0, "4fe6bade-1547-4a8b-a7ed-40be32425f78": 1, "608cbf0c-e57d-4002-9725-baae05f4f0b6": 0, "94249e69-a45f-47db-8d97-16090a79933a": 0, "98dd94ef-9450-42ae-bc42-d9152d8e8ece": 0, "99fd8a85-48a0-45b4-8d7f-342f87bcc01b": 1, "9eeb16f0-dcde-4329-bac6-65315f3535a2": 0, "a1b6818d-07a4-4ee5-b218-115a60680b14": 0, "ad52aaa8-b600-4a5a-a08a-d0b21fbe5f8c": 0, "b11057cb-3c2d-4e23-976a-883bf07a175c": 1, "b9986816-a71d-4666-900b-378ada160792": 0, "c1be2448-be0a-4d12-a27b-3d25574a5ee3": 0, "c767119c-017e-45f4-926e-13db7e9ed0bb": 0, "c83bf85d-31eb-420a-9e73-3440295cbb9e": 0, "d3b6f314-0349-4b8c-9be8-51c152ad82ac": 1, "e1ece28e-c4f2-40b0-b41e-7d4b8d765d02": 1, "eb0474bb-c6d6-4432-88d4-2a7a9e9ca9ee": 0, "f814ea7f-b31a-48ff-a98a-c25d130e6d59": 1, "f99f178c-4e1b-4b21-8269-1b13532b6e94": 0}
45	5000	25	377	343	2	0	0.977	2	1.0	16,9	1.2	1.0	1.0	0.0	0.0	1	0.0	24	9	16	1.0	0.0	0.0	0.511	0.0	1.0		{"0096575b-6006-4ce7-a4eb-ca9980f56d6c": 1, "011e3fec-324e-49fd-8575-9f786b5a41ea": 0, "0f30e511-2068-4421-933e-97bd44562bde": 0, "319a438e-ebdf-41bb-9d1c-215ccdb1db22": 0, "38bc477b-843b-4159-819c-e482b9ad5f98": 1, "427055f5-f259-42d8-aaa3-748c6e9d0c2a": 0, "4ea9c566-c8db-4b7e-9650-b82a15f09ebe": 0, "5b039176-d14a-4b85-be9e-4c4b64b1968f": 1, "68687fca-4e46-4743-b7f9-26e5d2cd7e45": 0, "72c987cf-500a-4974-923b-98e6dd49f5dd": 1, "764c6db1-9088-4aff-9e3f-71200d2e8406": 1, "845efea3-4329-4bfa-83b8-3a3cfebeee27": 0, "86d6cb4a-1136-4643-b7b0-49eb673890f9": 0, "9416790b-c46a-4336-af54-7acbc5fee42b": 1, "a1b6818d-07a4-4ee5-b218-115a60680b14": 0, "c79ea377-9d89-44f6-bf2e-97cefe17c986": 1, "cccb77ba-975a-414f-b32d-bd15550e7431": 0, "cf69522d-70c3-42fa-966c-7196bfc1e309": 0, "dbf52cc8-f41e-4207-b98d-9639e96f8bc9": 0, "e1ece28e-c4f2-40b0-b41e-7d4b8d765d02": 1, "ee123ea2-f4e3-489c-9051-fd759ba10cc7": 0, "f0c8edd1-a557-45e3-9c87-a42e0facf930": 0, "f4e6e57b-4162-47d5-a321-acf17309aadd": 0, "f814ea7f-b31a-48ff-a98a-c25d130e6d59": 1, "f97e3465-5a29-4aab-9f11-9d30f789da30": 0}
48	5000	19	497	518	44	0	0.971	2	1.0	13,6	0.8	1.0	1.0	0.0	0.0	1	0.0	18	13	5	1.0	0.0	0.0	0.575	0.0	1.0		{"0ebd6297-355f-4df4-a55e-d564484d3c82": 0, "0f305799-29b4-405e-8018-2abc0d1d7b32": 1, "2cb215a5-d77c-44c6-a3c2-ed319bbe2817": 1, "3709cd65-d768-46c6-be36-978d4fa2fe26": 0, "3cc55708-7952-41ea-b53f-c8908cc57b71": 1, "405659a1-0f5c-4f26-8203-a1252d4fb9c0": 0, "43861021-7f67-4209-9e46-fe20661ad1aa": 0, "545d4cf6-d9c0-4159-bdcf-9d4f68e875b1": 0, "592a0904-2508-4750-b964-5e0c019c5fa1": 0, "65b63979-945c-40b5-b7e0-6b5249257625": 0, "6f6dbbb2-6885-4de1-8b34-546659b16695": 0, "996fcb62-e45a-4527-b9a0-e5c5b9b39f13": 0, "a00648a5-f52b-412f-9ca0-5596c0e2abbc": 0, "aafc4f2e-bcad-420c-bc19-027cf7b0f409": 0, "ca8845fc-92e9-49f8-b482-5c0f8a917e30": 0, "e0497707-e6b8-4868-9714-5c801454dd09": 0, "e50f1b25-2dc8-449b-9e36-2aaf28e0698a": 1, "ee8a14bb-5e48-4e35-8c2f-8c9f3a7e5d8e": 1, "f1481417-b6a3-4e24-92f5-dd016a4d6ab2": 1}
52	5000	26	284	231	21	0	0.969	2	1.0	18,8	0.9	1.0	1.0	0.0	0.0	2	0.845	25	18	8	1.0	0.0	0.0	0.92	0.098	0.059		{"0dd79703-0380-4bf4-ad3b-4cf0751973d1": 0, "11f18cce-8091-4401-9af9-9de309fb7689": 0, "1433e9c8-e835-4c8c-b438-09a3538c25eb": 0, "2aabac9b-7d4e-46c4-b0b8-f3adc6168a9a": 1, "3245b12c-080f-4f65-b035-42668a8f7ec6": 1, "4ed64551-1a2a-4cbf-b6ab-850cb2687900": 0, "4f3de1d0-9ea5-4e01-8950-b39f6bed8f9f": 0, "5a374063-081f-47dd-af65-4a60223f28b8": 0, "64475b8e-5cde-4349-abd2-f882c34e0e2f": 0, "65cfe5a4-7602-4af6-b7e8-e576b91123c9": 1, "7bfd4d0d-81b4-497f-9410-281470493863": 1, "7e99de84-401b-467f-a861-ff9d0e85947f": 0, "83f3a481-be92-49a8-916c-188e2e44c285": 0, "88da934e-9917-4715-a729-657032b6ef1f": 0, "8e90af4a-8f55-40e3-9310-ae3368e71cb0": 0, "9295e3f6-0a22-460a-8a3d-e4e00cb90818": 0, "989cc2f2-e6ae-438b-87a1-3678ba0e7de7": 0, "a8d3e7a5-0df0-4595-9db2-c03356d9bf11": 1, "b33e3cb1-c55c-41ae-9b97-6a070784ca51": 0, "ba03b6e4-c1f7-409a-9c91-eb666fda69fe": 1, "c2d89426-ec47-4b5f-b8c0-d6c52b691961": 0, "c5d1ab88-32cd-42c1-b7a6-1d22b1ea5919": 0, "c79305db-fcc3-4dc7-bb2e-09d50c36a75b": 1, "dbc3bf4e-95af-4e6a-b903-3222a7a39bbe": 0, "e24e99f3-03a9-4708-9c49-c6b7a8ba41b6": 1, "ee7d527d-d4d1-4128-bded-bf977ce51dab": 0}
55	5000	22	630	639	53	0	0.957	2	1.0	12,10	2.2	1.0	0.909	0.091	0.091	2	1.0	22	11	12	0.909	0.091	0.091	0.909	0.091	0.091		{"07a454ed-f0b0-40e6-8cde-1300daff326c": 0, "19815d6d-28b3-4812-b940-116852a9ab8d": 1, "2c6e9628-7f3f-472d-b21d-901c9b40b0d3": 1, "30636d6f-752e-4fc9-98ce-61afac1cbea2": 0, "42b0997f-8484-42bf-bccd-0d6c2deab94f": 0, "43d6cd99-c489-40ab-9701-dddd0fc02439": 0, "46d8352f-7340-4115-9aad-01179d209f06": 1, "5decf749-5177-461c-b30c-cc1685c94035": 1, "67fad395-aa55-4e8b-b2e6-71aa9054677b": 1, "6939fe73-8c20-4c8a-84c8-453210dfb311": 0, "79e045ea-9347-49ef-a13f-b9393225c91b": 0, "8e093af6-e7c8-4615-b80e-ce3d3fbc9bcc": 0, "8f9709e9-4bac-4306-b627-9b6b92621a9e": 0, "a98af790-5231-4143-801e-daf52d3d6de9": 0, "af08f7d5-1f87-4e6f-95c5-95fa1f620c83": 1, "afc0083b-ed01-4508-9786-5cecc0758f24": 0, "b68ced59-a096-4b6b-a01f-aee6d4c6f55d": 0, "b7e97a3b-d3e9-445c-a10a-bc3be123d1ad": 1, "cfeffa24-5d94-4042-abc0-bc4dbcedbf83": 0, "d2b9b6bc-bfb1-4015-9d1b-d9b3a9ab75fe": 1, "d56cfc96-f771-4fe1-b4d4-6972d01ca138": 1, "f0bb2c69-779b-466f-bb8b-2efda528beda": 1}
57	5000	18	279	254	17	0	1.0	2	1.0	10,8	0.5	1.0	1.0	0.0	0.0	2	1.0	18	10	9	1.0	0.0	0.0	1.0	0.0	0.0		{"0409b0e9-6b3c-447a-9577-ed3829b04f8e": 0, "1a065a05-9066-4536-b828-ae47a1edb5ba": 1, "2a3cd37c-8dbb-4c22-9aff-57dc1d32573d": 1, "30f82b1d-451d-4512-b401-7566cdbd88e1": 1, "38cc8602-4c76-4220-91e2-dc973f9b837f": 0, "42f900d6-6c15-49f8-a37b-534c4386b759": 1, "4dd6698f-0154-4e77-8290-f822570b4e95": 0, "51ef5ba3-9b22-4d16-83f8-46e71d6ebc0f": 0, "78b6c7c6-78f4-4537-9ba1-54276c1d3076": 0, "7ddd756a-9440-4782-986c-a14a094403f3": 1, "a81984dd-08bb-4065-a55b-a416ddb41ee7": 0, "b3bda7e0-feea-4606-b9b0-9fe5f376597f": 1, "d096401f-c4a0-4e32-911d-c35cd14f356d": 0, "d1bae735-274f-43df-bf03-a9e7089518a5": 0, "dee1d1f1-b863-4662-8604-13043a444538": 1, "e00c9f95-60c7-4605-bffc-76f9d018440e": 1, "e7602270-6d9d-49f8-976d-a24654dfa775": 0, "eb69f2cf-527f-469b-92be-8d74bac903ce": 0}
58	5000	21	339	335	18	0	0.976	2	0.952	13,7,1	0.6	0.952	1.0	0.0	0.0	2	0.688	21	15	7	0.938	0.116	0.0	0.905	0.054	0.143		{"0c29b4c1-07c9-4d23-84ff-903dbe0e84b3": 1, "10f2a267-c6cf-4a61-bdad-f3d371ef78bc": -1, "1c220230-e8e8-4cbd-a2c5-6d490f66750c": 0, "2eeb7267-c184-43cc-8bb6-e6ed46e4a332": 0, "376798eb-7579-4506-b5a7-cf89d46896cc": 0, "448a1d58-f327-4211-aea7-038881fa76ce": 1, "567ae387-3d59-45d5-b51b-04fff2f83ff6": 1, "68225928-b309-402d-bfef-377f6c7629ea": 0, "68b74602-2be7-4676-86f9-7c1154417e21": 1, "6a4cfb1f-36c9-4fba-8fee-e9d74891072b": 1, "706f2cf4-bd36-40d3-83e6-19f0258af966": 0, "841530ff-fb7b-4d50-a7d1-1c38a25deda8": 0, "970dba46-2d09-4f96-8e7b-d8066f76c648": 0, "a5259c12-a65f-455d-8cf8-0a277130cea5": 1, "ba10ff3c-972a-40b1-966d-9a6c545369d3": 0, "c21fe903-3d52-4bb4-ad13-053c1fc95d09": 1, "c6367b45-ed01-4edd-81f7-157d71d2296a": 0, "dc01eafd-e3fd-4eb9-a083-2af1c81656ef": 0, "dd510465-809a-446c-9ca0-9cc7f45a1bd9": 0, "dea47e8a-cf55-4586-b182-e334b63845bb": 0, "ee873d69-e7b6-44cc-89ce-731b25380797": 0}
59	5000	20	329	319	16	0	1.0	2	1.0	14,6	0.6	1.0	1.0	0.0	0.0	1	0.0	20	14	7	1.0	0.0	0.0	0.558	0.0	1.0		{"0c29b4c1-07c9-4d23-84ff-903dbe0e84b3": 1, "1c220230-e8e8-4cbd-a2c5-6d490f66750c": 0, "376798eb-7579-4506-b5a7-cf89d46896cc": 0, "448a1d58-f327-4211-aea7-038881fa76ce": 1, "567ae387-3d59-45d5-b51b-04fff2f83ff6": 1, "68225928-b309-402d-bfef-377f6c7629ea": 0, "68b74602-2be7-4676-86f9-7c1154417e21": 1, "6a4cfb1f-36c9-4fba-8fee-e9d74891072b": 1, "706f2cf4-bd36-40d3-83e6-19f0258af966": 0, "841530ff-fb7b-4d50-a7d1-1c38a25deda8": 0, "93a8dbb9-7ab5-43af-96e3-0dce44d40beb": 0, "970dba46-2d09-4f96-8e7b-d8066f76c648": 0, "ba10ff3c-972a-40b1-966d-9a6c545369d3": 0, "c21fe903-3d52-4bb4-ad13-053c1fc95d09": 1, "c6367b45-ed01-4edd-81f7-157d71d2296a": 0, "dc01eafd-e3fd-4eb9-a083-2af1c81656ef": 0, "dd510465-809a-446c-9ca0-9cc7f45a1bd9": 0, "dea47e8a-cf55-4586-b182-e334b63845bb": 0, "ee873d69-e7b6-44cc-89ce-731b25380797": 0, "faf942de-1cf5-47fd-a92b-3420804af8c8": 0}
60	5000	31	690	716	49	0	0.963	2	1.0	20,11	1.2	1.0	1.0	0.0	0.0	2	0.871	30	11	19	1.0	0.0	0.0	0.933	0.08	0.053		{"013a2e1f-36ea-402b-a1d1-d8c06e9e8af0": 0, "01430371-9161-4554-86f0-9ff95cbbd288": 0, "0db57e82-264d-497c-9a9d-7a4976edc3df": 1, "1f4ef867-b79d-494b-a5a6-1bf9e6bd0f8b": 1, "2e0bda91-dc04-4c1a-9f0c-72bcb0f9fb3c": 1, "3eeadf56-a54f-4d36-ace8-234ace0f4683": 0, "4278f2b1-459c-489a-92ca-3fa8807cf0e3": 0, "4db311ce-7537-4959-961c-2d388121c8aa": 1, "620d3bbb-8379-4b22-b0e6-a030a50e45ec": 1, "640e578b-0462-4d11-aa12-c477982a29e3": 0, "6ec758eb-3825-49ba-90c8-4970d72f5c33": 1, "79a029e6-1bc6-44a9-97ea-651a2c55466c": 0, "7ef11767-79f8-480a-84b9-f6a8e1eee6a5": 0, "82e6e1c4-636d-4618-8d1a-e16db306a34e": 0, "876a17fd-9ce5-4584-a64f-3688dc061de3": 1, "89e5385b-49c7-4bf7-95b9-d17213364347": 0, "9112566b-fc8c-4369-8bb2-2ae4682248b8": 0, "95c1c595-5dc3-4210-9464-7ef7757aa5d9": 0, "9ff31a3c-3ab4-4126-a359-e6027e62219d": 1, "a441ea6b-ad18-4b04-b18b-5d8f75025e0c": 0, "a50d2c58-3f6b-4447-92ff-f300c4d5e933": 0, "b0e1ab90-2ddf-481a-af3f-51adf42fee84": 1, "c13f6b2e-02d0-4b57-8561-80cf3e8c6a86": 0, "c9bde073-0c0a-467c-aa5b-b0c56cc5d33f": 0, "d0668a69-ca18-4ba6-ad81-e146426ae4fb": 1, "d1e02e7f-7f28-48c0-9092-70ec519b60de": 1, "d89f6c4d-a9aa-444f-9ac5-13bbd3cc523a": 0, "d9c7a879-609f-4370-b609-d412f8311099": 0, "e68fc4a7-ffba-45dc-95e2-98efb5b7b946": 0, "f3d03e56-4574-4907-ad62-3f37f79129d7": 0, "f68108f0-3df5-484c-a0eb-122f9a2992b4": 0}
62	5000	21	348	336	1	0	0.981	2	1.0	13,8	0.8	1.0	1.0	0.0	0.0	1	0.0	20	13	8	1.0	0.0	0.0	0.495	0.0	1.0		{"03192cd8-99f5-47c8-8f43-dc3d365611ec": 1, "07311588-0e42-4ecb-a05f-f91abc837df2": 0, "0a463890-050a-47e9-bda2-4198e91cd302": 1, "0c32b31a-fe36-4c7b-b57e-04d6f56a50e4": 0, "16046947-353d-4461-9ab9-380944ba09b7": 1, "167349d9-93d5-4b3b-8776-18a0f411ea2e": 0, "26fbb2d7-b8e9-4b36-a5da-a57d882a5f30": 1, "4fa4bb47-a3ad-4983-abd8-88ece4fa7ef0": 0, "57cab39f-87e8-4fef-8f98-deed7dedc5f9": 1, "5d137ea2-b108-47b6-80f8-b3bd46a2eeda": 0, "62bcc663-4fa6-48d7-9b2f-b919c73845cf": 0, "67e93c0a-a6ec-41a1-a8a4-ad348a317430": 0, "927a2c2e-01b4-4938-b176-e04aa1f8f24b": 0, "a0d0839d-3438-4321-873a-69487db4d1d2": 0, "c2c8c23f-5f27-4bbc-8c9d-13c95026e353": 1, "c6f586a0-b161-463f-80eb-cc65e93c4cf3": 0, "c70bbb4d-fc1c-4bf9-b842-9b1eeb81a853": 0, "c7725c56-4e7e-4c87-b541-3499280842a7": 0, "cd2f2aeb-278f-4d15-bdfd-94b33f02233e": 1, "d8c45070-1c88-45d2-a27e-8812cd2dd425": 0, "ddab5549-008a-4077-a8db-e0aa0efe5fbb": 1}
66	5000	29	333	321	0	0	0.985	2	1.0	15,14	1.1	1.0	1.0	0.0	0.0	2	-0.01	29	15	14	1.0	0.0	0.0	0.488	0.301	0.71		{"168b4bbb-1c9a-437f-9d9c-c5b62e9b2bc4": 1, "2216ad28-3b37-45ef-8516-4daa97d7b274": 0, "26621d32-43be-4d05-be0d-9977b52cd8af": 1, "2ef95d19-9039-4938-a65d-afdea24b2935": 0, "37c7b818-400e-49f0-bada-90d776adf2c2": 0, "3d2620e0-4879-4b8f-b16a-f3a22e46a6de": 1, "3e8816d6-4c60-4cf3-b9c7-690660a6c81f": 1, "3f15aeb5-39b4-472d-8be5-b7831fdc9579": 0, "41b1b28a-775a-4894-8593-514b8c1cab21": 0, "41eeb9a6-9bfa-4374-830f-60d2cb3cad15": 0, "441071ed-f33d-4841-ba71-e50e3af5e893": 0, "4fe3af4b-8d95-4f5a-b46b-c96a3d3ef6ae": 1, "598a86d5-a2f3-4c87-9c6c-3d772d17541e": 1, "7aee4526-8695-431e-86d9-67ed5e2ade40": 1, "840a04a1-ee6d-4fea-9e63-745cc45f9d2d": 1, "865779f1-4119-43ce-9332-ba8780007a19": 0, "8cdf2342-a457-4235-8c8d-6012e52b1d7d": 0, "9fe9b7e1-d357-40ba-a257-1e36aa8961b3": 1, "a391bda8-2b64-4eaa-9f04-814ea3a690c2": 0, "a69d35c7-28a8-48f6-adb1-48fff4e3c333": 0, "ab8b1ba3-1b5a-492e-9045-ab60fb8e123b": 1, "ad84db93-9980-42db-82dc-256fb1202c8c": 0, "c550e921-cbe5-4f77-a30f-e9cd3cb275a4": 1, "c784f1b9-51d5-4a2e-b4b1-0e4829bf7f38": 0, "c8c69322-a9c8-4c5a-8814-cd8c17788610": 1, "dbbdfca4-35fa-4f36-9f87-c78475ee839a": 1, "e6319fe1-e497-431f-ab8b-e1b4a80d40de": 1, "f558ee9a-13f7-4005-aeba-18b5d620275d": 0, "f5f67773-8079-408e-aba2-a15759e3e286": 0}
70	5000	23	820	834	23	0	0.988	2	1.0	16,7	0.7	1.0	1.0	0.0	0.0	2	0.825	22	15	8	1.0	0.0	0.0	0.909	0.111	0.067		{"0915df3c-d5d3-458c-a63a-49e10483c146": 1, "0bd2f64c-45f5-4e75-96e2-f3bc9c8f12cf": 0, "11a2855b-6a5d-4cc2-bcd6-1ff158924128": 0, "2ee2eaba-4828-4fae-9113-27dea7576dee": 1, "31f59ef9-780e-4b9a-85c5-1dbc1bd38aaf": 0, "3efacc6a-a530-481d-9203-56b557511aac": 0, "4a36adc1-101d-490a-896e-ed6d0dfa481c": 0, "4be3f2e8-8325-41a9-b22f-6f7e8fa17443": 0, "6581097f-ddf1-4df1-a490-5bdc4599d597": 1, "808f932b-602c-4e10-b140-43338b00d41b": 1, "810247d6-d0e1-4249-8ded-73dfabf60193": 0, "84e161fa-3932-40ce-8a38-aaaab2f0461c": 0, "9696eabf-e700-40ee-827b-d73d2da7c59d": 0, "9a07f25e-36c9-4ce6-8fdf-5229fc8adc8a": 1, "a61f0f50-a8d8-4b3e-a455-0051d3213a21": 0, "ab803a11-1a4b-45a0-a53e-d4b160e7212c": 1, "aed6738a-ae47-4945-a94b-f2eb9169ab04": 0, "b62a77b1-cec3-4faa-9deb-c71a6ff03c71": 0, "bf216ab6-e6c5-4a04-bb2c-963b6cbe0216": 0, "c7b11e61-afb8-4f6f-8a0f-c64085bedcb2": 0, "d97e703c-8de3-4b07-8cf2-83029d57dca4": 0, "e1b36888-2f22-41a0-b8d1-d362044db5fd": 0, "f578e5e9-b201-42c4-a94e-efd661f6efc9": 1}
72	5000	27	373	389	24	0	0.997	2	1.0	15,12	0.9	1.0	1.0	0.0	0.0	2	1.0	27	15	12	1.0	0.0	0.0	1.0	0.0	0.0		{"024eb42b-328d-4661-a589-c59b6502f233": 0, "02bb6010-07e9-4f91-9683-cacd3720f928": 0, "135627c7-9dfd-4830-92d3-54d4218cc12d": 1, "1953597b-a818-4bee-93fe-0d0d331252c0": 1, "1cdacfc9-fda9-403f-8a17-1eb8387798d7": 1, "33545eff-9ea6-4c3d-b5dc-997071ec1299": 0, "35959c0b-5d21-4f83-b179-de1a5d73475e": 0, "3fff919a-1c8c-45e6-9455-bc9ce3aad6af": 0, "403cf485-9655-4d5f-96ed-28d1c57bdddd": 1, "407b233d-f099-4e70-9c01-ab8c8dddd300": 0, "464925d2-0cc0-4433-a59a-694e0b126108": 1, "5486decf-f444-4ca2-a4da-dea984f69727": 0, "583a6978-53eb-452a-b73e-7bf77126fe44": 0, "6877c1dc-61ff-4b67-a39a-85753876dd4e": 0, "772dc3b1-045c-4709-9234-7f001ef7ff9b": 1, "79df1b45-6519-4033-872d-d3fa18b36db7": 0, "8ae39b3c-1abb-4217-9a40-6ed4742e9f6f": 1, "8cf0e207-3724-494e-875a-e8006fcd7001": 0, "9c2e8e14-ee11-4223-b7b9-b2d757fc0ded": 1, "cb5f5a01-102f-4bdc-a896-cfdac62f26e1": 1, "d63c94c8-163f-43b1-acc5-c2da670c5f0d": 0, "ddf66e97-92aa-4928-b78b-3b9123710d00": 0, "e2dea75b-e67b-4f81-8edc-42bf486ea951": 1, "f2549bf2-fb08-4eb3-b753-b93d860cbbb0": 1, "f2a3c810-f9f8-4a8a-9389-51b81264ac72": 0, "f6179595-1640-4383-be46-9537a1a45c0a": 1, "f650e3d8-8b58-45a6-b337-8d7bb1758fcb": 0}
76	5000	28	1177	1053	65	0	0.963	2	1.0	14,14	5.6	1.0	1.0	0.0	0.0	2	0.857	28	16	14	1.0	0.0	0.0	0.929	0.071	0.071		{"01c454c9-e34a-4f9e-ab47-007816e10000": 0, "212cfde2-12c5-497e-97b2-2c5b5454d766": 0, "313d0e41-c09b-45f3-aee2-b338fdb40f09": 1, "37072ed4-be36-417c-890d-8fd40e732c4c": 1, "3b7c1956-be9e-4ed4-9528-c85c616196c3": 0, "3dda110e-b993-4e37-948f-0f91147f438d": 1, "401a6118-81a8-4ea5-a351-0fcfed157268": 1, "52902025-1ae9-4e24-a965-66b9df6e3c7f": 1, "5a2470c0-437b-45d1-b914-49d6eee11e71": 0, "5d808656-3762-47b1-9d99-f51fa9b07697": 0, "624f0bf3-e02d-4179-95ac-1ee68c73cf42": 0, "6496f25e-df7f-43e7-b924-a32e154f2d38": 0, "6ab2ee5a-f2b0-44aa-b2f4-b77b26340b6a": 1, "6b4df8e4-6423-4eda-af97-60bf25aea383": 1, "72619a68-3124-40c4-b0c2-3ac5a6170d8f": 0, "75e3b29a-d6c1-4482-8e9c-61611444fae3": 0, "7b270c30-dbc3-4bd5-a19c-94fc77b791f9": 0, "9294e028-eb6b-4628-8e8c-6a0c1846aa5b": 1, "96eef3bf-9958-4061-8a3a-9e0bd1a19ca5": 0, "a92ca7c8-3c33-4fea-8671-471e3d113e5e": 0, "aef2ae14-1b56-47eb-a0af-9330366a6ed7": 0, "b46c8893-2c84-4686-8c36-25afd92992c8": 1, "c19892f3-8919-4f6c-8c43-4e75e47cc7b9": 1, "dbeb0d34-db93-4f42-90d2-7effce328c01": 1, "e36cfe3d-da98-4fee-865f-7d20752fc87b": 0, "f18258b2-abbd-4cf7-8de5-91ea83f584ad": 1, "f30e23b3-3e01-49e2-ba46-612e3591888c": 1, "f77bd873-4c1c-4ce2-a73c-13a85d85a71b": 1}
77	5000	29	73	7	0	0	0.081	1	0.483	14,1,1,1,1,1,1,1,1,1,1,1,1,1,1,1	1.1	0.5	0.0	nan	1.0	1	0.0	4	1	3	0.333	1.0	0.333	0.5	0.0	1.0		{"0923187f-046b-4f0f-9998-0fac7233c621": -1, "094b64fa-c827-4fd4-ba46-5f91924ee2a7": -1, "13a30f3c-c9cd-4051-9ad9-ed3b105a5e89": -1, "1e6c2c42-e411-4ad4-9116-8984368b3191": -1, "259cc075-bb26-4789-af7f-d578ab03b2ec": 0, "2701ea68-629c-4858-9f80-a2b3e07faaa0": 0, "2de1ddc3-7a12-429a-8f37-14fc710d5887": 0, "3d999f1c-4aae-4ec4-a1d4-78fec15846dd": 0, "41b7d5fe-44ce-4418-a810-8dd81e4726ed": -1, "4cb4d67b-46f7-4d44-815f-2fed2c2a16f0": 0, "4efc41c3-fe76-4519-8ca5-cb9678a76d80": -1, "52fae6d2-3af8-476a-8881-156fb3d7debb": 0, "552c2f6f-a7eb-44ed-8cd3-c3a4f0cec7ea": -1, "5a76ee59-f91b-462b-ae75-e0ab91d5d24a": -1, "68163094-23c7-4d63-901b-96f0867b3306": 0, "7f5c1b22-d549-4188-b51d-efc203cb3a63": -1, "83865186-67db-4495-9cdb-67e0e003e983": 0, "8be4edd0-27d7-4d72-952c-6fed496bc9d9": -1, "91c8b3ec-87d7-478a-b6fb-f748531afbf4": 0, "96e4b096-a546-4cf0-8984-6d8ae9f33223": 0, "9aa736ae-5409-4f8a-9c0d-362efaa14ae1": -1, "a0608f40-76b6-4a5a-b032-6900c7259dea": -1, "a2b52896-2e7f-444f-90bd-c5f968137432": 0, "c778fcfe-e194-4862-b41d-c75c48ccfc5c": 0, "d1f86fca-b0b7-40c6-9e0f-280308b0ddc1": -1, "e1888268-eb55-4c40-b515-63b9dac57862": 0, "e96be3ef-cbbb-470c-b2f5-39f05d2de93f": 0, "f67d5b73-e278-40bf-9afe-6bab1ecb3477": -1, "f76e0b86-a79e-401d-97ca-f58d85c926f9": -1}
82	5000	24	228	245	21	0	1.0	2	1.0	16,8	0.7	1.0	1.0	0.0	0.0	2	0.833	24	8	17	1.0	0.0	0.0	0.917	0.101	0.062		{"18c8f3e9-1396-4f10-93b6-33a9a3964195": 0, "3bc54044-7704-45b5-8637-7f882c592664": 0, "403e7ded-dd88-4acd-88e6-a624a83b13fb": 1, "4232c6e7-d033-4e20-8702-c4c6dced1c97": 1, "42af5872-3eb1-4339-9913-d311b74c50e0": 0, "566d7417-91ec-4211-ac44-30c526b71173": 0, "62414b08-c284-489c-a875-94a4b3b27293": 0, "634916bc-f702-4da2-8e59-32849e1eaaf8": 1, "64d06cce-1b5c-4986-97a6-bc55aac6f615": 1, "65a3503b-26f7-4721-ab45-7ab8c86a7e50": 0, "713d8015-d565-49c6-a09d-e8a50d1330da": 0, "7275551c-d3e0-40e7-9195-fa9b7f15ff43": 0, "79584d18-b3bc-493d-8397-4db620195d97": 0, "7c14f1e0-b993-4ab9-a6da-38bbc21ecb46": 1, "8b5d0269-da5a-4f1e-9931-90f23959b1c8": 0, "9ad2b900-69fa-41ab-985f-e451d2c8a552": 0, "9dc70ca0-b827-4e8a-b084-0633249c9542": 0, "9e43564d-e1a8-4554-8cb7-6422c02d779a": 0, "a947c252-ccf2-48c2-be66-f4abaf370508": 1, "adecb6f8-bf62-4f33-a204-2018227a4b0f": 1, "bd333650-f24d-40d7-85e4-c4637426fdba": 0, "be2d96e9-1b96-49c0-a0e8-d1a7c9692aff": 1, "bf4a0a79-8edb-4eb2-a964-d92d8098c890": 0, "f314c96c-53e2-4660-9634-ae11a3c98eb5": 0}
89	5000	26	286	302	25	0	0.994	2	1.0	14,12	0.9	1.0	1.0	0.0	0.0	1	0.0	18	10	8	1.0	0.0	0.0	0.477	0.0	1.0		{"034f7ee9-4dd6-41d0-b236-2d64e6e92dd0": 1, "0536064b-55c2-431d-ba73-bd6b18f31087": 0, "0b3d7770-ab1a-40be-8cbe-8d20313bad58": 1, "12dd11d4-f6f2-4d12-8067-188c63baae75": 1, "15435098-0281-4a54-ae3e-d7224f4b1de7": 0, "2a8e778b-1703-48d8-99d4-3c3ae7f0bbc4": 0, "2ed9ad49-e17f-4454-b91c-91fff7c55604": 1, "353f2044-1c79-4343-b908-233d36c1ed94": 0, "3be520b2-e1f2-4191-a16b-45fc230c9cad": 1, "462a9113-4ad1-4134-9366-6f7bf665bce8": 1, "5337281a-e04d-4268-9960-7fa988112d30": 1, "6b1af495-cf1a-46e1-b8e0-864065408426": 1, "7de1ae9b-f511-4545-a954-fb9e3d693ae1": 1, "81d0d56b-6567-4202-8969-50a5815dc8e3": 1, "8a5101e3-45b5-449e-8c66-90e95c08237d": 0, "8fc5ac51-7906-49fb-931b-eb767a9511ce": 0, "a125fe06-bcb8-41cb-9796-67e22f641090": 0, "a606c890-929c-4742-b6f1-24adac30237e": 1, "b03aa4fe-4444-4b9f-8257-a3e95ddf8710": 0, "bdf43065-7399-4e14-906f-e1731a84edfb": 0, "c75a7400-41cc-405f-851b-fe9753bc0485": 0, "cc74cff1-cfdc-414d-a0e6-21c2d54d2275": 1, "d5961a17-de6e-46cc-8403-f0a02185f50a": 0, "dbd4c66c-abe8-4054-aece-811eab2beb0f": 0, "f7868bce-8a13-4ee2-892f-0cf21cea4251": 0, "fe50ab53-4440-4b47-9702-25d07e7227d3": 0}
97	5000	21	529	539	21	0	1.0	2	1.0	11,10	0.6	1.0	1.0	0.0	0.0	2	1.0	21	12	11	1.0	0.0	0.0	1.0	0.0	0.0		{"024da220-eeae-4b13-a4b3-bc9ba42d93c0": 1, "03936df1-8a33-4889-b3c6-0fba442b5f06": 0, "0a7d555c-0453-4c59-bdad-c7e1266b99c9": 1, "0c4cdad4-c249-41d5-8522-1bbb73c1087e": 1, "11ed2a19-4ad6-4800-bd2b-e13c2c9b4133": 0, "18167a1f-c535-4031-a9b4-f309a8dbf12f": 1, "18a9e969-57aa-44a9-bc9c-e8b390eb48fa": 0, "336b6a5d-a93c-4e69-8141-5d3beec826b4": 1, "3a6d41cf-abf0-4ec2-8bb3-8ebcc9f49efa": 0, "4332113f-3d87-4476-b477-c5ca778c0cc3": 1, "55e9eee3-d503-4f00-97c0-1536615e7634": 0, "6dac0984-9234-4014-935e-da669e837086": 0, "89a91d99-db79-4b2a-ba0d-156f159a5652": 0, "8cefd6c4-788d-4305-b9de-ab8a69924144": 0, "8d9d15e1-490d-4f91-9711-6f642fde99fe": 0, "a2857f50-76a2-4cca-86d2-99b6facca8a0": 0, "a389ac9d-4ba2-4985-a2f5-2cbc7e2f55c2": 1, "d90ea4c5-4c41-4b76-98a0-d2c03f1f9e09": 0, "f1aba4b9-a513-4ed6-b5ff-f9befc9a7f9d": 1, "f547a571-7c61-47a2-870f-68119bd623ce": 1, "ff27b448-de4f-4aac-be6a-ea867e2827a8": 1}
109	5000	29	205	208	26	0	0.99	2	1.0	16,13	1.0	1.0	1.0	0.0	0.0	2	1.0	28	16	15	1.0	0.0	0.0	1.0	0.0	0.0		{"0fb03e3d-0092-4e95-adcc-3b9d0c7d3395": 0, "19f64109-f95e-4ad8-8be9-4b868b403772": 1, "270ed7ab-ca80-4b21-be81-e738146dcce6": 1, "2a4a925a-c25f-4ac6-b370-a34c48fba5f8": 0, "3ba7f543-4991-4e52-bd9d-5cabf6d96338": 0, "3e428a7b-d420-4440-b2ea-912bf1e21b75": 1, "4aee2e70-e528-4833-a409-7631d3837b29": 1, "4b8671a5-219e-4a99-96b9-115e73f76fec": 1, "4ca02f9c-eed0-4d4e-85d7-41ff6fe68b2c": 0, "5d243019-0628-4441-9f6f-392e1edbc95b": 1, "70d90749-1619-47a5-8640-053f34d9b41a": 0, "83524036-ae32-4501-83fd-9f9dbb97bffe": 1, "83733692-0d5d-438e-97ea-9607f93ddd34": 0, "857c6054-2a1f-4894-aee5-a9c542b92316": 1, "99930074-1723-4ad6-8ef9-8e1ead692e81": 1, "9f934a32-ddf8-4831-b713-02051f45fd5d": 0, "adb50b22-98fc-4396-8c17-5abe89e94c85": 0, "b21b48ab-04a5-49d7-a28c-5d8141914064": 0, "b3dc91d4-e365-48ea-bf10-61f865c14129": 1, "be49331f-4c1d-4a8e-bb99-41cdee45b795": 0, "d5f9d232-0e61-4114-8bcb-114f68b8c364": 0, "d6edc823-2eb5-4fd1-a87a-e7e05fbdae0c": 0, "de8ddf4b-1e8c-4882-87af-3d262de16eeb": 1, "ee6a6e67-d6bc-4c13-82ac-35e72d87e39b": 0, "f0add84d-79c0-40f0-9549-2256decf4051": 0, "f3975876-81b1-41c6-969a-65bd385d5fe1": 1, "f468d67d-474b-4360-bbaf-94032ff18944": 0, "f4da83b5-17e8-4d54-aa55-2893a7d9fbf5": 1, "ff2f5d0e-cd6b-4d4d-ab29-06d2294220f3": 0}
114	5000	26	14	2	0	0	0.068	1	0.5	13,1,1,1,1,1,1,1,1,1,1,1,1,1	1.0	0.389	0.429	0.0	1.0	1	0.0	18	9	9	0.51	0.875	0.148	0.471	0.0	1.0		{"016f1c18-7840-4d21-8d85-0dbf3dfee54f": -1, "0dd0b02c-4a7c-48b5-b37a-ee7f7ce5d5ad": 0, "1051ef16-a7cb-482d-b7fb-1a55accad90e": -1, "137ce419-70c2-4caf-a2bd-c0f0e7a49540": -1, "229f91d8-5515-4d91-83a6-ca16b040c804": 0, "22e3079f-1d96-443c-b975-9fbdef04befb": 0, "2efe795f-c346-41d3-997f-171f60742111": -1, "368fb7e8-538c-4940-84c7-744046f4e5b6": 0, "38e61e5e-e45d-4ea8-9929-132fd3982977": -1, "3c17ac2a-43d3-4d3d-adfa-61ca238a77b3": -1, "3e29679a-e4bb-4d0b-aed0-efff3abc6a4b": 0, "3f9cfadf-9e03-4884-bfb3-7af9d2db1b15": 0, "6e8c939d-37d5-40d5-bcaf-d3b57544bee5": 0, "7ca8504d-5550-4c9e-8b2e-cf3b71cdc946": -1, "8448826b-7cbc-403e-afd7-c35936a722e7": -1, "8a463c40-75f6-49ff-be49-01780c02cf88": -1, "a053d967-81c4-4f93-824d-dcb90b0e7ba0": 0, "ae023472-5eb4-4fab-b680-ddd7d696b658": 0, "b21dfeb0-cee4-4059-91e1-676955f6f813": -1, "b8c29651-b2dc-466e-889f-cf2b707c1851": 0, "bca3f302-3e7d-46ae-b595-2006e08f3905": -1, "c9327bcf-f446-4f41-ad1f-0bb92e4993c2": 0, "d68c3342-462e-4d64-ad8c-094310633e32": -1, "db1dc09f-5776-4279-8491-b57f2199e5d5": 0, "e05b052f-859e-4f4e-a0c2-d6e6d76f7b9b": -1, "f3cc440b-1be2-4135-a50d-78848d332b01": 0}
120	5000	16	199	207	14	0	0.992	2	1.0	9,7	0.4	1.0	1.0	0.0	0.0	2	0.532	15	10	11	1.0	0.0	0.0	0.752	0.275	0.222		{"0003adb9-c113-4219-b181-9311c110221c": 1, "0d9c2911-aa76-4806-ac26-7f24bf23a840": 0, "0f431df8-42e7-4a59-9c8f-4f8354adbd3d": 0, "29e8a473-b83f-4f42-9ba2-da58c04d909b": 0, "300baca2-09fa-4889-ba04-7516ba176d24": 1, "36aebe58-6c6a-4ee9-9106-3c9a69175ac0": 1, "598ac1b4-748d-42dc-a4d8-906480c238aa": 0, "71e8fb9d-bd6c-4f05-b4e6-f58e5cd2a8a1": 1, "82019662-e662-47a5-a27e-72a14879a5ee": 0, "990dad97-fc52-433e-8fab-aa8d838536c2": 0, "a8271d1c-03f8-4475-9486-1c19d85a438d": 0, "b9e30c82-532b-4e72-9d38-5b64c7f977ab": 1, "bd68e06b-7536-4b86-846a-77ca9ac0f1e5": 1, "ce7ebca4-f53a-407e-8ad2-efcb83d5c3d0": 0, "d41a2514-0665-4c62-aded-dac5f26d8c26": 0, "f0df4479-45d8-42a8-a117-43404ba536f4": 1}
129	5000	23	143	141	34	0	1.0	2	1.0	12,11	0.8	1.0	1.0	0.0	0.0	2	1.0	22	11	13	1.0	0.0	0.0	1.0	0.0	0.0		{"1043495a-22ad-413c-8230-ffd3876eb2f4": 0, "18d5f929-c74d-4585-924b-3c2895867fde": 0, "214a6354-761c-4d18-8df5-678e12d24c23": 0, "252ced03-517d-4257-9d16-30584d569f5b": 0, "25949272-cc7b-4a27-9672-cbfe14754d51": 0, "2775ce6e-bde1-424c-88c7-79181b3ba3b6": 0, "2917581e-ab70-4843-b1ca-e52b04ccae62": 1, "3255711b-0b0e-4bf0-824e-53c886ea3a98": 1, "403fd4b5-37fd-49fa-93aa-a06abc0c81eb": 1, "46c9b051-7486-47f4-b598-917fa2ebe1ae": 0, "60d4824e-af74-4544-af3b-d6f043cd9089": 0, "6aa5ffb9-5148-4cf0-98c0-187fbda939d4": 1, "6c3097b8-0140-4b0e-a65d-00ee7990210b": 1, "78248b31-c442-47c3-a52e-c05bb4e6780a": 1, "87f409aa-2745-4071-8ec3-cf7489f0011e": 0, "93c237a6-9161-4e43-a662-d58154b21449": 0, "d0c8f172-a14c-4064-b3ec-48d630f5c85f": 1, "dd646947-3847-4056-b2da-1868a74f6d20": 1, "de1e3b94-ed46-46db-870d-a450f174fc82": 0, "e2ff3b46-3445-4bb1-9301-fed3071ce554": 1, "ee69863a-6c94-4338-a3cb-f36ba81957f1": 1, "fe2187ff-abe1-457c-add5-3ef8809a7e48": 0, "fe4c8637-dbe9-4754-bced-ba2d1daf4d65": 1}
130	5000	25	152	116	21	0	0.977	2	1.0	13,12	0.8	1.0	1.0	0.0	0.0	2	1.0	24	13	13	1.0	0.0	0.0	1.0	0.0	0.0		{"08104496-1297-4c37-94a7-ee90fef31ecf": 1, "1043495a-22ad-413c-8230-ffd3876eb2f4": 0, "1207172c-a5a6-450a-a2f3-8d49091d4073": 0, "1267b433-3a65-4ab9-9ccc-a1f319179e97": 1, "1cc95ce2-0583-4c7a-a242-83fd6ca1ad5b": 0, "24cbc1b3-92c6-4912-a50d-0e1bb4a8eec8": 1, "2a3664d9-4c5a-468a-8820-18a66430b414": 0, "3255711b-0b0e-4bf0-824e-53c886ea3a98": 1, "38d1697e-1ca7-403a-b266-408d12bbb313": 1, "440ab3e0-5169-4bb7-81b6-fb4d9b2143fb": 1, "47f51cd5-1ab8-45aa-af1b-0ae76a0e8c73": 0, "56b13f80-b7f2-4438-92bb-60f3d7bea492": 0, "60d4824e-af74-4544-af3b-d6f043cd9089": 0, "67c3095a-6ff5-4000-845d-0148df65481f": 0, "a14b104d-ad96-416c-93b1-ca1855291806": 0, "a173ddda-31e4-4427-9bec-332e14e0c426": 1, "af8f4446-eab1-40e0-b587-0155dcabcc98": 1, "af9133db-cadd-4261-872c-d35cbb145728": 0, "cfcc2efd-09fe-4758-9dd3-958f6b23203f": 0, "d0c8f172-a14c-4064-b3ec-48d630f5c85f": 1, "d717d8c6-b328-41c4-ba21-e915c8651ba2": 0, "dd646947-3847-4056-b2da-1868a74f6d20": 1, "ee69863a-6c94-4338-a3cb-f36ba81957f1": 1, "f524ced6-a738-4726-b740-c1942d7563ac": 0, "fe4c8637-dbe9-4754-bced-ba2d1daf4d65": 1}
133	5000	21	97	80	1	0	0.819	2	0.905	10,9,1,1	0.6	1.0	1.0	0.0	0.0	1	0.0	19	10	10	1.0	0.0	0.0	0.474	0.0	1.0		{"20e3291b-609b-4b2a-a98a-0052b011545e": 1, "25aabff7-96dc-4f79-ab91-81bb01fa5677": -1, "2995b938-d0a8-4b74-bf49-6fc0308abea0": 0, "2b77bd13-94ef-439e-8758-8ba1522011e2": 0, "3092bf08-6f71-40a6-91fb-27bbc5e74f88": 1, "42892df0-2ee0-43a0-aa19-9d9fd939b197": 1, "45ea0fc0-b035-4aa9-960c-dc93e04a2f35": 0, "4f9329b1-68e8-4874-afed-000599261fc5": 0, "5bbbcba2-dc0d-4f1a-8b09-d9e96237c23a": 1, "5c698808-c50f-45e3-9196-f6527bbf0f22": 0, "70306aac-451d-43ab-b874-5da14ff7da51": 1, "845079ad-304d-4f2f-85be-86076da18f80": -1, "91617154-3e99-4c5c-b701-65a5c2934054": 0, "93f2d1e5-dde1-4f73-9a67-ad5b19221815": 1, "9f2494c8-8100-4dc0-8049-713f8d41591c": 1, "a2054212-235c-4f4b-9526-dd694aa1eae7": 0, "a580ecba-e825-4b81-996f-19ce9982d9c9": 0, "a7c296a3-a949-4b53-84a1-0d32a2780e9d": 0, "a95d9578-2caa-4ddd-a1ca-b1424c6ac19b": 0, "dd63d60c-3e11-450f-8f2e-7cee1d0ddf39": 1, "e3381927-2a31-4990-a7b8-3eeea4ae6677": 1}
142	5000	23	69	5	0	0	0.087	1	0.696	16,1,1,1,1,1,1,1	0.7	0.8	0.5	0.0	1.0	1	0.0	5	2	3	0.6	0.25	0.5	0.4	0.0	1.0		{"0b7284b5-eaac-47b8-b38b-677a17959f8f": 0, "0d8d3863-95bf-4752-b345-954b85769324": -1, "113da2c7-8ea0-4793-ab77-46c80f544f5e": 0, "140cd990-64d4-4828-a84e-fd86f838a1cc": 0, "1dda56e4-c297-4856-93d7-c9f176f102b7": 0, "22ad69d5-56b3-4ae4-9f5b-ed27150d7675": -1, "22d4bc39-37b9-466c-a778-5ed83f271546": 0, "2dba6ff0-0913-4b8f-b1bb-bd3754fe61bd": 0, "30ef045f-04ce-4b16-9ca0-ee6710369d7b": 0, "52d70914-ec67-4451-9dbb-610d4e0fc795": 0, "59968897-50de-48ff-aae8-51c2605b2615": 0, "5ed726c9-ed2e-4829-8c1a-0f63fe9375e3": 0, "689adbc4-d709-43de-b31e-c766567be795": 0, "762d71fe-2e8d-4933-bdad-78592d71c093": -1, "99a9eb3f-fdec-4ab7-97ae-0214c9c2ad13": -1, "aadad381-5c5c-4be5-bde9-a5e352398b3d": 0, "b955f883-8187-412a-8690-f7d322fb2110": -1, "bcca48b3-ad41-4b79-969a-edacf6ea908a": 0, "c2595c22-6161-4a16-8b23-fa4fc21a7acf": 0, "c4501f8f-8ad5-4473-bb9f-91f088a51bda": 0, "d30d9f8d-9bca-423d-998b-05a3fd024cca": -1, "dc0bd317-1457-4532-a165-cdd5f4dfd879": 0, "f6965cba-4cd3-49b7-8c74-879b534715d3": -1}
144	5000	29	860	877	56	0	0.919	2	1.0	15,14	1.7	1.0	1.0	0.0	0.0	2	0.493	28	14	16	1.0	0.0	0.0	0.746	0.22	0.286		{"074bbe04-27eb-4199-b7d1-4ff9019739e2": 0, "0bbdf7a0-673c-449a-bcfe-b8e512b96462": 0, "0e1f4ad8-47fb-4535-9eff-d3c2d7e53069": 0, "180149c8-9af7-4bed-83cf-ec57eb618950": 1, "1840acf2-3614-4f42-898c-18f95259edbe": 0, "1a3d91ce-5197-4487-ba46-9c969e565929": 0, "1d74d008-5dee-4ac0-a080-167c8b982ac5": 0, "1eecd224-d4d5-43cf-a34d-9cb8f264dfaa": 1, "255ce4eb-8203-4314-a86a-1f1aec1cdcf3": 1, "2584dd3b-1ef1-4303-9087-2b33c4145597": 0, "348a7ae5-2e26-49de-a7e4-9ea352496fca": 0, "44f00a67-cd4a-495d-8b59-065c3d79d753": 1, "57df2687-f83a-4da3-a400-76677115e012": 1, "584f88f4-758c-4538-882b-40e1083aa07c": 1, "687eed75-6416-4cc9-adbc-24f919ee8638": 0, "6d0d2f42-6857-412a-8984-b3c37b304e1e": 0, "8d29d618-fb15-4a76-a8bd-e0281d9a387c": 0, "8ea6b3f5-ae08-4d8a-a94d-4b030ca6fbf0": 1, "9024b365-2d37-41df-89f3-dd8707230622": 1, "95af2f8a-3fc4-484d-84ce-4b64bdf32300": 1, "9b694a64-fc7e-46ae-b6f7-da3e7e7277df": 1, "b1a0b4bb-d411-4687-8603-a3c669b7a211": 0, "bbadd6b2-9e35-462b-9189-3d7ccaba8ec6": 1, "c47ddc39-8275-4092-b865-e6af88e30ac5": 0, "cadc6c90-4a43-4c94-b02e-b80e1c349961": 1, "cd2dd197-b2c4-474d-861b-83e1785fa8f3": 0, "e0ea490c-ebf6-4434-8097-0dd1942fcfd4": 0, "e3a3f4b4-5a2f-4864-a647-086c4f2fc411": 1, "ed682389-d555-4892-a2e8-03e70433f6b0": 1}
156	5000	21	21	3	0	0	0.076	1	0.19	4,1,1,1,1,1,1,1,1,1,1,1,1,1,1,1,1,1	0.5	0.25	0.5	0.0	1.0	1	0.0	16	9	7	0.525	0.947	0.048	0.475	0.0	1.0		{"000d96b0-f018-4dac-a6b2-9687cd156ae8": -1, "0b1e3df4-1156-4d80-bf2b-71c1fac1351b": -1, "12189277-e764-4f59-93c1-258954e58cb6": -1, "25058aca-bdda-4e36-b34d-feea7212cef6": -1, "35b44e17-b7e5-48fb-b4bf-57777dcfedc2": -1, "54b53c2b-0238-4cb6-86da-b01438b7a8e8": -1, "553481af-3060-4121-a65b-857c59e022de": -1, "59b99e1c-0703-4fd9-8209-980336a23100": -1, "65644069-6463-4a6a-8736-1c06b8caac25": 0, "68023b61-3592-402d-9219-77e81dbb07a0": -1, "75e640fe-2666-4fa6-b816-23651a1ddab9": 0, "799f9d24-6cb4-4d45-a1f7-1dcf1d9742b7": 0, "8781f938-f236-4196-a5b4-ec9a35d7141a": -1, "89d07d31-55b4-4467-84c3-9776cc2d3d83": 0, "b7409438-e2c0-4c36-9a12-32cb4c52cc9c": -1, "bf8a730c-afbc-41f7-bfcb-e58ec68b196b": -1, "c0f78c0c-067f-449c-b532-753465a401ed": -1, "c738ef96-43cb-4c48-b791-0e6528327ab2": -1, "cbc0e7d9-7031-47dd-948f-a442a3560f49": -1, "e91900d2-d57c-4df1-8a8e-b9bb9ca9dcf8": -1, "ebd79c6c-56b0-4361-8f83-4b46064f430c": -1}
170	5000	23	100	108	42	0	0.957	2	1.0	14,9	1.7	1.0	1.0	0.0	0.0	2	0.194	20	8	14	1.0	0.0	0.0	0.605	0.404	0.385		{"0fb9069b-a19b-43a8-abc0-0a828643782f": 1, "14ca256d-43c7-43f9-82f0-1ea5274c178c": 1, "15f39428-97e3-48ca-adaf-88c1caa16cdb": 0, "1721e5e9-6c0d-4dd0-b78d-e1fcd790d696": 0, "258fad8e-e6e1-4f5c-a7c2-25368c927c78": 0, "29949cda-0b12-4f7b-a487-810fa4b1aa5e": 1, "2c71f31f-09d9-4e8f-8782-f13678c7b188": 0, "372bb724-ce53-482b-be4d-4dce0d0f6552": 0, "39765e1a-3949-4532-a4ec-f95552873d13": 0, "46fd7b7e-2bf8-4015-b065-2ca73a2c6a78": 1, "4a8f31b1-12d9-4429-b3ba-c5881acc6bbb": 1, "4ceb09aa-3fa2-44ad-9d46-d3ae23cf91f6": 0, "5d94003a-c87d-4f8b-a50a-5dae38931a07": 0, "61843885-bc3c-43ee-8c3b-39df378fbde1": 1, "663fcaf3-368c-4fa9-a55a-eac5a9b9a359": 0, "6f0cd7a1-457c-4510-a2eb-032602b558ca": 0, "7e95b5ab-5a58-4903-8fdb-30f9d73e3e4c": 0, "89adc071-ab2f-48b2-9ba7-2c66d22aa4c3": 0, "aebb21cf-86c0-405c-99db-7aed4c2fb100": 1, "c0de863d-eb49-42f7-a8d7-07ff6714241e": 0, "cba9d8c8-1b8f-4892-a301-08f1f461b54b": 0, "dedaa9b8-68a9-4f60-9443-fd1726aedcf7": 1, "fabbefae-e5a2-46eb-ac0e-4b0c95e96626": 1}
173	5000	14	152	127	11	0	0.967	2	1.0	8,6	0.5	1.0	1.0	0.0	0.0	2	1.0	14	8	7	1.0	0.0	0.0	1.0	0.0	0.0		{"1e53b7c6-9c6d-40c4-a4d5-fe314cfe569a": 1, "3ae731eb-a7fd-4a63-b9f5-178c1c30a3ca": 1, "4f04eb45-0bdf-46f8-a243-03e38e22454c": 1, "6f2bcac3-c0c2-4779-8ed6-159092e07ba5": 0, "710bdbc6-0b06-422c-a2bc-c408c38d4ffd": 0, "851f4503-2a23-458d-b7a8-b1a6ebdfdc7b": 0, "9fb3770e-0a5c-4b86-bf5c-ccbf9671d239": 0, "b1cd36c3-923f-4089-9726-dc49cae309b9": 0, "baffcb25-0b54-4f95-a61e-1e2f52dc3fe5": 1, "e3db5a20-0654-44e3-9fa1-a3b7b26f6684": 1, "edbb19e7-3c0e-4aa6-ab6b-51300baeef11": 1, "f5eefc27-afdd-4bec-a3de-0bba5eef27b0": 0, "f8a4562a-08f1-4552-9cad-3ceb29c3549f": 0, "fc04ff7e-961f-4a6a-aa43-a6c0bc306b5a": 0}
177	5000	15	103	80	14	0	1.0	2	1.0	11,4	0.4	1.0	1.0	0.0	0.0	2	1.0	15	12	5	1.0	0.0	0.0	1.0	0.0	0.0		{"0617543d-2f4a-4c98-b362-00f5e71bb4e0": 0, "0f627336-649c-4f20-b282-07850ea6a0b1": 0, "2311f1e4-9183-4275-b129-e72bc23507a0": 1, "39bcbd66-bbd9-442b-b2ce-b0069814093d": 0, "3ac000af-f71a-4eb3-b3e8-37ab024f8080": 0, "42486665-25a2-4e7b-a550-7d4bb1484a5f": 1, "4ae46461-8a35-4eb1-ade2-c3844abc8efb": 1, "7239ec9e-3265-48d1-828f-fe514cf7ad77": 0, "84ab3738-a6e1-450b-af21-986cba0629ad": 1, "a030da87-dce7-463b-a005-b0136e5dcf0d": 0, "ba5999bc-7174-4727-bc2b-35d51e6ef816": 0, "bd56c906-1aee-4e8d-8930-0712e664854c": 0, "be228954-7f35-44df-a1d2-3521fe2198b8": 0, "e486fe67-6c2d-48ba-9cc5-64730162fd82": 0, "e98d0d5e-76dc-4c9b-9c72-35531a78604c": 0}
187	5000	11	65	38	0	0	0.873	2	0.818	5,4,1,1	0.3	0.818	1.0	0.0	0.0	1	0.0	11	7	6	0.836	0.36	0.0	0.455	0.0	1.0		{"0611ef3f-e930-4bef-be25-172e268009f6": -1, "0620f41f-91f6-4295-a204-a6d9aea4defa": 0, "0911d8f8-9d0d-4836-9025-d9dcb28d1952": 1, "11d561d3-45e6-4533-9243-7511494551fe": -1, "5ec24a97-d5de-482a-b49e-9b9d63caf996": 1, "812be875-68da-4ec9-a756-ca8a47b055a1": 1, "945923b6-76c2-4611-8ff5-fa15d8743625": 0, "a83f8969-80fc-4ccb-b671-107230949e90": 0, "eac6211d-323c-426d-8ec2-b33fd759fb41": 1, "ed8388fb-9077-4bba-a893-42a9317adae2": 0, "f90ca7a0-9fcf-4db3-b792-9971a39afe5d": 0}
192	5000	22	53	6	2	0	0.177	1	1.0	22	2.2	1.0	0.778	0.0	1.0	1	1.0	9	2	8	0.778	0.0	1.0	0.778	0.0	1.0		{"005e1628-cab1-454b-a43c-7f3b44c9e432": 0, "0903884f-c34a-4a8a-b662-a385e878ea72": 0, "20b2fc8f-7cda-47b6-b17f-0bbd4d9509b3": 0, "319356e2-0acf-4dbe-abde-f1f597af9b43": 0, "32f695f3-9b68-4dec-b41a-0be528017bac": 0, "3b92f423-d87c-4313-8121-00d6848b65af": 0, "40aba171-f928-41cd-976b-bf6b23dc0532": 0, "5ce03713-6de5-430b-9bce-b8d633cbf450": 0, "5dfec9b8-b019-4dfa-96ea-81f05c92b2fe": 0, "6204e3b5-449a-4a34-8cb6-ddd3f5b6293b": 0, "7cd6cb70-755e-407a-b3d2-e30d469a0ba2": 0, "9e528d4b-21c9-463b-abbd-c0b86c96e723": 0, "a40b6bf2-e746-4cf7-8ee9-f1a9a0e9ed7d": 0, "a4eee476-54ff-4ebc-87d3-ff9b4753f179": 0, "b1cc2211-1ca8-43fe-bf0e-677c30006f8d": 0, "b7a519e9-f239-4b8c-bcac-4044c955e31f": 0, "d14e2c41-d897-4b82-8311-4e2ce0fa84a6": 0, "d6b5b527-ca59-4a95-bf22-135a99126d16": 0, "db760f15-466d-41b0-b1cb-4a0b2b522d3a": 0, "dba7b72d-e2ec-4400-81d8-7f859bd8a2ef": 0, "e03a69f7-1dd4-4120-af8e-6ae0d11f8fcf": 0, "f21d1e42-de2f-4aa1-9bca-eb1bbcd0124b": 0}
197	5000	28	137	103	1	0	0.902	2	0.857	16,8,1,1,1,1	1.5	0.909	1.0	0.0	0.0	1	0.0	22	14	8	0.913	0.168	0.0	0.515	0.0	1.0		{"16b9315c-8e86-49d3-8476-c8fc70884d99": 0, "23f1df28-5ffc-4415-9e48-d7194ca3d235": 1, "2835b8f3-5404-494b-8db9-720bb7e1cf21": 0, "2ac01843-1aa9-49fb-8c6f-36ed54b8059b": 0, "41ab015d-574e-4b81-9857-955ddda2d698": -1, "48004431-edaf-41b9-b978-05921415d6d4": 1, "4b137640-d460-4c25-ae6d-3784a17f1d16": 0, "569c64fd-e1fc-4636-a139-0e1620f4cf76": 0, "74efc281-da16-4930-9d22-24af98f49226": 1, "7c5887b9-aa04-45db-806b-2ce4b9b79081": 0, "7d23fceb-6053-4cda-880e-465d6a1ffb61": 0, "8239e71e-da64-4975-a1cc-2bcae73f2b2d": 1, "8a4d2428-7e52-460d-be75-1dd9ec74a125": 0, "9b756668-56e6-4097-a3ae-21e62a0c7347": 0, "a133929e-45f3-46a3-9f95-89934652a854": 1, "a1be6976-1f41-48d6-9157-c125e6e078f2": 1, "a40ff048-7c10-4ba4-bdbe-87c6d8d8c97d": 0, "b40e460c-daa9-42d2-b76f-42c783f00de2": 1, "b4bae871-c20f-4814-81a3-45b6a7c65aee": 0, "b63a11ee-f335-4339-b0b4-e3d77adfffd2": 0, "bb80cdcc-ebdc-4181-b5c2-e2328a5082b2": 0, "c5d3e2cb-1000-45a5-8a0f-991c3a30e104": 1, "c96a1c57-5dbf-4f91-85c1-c23d42f98b2d": 0, "d0d6dfb1-b101-4c1b-bcbf-af7211493add": -1, "ef8c9828-0f3e-4f59-afa3-ef94a075c991": 0, "f67ab5b1-11f3-43e4-b56a-23e365307e1c": 0, "fb33d83f-4d13-42b0-827b-84145032bce4": -1, "fe6a88cb-7845-4eb5-9fe9-671ee49d05ba": -1}
202	5000	17	42	2	0	0	0.118	1	0.176	3,1,1,1,1,1,1,1,1,1,1,1,1,1,1	0.5	0.25	0.333	0.0	1.0	1	0.0	12	8	5	0.47	0.971	0.062	0.515	0.0	1.0		{"10f1eaf2-0cce-4c08-b2df-ab7a737791eb": -1, "3247fc8b-c918-4b5a-8a8b-72266b458343": 0, "42acd21b-4032-426d-aef0-6acbb332123a": 0, "4cd55df5-0a6d-4af2-8da4-e27943fb26b7": -1, "62d04741-0427-42d9-a634-2ab1f00ae919": -1, "678a9220-8786-4250-aacd-5b32e4bc5199": -1, "7f6b2598-e3d9-4ed0-abee-eaaf33d6ab48": -1, "8abd5e68-11a3-436b-9699-3c498d25eb38": -1, "acdff921-749c-4fcd-a85b-eac46250c0be": -1, "b6e3a8ee-2602-4732-b4ed-98fc683fd9ea": -1, "bb74401d-695e-488e-9970-2def089605b8": -1, "c08cf559-5b47-44e2-a427-87f9d19179d6": -1, "d2673e4b-bd3c-470f-b415-bc02e24578fd": -1, "d4ea54dc-78ec-408f-a284-6bea4f096f3a": -1, "e2d9e2be-eea2-4b8a-b5eb-4cafdb19370e": -1, "e52c9a4c-d763-40c6-b24a-6c26f6beafa1": -1, "fcc95c22-e603-4b9e-b654-89f2402696b8": 0}
204	5000	14	361	316	6	0	0.934	2	1.0	11,3	0.5	1.0	1.0	0.0	0.0	1	0.0	14	11	3	1.0	0.0	0.0	0.637	0.0	1.0		{"04ff77a4-be00-45d0-b52b-82a8c6d6f6e6": 0, "43ea8181-536c-4b3f-b26c-6f64b5c09c8c": 0, "5b3d100f-802e-4414-8ced-f5713748d244": 0, "5ee62376-8b96-48ae-a29e-ccb1e9bd3d01": 0, "647d3a06-c328-4287-857c-1c198a5537a8": 0, "7a90a3fa-2856-420f-a664-34bc527967ba": 1, "7efdfe64-8964-403c-b393-bf37b199066d": 0, "933ef8ed-e39d-4ac7-83e4-b7f11379a0bb": 0, "a5b47ceb-9b9b-4506-bcab-2e6b94667a1d": 0, "a80a9580-9bb5-4d80-9592-12708d8ae817": 0, "acf3280a-7ba9-494e-8bb9-1273e2adfe1f": 1, "d7bb383a-897e-4fa9-a9b3-89f88c88a1f9": 0, "f6934994-abbb-4def-bda0-c2b5960e2562": 0, "fee9c443-03b8-4223-9a1e-782eb32f32a5": 1}
205	5000	32	512	526	48	0	0.996	2	0.969	18,13,1	2.1	1.0	1.0	0.0	0.0	2	0.803	30	18	15	1.0	0.0	0.0	0.933	0.056	0.077		{"0315b3ed-c6d1-4775-b3f7-8c3a692dc04e": 1, "07fe5bcb-2114-4125-a526-8d7327e8a2f0": 1, "0aeb3d17-4d94-425e-a605-73e6dffa3709": 1, "1ece520b-3e6e-4bc1-bd94-b483a4493bfb": 0, "208abb05-3210-41ec-8565-42e55350e9b0": 0, "31ece767-e635-4d67-b832-cfa2e909ceef": 0, "330f97de-91d1-431e-a0fe-1a481e7aabe1": 1, "41e5d234-7957-484d-9c41-926dcd7e2abd": 0, "43a91216-c0e1-414a-8c1e-5657259f4c8b": -1, "47abf50a-6349-4a45-9844-cb493f9915e0": 1, "4b23395d-c381-4582-bfc9-43467f6c7d18": 0, "4cef86ed-58d9-4d51-8a18-8c10dc757686": 0, "5e944501-65f1-4a41-afe0-d3a7f493fc45": 0, "60d2503a-4799-45ad-8eeb-5476581693bb": 0, "6ba27b0f-af2e-4bd2-9cfe-8e99a03b4dc3": 0, "6d91fa5a-ad4e-4c3d-ace6-a687152a5617": 0, "8df14544-c961-4c24-a5ae-b2337a9037c2": 1, "9447e81c-22fb-4e61-a28b-c4a6c8ef9ae6": 1, "a150a5f1-0d5d-40c5-9dfe-3fe7752e61b4": 0, "a32dfc57-7d61-4501-9dc1-cf7b999f1d35": 1, "a6341690-f542-4f33-b389-2a1fd65bbd87": 0, "a9907f55-77c3-4a8a-8028-1464b3b5b262": 0, "abc1b7d9-6f21-4d78-9922-2ec10bcf8eac": 0, "b7525478-27df-43c0-81cc-75a087be7673": 0, "b97ae171-6daa-4666-bf56-bb1bb63727fc": 1, "c0b55f24-ee26-4a14-b36e-e6a2b256dbc6": 1, "c20a6404-3363-4457-af74-06dd1804e28f": 0, "cd6b62f0-ac0b-4457-a385-a9cb05de3cde": 1, "cf716af5-f305-42bf-b6cc-b455b464ef28": 1, "d81c68b0-8e63-4da9-ad08-349f1df9c7bd": 0, "f1d593e1-c553-4f90-9454-7465afaa3b73": 0, "f6d058e6-3075-401c-acf7-6014061b2027": 1}
209	5000	23	101	79	20	0	0.992	2	0.957	13,9,1	0.8	1.0	1.0	0.0	0.0	2	0.754	12	8	5	1.0	0.0	0.0	0.833	0.206	0.125		{"07892b13-2b9c-4e5d-8068-6a38c33b4d59": 1, "12fb21c6-0dac-4609-9bbf-b90452dd3a79": 0, "165d5447-0f34-4051-8944-4acffcf89730": 0, "2f9b6735-9c2e-4b88-b8a7-9343022ebf8a": 0, "32d93c73-7d50-4429-9a50-9c592d204b66": 0, "57a1f2ed-e3ad-43f0-8d96-2688ff2f04b7": 1, "62d04223-c4ad-43e2-a4df-560968b24ad8": 0, "6bae5065-b95b-4002-a83a-77cd1b489b68": 0, "720e5e2a-3156-4f0e-b70a-1fce33b8c92e": 1, "77b34bd9-cdb8-48c5-a143-538d464fa53d": 0, "8459c17a-f8bc-44a6-989b-72da5876e145": 0, "8af9859e-3677-460c-8241-09fa28a2ceac": 0, "8e552f84-1213-4593-ae81-e758f0a0441e": 1, "8f9b96bf-735c-438d-ac05-c51a9c907d7d": 0, "91cec924-512c-4f6f-b43f-7f586e25ad6d": 1, "93f00130-914e-43e2-8222-f1a8399cb4e9": 1, "a2e485dc-c2b2-464e-88df-95baabcab938": 0, "b6b26d59-fdbc-4930-bb78-7f32df64198d": 1, "bcab08db-afc4-4cd0-846d-decc3bc4200d": -1, "c5b6c839-aecf-4704-9945-d03b237f9b34": 0, "c8e4f29b-6b6e-4e7a-a877-51c1cc586846": 1, "ddd8acbc-d19f-48d1-8530-6f4b48e8e05f": 1, "e39c7830-ea0e-4d7b-beb0-38a01c696b01": 0}
213	5000	25	506	479	7	0	0.98	2	1.0	14,11	1.1	1.0	1.0	0.0	0.0	2	1.0	24	14	14	1.0	0.0	0.0	1.0	0.0	0.0		{"0cd2018c-ea3b-45fb-891a-15fc88530e85": 0, "23d69e27-90d5-4d22-88b0-364b5b2a1b78": 1, "2a2d36be-0310-42dc-9f0d-7891faf8d7c8": 1, "370db317-f7d7-4ea2-9393-609f5d57b561": 1, "416f9e04-b937-4f2a-9371-57e7bc488a64": 1, "53f37451-7b34-4e18-be81-b1167c7ccf68": 0, "5b251d8a-ac07-42b2-86c8-067862b65be6": 0, "65f84a69-fa17-44a5-99ca-34ec80166c54": 1, "696e709a-9c3c-4da4-812b-f45d4bd2189a": 0, "6fb7361a-71f0-4d5d-b67c-8ab288f9d86d": 0, "770e8784-3881-43bd-bac5-f8a040c659d5": 0, "84c36316-3d66-4f7f-adfb-6926f1a5cd4f": 1, "8a02c984-caf2-4ea2-8392-9dee10fc9f57": 0, "8e941b62-30c5-4cc9-8f52-528d4a94efb2": 0, "9d51426b-fbcb-4256-a9f5-e4191bc49b4f": 0, "a2a6e557-91e6-468d-ae9d-0b1af9ff7bc1": 0, "a72497ac-5adc-4c92-a536-b23debc51d96": 0, "ab2320b9-92b8-4814-8c14-c7d7da609ddc": 0, "ac1db640-de5d-4747-aa58-68b816c3982c": 1, "b66dbef9-50a0-4dc8-a9a8-a0cca3f81846": 0, "c25a1ed6-b6c2-4e47-ad04-14eb69bfe274": 1, "c869db32-5cf7-4450-a3b4-9ba6b1c3bc48": 1, "d1ffe421-65ea-40d6-ae97-000e58ee3136": 0, "dd31e287-8c5d-4e17-a547-f18fb9955bdc": 1, "f9c30ef4-ded3-4c2b-960e-3ecb7f869edc": 1}
221	5000	21	132	133	20	0	0.995	2	1.0	11,10	0.6	1.0	1.0	0.0	0.0	2	1.0	20	11	11	1.0	0.0	0.0	1.0	0.0	0.0		{"06e77dc0-a8e7-4edb-b3cf-bfb52e136e37": 1, "0ed51265-3a1f-4060-815d-3ca1cbd11e85": 0, "172f9b9d-178e-4fc1-a109-0a298a528d9a": 0, "18df17c5-38b2-4a8d-9555-cb472b204c7f": 0, "1c06a38d-7928-4378-bec8-9af7d3062af7": 0, "1d62bdc6-2cf5-4903-9d92-6de4b5677e43": 1, "469e2363-3df9-4d0c-9a2e-66c1a6dccc0e": 0, "5bd4482e-16c3-49e7-8aa5-a87681ef77be": 0, "60980113-8f0f-41d7-ab8a-aa00b1d89707": 1, "6475cd5c-ccd1-45ce-8345-3f8fc3ef2f1e": 0, "672f3d70-c897-48de-ba25-4f2af491e4b1": 0, "690cf668-f338-4824-a210-df5ba1d9a197": 0, "7e87bb17-c0fa-4be9-821e-e92eba4b6464": 1, "848bc3bd-6791-4c88-a2d6-925100d9f73c": 1, "997aabae-a87d-4e7a-96d3-7c61d06ce10c": 1, "c2cc92ed-688a-4320-912d-c81b959c660c": 1, "d3ab93f0-2bef-41a8-b13a-73976ad62f82": 0, "d4db8e64-84fc-4b68-a624-ae4a3d732bf8": 1, "d5ed7d83-9ef9-4fda-8822-5180d5ab4c09": 1, "da0263c0-7eb1-433e-ba30-62f6ab9079a4": 0, "e0645c27-27a8-454d-86b4-477ac829c60a": 1}
222	5000	19	180	187	18	0	1.0	2	1.0	12,7	1.5	1.0	1.0	0.0	0.0	2	1.0	19	12	7	1.0	0.0	0.0	1.0	0.0	0.0		{"138e37b9-748c-4a02-a416-966abd98f35a": 1, "1c71c639-3e04-4461-a2e5-6041b6fbcb20": 0, "38a7629b-d68d-4258-b426-52c03bc00449": 0, "3a662035-3a63-4729-9035-a6875e7a7cd8": 0, "4b411683-9620-4195-96ac-f729c611d02e": 0, "54f0df84-3ffb-4eab-bcac-e2f04f40fcda": 1, "718d22b1-23f5-4e7c-87df-1d7729d7a1b8": 0, "7777f9e8-cbcc-48c6-8078-b845a40ca551": 0, "890503c3-183d-49b4-aba1-f05889a3e929": 1, "91b1a4a0-2f1e-4a9b-9f7a-971e47ad0777": 0, "9aed4c4e-d97e-409f-958e-bfa340d0253e": 1, "c02c8a14-c42b-422a-b4f9-80eafa725d25": 0, "c38a306e-dee5-49c4-8aa7-c50327af6b6e": 1, "cb1d07ad-8d26-47af-bfac-fb8fabf68169": 0, "e4679143-9886-4571-8325-794f8ec1ec67": 0, "e5929d4b-6f77-4694-b82b-1c313cbfc487": 1, "eeb58c99-846e-41ab-bf11-8cf5c39999e4": 0, "f3f42249-7ae3-4952-a896-af87171eb9fb": 0, "f5ed8bbc-2bc8-4d93-9a2f-415a085fb029": 1}
224	5000	23	831	832	48	0	0.949	2	1.0	12,11	1.1	1.0	1.0	0.0	0.0	2	1.0	21	12	11	1.0	0.0	0.0	1.0	0.0	0.0		{"292964ac-49e7-48f2-899f-c603fb7819f1": 1, "2cbbab43-ca23-4c09-91ba-76b954596e19": 0, "3de22985-2ee9-4340-9e82-11146375ccef": 0, "4bf75fa5-f82f-49f2-8910-27a272a47f9d": 0, "4d037bef-3bd8-43e1-80b7-6a2d1d533666": 1, "575718ae-0600-4877-aba8-f997c306df2a": 1, "58e52aec-5164-4913-b482-81e8586a096e": 1, "68f85a58-f8d8-4850-bfd7-5f225ffe1473": 1, "70c42f18-bde0-4116-858b-ad06c0a88921": 1, "71a15f2b-1291-4289-972f-7f5ed78ba001": 1, "76d5741c-e7ca-422e-94ae-d142117cd546": 0, "7db0b4b8-cd58-4ea8-a786-14e228acb4d4": 0, "839ca35a-ecb4-46a0-ba6e-fb79a8347fc2": 1, "8b28097c-64ea-4f4b-a5c0-9a53f694151f": 0, "948e715c-761a-4804-a047-ab30b69e5e54": 0, "9c80a6d3-c555-44d4-a908-d2ff10a4115d": 0, "9e034ea9-302b-42af-a5b0-a513a84852b1": 1, "a656512e-afb6-4d38-9487-9b72bb09517c": 0, "b5b12f6b-b9a4-4c36-8d3a-bcaf13d7da77": 1, "ca0130ca-49ae-4cee-b60a-1ec1ab09ab41": 0, "cf543b88-2083-4f9a-91f0-1454855f2b1b": 0, "ed53adee-5f7e-41c9-820f-e53e7bcd50fa": 0, "f56ea4fa-eacc-4333-a5fb-325b190d010e": 1}
233	5000	33	1773	1818	75	0	0.987	2	1.0	19,14	1.3	1.0	1.0	0.0	0.0	2	0.561	33	22	15	1.0	0.0	0.0	0.78	0.229	0.211		{"0d60283d-676f-4e2c-91e6-b8dc8237efff": 1, "12a41a3b-554b-4511-bc3f-66adfb4df8c0": 0, "1f7bf432-479c-4a3f-975a-73801d156ee1": 0, "251742c3-c58e-4659-92c3-3d13677153bf": 0, "264e4c5a-e9ab-4b83-a628-5411717c3da9": 0, "2aebac47-c5b7-4c7a-83f0-f665ad188000": 0, "2b0337a5-2eb2-48cc-8cdc-a17abeeb4c7e": 1, "2eda3685-0541-47a0-9e04-5da4e3e64265": 0, "3038ea95-5d3b-49ea-b72e-8174eafa6b23": 1, "3694c42a-8b59-4534-b1a8-93882d4c0857": 0, "439cab74-44bf-41d9-9188-5f83f33f24d4": 1, "4a3edbbf-dbe5-4bda-b089-39887dca80e2": 1, "4d9cb233-30fc-4493-aea1-ceb4c2600d78": 1, "5f6d3755-c566-4b3a-a59a-9052aa015f37": 0, "65faa1b8-239b-4d65-9dc4-a9467d742293": 0, "73c7d1c3-2430-40d4-9e0a-767703d0ba7d": 1, "73d3b564-d357-4ef5-8346-2d776bffb505": 1, "79a31797-e35c-4e5f-ad4f-6d1244f409c0": 0, "80f86405-1cfc-45fb-94f4-862f3001d28e": 1, "99b3ea71-e97c-48e8-ab86-78bd1de451b9": 0, "b530ca57-97ee-47da-9a74-a460f7ad21c0": 0, "ba6e6942-8864-4735-912d-e939e5da04d5": 0, "bb61169c-0518-471a-b0c0-31de63870900": 0, "c96b2a45-907c-40e9-ae41-f4097081dd8f": 1, "cd4cd4dc-4ad2-4097-a4dc-100847517277": 0, "cecb29bf-7867-4a47-b057-760aad3de0c0": 1, "d932f998-e6ac-4251-b802-3a1b1ee34859": 1, "db5fd7e2-6c47-49e4-b7ce-bda462e9a731": 1, "dd778dc9-c65d-4bb1-997c-999b851bada8": 1, "e24161ba-c1c9-4d0c-8c74-0d6efd903cb7": 0, "e33d15d8-36d2-4e6a-a426-51eb88f97056": 0, "f398f520-9507-4e9a-9bbd-ecb030e952d8": 0, "f3c5812b-1c2f-40f6-87a4-3cd5b9f507fb": 0}
241	5000	31	230	204	28	0	0.989	2	1.0	19,12	1.4	1.0	1.0	0.0	0.0	2	0.094	23	13	11	1.0	0.0	0.0	0.526	0.264	0.667		{"0125c780-b7d9-4f53-9785-f12de84ff001": 1, "062b539c-5551-4ff2-82b6-e6d8cce2ddd7": 1, "0890d3fb-6a01-4290-8f21-8d932c97f4b3": 1, "0bdd1870-b7c5-45ed-88aa-985e2de4c275": 0, "12e2fac4-c713-44bf-80f6-85a76b923818": 1, "162a5a7d-d36f-4ec2-be0e-99097db7ca04": 0, "30f2a4ad-d152-4c5a-a97b-1ee75760d021": 1, "3ae9b06d-611a-4249-8a27-a64ebec18146": 0, "4158e5fd-b1bd-4a47-b050-d0b2d9671057": 0, "57c93bb0-648d-4b4c-b9ed-59f09d78d591": 0, "60c82a35-6d6c-4cdd-9cd7-26929bf6b770": 0, "699f442e-110b-4231-b56d-24938859db09": 0, "6ca5d452-99e8-488f-bf3e-7831eb284b71": 1, "7555a74a-e0ad-460a-90b4-e3021eb28c2a": 0, "8130aa56-bac5-4a4d-a4c4-0dead80b5f44": 1, "84b8cabb-eae7-49fd-b25b-e57b7f2dd368": 0, "a1f4f313-f037-4ab1-8c81-ddcedc00d8fc": 1, "a54408ce-4cd7-462a-9038-c9c63d7ccc1c": 0, "a666975c-07b3-4f7b-b240-25e1960b2920": 1, "b2476243-70a6-4b05-ada9-c243f095bee0": 1, "c2e1aaa0-7199-4618-b4ff-e525780d2ea2": 0, "c4514c78-061a-424d-80ff-64053873f3b0": 0, "c6cc3f4b-6276-449f-ada3-b29548efca5f": 0, "cc8cc4d2-4516-452e-95f5-294c1191ffe0": 0, "d1ad710a-d355-4f4e-94c5-2805245b202f": 0, "de60050d-4922-4f3b-9cb7-310a9030179b": 0, "e0d339d5-8af1-4c58-b668-080c7b20a85c": 0, "e23f9523-5bac-482c-986f-7a045b93c3d0": 0, "ebfcda4d-7573-4c74-b524-cb29113360f3": 1, "f563a6e3-80b5-4056-b69b-676c2de8b434": 0, "f5b68380-9615-4cec-82d0-2cb875202450": 1}
247	5000	17	97	71	0	0	1.0	2	1.0	10,7	0.6	1.0	1.0	0.0	0.0	1	0.0	15	10	6	1.0	0.0	0.0	0.486	0.0	1.0		{"0125d91d-066a-4c3e-af4c-5f1450322566": 0, "160c6810-d50c-4d91-88dd-764596a28f57": 0, "4b7f0473-317e-45b0-8251-e2afefd7bd5f": 1, "58310cf1-12a5-4aad-8812-af272a6358a0": 1, "5a388be8-f638-4289-bd82-c06bd2be11d8": 0, "5e754440-9d10-48db-850d-5aa6f7024758": 0, "7976115e-a5b9-40cd-bca5-4b6c4104dce2": 1, "818ad71b-3904-4554-a3d0-f06d1fd11728": 0, "82f533ee-01a7-4381-a476-9e26268e3c0b": 0, "8ed421be-4589-46b1-b795-3bb3e45208b5": 1, "964d3f82-e91f-4320-a565-6bf13a9d125f": 1, "a3f29655-7b2f-43b6-a653-78a21837aebb": 0, "b2c9d7c9-19f8-46b2-ac3a-c7573d8748d4": 0, "b5624627-777a-4aaa-84a1-7005eb9432d7": 0, "df20a05a-b78e-4a8d-9417-3bd3f614ff4a": 0, "e60ec83d-a0f1-4533-bb3f-f2b394947f49": 1, "ea71df0b-a665-4093-80fa-3b2e805e5492": 1}
257	5000	26	211	211	22	0	0.96	2	1.0	15,11	2.0	1.0	1.0	0.0	0.0	2	-0.036	17	5	14	1.0	0.0	0.0	0.559	0.372	0.595		{"0a1c32bc-3cd4-430b-bd8d-302259687ecc": 1, "0dd41b8c-a654-41a5-be06-72c5d16b1153": 1, "2bef5803-1e93-4e77-9eeb-85a41f01f15f": 0, "2f104aa7-22ac-40d5-ac9f-9e118acf4626": 0, "32192a55-158b-4582-a48b-33a0fac72597": 0, "3c9f5c08-01af-41de-bbec-e8945bfbd72c": 0, "3f3c09e4-1226-479f-8ed1-3b02c6db0eee": 0, "458bc3ab-3266-47e2-9518-e21a420c7b73": 0, "48eb3065-46b1-4766-a039-c80b7af9b337": 1, "4afe8df2-7792-422b-853f-79d5681a5549": 0, "4fe09897-ec14-47e5-8c21-3206410850ce": 0, "5bfe7e84-42c1-49a0-8fb4-30cb7a32dfdc": 1, "5f3713d7-d707-4912-bf74-b933e1c2d310": 0, "6fdd3a4f-2492-49f7-bc92-417a02b2b8f3": 0, "77c96934-02b7-48f6-a4b2-dfbc66e00b69": 1, "800fd204-39cb-4bd7-bdae-c29cef4ab8ef": 0, "84f78690-1891-4f4b-acb4-32e74f62637b": 1, "866bea35-70ab-40dc-bfd2-253f65329e68": 1, "8d380b6b-f6ad-4833-ba67-089b8e5abad5": 0, "9d9b28b7-648b-46ab-8bf8-8558616e91fc": 0, "be7eac69-6823-460b-963e-fd85c95ff48f": 0, "c20032a5-3198-4c0e-871c-ef532f958935": 1, "e18e7883-30d4-46a8-8568-2326d5f0e286": 1, "e9a0944d-a10e-42a0-8a8f-aaa36ca75345": 1, "f2821f74-d6d9-4af5-8eb5-f693a9b1797f": 0, "f9d21e06-2714-41c9-a4ff-18980acea296": 1}
264	5000	24	12	7	7	0	0.236	1	0.5	12,1,1,1,1,1,1,1,1,1,1,1,1	0.9	0.333	1.0	0.0	nan	1	0.0	6	4	2	0.6	0.857	0.0	0.467	0.0	1.0		{"0b93f04d-918c-4bc8-855c-6a60edaeb782": -1, "0ed6860b-b4ae-4487-8118-f9ef34aa8b2a": -1, "343a7e05-3064-4bd5-aff3-e4bebf5b5134": -1, "384614b9-6ee6-4a8a-895e-48d0a3117750": 0, "43e19c84-5e35-4eb9-b137-f6a4a18b60e6": 0, "4b7b60cf-1738-4418-bfce-86045ea4efa4": 0, "5b6cc608-cbdb-42b1-a236-2ecdf9faad0f": 0, "63b233ea-e9a6-427a-9274-fa8fed64c4e4": 0, "75bca7b5-4ed3-4ae7-b9fc-9d3bff8ce7b8": 0, "764d1cd0-5013-4f89-9753-4ac3b757ac47": -1, "81249a8c-35e3-420b-b895-8036eb6af283": 0, "83ea530e-859b-49b2-87a1-cc10f8561174": -1, "967cd519-96f1-4b8a-9e49-58f688f17692": 0, "a4e1fa17-02e4-4e9a-82eb-40006bc2a670": 0, "af40cd8b-2c92-49f8-a148-e64d79f9dd26": -1, "b0612623-5c5d-4d46-a585-feb996a0c9e8": -1, "bcb993a7-4cde-4b12-8bb3-6d34c5e128be": -1, "bce4efc4-9ca0-4870-b276-2d3dd656b40d": 0, "cb4b2ccb-4993-4637-b922-c456c741233d": 0, "d513b6d8-6132-4930-a270-7b4a4d68aa09": -1, "d7bfda99-ca69-46e9-8753-17dc13f9597a": 0, "f3a296ec-b392-490a-8d33-40f61411a841": -1, "f3cc702b-1326-4914-99fe-c6ce641b6c83": -1, "fb107a78-7913-4b51-ab2c-af435c2924a8": -1}
267	5000	10	44	26	0	0	0.733	0	0.0	1,1,1,1,1,1,1,1,1,1	0.3	0.0	nan	nan	nan	1	0.0	1	2	0	nan	nan	nan	nan	nan	nan		{"2e093ca5-3aa6-49dc-acb8-64c7b4c92062": -1, "4c93a12c-9e92-426e-bcfd-af0219c9cca2": -1, "6c4e5f55-908e-422e-bada-1e830a907cea": -1, "7b9db956-ae0d-4458-9b19-356998c3fa8a": -1, "87070eb7-9b62-421f-8163-5f1c601d493b": -1, "992c8583-c791-4bc6-9dd2-8b358a963ab3": -1, "b92dc2c6-b10d-47c1-a320-67d772115af0": -1, "da96eaf5-9487-46c8-9e66-0f99e23c7a2d": -1, "e4ee7756-2c4f-47ce-8e83-231a535c9bda": -1, "ec848a20-3fbc-4607-bbc5-e726231ee8ae": -1}
272	5000	24	40	29	5	0	0.732	2	0.958	12,11,1	1.0	1.0	1.0	0.0	0.0	2	0.76	20	8	13	1.0	0.0	0.0	0.9	0.117	0.083		{"0bdcdd10-1a7d-4b72-8f34-8356bab9cbee": 0, "14b16005-4a81-49c3-b821-d72f43c7a511": 0, "19d2ab18-16de-4096-a49b-e5f7d31a98f3": 1, "50aa627a-02d2-4135-aca1-aeb1ccea5938": 1, "773c204a-73e3-4349-af0a-60e79a34c3a6": 1, "79d0492b-9d00-4f62-acae-2c7c91e49ab3": 0, "8d2faeec-7bae-4d27-9969-927a3644bba2": 0, "8e692b2b-0a5d-4eee-a650-4be9dc632888": 1, "a4e765af-f4f5-4ed6-a520-5fc733b1a9bc": 0, "aaa317f4-d917-406c-8691-c28ae7c32fad": 0, "ac05c7cf-d2e6-47b1-8ffa-c3cab8ec8ab8": 1, "acd55a61-4ac8-485d-82db-241f6ea282e7": 0, "aee80348-dceb-4fe1-b2a0-0558862613e7": 0, "af3b5e58-c114-4051-bd2e-bf0001d7e3da": 1, "c12acf1e-d877-442f-8480-8bc723307676": 1, "c62c712f-517e-417d-980a-cad727a0e981": 1, "c8226f4b-090b-47d7-b50f-ee540b9fbbb7": 0, "dcef6db1-0dd0-44b1-9db5-3e6e6ad29a0f": 1, "dd35e745-a362-4983-9284-02518461cf6c": -1, "e5a7961d-99a0-4d17-bcdf-407d2851e2fe": 1, "e6471942-920b-4a72-b713-be5b5dea2759": 0, "fcfc0a9d-0101-4f28-8e88-0a5483872f6e": 0, "fd04a56c-3fb6-44af-b86f-d5c643b050c2": 0, "fd693517-c3c6-4b03-89fd-57178d89970a": 1}
275	5000	22	201	159	23	0	0.97	2	1.0	11,11	0.8	1.0	1.0	0.0	0.0	2	0.818	22	11	11	1.0	0.0	0.0	0.909	0.091	0.091		{"070fe830-95ec-4ca6-bd0f-b8fe209f1aee": 0, "07d3f2b8-e6f0-4798-8206-ed66fc4f74bb": 0, "1467260f-2c8b-4364-a741-54392067b452": 1, "1fadebd4-6c63-497a-99f0-1160286f5d2a": 1, "24daa677-d68b-4faa-8d28-29290d045e78": 1, "25e86132-b3cc-4be8-8a5a-7815da18aeb2": 0, "402a1131-a1e3-4224-acc8-12612287445a": 1, "49670c21-d3ba-495c-8212-891b5863f00b": 0, "4a06b853-e33a-4e74-b283-315c80cd9e8e": 0, "4c9c0ecb-8bbd-453c-9bcd-4137954c4531": 1, "4dafdee9-22b6-4725-8e9d-b3064aa34a7d": 1, "645f533c-8e7c-4903-a958-01b6b318ad3e": 1, "8205e281-42c4-458d-94ca-966c3ec0dff7": 0, "82c2f582-dd13-45bb-b171-ce313e32f908": 0, "8dbf9bdf-15b3-4130-806f-9930c148f51d": 0, "9a1a58d7-a524-49bd-ae35-a8701efa59c0": 0, "a199d7f3-daa2-46bd-a434-1a4bc7cc250e": 0, "ad93a99d-e6c8-46f5-8722-107d21afc9cc": 1, "adf5069e-9441-46a3-92df-e52cf1c34648": 0, "b993cc40-16a7-4053-a1ec-a94772ea2d09": 1, "bc5aa6d1-0429-4109-b510-ea9d643a912b": 1, "cd44f62d-c3ad-4a49-b78e-cbcc285ebdb6": 1}
276	5000	24	244	248	21	0	0.989	2	1.0	15,9	0.8	1.0	1.0	0.0	0.0	2	1.0	24	15	9	1.0	0.0	0.0	1.0	0.0	0.0		{"070fe830-95ec-4ca6-bd0f-b8fe209f1aee": 1, "1af6a455-69b7-4424-9b08-1cdae036f356": 0, "25e86132-b3cc-4be8-8a5a-7815da18aeb2": 1, "2bb1fe57-9457-4c84-97c6-8f7c8bfa573d": 0, "307934fc-aba3-4040-814e-18ea9ec27069": 1, "3255cdca-bf2f-4c00-bd97-cad79cc9b19d": 0, "402a1131-a1e3-4224-acc8-12612287445a": 0, "4dafdee9-22b6-4725-8e9d-b3064aa34a7d": 0, "58253bdd-aaa0-4000-b284-cf7540307e8d": 0, "59e56e10-dbe3-4289-980e-bdf80457a5d0": 0, "84ed8c04-c016-486a-8a23-59430e74bbf8": 0, "9022bda7-54d7-4fd4-9c6a-1490349919bb": 1, "90d3284e-e504-4512-9426-52f9156c0eed": 0, "a2b34ed6-12dc-4ba4-b7d6-d3bf84be179e": 1, "adf5069e-9441-46a3-92df-e52cf1c34648": 1, "b2c5ddb4-c41b-4fa2-ad9b-315e2cb2159a": 0, "b8f87814-e39c-4254-b4c1-332e67eb5947": 1, "b993cc40-16a7-4053-a1ec-a94772ea2d09": 0, "bc7426d6-a568-4d55-a61b-7adc1bcf1f3a": 1, "c5cc8bba-cc05-41fb-9550-520f89efc59e": 0, "cfbd6b38-8756-48ba-8a36-f41ac672f922": 1, "dd656c5b-f81d-4276-961c-409e8c5d277e": 0, "e3635fee-01c5-4bce-a6aa-b3ae63fe34db": 0, "f6720e21-698d-4bb8-9340-aa9491052626": 0}
299	5000	26	439	416	46	0	0.951	2	1.0	14,12	1.1	1.0	1.0	0.0	0.0	2	1.0	25	11	15	1.0	0.0	0.0	1.0	0.0	0.0		{"084f6df6-b7f2-415b-b30f-6b5674f118c8": 0, "0b41c634-b60f-46dc-a493-0e0513acbc26": 0, "182b08ea-21e7-48d1-b65c-921850a8eb5f": 0, "37f2f92c-62a1-47a1-bbe5-c8bd9f93538b": 1, "3bf73c25-ef20-4321-9b8f-ce90a2674e54": 0, "416f22f6-1247-4c9a-b2b1-b9e52b5db82c": 0, "4bc5f7ca-1896-47af-8405-642cf36a7edd": 1, "5063de0b-80ca-4950-9d5f-9d52989620a5": 0, "581e5a03-613f-4198-980f-fe94f2e541ba": 1, "619a3ea8-0a2d-4190-9fbb-0d57461db8e8": 1, "6223febd-88b9-42a4-8b26-d2ad0f29b097": 0, "710efe3d-30b6-4676-bc76-ded8a93fe73e": 0, "711b5c34-87b4-4e31-a78c-9a61c4b6d05d": 0, "748e402d-52ec-4640-8757-ec83d0002872": 1, "766cef18-8d08-4a35-b034-8b20af41ff42": 0, "77411019-e671-4c8e-b747-0ae18742864b": 0, "8753d3d1-5ef3-4392-b9e8-f12d17f04449": 1, "8fab4364-e997-4a25-9ed0-bc3ed737726f": 0, "98debd8b-9961-4f9a-960f-0525079242b9": 1, "9e57e7dc-bf28-41ab-9bce-646b0cb61b10": 0, "aeb08142-fcc6-475a-9325-1aa2897a8537": 1, "b5aa2963-4809-4d13-a643-22e295613477": 1, "c53f982a-64ee-4a74-8a43-706599822def": 0, "d0918881-6ee7-4de9-bc3c-5d6a23eb6e68": 1, "d1f90f8a-356f-4629-86bf-bbbdeb622c60": 1, "e1b64ba8-48c0-4b50-89da-fbf61f942255": 1}
321	5000	25	101	27	0	0	0.107	1	0.24	6,1,1,1,1,1,1,1,1,1,1,1,1,1,1,1,1,1,1,1	0.9	0.333	nan	nan	nan	2	0.019	3	3	0	0.0	1.0	nan	1.0	0.0	nan		{"082b0411-7e87-4d4c-bbc5-ce9263910050": 0, "0bb5c269-4522-402e-b4fb-e41a42c1529d": -1, "16e75203-a82f-4e44-bb7c-f2b1b96ee3c0": 0, "1828a5a2-2649-45ba-a188-92c6be95b748": -1, "1d631960-1fa7-4ffa-9302-b0d238aa7a82": -1, "3bd75277-1fa1-415a-955f-6e51f5270646": 0, "3d961054-8d7b-4f65-9f13-580fdd27b64f": -1, "568a267a-ad1a-47aa-83fc-b185f227c0ff": -1, "5b426097-0480-4772-9110-580dcddf5573": 0, "653f5dff-544c-4ef4-ae84-94727df5c929": -1, "71abc136-2d99-40e8-ad61-fefce491457b": 0, "769599b5-ee6d-4776-a7f2-a2832b49d61c": -1, "77ce4b37-41d3-4c53-a826-4970c001ceb7": -1, "857cf2a2-4b41-4941-a7f5-187be49e3999": -1, "8e32bed4-9808-4eb1-8237-5cc58da2ffa3": -1, "9895b567-449d-4caa-a0cc-873f81f52cdf": -1, "9c2b85b6-0620-4405-879c-c2d9a43b7d33": -1, "aaf67c65-207f-44e6-96bb-5ceb1bcaca75": -1, "b78c0b59-6e6e-474f-b5dd-796fd6f2e934": -1, "b9f161b0-b5a8-4757-ba9a-f2da2ba0e6b2": 0, "db3735b0-cf01-496a-81b2-62239b11d096": -1, "e4ef03b7-4a5c-4f74-a759-99743408aa44": -1, "ecc8157d-d17c-4e02-9720-bef97d8e0b2c": -1, "f6ed3c70-8f04-4fa7-a190-d80f0b39cc3d": -1, "fc1a06e9-669d-4cd1-976a-4d42ad3ffaa5": -1}
324	5000	23	135	39	0	0	0.636	2	0.783	13,5,1,1,1,1,1	0.9	nan	nan	nan	nan	1	0.0	0	0	0	nan	nan	nan	nan	nan	nan		{"16f5c15e-a8e6-4399-a4fa-281386a6459a": 0, "2f298c40-c9c0-4a08-a4a0-05f9b2604823": 1, "3547f69a-3a2f-47cc-a097-cbea3f8927c1": 0, "388da53e-aa49-46ce-99c8-ca56ea23f629": 0, "3bc96dc6-5f9a-4467-9fa5-34c2e7c5d382": -1, "4332a441-7cf0-4f2a-98e8-b5e7beb81b0d": 0, "44ec7840-82d1-4463-8fd3-cc47a1a57913": -1, "56179603-264c-4e21-8192-d4f4440696e8": -1, "7329176f-7a98-4391-bd70-0d34a1ef6c83": 1, "762fb375-77b2-4251-86a0-8d492b031632": 0, "85046bf7-bb94-40e5-a55c-4a70f27d7ac2": -1, "898e3dc6-1b43-443f-8d6b-53f5370c29bf": 0, "97ac5ca7-b634-4bb6-b5fd-85d9355f0af9": 0, "9890d6b0-ae5b-4417-9a87-a2028c302144": 0, "b03db599-9a88-4032-a855-26c80bafe2c2": 1, "b283352c-00e0-4c19-8cde-39e30510452c": 0, "b4a15318-9345-4168-95d4-565bd689c372": 0, "bdfc393b-99bc-4170-8035-0408b7ab9349": 1, "de667442-625f-4a24-9020-9137c025ba85": 0, "df48cb83-ca6e-41f1-b161-efec10425c8c": -1, "ec31a6fd-5e52-4938-98da-003adeeb4b65": 1, "ed1151aa-b581-4551-a59a-e53a73448065": 0, "f8d95d09-0965-46b8-85d6-f87e96711d60": 0}
326	5000	23	96	94	18	0	0.98	2	0.957	14,8,1	0.7	1.0	1.0	0.0	0.0	2	0.937	20	8	15	1.0	0.0	0.0	1.0	0.0	0.0		{"1890a65f-d68a-41cd-9796-21c9f3dea74e": 0, "28cf1115-6b1f-4614-83d7-56f980cf4046": 0, "371140f0-6d7e-4fb8-8298-0d58ddaf2c8c": 1, "3f810129-c464-4d36-ba4c-f421ca8082e2": 0, "422254c3-760d-423c-bab5-06c418318d89": 1, "5e9afb7d-5b24-4ff2-8e46-6d853e370816": 1, "6810b183-a6da-47c1-ad4a-10333f3a2189": 0, "798c95de-c3c5-40cd-99a5-0fab1a00b512": 0, "7db9c4f9-6e18-43f7-bc24-3b2e8952fbef": -1, "7e0a5979-e350-458b-bd48-dfd88e298a7c": 0, "9beae7b7-7dfc-466e-8935-6c767ccab097": 0, "9bf609c4-16c8-4900-a59c-424a618a9909": 0, "9e902dd0-5688-4419-8195-53ac15abbb47": 0, "a6956a02-a906-473f-b8cc-09c7b6e784e2": 0, "b1e01da6-b0cb-4a76-9d7c-fbe35120ffbf": 0, "c0172f60-a28e-4432-a978-dfe3e1296103": 1, "c35f3601-7fae-493a-a0ca-4389599e3ce2": 0, "cc6e5a55-a175-4095-a582-f40d66233dca": 1, "d6ac9ca8-a3ac-4e06-a022-bce9bbccc25b": 0, "de17b543-0923-4537-bbf7-937b8a3e2135": 1, "ea1eed82-f522-4c6e-9b8f-0e0d0d2b44ab": 1, "ed4ffe00-5ab5-4fe3-bb10-6634f6170a07": 0, "f8808dcb-74a4-45dd-8856-a9ded45ce21b": 1}
328	5000	22	384	373	62	0	0.987	2	1.0	14,8	4.9	1.0	1.0	0.0	0.0	2	0.818	22	8	15	1.0	0.0	0.0	0.909	0.059	0.125		{"07c6b3e4-14a2-4cb9-87d3-b936548543d8": 0, "10e0aa2f-7ef3-4423-a12f-d7cee29cc473": 1, "25370efa-f14f-4cda-8b78-4e861407990d": 0, "278baf66-2147-4fca-be2e-5b820d203e9d": 0, "28787791-ca7a-4e02-928f-b6081022e6d5": 0, "31823b44-faba-4383-a87e-04ce09ceaf81": 1, "32c69858-52d4-486c-98a2-db794e91a343": 0, "3a6bf74a-630f-49a2-8eee-ceb0e77eeea6": 0, "4419ec82-6c38-4062-9c36-41964a3a8cfb": 0, "475c0429-6695-46fe-8bf6-1bdbaa2f9049": 1, "4a3e5234-0f5d-4b4b-91d3-eb4359ccd7fa": 0, "4a765dd4-66f9-4d81-9599-67b069f5bd57": 1, "4fd202c0-bc80-44a0-8f12-efd202c840dd": 0, "5d12cbdf-3fe4-4eb3-86b2-f798e5ad4d82": 0, "6d3a5f80-21c1-4c9b-9d46-5d8598fa8459": 1, "831c89cf-5a71-4182-9db2-d44aeb656aa9": 1, "8f11a8c2-67f6-43d1-929b-00eb5bffed94": 1, "aba65228-b2b1-483a-a407-254fdac92491": 0, "b9075a52-af7d-4534-902e-46c1cecd011a": 1, "c8fee715-91a0-41a2-bfbe-3f3e41d61f2b": 0, "cc55b08c-d426-470a-87e6-8d8fc21c9815": 0, "d24eeafb-cf47-446c-b1b7-f7cc95c30a66": 0}
335	5000	19	233	198	16	0	0.982	2	1.0	11,8	1.1	1.0	1.0	0.0	0.0	2	1.0	19	13	8	1.0	0.0	0.0	1.0	0.0	0.0		{"09c12e54-fac3-425b-a9dd-84a3e2ca5060": 0, "0a68d176-a79e-4b51-92d6-3846aa59d017": 1, "10b2c072-c162-4ea6-99d6-3502633fe64c": 0, "10f4121a-9203-4e39-a909-32479bf19d77": 1, "37b9f27e-47c0-451e-af48-9a97b56e0ba4": 0, "40ed3453-d3bd-4ec1-a10a-5ee684c9f1a7": 1, "414dd8e1-701f-40cd-ac4b-594117ef6d0a": 0, "63cc1047-e8af-4d8b-bf6a-0332bcfc1c78": 0, "72742830-b4e1-47fd-b16d-4b90014c628c": 0, "82485b94-8939-433f-82fe-05bc36e7c8bd": 0, "860c91a8-2921-43a8-9554-6848b7b3e0d4": 0, "8876f0ea-5fab-4eaf-b8cd-ad689657f507": 0, "912a4408-a455-43e6-a76e-42863379c715": 1, "ad29e2db-d883-4647-9905-69b8c925c05c": 0, "b496b087-dc01-4a13-bcef-29d53037e340": 1, "cadebf87-7674-4524-b59b-01ecfcf9f07a": 1, "d15ae92f-395c-424a-964d-b45fb5c12232": 1, "dd33d019-3c2d-47b8-a357-2b647a1f77c2": 0, "fc01e0bc-7ed0-4676-a684-e9ab2a7c3d61": 1}
341	5000	14	64	47	0	0	0.923	2	0.929	9,4,1	0.3	1.0	1.0	0.0	0.0	1	0.0	9	5	4	1.0	0.0	0.0	0.444	0.0	1.0		{"0af395b1-7d99-4f68-bea4-b7a67dc407f9": 0, "2a14b66f-2a37-452e-9c41-1cc327c6b3ba": 1, "2e28ac09-174d-4367-8ed3-b1b1492c0ec9": 0, "37ee755d-944d-4c6c-8764-2e31f431c2fd": 0, "43965600-c84b-4c55-b919-06db65ca107e": 1, "57789d84-8eb7-4df8-9c6e-65aba6a1e699": 0, "60ec63ee-ca93-4a30-a63d-243ae5435a74": 1, "761718bc-0e54-4e38-9594-79e2b74733ea": 0, "8a7e3a3b-704c-4e01-9a3b-6809fc535cd1": -1, "94bd4e58-e45c-4eff-ab56-9326fe9f93d2": 0, "b943b67c-1838-48b6-97b2-2c2f644f4121": 1, "cbd4f0c1-e7bd-44be-b2c3-6cbb0470266d": 0, "e964b708-02ea-49b1-9734-a99aff3fedae": 0, "f26dd5c0-4133-42df-a490-c09e0cef8573": 0}
342	5000	17	41	11	0	0	0.441	2	0.765	10,3,1,1,1,1	0.5	0.833	0.4	0.667	0.5	1	0.0	6	4	2	0.533	0.714	0.25	0.467	0.0	1.0		{"220d9b63-03e9-4d8b-aef0-a165900713a5": 0, "22e566d6-0e34-4d16-8178-3b8ea5d5a56a": -1, "2542959b-d1f3-498e-b59d-fde9c8a3f1a9": -1, "2e28ac09-174d-4367-8ed3-b1b1492c0ec9": 1, "37ee755d-944d-4c6c-8764-2e31f431c2fd": 1, "43965600-c84b-4c55-b919-06db65ca107e": -1, "600df10d-0261-454d-bdd5-b79c8cd20cf0": 0, "60ec63ee-ca93-4a30-a63d-243ae5435a74": 0, "787cd49e-4e84-4965-b428-546967a51b53": 0, "8a7e3a3b-704c-4e01-9a3b-6809fc535cd1": 0, "9f29f0f7-1415-4a03-9be8-f57116e0cb07": -1, "a08e5770-5628-4405-806b-6a5f718c77f4": 0, "c9416e72-ae37-4def-b15a-d749b6319d18": 1, "cbd4f0c1-e7bd-44be-b2c3-6cbb0470266d": 0, "e02e1557-6efb-46e4-91f3-d896202b4d0e": 0, "e964b708-02ea-49b1-9734-a99aff3fedae": 0, "e9f90509-7617-4535-98aa-59fd1a2c0b4e": 0}
344	5000	16	128	107	0	0	0.917	2	1.0	9,7	0.4	1.0	1.0	0.0	0.0	1	0.0	14	9	7	1.0	0.0	0.0	0.473	0.0	1.0		{"190a516c-82ba-4659-8f04-d3d252b1f3ff": 1, "1cbe9b1a-6439-4805-8da2-63a8769027d8": 0, "1e9e2b00-aa7c-4c6b-92d9-283011b235b5": 1, "42b96a7a-a155-46bf-a310-f230f2596c34": 1, "45a5966f-5399-4e6e-a7be-f34e921d06b7": 1, "4a518d34-009e-4417-9dd4-ef6d37ac0f63": 0, "4ff66abf-9b3c-4c9f-8964-3d9a1657cc7f": 1, "556c5ea8-7ede-4d2a-8d72-08a620beae82": 0, "587f549c-8cb9-4fb7-9cfd-a11717a5e104": 0, "60c73680-0650-4968-859c-1caadb804d91": 0, "64080d0a-47b9-42e6-8e95-1b46197c8591": 0, "7b2210fd-6e77-43c1-8f76-84970ee3cb49": 0, "887e5385-8dfc-4fb9-9d9a-6a1f7f3c5a9e": 0, "8af2a826-ea4a-4296-9535-01c49a9ed581": 0, "be4168e8-a241-47c0-9a7b-0dd8f87a06b1": 1, "fc684416-aca0-423b-b504-e6d29c92a97c": 1}
345	5000	14	247	241	23	0	1.0	2	1.0	8,6	0.4	1.0	1.0	0.0	0.0	2	1.0	14	9	6	1.0	0.0	0.0	1.0	0.0	0.0		{"1a044145-a0f6-4061-83a8-9e34e1ee87c8": 1, "1b67a707-1f83-4dc3-b49a-d6f467daafa0": 1, "31b1be89-40d0-4844-be4e-1df1709cb24e": 0, "329a8a1c-7c1a-4884-8d8f-706e7db71dfb": 0, "5a65fce7-3c9c-4586-bdfa-031dcd470dce": 1, "65107a81-e2a1-4731-b4b4-1e31e29bbc2c": 0, "7172fc55-b892-41c2-8c64-c2a2fbd0b504": 1, "74332b71-f217-4edc-97de-41bf482ad852": 1, "94fbcd06-9058-4762-b541-3c56e4cbf02b": 0, "a20c8734-18b9-42ab-a6ce-319b5a47cd58": 1, "a82a2fa6-bd2b-4843-bf48-f8dc62386e90": 0, "b83e61f2-a567-4c82-add1-88128942d10c": 0, "c2e58a6b-88a4-43dc-83bc-7a131e5db536": 0, "e8c3c23e-e722-4f31-89a1-c13d6ad4ed52": 0}
347	5000	20	452	435	17	0	0.968	2	1.0	10,10	1.0	1.0	1.0	0.0	0.0	2	1.0	19	11	12	1.0	0.0	0.0	1.0	0.0	0.0		{"29ef3dbe-8294-4e6e-8c9e-2267d2db5e16": 0, "47ec5bc6-3a75-4c88-8da9-f14eb426f2c1": 0, "5aa0cd2c-60f4-4736-80eb-38b3d5cf2115": 1, "5e6db322-d495-4003-acef-cb26491bafb6": 1, "69cf7bfb-f3fb-4aeb-bd5f-5da3449724a7": 0, "6ea25caa-e63e-44eb-bf94-1ad8d4338ad0": 0, "7675e550-2773-4ddc-bc30-d165c6f7c124": 1, "7fa1d341-c907-45c1-a97c-c20bf5ea6763": 1, "82d52bbf-76f0-45ba-b0df-aa2208bc0e4b": 0, "844ab2fd-0d44-44c3-937f-98ce8a8a52ed": 1, "8c332c03-258f-4c1a-8829-341107099b0b": 0, "9315077e-ff4f-48f5-bf2e-93d765b85310": 0, "9879a287-3bcf-4223-b7b9-f3827cce79b8": 1, "a29b014f-70d1-4e2a-b627-c75616c4a409": 1, "b6d7b24f-eece-4b51-af20-e7d30f40b63d": 0, "b7b2e760-4375-419a-be6b-c95f165d3661": 0, "ea301d25-2e05-4433-8243-51f7096b8ebf": 1, "f0190a15-6885-4ffd-9ec9-e3c5b1fa393c": 0, "f2bd13b2-4164-419d-a2ca-f0ebd797a032": 1, "f2f62ba4-d193-45f9-a3a9-41b01611932b": 1}
348	5000	16	170	158	16	0	0.983	2	1.0	9,7	0.5	1.0	1.0	0.0	0.0	2	0.749	16	7	9	1.0	0.0	0.0	0.875	0.14	0.111		{"15ddc1ca-e4e0-49b9-b775-1ff57e4ec9e9": 0, "175e2a51-5b64-4160-a532-c7d6e61d44de": 0, "19efa465-80de-4053-b657-d3f3392870cc": 0, "2b740e33-ab9a-4ce0-87a6-f7711b3c1dd8": 1, "3031777f-12f7-4a52-8008-69929130e5e4": 1, "3946c581-c6de-4b01-bfe7-681d674f208a": 0, "53038ed5-6a8c-40ba-845f-26f820b85882": 1, "5e15cb71-d256-4f9f-bccc-aeec6fd9e81b": 1, "5ecdb25e-8d52-4577-a4c8-89f41a4cacb9": 0, "90ea1c13-c96a-4325-98c1-67b9d5fe3b5d": 0, "baef1e46-aab5-405e-92de-bd535d89d55c": 1, "ebe54785-42f1-4266-bd1b-245f6712f224": 1, "ec8ad6ae-8241-4a79-933b-b75b7aa09fd0": 0, "ecc08e3f-91c0-4355-8651-ed0bf742f479": 1, "f2f62ba4-d193-45f9-a3a9-41b01611932b": 0, "ffd64b72-8400-41b9-9a67-5f4702fee3ec": 0}
351	5000	20	217	197	9	0	0.984	2	1.0	12,8	0.8	1.0	1.0	0.0	0.0	2	0.047	18	12	8	1.0	0.0	0.0	0.529	0.079	0.857		{"018f7aa0-27ce-4797-8377-919c465c6d0a": 0, "207675af-e854-4561-aba0-f8f53da27da3": 0, "22bc47a4-bbfe-4ac2-9b15-eb28a9a7ab6b": 0, "24095f43-cdab-4b41-8259-77f143d9cccf": 0, "305b998e-f23d-45bc-8e18-9953f4d24245": 0, "4c467817-7b76-49f7-80e0-6d469c49118f": 0, "4ceee754-bada-4aa7-abe7-fe5e309774b5": 0, "5075978d-a367-4371-90c7-fb4cf7c6f523": 1, "6dbbe632-4970-454b-847c-3ae27e022cc7": 1, "7fd0984c-cabc-4d61-9ef9-3a6b40a3a107": 0, "8076017d-bb4d-4527-b39f-df92f4a8df0c": 1, "87b44229-78a5-42c4-9c58-7a42c571ca25": 1, "93a48b1f-d6ef-4045-bf43-dcad04385c3c": 1, "9d5bdb8c-003c-4ddc-b3df-4b83093d0a16": 1, "ac459c0e-0653-42c6-9a08-01b985daec62": 0, "b0132fe6-76ca-4b87-b7a3-a42087c46a3f": 0, "c4486787-2a45-4da0-ad84-b25f873288cb": 0, "c7be77eb-e9d9-47c1-9d47-a3d36e2bf1f7": 1, "e26bf4f9-fbdc-432b-a7f7-c45e80c7cc55": 1, "f2eb9021-4693-4f12-b9ec-eb30562e3887": 0}
354	5000	27	231	215	0	0	0.598	2	1.0	16,11	0.7	1.0	1.0	0.0	0.0	1	0.0	20	9	13	1.0	0.0	0.0	0.495	0.0	1.0		{"0538c14d-f195-43e2-81dc-95c50a2808df": 0, "06a40b9f-3e02-4a1e-8ec7-b330550ba8b4": 0, "07cabf99-519f-4dd6-9f70-77fb4118e5d5": 0, "10c2b48d-866a-4c64-814e-93fd3edd53f7": 0, "292b22e1-1813-4e79-8cd8-5d30bbabc13d": 0, "31788265-eca5-4779-b6fc-7488bf449c23": 1, "33098396-cdb6-4d42-8345-29bcf4266f77": 1, "4d6ba089-9d42-4283-a5f1-42a71e0bf6ff": 0, "54e7e208-6759-4fbc-ab93-bb520cc1f3c3": 0, "5f18b6f9-b2d7-42b9-9866-07e7e2b6917f": 1, "60f86b0b-c69f-409a-8d4b-84d648ce5737": 0, "80c647ce-3db2-497a-bc74-3a1a0a33999d": 0, "91137aeb-b4a3-40b5-b178-d6ef65875011": 1, "93a1089f-fcd0-4bc6-9ec2-aa164961352c": 0, "9824409f-62e2-45a8-9811-5a1925e4968a": 1, "9a416500-fd46-4bc1-b143-3f1a714ec507": 0, "ad1cbf76-1743-44ab-8dc5-b453b3ec878b": 1, "b2e3e5fc-994e-492f-baa1-1b75f912808b": 1, "b774a62e-9035-4eee-9d0f-7f88eb01de94": 0, "c92c258b-0638-4088-bbd5-e10b349048fb": 1, "d23bbb8c-d420-4961-a855-a59566b62e5a": 1, "d6801004-d5a2-46d8-8418-3d5dba5fa3c0": 0, "df40205f-1f63-4bca-a982-02c3fd4ec65e": 0, "e5ae553a-f225-42c0-b08c-f332138d1d68": 1, "ef54a125-d9e7-47ae-9f01-a94647ee8363": 0, "f3b9f977-4f3d-472d-b0cc-edfc5eeaedbc": 1, "fa3bf908-518c-4363-bdd8-b28dd58158b5": 0}
362	5000	25	388	381	0	0	0.957	2	1.0	15,10	0.9	1.0	1.0	0.0	0.0	1	0.0	24	17	11	1.0	0.0	0.0	0.493	0.0	1.0		{"01937f08-98b4-4ec2-91e7-4575b0fe864a": 0, "06203e3d-ca80-4b18-a91a-8d0d07556a35": 0, "0d3b5cba-f5dc-4b7e-a60b-a58d4735374f": 0, "116e938f-e2e5-423d-bd0a-dc92ba1010c5": 1, "18b604e4-6d71-4c67-a8e8-b90e1741cd86": 1, "1ecf8aea-9e3f-49ca-8533-b22f16524c0f": 0, "2077013e-f266-495f-bd7d-6aa85ef7b5d2": 0, "2a80b909-1ed3-48d7-b52b-687704d3c1b5": 1, "3be6b415-046d-4a50-9192-3565dade3745": 0, "49456fec-09be-4cf1-a4d8-133e2b2988ba": 1, "4ee750b3-e49b-4ed3-b255-4644e2051d61": 1, "5663af6a-e92e-446a-98aa-c79f3ce940ab": 1, "5c69ea99-3577-4b80-bcbc-8b4961a3a207": 0, "65b2fd77-7140-45cd-b7f9-747167cf5804": 1, "733f4e9d-ae71-4ed0-863b-c1839c909ab6": 0, "76f0a380-43f1-4e85-b7a4-39c6ce0de201": 0, "7e526c5d-6dfb-4181-ae6d-25ec073aaca1": 1, "7f17a38d-cc5f-400b-9c57-5a8149845786": 0, "8ffd6bd5-054b-4c2e-9c6b-6eb2059d0a44": 1, "a6870e28-44b8-43b4-b49a-a007ba8c3799": 0, "a9c05a34-3421-41d9-9803-ce44e7bff105": 0, "adae6706-315a-467e-9e76-9bb8930e04fc": 0, "ba9717a6-a060-450c-a363-8f40375f63d2": 1, "db4474e1-a231-4ff9-8102-fcff8459897b": 0, "f1853ab7-b32c-4caf-8a5a-d2844994fad1": 0}
370	5000	22	97	112	60	0	0.823	2	0.864	12,7,1,1,1	3.2	0.9	0.889	0.136	0.083	2	0.568	20	7	14	0.816	0.293	0.066	1.0	0.0	0.0		{"05ef5843-a90d-44b4-b66c-fa17710d7aaa": 0, "0db88270-8790-4e89-b3be-10687aa996b2": 0, "0ecf9d46-88c3-4b45-8428-74e19eb040f3": 0, "11537160-f881-4fc5-851c-2b5df9090b1a": 0, "18f658e9-85df-49fb-832d-6d54ff8c67bc": 1, "2ad2a119-cdeb-4510-9596-1b6bedb52a5c": 1, "490c0108-0469-4f2d-83cb-d6bb4e3ce7ad": 0, "5e8d66e6-1e1e-4e00-8c30-841e27b2a7cd": 0, "7c7b1938-af41-427c-acd0-5f82f338bda8": 1, "7faed33d-ab2e-493c-bfcb-b07db081554d": 0, "8b52370e-212b-415b-86f4-61f07622dcfd": 0, "8c618892-8242-4620-af06-759bb8762d88": 0, "90db33a3-aba3-4dad-b28f-6bd19cf7278f": 0, "b1e56801-3970-475e-bc44-016b252beeec": -1, "b36ae2c5-845e-4a72-a715-1372595751fe": 0, "ca2d186c-c055-4b71-9816-8e84cd1cfefd": -1, "ca76d4a7-02b6-494c-bb1f-61d014fb5c69": 1, "e3187833-1d7b-4b30-bbc4-a72e3a44030c": 1, "eb2164ed-edd2-4851-8cd4-c74fa3d310fa": 1, "eec7e650-7ec1-472f-a6db-bf7cda88ea23": -1, "ef5d095b-d123-4e53-8960-aed9e20e8d95": 1, "f9291dbf-0cda-492a-a651-8c1867816805": 0}
378	5000	25	28	4	2	0	0.1	1	0.52	13,1,1,1,1,1,1,1,1,1,1,1,1	1.0	0.6	0.333	0.0	1.0	2	0.008	5	2	3	0.5	0.75	0.333	0.4	0.5	0.667		{"0a208f0a-4b56-4f08-8d1b-4194bc677abc": -1, "0f07d08b-2cb2-4d36-9c8a-ce93be2dedfb": 0, "10d786fa-2886-4c55-9620-eb1cc91c7c02": -1, "1504a1f7-aece-4500-a662-eb79f58f43eb": -1, "34504057-f7b4-49ff-ac32-1ec9ea0d9552": 0, "377e2987-3eca-4a38-afe9-fbfe3a03644b": 0, "44d42645-3178-4a8b-89ae-5f6bd2b429dc": 0, "49f034a3-3b83-4c6a-9b7a-784950fd6aa0": 0, "4a7a16f4-906b-4184-b4ee-49de4f4866c0": 0, "5ada694b-a1f6-4139-9289-2e61fc5e619e": -1, "5de14691-dd39-4246-b87e-7b4ba31d0321": 0, "61e1ebfc-43e2-4492-9a25-6c2c24d6b754": -1, "6f7e92db-cd3b-4395-938b-a142616707ed": -1, "89d669c5-4422-4525-a8ae-b2ffd3dbca97": -1, "91697eb8-6609-4f24-bd5e-07bf5a0fd6d2": -1, "9d95fd0f-271d-4854-9f32-c337ad40e378": -1, "a95e6574-a968-4ebe-851a-1b9437b253df": 0, "bc948f37-20af-48bf-a62b-45cc448841f6": 0, "c03673d3-bf0b-42ad-bbe3-c9d4c6588e4b": -1, "dd53221d-75c4-48a7-9147-fcada83b9be4": 0, "e3317ed6-8b9b-4338-82a7-7d9e060a4947": 0, "f3b5be17-c98d-4d7d-bbf0-02e539a6cb7a": -1, "f8b1f06e-32d3-4df2-925c-57890d133904": 0, "fdd22c32-093b-4b47-ad77-d8ec74820971": -1, "ffca8e46-6c32-469d-974a-4a1a7d514b59": 0}
380	5000	15	38	6	0	0	0.2	1	0.2	3,1,1,1,1,1,1,1,1,1,1,1,1	0.4	nan	nan	nan	nan	1	0.0	0	0	0	nan	nan	nan	nan	nan	nan		{"0403f151-641d-4482-90d5-592cae3fd383": -1, "0c177ce4-a79a-4404-bbe7-f67828a85802": -1, "328121bb-3bac-4326-a854-3c52ee010936": -1, "4e49ec33-ef7b-4d48-90b9-c63256cb3d74": -1, "67b9a8c5-2a6b-4ba5-9ff5-42d3f5ccf73f": -1, "94a1e7a0-b185-4667-b16a-5e050179019e": -1, "959bac26-3c1a-46c2-9753-285acce29068": -1, "a540cd46-5691-47ff-af79-ae99bb1ade40": -1, "a5ce6d77-2999-407c-a06d-2b5cb0e6e918": -1, "aeb45279-022d-455d-9b86-3637dcba5dec": -1, "c15e14f8-4eb5-47fa-a756-3b31ab34dc5a": -1, "c6d24bb3-b39a-4165-9dbe-a9f3f0ee5a6a": -1, "c83ee31e-ea02-40e1-a348-b277bb55a94c": 0, "e3d88152-2ab5-45ec-a875-929c90850363": 0, "fae051e5-50b9-4562-8c33-df968815f60b": 0}
385	5000	13	49	48	15	0	0.962	2	1.0	8,5	0.4	1.0	1.0	0.0	0.0	1	0.0	8	4	4	1.0	0.0	0.0	0.429	0.0	1.0		{"064a83a1-64bc-48c0-81a6-91065f2e1a77": 0, "26adbfb8-7d67-4843-849c-a204a44c07ea": 0, "466ba122-f2b0-42c0-96f4-885b0515eedd": 0, "479a748a-abde-4529-b856-3bded15017cc": 0, "74c9bc31-3446-4cba-932d-ee1340af03b0": 1, "74d6a187-13ce-44c7-bd39-93867f261db8": 1, "b2ab8663-59d7-4925-9d46-00f6f95302de": 0, "b7b5b082-d54b-4f11-8a8a-27956914c822": 0, "c4f7ae3b-77e0-4048-9c26-a8586a47cf37": 0, "d1685a58-05c5-40c2-a758-2eaa6e8f1fdf": 0, "dbe49bae-a6f2-4e09-990b-e3dcf57ef5f8": 1, "e28acc7f-82b3-45e6-94c7-c0d1c8eed9c9": 1, "f26ef6c8-97cd-4a4c-914e-ce6027139a87": 1}
388	5000	19	790	833	82	0	0.901	2	1.0	10,9	7.6	1.0	nan	nan	nan	2	0.789	1	1	1	nan	nan	nan	nan	nan	nan		{"0bcdb83e-808f-4c21-ad68-687ca660bfe7": 0, "19879e74-fc59-4b1a-b44e-f1de328264b3": 0, "23096166-a207-41f2-b584-21028473e4ac": 1, "4868c70d-d4d2-4d79-8664-2a2488d101f1": 0, "48a7a647-8063-4b52-ac35-91245497fd49": 0, "597d7610-8a07-4ff3-a66f-2907c7122b59": 1, "5c5e8a50-4e3c-45f1-a446-67ee97fdabfc": 1, "7115c6c6-9e5c-42a0-9818-cf5fac0e5662": 0, "73ed1887-fd6d-4b24-87ea-99994c7d39cf": 1, "845a5b6e-1569-427f-b6c0-36ccf4bd2e71": 0, "98599d0f-5f54-40da-80e4-9d8bb254db12": 1, "995309e1-4335-4a24-8826-512c8642f483": 0, "9cb92b79-264f-48fc-842f-17e40f5ae67a": 0, "ad46c7de-2158-4085-bd31-fa10ad5a2d84": 1, "c3bb2a87-63d0-4140-a565-9a7980f03176": 1, "c9255379-26e3-4d3e-960e-0a8787c6d14d": 0, "d8df5a30-9b53-4fc4-98ab-b50c15df0141": 1, "eba4577f-6ab4-4f25-b73d-8fca4ea7cf0c": 0, "fe38681c-c16c-43b6-a217-39d6652e0eb7": 1}
392	5000	25	45	9	1	0	0.257	1	0.56	14,1,1,1,1,1,1,1,1,1,1,1	1.1	0.833	0.4	0.0	1.0	1	0.0	6	3	3	0.467	0.333	0.667	0.4	0.0	1.0		{"0325111c-d1ec-4403-b852-0f4fca33ffbc": -1, "087ad4ea-c0a8-449a-820d-eeaa65160cde": 0, "0c774009-a8e0-44a8-960d-bb163b8cb47b": -1, "0ce6bc04-1388-4ec8-af3e-38ded3ce89f1": 0, "0eb93c5e-9d73-4d25-813e-5f4bb7d0d328": 0, "224c731b-9c88-428e-bd7b-137b7c506aa0": -1, "226b3851-725f-4d08-85d5-697a5653532d": -1, "33181fd1-570d-4a36-8c21-a43cc0ca4ddd": 0, "355130b0-4805-473b-9476-eb3ce12270cf": -1, "3a8fba9d-2786-413b-b5ac-4bfee247c390": -1, "44d11085-a0db-47f0-b8fa-55dfb7edf94b": 0, "46dd5b66-a784-4979-ba38-7271368686cf": 0, "4bf73132-bf84-4ebc-a3a5-d09ba0b5f4ed": 0, "5b39edc3-ad79-4efc-892d-12f28056794a": 0, "7efd1c6c-5f3b-4c98-a9fa-f651825b9acb": 0, "82294a47-a273-4813-8053-f1c3893178c3": -1, "89eb6d15-8d54-43ab-8958-5a280410eae0": 0, "8acc9c7e-4e35-449a-8107-4e07b2f23ef6": 0, "93ae2d6d-2f7f-4936-b728-91d5eddb1297": -1, "99978ad0-0a45-43f7-88ad-5b974851b97d": 0, "a331c889-db36-4d52-b1e7-04b982bea506": -1, "ab7dfe67-9f11-442b-8dfb-4e5f9cfacb04": 0, "afbb1696-289c-4ec3-b13f-7e25973d92ba": -1, "d922824d-9257-43e8-86d2-6aeb356b9c66": -1, "e95695c1-6b79-4204-a731-e6c133e6b8c7": 0}
397	5000	30	118	107	24	0	0.922	2	0.933	16,12,1,1	1.3	1.0	1.0	0.0	0.0	1	0.0	22	10	12	1.0	0.0	0.0	0.481	0.0	1.0		{"05d942ee-9b82-4d58-9815-1f4cf61d4bc7": 1, "07379306-2b83-4ccb-953b-0b228d49356a": 1, "12070cba-7605-47a8-aedc-5c14dac0a4cf": 0, "1ea8a8eb-2a4f-4860-a7ad-600545008a4d": 0, "234745f2-b0dd-40fd-ac1d-2a785aa61d08": 0, "2e30bee5-3c30-499b-be1d-efa8a32b44b2": 1, "32295bfc-3312-49bd-b73d-d04d80200601": 0, "32e0ee6c-22e7-492e-8e87-a0771926b04d": 0, "426bf337-8992-4437-8819-9d6020358c51": 1, "63a66ad8-ae64-44a1-89df-0e667adfeca4": 1, "655ab371-9e5c-47b2-8fae-6251a5346e90": 1, "6f97062b-1018-4b34-988c-53196e67cf35": -1, "6f9ba0a3-35ec-45d8-bb5f-ab7286de9afa": 0, "83810c95-e61c-4e94-8f57-bbc5258b6fd3": 0, "846e2cd0-7c16-459b-97d2-b148848f4392": 1, "9ab5e244-70c9-40d5-9171-2c15ebf6e6ca": -1, "9fe9ac54-5bdb-4805-9294-d00b0fd4f9a9": 0, "a80901f2-6399-4241-afea-7ff620b45d6e": 1, "b3a7543d-9aaa-4add-8f76-d8b108bf5d19": 0, "b7446ab0-790e-4f04-a991-a6f4d2197b1d": 0, "ba68032c-9283-410d-9eb6-fef191aa9c4c": 0, "c1ce9208-511a-4a49-bf1f-bc7901275d83": 1, "c4967c76-a854-4cc4-8241-dfc47dbcd432": 0, "c4c59cf2-352f-4e18-96dd-398c383dc7f5": 0, "c5c21414-d324-40ce-a4ef-ffeee22f4677": 0, "c5d84562-b6d9-44af-a2cc-4e5916166d4a": 0, "ccdcb9ba-5c50-42f2-9bd0-2d0bb1d6159b": 0, "d5fac092-8d5d-45c1-a084-fe4cfc61bba0": 1, "f3d8a72a-4a7e-4a13-aea1-2b83ef1f729b": 1, "fa8f8ab8-3f2e-4fc0-a2f2-a6776473f0e6": 1}
408	5000	22	59	43	0	0	0.654	2	0.818	12,6,1,1,1,1	0.9	0.9	1.0	0.0	0.0	1	0.0	20	14	7	0.905	0.182	0.0	0.521	0.0	1.0		{"1e59dedb-2b7c-4cb0-8ec1-8c80079375cd": 1, "3655aed1-cd18-4877-9309-9720dd39c6fb": 0, "371e4cca-521c-40f7-a918-0ea3c731d96d": 1, "37e09c4e-3e9d-4703-b3bf-33456d285664": -1, "44339126-471b-43bd-a4fd-0b4be1529a78": 0, "488e54f1-2520-400d-9641-8d02fec0a887": 0, "4f369834-20bc-48a0-b427-f6f874d52901": 0, "53a7b797-35e7-4735-ad7f-48c690accce5": -1, "582370b3-fa3b-4445-8f2d-c6b22f4cce4c": 0, "60a61cbe-1837-468c-9fa9-273f69229b72": 0, "7a4c7e1f-c9e1-48bf-884b-9ef6ff8de4fc": 0, "82ef9c23-faf9-49df-9488-b67933d610ad": 0, "85b95f8e-5f8a-49e5-a68e-6edb35959d06": -1, "9b0a6ea4-951f-41de-b3cc-35c5aa21155f": 1, "a6aeeb4d-5551-43a2-931b-8fff149adb44": 1, "ad9c3f13-4fe2-4834-bb86-d76b1ae3d627": -1, "b1054932-cb4d-4075-a17b-7f033503a19a": 0, "b5093d91-fe4a-42d2-8011-e0d41f19487a": 0, "d39a1cda-ec1d-4bf3-b20b-a17025d25f30": 1, "daf8b084-598b-4b68-800a-e3614e79a716": 0, "e3f203af-7ad5-4eee-8dbd-e15e559fd928": 1, "e5df9c0d-14f6-4c79-92de-5aa4a7a20f90": 0}
409	5000	17	34	28	0	0	0.978	2	1.0	9,8	0.6	1.0	1.0	0.0	0.0	1	0.0	17	9	8	1.0	0.0	0.0	0.471	0.0	1.0		{"1e59dedb-2b7c-4cb0-8ec1-8c80079375cd": 1, "2277b1fa-61f2-4b80-9be9-8cde6871c765": 0, "28fdf56a-b914-4f40-91fe-667fd0ce5e57": 1, "4f369834-20bc-48a0-b427-f6f874d52901": 0, "60a61cbe-1837-468c-9fa9-273f69229b72": 0, "82ef9c23-faf9-49df-9488-b67933d610ad": 0, "85b95f8e-5f8a-49e5-a68e-6edb35959d06": 1, "8dfbfd0a-6938-4529-8390-092ca85a99c2": 1, "ad9c3f13-4fe2-4834-bb86-d76b1ae3d627": 0, "aec57fa4-9948-4ea9-83c7-13f4f90a0133": 0, "b5093d91-fe4a-42d2-8011-e0d41f19487a": 0, "c766b835-c19f-4079-94f4-6a1bea203754": 1, "cd45f788-86a3-409a-a8bb-5072f41e5d1a": 0, "d39a1cda-ec1d-4bf3-b20b-a17025d25f30": 1, "e5df9c0d-14f6-4c79-92de-5aa4a7a20f90": 0, "e6c9c0bc-f65d-4de1-a742-3fe2e718a9c3": 1, "e8c27d02-782c-41cc-b04c-7dd586711f37": 1}
410	5000	19	20	1	1	0	0.035	0	0.0	1,1,1,1,1,1,1,1,1,1,1,1,1,1,1,1,1,1,1	0.6	0.0	nan	nan	nan	1	0.0	17	8	12	0.529	1.0	0.0	0.471	0.0	1.0		{"18a483d7-48db-47d1-9073-d70a6e2362e6": -1, "1e59dedb-2b7c-4cb0-8ec1-8c80079375cd": -1, "2277b1fa-61f2-4b80-9be9-8cde6871c765": -1, "2576ea7a-8077-4ba4-85dd-0efd654775a9": -1, "28fdf56a-b914-4f40-91fe-667fd0ce5e57": -1, "31ad89f7-76ae-460b-b854-285ed9bc48a7": -1, "348682f1-6e1b-42db-abc2-605e2106364b": -1, "60a61cbe-1837-468c-9fa9-273f69229b72": -1, "82ef9c23-faf9-49df-9488-b67933d610ad": -1, "85b95f8e-5f8a-49e5-a68e-6edb35959d06": -1, "8dfbfd0a-6938-4529-8390-092ca85a99c2": -1, "ad9c3f13-4fe2-4834-bb86-d76b1ae3d627": -1, "aec57fa4-9948-4ea9-83c7-13f4f90a0133": -1, "c766b835-c19f-4079-94f4-6a1bea203754": -1, "cd45f788-86a3-409a-a8bb-5072f41e5d1a": -1, "d39a1cda-ec1d-4bf3-b20b-a17025d25f30": -1, "e5df9c0d-14f6-4c79-92de-5aa4a7a20f90": -1, "e6c9c0bc-f65d-4de1-a742-3fe2e718a9c3": -1, "e8c27d02-782c-41cc-b04c-7dd586711f37": -1}
411	5000	18	121	118	26	0	1.0	2	1.0	10,8	0.5	1.0	1.0	0.0	0.0	2	1.0	17	9	10	1.0	0.0	0.0	1.0	0.0	0.0		{"032b3f0b-4c2a-4b31-aba0-14b1c864fdb4": 1, "032d70c1-f8f2-448d-9813-e5f82c51dae7": 1, "08b8f3de-52b8-451a-bde2-6c835bd2aca5": 0, "0a5f3492-4fc1-4c40-95b1-c9ea030cde3a": 0, "18a483d7-48db-47d1-9073-d70a6e2362e6": 0, "32ec4858-5b42-406b-8e05-e751d18d8988": 0, "32f5246f-85a7-453a-9013-36fc8c1ba0e7": 1, "480b665d-9aa1-4958-ba3d-757a3540ccf4": 1, "4f48082f-7d98-4f28-803e-0e965cfc1fec": 0, "4f980b4e-34c6-4d6d-ac0c-df72404448f2": 1, "627c53cb-d0ab-4ebd-b9cb-207599e7685d": 0, "647c2793-285a-4392-a4e6-308861a65aff": 1, "73b785c2-79e8-4ea4-91ba-a1db1a91152f": 0, "853e6b09-f6fd-4cce-b41a-c38e867a1fe7": 0, "8a101ea7-5bf3-49cf-bd45-5e7cef373229": 0, "b3d9e14a-fc8f-4659-a609-987ee34ecfcb": 1, "ee2aafe1-f965-47dc-993d-cfeca0f41ae4": 1, "f65e73f1-36b4-4e44-81b5-ad9b63d1a52b": 0}
420	5000	25	798	778	22	0	0.99	2	1.0	14,11	1.2	1.0	1.0	0.0	0.0	2	1.0	16	10	8	1.0	0.0	0.0	1.0	0.0	0.0		{"016ee615-8604-4b1e-9241-92f6227ceefd": 1, "01f55db4-beac-4aa0-bf8e-c8dde4fddffb": 0, "076234cf-3eb8-424e-b2e6-5c57fef71bac": 0, "0f295885-2b27-4e0e-b1d8-2f2a967516e7": 0, "11a3aca4-40e6-4bd5-8e2d-b49e3de4868e": 0, "264bf596-daba-45a2-a6b8-9d829a1d976f": 0, "2c338b2b-b23a-4532-90ef-dcbf4d517b1f": 1, "2fe0d211-3d0f-4bd0-978d-38d6d7de4438": 0, "383a5df0-eb3d-4588-b565-6ae7c7d56eaf": 1, "4aabadb8-4ff4-4d6e-ae8c-00730dbda177": 1, "4b0c4224-d8b5-4dd4-abc9-96bff7e2720e": 1, "5baaf923-9807-412a-9200-dbe8e4f76e11": 0, "63690e18-f13e-4332-b785-2a467f7c377e": 1, "6933e9f4-aff6-459f-9390-7a00794dcc6b": 0, "7b8ac605-bee9-4bd2-b31e-7047d31d5bd9": 1, "86467146-f35a-49a5-88f4-b2ece18caade": 0, "88f9f026-d1d4-462e-9b32-04c061ca28ca": 1, "94aabd9f-e108-42e0-a8bc-8db969effd69": 1, "9dbffbec-b939-4244-8ded-0b629ba928d5": 1, "b5586757-e03a-45c3-a8c0-73963063b99a": 0, "b796894e-6f6e-4a7f-b723-36b90fffb962": 0, "bea6819a-35ad-4b80-97a7-9a353cfe91ff": 1, "c2f4c12e-0bfa-45b8-a3b6-42ddf63c39b4": 0, "cd4351fa-d9e4-4c48-874a-60cd2ea14fcb": 0, "ff8729a0-7315-479f-8105-ef574641f759": 0}
421	5000	24	281	232	2	0	0.967	2	1.0	13,11	1.6	1.0	1.0	0.0	0.0	2	-0.011	23	12	12	1.0	0.0	0.0	0.486	0.083	0.909		{"016ee615-8604-4b1e-9241-92f6227ceefd": 0, "0e071231-ae5e-4b4b-a556-30ef28809f9e": 0, "1d697a45-856d-46a4-86b2-64ff55d0cef6": 1, "2623524d-0533-4a87-af43-d3b83971931e": 1, "2fdf6ed5-6c67-4cdd-9d97-cdf582243be1": 0, "325267a7-a49a-4463-9829-ff7c98dc01dd": 1, "3bc032d1-9fcf-4444-9c94-87b903b7f3b4": 1, "43c9dd45-43c8-4766-844a-0b2aebff82c1": 0, "4410aeaf-7bfa-4b19-9e21-eb991d520b0b": 1, "60be3fc4-6f94-4e16-9bf5-c4457729d6ba": 1, "6219dfd1-f3bc-40ca-9e20-d5cbee621a42": 0, "63ea7cc1-0dc0-4d0b-bb2c-d7407eef3c19": 0, "7bf682c3-2785-4cbb-b22f-94fc1af296b4": 1, "7f2a9c5b-d3d9-4ccd-b013-c54f4264dd44": 1, "887ff9f8-64eb-4064-b0fd-389cce41f241": 0, "8c8eb714-e5ab-4efb-91de-c03b692cf56f": 0, "b1503abe-a44d-41d5-ab7e-7b79be878ed7": 0, "c4ef65a5-8bfb-4a80-955e-a90bb6733d8f": 1, "dc3ae100-8553-4adf-a9a3-b62ce0fb0adb": 0, "e2cd40bd-77bb-4361-a0a1-5679234a5598": 0, "e6b587e4-be88-4460-9c65-2000ca53447d": 0, "eeb82540-9b2d-4190-ae92-c2759796c3e7": 1, "f05c378c-c4b8-4655-a0d6-cae25b69503f": 1, "f452fc4a-5eab-4fbe-8d86-397e851c0603": 0}
422	5000	11	42	41	0	0	1.0	2	1.0	6,5	0.3	1.0	1.0	0.0	0.0	1	0.0	10	6	5	1.0	0.0	0.0	0.444	0.0	1.0		{"066564ae-85a2-4d1b-8aa4-6caca9efc641": 1, "21c99ae0-bf82-4dca-894e-1da7b0491138": 0, "28be73ab-f59c-4f6c-bd61-43b843335c0a": 1, "2dd8d366-f97a-4c9b-8783-a35c8d0edca4": 0, "512d0e13-73df-43bd-a387-1d7a65573809": 1, "903aab4c-7954-49f0-9ca4-62a13a1e2bb5": 0, "a49c2a4c-9dab-470e-8bad-71012a2c4ab7": 1, "b0ddd048-69ce-43d8-8fc6-53b2fbcad0a2": 0, "ba8dd4bc-350a-4cd6-af94-a08b6c69e41f": 1, "e532a726-8960-404f-8d1e-96a93d544cb1": 0, "fc5aecbd-2bbf-4305-a5ff-9ff14d8908bd": 0}
428	5000	28	193	205	53	0	0.619	2	0.786	14,8,1,1,1,1,1,1	9.3	0.95	0.801	0.173	0.222	1	0.0	20	10	10	0.774	0.256	0.2	0.474	0.0	1.0		{"01e57cb1-50d7-4ae6-84dc-724e0fb19bed": 0, "03081c00-13a9-41e1-8c0b-8250747d9632": 0, "07be9d28-49f4-4220-9110-75100909ec38": 1, "14b85057-c476-4efa-b4c0-771c11c51df5": 1, "1e749b1c-4d54-4781-a8f4-c65ce266683b": 1, "28dd7318-bed7-4a1c-9097-e5c761b5d564": 0, "2f7123ba-6872-4a15-9e01-9e20af19b462": 0, "3737ace9-5b76-47e5-977c-622f704c259d": -1, "3d032593-8ec8-4d08-8f5f-537d569a3152": 0, "4e88c605-f909-49a0-ac30-403092b63e4a": 0, "5b455ef8-bac7-4d31-9192-33eda06a7fe0": 1, "5c2c6baf-d21c-4468-bd23-96055d7fa4dc": 0, "6592623b-3d46-40c3-bc89-d72a93b2d2a5": -1, "66286a85-201c-47b6-80a9-23c8c6e3f8a4": 0, "7165818a-70a6-442a-ad6f-88924b8f22cf": 0, "77bb0d71-d6d2-4e8b-a31f-d2bc35e07549": -1, "825e2cc7-4345-4300-9827-d9331f9434f1": 0, "a6c98118-13e5-454e-a31c-09cfa3c7a522": 1, "aff09838-8e85-4089-919b-fe5b6fdfc7ea": -1, "b0debab4-e850-4413-806f-0aa07b9bbb62": -1, "cf407135-6e3a-4fe5-a581-9d8983d909e7": 1, "d41b11b2-9313-49eb-b2ff-bfc3439452ef": 0, "dc49437d-c05e-42dc-b72c-9b75d02ff20c": 0, "e373adf1-0ff3-4f15-9a20-621d57040df9": 0, "e5df8b88-d101-4ace-ace1-2592235b51a2": 1, "f42d6383-a801-424a-85ae-b3aa382ca197": 0, "f780db9e-a754-4bea-a0f8-2060ae6851ba": -1, "febed693-2b90-4ccd-a35c-5b9e22522783": 1}
429	5000	25	834	799	20	0	0.983	2	1.0	13,12	1.2	1.0	1.0	0.0	0.0	2	0.336	25	13	13	1.0	0.0	0.0	0.667	0.278	0.385		{"03081c00-13a9-41e1-8c0b-8250747d9632": 1, "1e7f8eee-eda1-4f73-a942-3acc1c21a6e0": 1, "2f7123ba-6872-4a15-9e01-9e20af19b462": 1, "380779d9-4b06-4c10-997f-085c414c281b": 1, "392a4363-c423-45f4-b518-7ad126348570": 1, "3a5da8e4-824f-4288-87d6-b168457f51da": 1, "47eadc1b-69bf-4e23-954b-909e07de36d7": 1, "5225ea8a-c9cb-48c5-8d0c-d14b5b695b40": 0, "5af621d6-c8dd-4122-99b5-24f61f53f0e9": 1, "5b455ef8-bac7-4d31-9192-33eda06a7fe0": 0, "5bd1e3e5-3baf-4197-aad8-480e7649e8f2": 1, "7716bb54-4dd3-47e1-8a6c-94044eda5daa": 0, "7aa38a94-0f9b-4f6c-8b6a-5a27e6588349": 1, "7b346a5f-55ae-46f9-a71f-c12ceb10c8c9": 0, "9674ae30-0f26-4674-af09-6bd6c99fd10e": 0, "9822f3d6-ebb7-4e98-ad03-f5d4f8a658af": 0, "b5dfa9cf-1f77-4a9e-b0de-1904f295c4a7": 1, "ba7e70eb-cf75-4bad-8781-9edb3a93e24c": 0, "bf9b0a8e-4cc7-42be-aec7-1d8c1e98b24f": 0, "caba7aa3-7858-4422-a3b9-58d633e0e1c2": 0, "cc233dd7-bea2-4817-bd0e-da36612c2cb8": 0, "d077a2f5-b231-4dc4-bd11-f898c70f42f6": 0, "d1f5dc81-ea19-4677-8562-639dcd2a1a1e": 0, "e4d14f45-2c13-41e9-a6df-a1fc4e684aca": 0, "f42d6383-a801-424a-85ae-b3aa382ca197": 1}
432	5000	13	82	67	12	0	1.0	2	1.0	10,3	0.5	1.0	1.0	0.0	0.0	1	0.0	13	10	4	1.0	0.0	0.0	0.615	0.0	1.0		{"227d15d1-3bef-4736-ac6c-edfafd58d1b0": 1, "3a80c16c-8ec9-417c-b244-2fd9865fd9b6": 0, "43f29503-ff64-41b9-a10f-3152261c6343": 1, "4f561b3d-e18b-4087-83af-2beeb2d619fb": 0, "51e6b731-4877-4af6-a944-5cb05b36f8d7": 1, "5884c8fe-abc5-444a-ad40-7dd1583a0c32": 0, "5e9e8a4b-c690-4904-809b-d533448d09fe": 0, "7108a077-2cba-4829-b3f6-356c086d46e7": 0, "7a71f136-1955-4472-a1ae-755d684ed88e": 0, "898148af-0e86-4737-910f-eab6e0a4fa6a": 0, "8ddb7119-f531-4b82-8fc1-e78ed2e3b7f2": 0, "a213f05b-6bc3-4fa2-a90f-3aaa8502c7c1": 0, "c4787e62-a3a4-44ee-84c2-25d85fe63eac": 0}
434	5000	23	127	139	39	0	0.976	2	1.0	13,10	1.5	1.0	1.0	0.0	0.0	2	-0.02	19	12	9	1.0	0.0	0.0	0.474	0.21	0.811		{"03a8709f-1256-47b6-af75-ecfa8d4ad3db": 0, "1949868b-e51d-450f-8315-818d07a6b335": 1, "1c116967-5a38-4404-ba64-ef0774671aa2": 0, "2542959b-d1f3-498e-b59d-fde9c8a3f1a9": 1, "2854e8e2-1d05-4cb4-9341-4a3fda8e7f25": 0, "30fae818-6120-425c-bf90-dd66c9eeeb5c": 0, "4042532a-8591-4229-acab-d6a2475e1c35": 0, "4166021d-0a32-4e68-8de8-3e1bc8cbc9fe": 0, "41b43b3b-3313-4120-ab3d-6b398d960557": 1, "5779412d-ff46-47be-8886-942c4d06de2b": 1, "5937ce18-68c7-450d-b652-1dd4eabbb8bd": 0, "6096c8b6-2ce5-486e-98cc-7190887dddf2": 0, "78a71897-6148-4d5f-8808-bf1bcfecda9c": 1, "9079928e-f171-4e5c-8532-ce008dcd1aa4": 0, "a4f17397-78b8-426d-ba93-3724710c4a95": 1, "b22fd0ec-3acc-47b7-9394-dd7701962f20": 0, "b4642826-bacb-4faa-9064-7e1f90bfcae7": 1, "b879f6a1-93fb-4d4b-91f4-e5d8a3dee0f1": 0, "c2160baf-88eb-4b03-9700-f8a838b8fc18": 1, "c888514b-4a33-47b6-96fe-d057aa95e2ed": 1, "cb4ec237-87d0-416f-8c2c-c16a6aeff8d0": 0, "d8db461e-88ac-4dc3-acdd-c6641f374823": 1, "f7061c91-8450-44c9-9a44-5eb8ec0830c1": 0}
435	5000	31	223	207	0	0	0.495	2	0.742	12,11,1,1,1,1,1,1,1,1	1.8	1.0	1.0	0.0	0.0	1	0.0	22	13	11	1.0	0.0	0.0	0.476	0.0	1.0		{"08d84bb0-1f8d-4d7e-94ef-df72187dbbcf": 1, "1408ab4a-8096-4666-9c1f-243cd4360673": -1, "1e70bfff-5565-44e3-a012-f45d30925e09": 1, "2c6b169f-c7ad-48b5-9f16-1c522a641937": 0, "2d8c095a-7947-45d0-be53-20e826e8223b": 1, "41509b0c-26d4-4d74-9448-efc7aecde941": -1, "443bc424-9f84-4096-884e-d4be1e35f3a6": 0, "49e658b4-c66e-43bf-a3d1-9989863d62b5": 1, "5a4f8803-1628-4e86-8c43-1f503d187cb4": 0, "67c0243e-2278-4eeb-b874-ce82a9b9c7b7": 0, "8080e103-f2ca-415b-83de-d90f5ff249a6": 1, "8f88bb98-a047-4b10-a7f3-db8aa58c9e71": -1, "9362f4e0-c9cc-42d0-82d0-b0c19f72acff": -1, "9afd69d4-ae28-42ce-82b3-22795a137bdd": 0, "a04025d0-c4cc-4acf-a985-04e286d18b15": 1, "a59288e4-50da-401b-a0d8-80ecd91fd352": -1, "a9852fd8-26bb-4830-a969-f1bc47e551ce": 0, "b0231443-1b24-4e36-9773-b38e78afecfa": 0, "b153aa78-1a42-4797-88b9-e5f8636c4177": 1, "b388e63c-fe03-4b76-853c-e6127373c2ca": 0, "b399e742-e3df-4ede-b47f-48aa12f1bf9f": 0, "bd47a0c6-2cbe-4eb6-9418-a429626e53e9": -1, "ca925447-84a7-4476-acb7-343a164a5b30": -1, "cc4de024-44e5-4628-b421-a2536431db43": 1, "d3f86184-9aec-486c-8c89-49c69c98f189": -1, "d4cb2f43-5200-42de-8b1a-49c0e0f26e22": 1, "d812a9b4-c933-4cea-a8d8-c4d2d4123e1c": 0, "dc83365e-60ea-40e3-b014-6b12a44feb50": 1, "e32c15cb-95fe-456d-b373-16f0fe54af4f": 1, "e3f43a16-9e36-4e4f-b0f3-9b3e2412868c": 0, "f439b8a3-e73a-4bc2-9eef-237c7bfd722f": 0}
436	5000	28	704	699	25	0	0.997	2	1.0	16,12	1.3	1.0	1.0	0.0	0.0	2	1.0	28	12	16	1.0	0.0	0.0	1.0	0.0	0.0		{"099c4b31-b1a9-428a-a1f7-795eb2bbb7d1": 1, "0cbd9fb4-8715-42eb-8374-35e1c5e887e0": 1, "13e60028-f417-4546-8a13-8533658c66ba": 0, "183e261b-0380-48ed-ad7c-256bd4677062": 0, "230047aa-272c-47ca-bb0a-f30ce902a86e": 0, "251f864b-e9c1-4b45-ae56-b200e0b2bbe4": 0, "31d2903b-26ad-4533-9484-bdc2dab72cc7": 0, "33244e0f-8e16-4ea1-b389-81b3fc337a04": 0, "3479bd9b-62f0-4c6e-89d7-a382da223d9c": 0, "3b7bd75c-8ce4-41ca-bca6-6abda4e0512d": 0, "3d9c1675-c21c-48b3-be16-a2f66be68c40": 0, "407b0c41-b2c1-4832-9191-09d85ec34b5b": 0, "4cb8e2e0-180a-4553-aa29-40e3c72d946b": 0, "51fcabd0-81fc-4ccd-8718-20ca1dcf6a2f": 1, "53dcc6dd-c61d-47f6-b49f-4a5f411d032a": 1, "67c0243e-2278-4eeb-b874-ce82a9b9c7b7": 1, "779bc13e-9eca-438a-b181-8bb5bf4700a0": 1, "7bdfa087-dfea-4f69-8f63-d1bd17f46355": 0, "9ccdaa66-47f0-419d-956b-94967fd3d6fb": 0, "a5a040fd-db0b-4a5b-8127-c953fdb38eda": 1, "b153aa78-1a42-4797-88b9-e5f8636c4177": 0, "b3f95f9c-2f88-4e4e-a562-b4e3f863288f": 0, "d84f0483-5fdf-4a55-841f-d85983563a2d": 1, "e79e9f95-a2da-4f86-a8a6-7bc82d3a2481": 1, "e7fa32f3-ec0a-4630-8d08-40aa7c8e9462": 1, "e8c4be99-b354-4598-a725-4b8b4936a127": 0, "f439b8a3-e73a-4bc2-9eef-237c7bfd722f": 1, "f5c963e9-a0ab-4385-93f8-b8ab60957d15": 1}
443	5000	25	221	228	20	0	0.993	2	1.0	15,10	1.4	1.0	1.0	0.0	0.0	1	0.0	23	15	9	1.0	0.0	0.0	0.494	0.0	1.0		{"021bc2a8-ed73-4378-b8f9-69dc175e7967": 1, "106ca7fe-e02e-496d-87c5-f07ee9e586a4": 0, "16386bb3-b4f8-462b-b79c-d90ffcb9a7e1": 0, "1c4e67be-5ce3-41f7-b897-ebfcc48d6235": 1, "1dd13480-2415-49eb-a4d4-b51649027f09": 0, "2d7c15ce-783f-4027-acfd-0ca652735684": 1, "3eb140db-634b-43d9-966f-d9439baad731": 0, "4458ff98-d9f1-4666-a476-6233009184b1": 1, "479ba941-91c2-448e-b6c0-5df679be9275": 1, "4d589660-48fc-491b-ba7a-43736618faaf": 1, "4d8dae72-3a44-4f5e-8648-238712119a88": 1, "56345358-b61c-436c-8dca-5de0eb2f2893": 0, "65a15330-bb2a-42e4-b064-d06c57df0dfe": 1, "765427a7-d4b6-4b1f-9d5b-2587ee75a211": 0, "767c2ed0-2b71-4882-b58e-39fba4ec4709": 1, "90af077c-31dd-49cb-a817-5fcdcf70ba7e": 0, "95273ddb-1a9f-44b2-8f7b-9bcf9532b9fc": 1, "9917bab0-95e3-4562-a801-028ad2f9fa92": 0, "9bc7e9c3-3fe7-45b1-be4f-6c8255de17c8": 0, "9d255b00-fe66-4536-8a6f-1672d5d8bbf4": 0, "a0d4167f-9538-4579-af5a-60794c45b45c": 0, "a7be1e0d-b250-4d8a-849d-d9008dbd560b": 0, "d1edede6-c928-4dbf-adc3-102d12a04993": 0, "dbcd7fbf-cc77-422a-8ea8-37668b3d8816": 0, "f89308b0-4b3c-4b37-aea5-013ff93887af": 0}
444	5000	23	51	29	0	0	0.747	2	0.87	11,9,1,1,1	0.8	0.9	1.0	0.0	0.0	1	0.0	20	11	9	0.9	0.209	0.0	0.479	0.0	1.0		{"008b51d2-635a-45c8-9039-0b454150d262": 1, "05e9b316-10d2-41fd-9111-a780484b5d8f": 1, "0d10db80-b572-4ab8-ab82-ef19c93363dd": 0, "28f59f63-51b4-4c42-83e3-b9ca190ed5ad": 1, "29518a84-70fd-4ab4-9e51-dfe2e269e90c": 0, "2d7c15ce-783f-4027-acfd-0ca652735684": 1, "3b910dd6-58f1-411e-9fe4-e9008d71c5dd": 0, "675ae11e-72a9-463e-8b31-ac66cb73cbd4": 0, "765e759f-009c-4c0c-9eee-30649171933a": 1, "83cc8868-6800-4b75-8c36-47cb2f31001e": 0, "921bbe92-7d63-4ec6-9d87-5bec1e5475df": 0, "9917bab0-95e3-4562-a801-028ad2f9fa92": -1, "9a71059c-4910-43e8-a014-33c811888e5e": 0, "a42fd2a9-191b-4328-b734-f0bd91b05aa6": 1, "b067fb8c-309b-4853-955e-d75b01d96b73": 0, "b7ccf51c-34e7-41d3-9ea4-7e77c0014e77": 1, "bf53425e-9481-44b3-8e05-1e09dc67e7b0": 0, "c4c953d9-d799-40b1-b25d-31e6de861785": 1, "d0a8c75c-bd40-4689-aa25-5f2f9cf9f5a6": -1, "d7eb048f-a06a-47c9-af10-b90f7468e6ef": 1, "e5389b44-e87f-45dd-8bce-78fcd936c259": 0, "eb471fd3-d2ed-47f8-a808-29411ee1ff93": 0, "f0e15651-1c83-49c5-a246-d63b42707884": -1}
445	5000	14	173	149	8	0	0.934	2	1.0	7,7	0.5	1.0	1.0	0.0	0.0	2	0.713	13	6	10	1.0	0.0	0.0	1.0	0.0	0.0		{"44732e2f-76f3-4d62-987f-a9858dd1dd02": 0, "7566c6dc-5d28-47f2-8431-627a8f72f93e": 1, "7617377d-3e1e-4feb-8147-086a8cde8a8e": 1, "7ed57261-750c-43bb-a4f6-266e1653f6d8": 1, "879fa08c-8a28-40f5-82ba-4e7b8623e2a9": 0, "8925194d-ca5c-4468-ad83-5f4a774baf6c": 1, "92841eba-7f9d-4c5e-8d53-0e889b7b1f45": 0, "97550cbc-03c5-499c-a43c-0b6b2e159a32": 0, "bd069fc6-1f96-4d22-a6c5-c7c27f2a822f": 1, "e955d0d9-5562-4fa7-a688-4f3f671cfd60": 0, "f17ad2e4-65a5-4b81-aeec-5dfd3ea461f3": 0, "f60b8d46-7469-494c-ac39-67c6df7840e5": 1, "f69b14fb-6cb8-41cf-b6e8-2f2f51a90a01": 0, "f80c1acb-d879-447c-a2d4-8e44cdc9eafd": 1}
446	5000	16	299	265	10	0	0.95	2	1.0	10,6	0.6	1.0	1.0	0.0	0.0	2	1.0	15	6	10	1.0	0.0	0.0	1.0	0.0	0.0		{"2fbbd203-8db1-4ebd-90b5-d8db0676673f": 0, "44732e2f-76f3-4d62-987f-a9858dd1dd02": 0, "5a559bcb-3d19-4719-9c72-fe06a3680155": 0, "6c571e82-dee4-46a5-b3a6-5f0a0fc14815": 1, "7ed57261-750c-43bb-a4f6-266e1653f6d8": 1, "879fa08c-8a28-40f5-82ba-4e7b8623e2a9": 0, "8925194d-ca5c-4468-ad83-5f4a774baf6c": 1, "92e4205e-577e-4236-83bc-86a4007b7707": 0, "97550cbc-03c5-499c-a43c-0b6b2e159a32": 0, "9efba513-c7d2-401d-a240-e4ad8f82bd4c": 0, "a3fa734f-4cd5-4d31-a4e2-eea6d5337888": 1, "bd069fc6-1f96-4d22-a6c5-c7c27f2a822f": 1, "c71d87ce-f416-45f5-a6de-273e974952b8": 0, "e955d0d9-5562-4fa7-a688-4f3f671cfd60": 0, "f69b14fb-6cb8-41cf-b6e8-2f2f51a90a01": 0, "f80c1acb-d879-447c-a2d4-8e44cdc9eafd": 1}
448	5000	16	162	110	1	0	0.858	2	0.812	10,3,1,1,1	0.8	1.0	0.5	0.5	0.5	2	0.006	4	2	2	0.5	0.5	0.5	0.333	0.0	1.0		{"08770f22-8601-4abc-b529-ff4a73642d4b": 0, "1164b312-7bcc-4ca2-976c-daf27f7b9819": 0, "270640a8-dd33-41ef-9f3a-ad0e7d75fa66": 0, "28f60d6f-f8bf-4222-931e-e19030654005": 0, "327838ae-a22b-49d4-b228-5a10f0809a74": 0, "3b391376-634c-44df-ab39-68f2bcf92edb": -1, "609fb5cf-f119-48e3-9e2e-98af0209a0ec": 0, "73aea8fd-ad54-41db-be79-7ee4c85b65bd": 1, "8194dd4a-cb7f-4bd5-95f5-561befa04e57": 0, "843cba17-ddb3-400a-a044-4cd3aab1b7bd": -1, "af48d0c8-6d3d-492b-952d-94e904fa6700": 0, "b85b0b15-45d4-43e2-8e12-fe6ab10dc26a": 1, "be92f609-f888-4142-9823-0d132df24238": 0, "ce1c94fe-7946-4f1b-96d6-37b2ce762c25": 0, "de462a88-25a5-4345-bb3b-90d984a7e040": 1, "ee3bc53b-c412-4b6f-87e4-f7b154e75478": -1}
451	5000	19	656	612	19	0	0.988	2	1.0	13,6	0.8	1.0	1.0	0.0	0.0	2	0.786	6	4	2	1.0	0.0	0.0	1.0	0.0	0.0		{"05153ed7-7d88-4789-a8d5-de3fd2c928a6": 0, "09233d2f-655a-4d3c-a50c-0e5597473fc5": 0, "0adb1bf7-aba1-465b-a869-013cee346853": 0, "0b3da684-2844-41b1-ad85-53211a5ed043": 0, "1e52804d-45d6-493b-a0a5-62d617acc1bd": 0, "33b3b20c-ab9b-48a1-9e5b-672e694ba7bf": 0, "39d95878-a267-4ab0-8db8-ee461a118b4f": 1, "3eec3122-79bc-47a5-8839-cfc5c2921e68": 1, "3fcbee05-4bd8-4e4b-8bdf-25e43fbcf2e2": 0, "63d0e4ca-04ca-4765-8d8d-069c4bc1447a": 1, "6b65b897-06af-4da5-939a-63b3d3228422": 0, "7a2c93da-fa68-40ee-8d16-37b498d079c0": 0, "8ab62055-66a5-4fc2-ae45-b011558831ea": 0, "b0fbdf67-f63a-45ae-a4b5-89be134ee101": 1, "c80e9159-5d80-48e7-a838-01c2227f0db5": 0, "ce0b1031-6c50-46dc-a82b-c7de981114c4": 1, "d123514b-b33f-4e71-abc5-1462c206e87d": 0, "f545680a-1d54-46ce-94cc-e7adb91972a0": 1, "fd2805f5-00e7-4c32-86ee-a35bd56de4c0": 0}
454	5000	24	94	89	0	0	0.96	2	1.0	14,10	1.0	1.0	1.0	0.0	0.0	1	0.0	24	16	11	1.0	0.0	0.0	0.493	0.0	1.0		{"06493f09-8cf2-445c-971c-98610604a9ec": 0, "0a57a0de-92b9-4b95-8326-ff93447e41c8": 0, "0aefd1d7-d01a-492f-ac51-b0333f725a49": 0, "12357938-fd78-4239-869e-a513d1bf9553": 1, "285b0255-83a4-45aa-91d4-db45be7942bd": 1, "2ca50ff4-35f5-4e28-a185-8f4663938adb": 1, "336feec2-7085-49d7-8586-48496740c428": 0, "433a62fc-284a-48ad-8925-2edcb392cffa": 0, "47f455d1-b4b4-431d-8c0b-2fc26fdeedda": 0, "4afd4b6a-2d70-4a05-98f1-413e1ffa9e73": 0, "4e8d31f9-229f-42ab-9d6e-4bf6aa9a7e8a": 0, "58185f83-90de-4133-8e96-6edfcab3b2ce": 0, "763c7d57-63b1-4198-aa04-117b0c95aaa5": 0, "7b3aad90-92bf-4f33-b650-202091f694ef": 1, "7cecdf25-56c9-4fe5-af83-8d058fbf2130": 1, "8ac77833-ad8b-4c69-a0be-f61a00b40c74": 1, "90b8174a-2fd2-450b-b93f-eeba0651b5b1": 0, "9a495dbc-4d89-476e-b783-46d171e7207d": 0, "a2f46d58-2d24-46d0-8e4b-04fb654ff5d3": 1, "a6c08f65-017f-4490-8f53-2ab1313fd662": 1, "bfab614c-cfa7-4fd0-95e9-d29b2dc50067": 1, "d10acfa1-52cf-432c-a1dc-b3fb0a83698c": 0, "d130a5b1-cecb-44a9-a211-2326b045efd8": 0, "e81f4b2a-9f3b-44e5-8090-71c5975f4ebf": 1}
457	5000	22	168	152	0	0	1.0	2	1.0	13,9	0.9	1.0	1.0	0.0	0.0	1	0.0	22	9	14	1.0	0.0	0.0	0.494	0.0	1.0		{"00844bad-bcd9-4515-8cca-536a4785724e": 0, "1eada2ce-851a-4fa3-a2f0-b3a1b04676c4": 0, "29b7a5bf-298a-4b3c-a750-bfb386feec10": 1, "2f87a95b-7d14-4667-8a0d-c498490186c9": 1, "37f9a63c-067e-4520-bdc9-8563db729d2b": 0, "3c3fe82d-b74a-4926-bf73-aeaf91b9365c": 0, "500b6ddc-d8e9-40b1-90c8-1cf057b48511": 1, "547ad218-a2f5-4da1-9006-365253ab2393": 0, "5e1c86ae-9622-43fe-94e4-663de855aca8": 1, "6096dee2-c66d-4b75-88d5-b8b2633bb986": 1, "6fa88a2b-a222-4847-bfdd-5760a7018397": 0, "7441c388-bb44-4f89-87f5-229f002a64fe": 0, "745ef056-9c48-4262-af32-6ceda97d8044": 0, "8adb6992-c369-4bd9-97f9-c928fb028cb1": 1, "9334106d-95a8-43af-8317-f5e3448cb590": 0, "a5325a48-27b8-4659-86d1-83d87e64ed49": 0, "d16f8ecd-8fe2-4b9b-9f10-95d00acad41a": 0, "d7100f17-c19f-49dd-b354-5082a8e177f8": 0, "d8a85aff-c567-4e07-bb14-875d02f8374a": 0, "db291f1c-899c-4df9-9d71-da1a8cb4f160": 1, "de63b887-1ade-4755-a5f9-990b7d10811b": 1, "f383f637-b47f-4704-91ce-f17ec87abc34": 1}
459	5000	23	400	391	18	0	0.949	2	1.0	13,10	0.9	1.0	1.0	0.0	0.0	2	0.826	22	9	13	1.0	0.0	0.0	0.909	0.105	0.077		{"0b3d19fa-6511-4b44-9747-898ff59ae482": 0, "2b67c8d3-d9d5-4450-a8af-81b309419a9e": 1, "2c66d87e-e9ca-4aeb-99c0-a09300fd921c": 0, "3923cea4-1b17-4a5a-9a3e-a8730a5e03b8": 1, "3bdf7699-5800-4da8-a79a-ecd036b218ea": 1, "3cd521ec-2462-4eac-82b0-5eca94e1301c": 1, "50244d48-d43a-4bb8-ac65-bb1388d5dca4": 0, "5cec87c5-5c1f-42dd-bbd2-fcc4ad938b94": 1, "7180d2aa-aa85-4314-84d0-a3a3380de2c4": 0, "756abc43-4027-4ae8-9494-162c79e04285": 1, "7ec802f4-1425-4451-99d2-395f9c7acb4f": 0, "848a0c2f-714f-4f92-8462-7b2469f70e47": 1, "89255475-5b7d-4fde-bf0a-fff0faf806cc": 1, "a4c1f0e0-0786-42fa-85b5-f41a29a58056": 0, "a4d666a3-10cd-44e6-aca5-8406ef03fbe3": 0, "a5305a7e-126c-4e1e-b0bc-a0ff28ea6d7b": 0, "a601145f-a955-450f-bedb-856ddbcf65cd": 0, "bc821267-b36a-4690-9c2c-1e88bdb6934c": 0, "bde9c022-fe36-405d-a9cd-0c166e7c10c7": 1, "c8fa9921-2a99-428f-b46d-12d0c7eded2e": 1, "ed2fa1a0-ea61-4b1b-8c3c-de9ff70152db": 0, "ef75a6df-ad82-4ccb-8709-526945ef4e9c": 0, "f19c9c1a-6747-4168-84b4-6db07abb9bf0": 0}
461	5000	27	1004	1021	23	0	0.932	2	1.0	14,13	1.1	1.0	1.0	0.0	0.0	2	1.0	27	15	16	1.0	0.0	0.0	1.0	0.0	0.0		{"003c5454-7f36-41a7-a02a-4ec9cf594e84": 1, "0d95d697-9321-4a84-8697-4ee5f939c89e": 0, "318109c5-5cf1-4ac6-bbe5-816054ec73e4": 0, "32d2dd1c-e51a-4a76-89bd-3b38abd12951": 1, "3e989adb-c5b5-438d-9214-c179813c2859": 0, "49b99878-94a5-45e8-b3fd-cf923e85ed1b": 0, "53c00e23-8238-432e-8ac6-bd40cbf0814f": 1, "6cb545bc-6a20-4c8e-989d-9a9ea72349c0": 1, "7a067b0b-5610-4f7f-a3fc-012dde594888": 1, "8eaf658b-91f7-4ad4-af64-649f874172eb": 0, "97077944-1b52-4931-8b76-d53d160ecba2": 0, "9940d536-6161-47a7-a831-524254de17e5": 1, "9e72eeee-f909-4ab9-a1ac-348c0ad48778": 0, "acbf9d27-99c6-4d13-9edb-e458c962760f": 1, "b021ffda-de4a-421c-bd0a-37e1e4594064": 0, "b8ae8118-04d6-40df-a687-f94913e4f9ec": 0, "b8dfa881-72d7-4d9a-a575-1a6fc9a983d8": 1, "bd5e8e8a-12a9-45d8-8486-47a2736e596e": 1, "c46a0077-7398-4870-a452-c4a19fdd650a": 0, "d211e0c4-2b9c-4aed-a344-868515236f0d": 1, "d4da88f4-9942-4633-865a-02e6b5b000ea": 0, "dd606e87-7c7e-48ba-b2bf-e8546247c402": 0, "de03c5f8-5695-4c88-9226-b647cf6331bd": 1, "de85646e-84fe-446b-9dfe-63ca74d74232": 0, "e1b3a4f4-a086-46ed-a140-dd12eb785af4": 1, "eb7ca5b8-6975-4b53-bb29-8b7d78a3677c": 1, "ec37ded2-6b5b-405c-ac83-c1d9bddb6594": 0}
464	5000	20	476	487	34	0	0.953	2	1.0	14,6	1.5	1.0	1.0	0.0	0.0	2	0.606	19	14	6	1.0	0.0	0.0	0.801	0.086	0.333		{"0218527e-8edc-4c93-84f2-14acd2c9567a": 0, "1e5112ad-0942-4a3f-b67d-35e7def5c89d": 0, "200b3cc4-fd06-4869-9c42-48c54538797d": 0, "2991d05d-0aa6-466a-b736-17e47a597d9c": 1, "3597dfd1-d848-42ab-9a5e-b5ad319623fe": 0, "3c0a8f00-74ce-452d-b802-fee76f189cbb": 0, "4b9a71cb-2e86-4e6f-beed-4a7342758944": 1, "65519345-1fba-4057-8abc-0f18123ad924": 0, "670191ea-552c-4da3-9fb0-1d4535cc5115": 0, "7c409990-e444-4ffc-aa73-99d9c8da0295": 0, "9ba860d0-7e3d-4da6-8557-20404fa3ba6d": 0, "9bacca7b-4e7d-48e8-b478-4208a9631167": 0, "aa82aa6a-43ed-46d1-b793-83adeb4e3907": 1, "ae6fb444-1b93-42c3-94a5-87ee1c41565f": 1, "b335c844-1361-489b-9f0f-5bb63bc218f4": 0, "be62c731-cf6e-4aec-9a84-47841c76097a": 0, "e27efea9-cf77-4088-8c42-37ff0ea49d04": 1, "ea1fdc77-14b5-463f-a4db-5ce0ba25330e": 0, "ebbbf36f-9bfc-420b-a5af-1dbfa120e241": 1, "ffef604a-954c-4a84-83ec-ca7767285624": 0}
468	5000	18	568	550	16	0	0.935	2	1.0	9,9	0.8	1.0	1.0	0.0	0.0	1	0.0	17	8	9	1.0	0.0	0.0	0.471	0.0	1.0		{"00401bc3-5f8b-495b-80e9-5177d9c35de3": 0, "085dc346-590f-4623-8419-80d39056a4df": 1, "11b3a7a6-9f9e-4bed-a1ca-08e1d2aabf87": 1, "2e8de1aa-ded2-442a-8542-8f450beb48b8": 0, "30fc0550-8370-40e0-bd95-b9016210f5ca": 0, "46fcabd3-d35d-4641-9b6f-0d6f473fadd5": 0, "4a959492-3d0f-4fc0-8893-63cf3646b506": 0, "83631cea-5cb6-4df7-8baa-d686071f0ed2": 0, "87d94f6c-6701-4412-a1fa-171900dfde4e": 1, "9a4dcbd3-25eb-4a6e-9175-5fc832398c42": 1, "ae9f5b56-b797-469b-a1b9-361b440854fa": 0, "c2dca06c-a9cf-4688-84ed-d5bc15fe348c": 1, "c51e96b3-866a-448d-b2c2-5f3e912e3127": 1, "cbc4ebfc-e5ca-47de-b684-47668ef5afa0": 1, "cf527697-58ea-4822-b1b6-c27290b30f54": 0, "d77fd5e0-9d4b-4e94-b0ca-f517f7e506b9": 1, "da7be47e-1f56-4ae7-a369-346eadc59d79": 0, "dc492c57-e206-4b56-97e1-7f8b3488e9a3": 1}
470	5000	25	214	189	0	0	0.897	2	1.0	15,10	1.2	1.0	1.0	0.0	0.0	2	0.04	25	16	10	1.0	0.0	0.0	0.52	0.2	0.76		{"0b42c817-3c84-450c-a644-5d05d3bd5196": 1, "0f79e08c-4031-4d69-a8ad-a42bd1848d66": 0, "17c3b502-3e97-4577-a449-c3b1bbbe27fa": 0, "18486bda-2cd8-43fd-bd07-bd1027857600": 1, "1b4412ca-e88c-4fa2-af7a-62f9fc592565": 0, "26c02189-6029-4be1-8653-c01961fcde64": 1, "303a85bf-1873-410f-855d-02ba15ab8f4b": 0, "36cd2bb4-7be1-40b7-ba98-16c8dcd70af6": 0, "37991863-c154-4190-b995-ab3c2355de2c": 0, "57d433e9-3230-4f9e-b67c-7b7139adabc2": 0, "67439f2e-9722-4b37-af70-a7e8b5cc37a1": 0, "6e7c1ee8-2725-49d9-bd9a-96cecd3e2538": 0, "7bf33df0-187e-4891-8d46-df22ef75fcaa": 0, "87746cf7-5f88-4164-84ad-6376626c6ff9": 0, "88d796d7-b990-451f-8377-dc06b3fd564c": 1, "9ab5ed95-4d00-4d05-b52f-39e78ead88aa": 0, "9e7840e8-2299-4257-bea4-1c9b941a36d2": 1, "b2c1c653-4c44-4684-a52f-0f1708c407ec": 0, "b8badc02-2270-4a74-a077-4d9303b55dd6": 1, "bde83f5f-1c7d-49bd-8204-ee8029d74f60": 1, "c2d05082-6b94-4272-8a41-cbfce5e7bbaf": 0, "cef657e8-d63b-46f4-a856-a9bcd9f4d149": 0, "d708dbee-664c-4597-84d9-e701c5dfae9b": 1, "e4614cec-bf37-455f-8bd5-7afa8b54a2ea": 1, "f9ad019d-46a8-4d93-a13f-2ffd99225c00": 1}
472	5000	21	193	215	38	0	1.0	2	1.0	11,10	0.9	1.0	1.0	0.0	0.0	2	1.0	21	11	12	1.0	0.0	0.0	1.0	0.0	0.0		{"1c97b9d9-344c-4e34-9dd4-dbcf29767d3f": 1, "204bac94-3ba7-44d7-b4c9-8eaeb9764da6": 1, "4500f243-f434-4f3d-acb0-ef0f33487202": 0, "52a9b4c2-6cf0-4a64-9c89-48775f7a753c": 0, "564f7ca5-bc99-4866-83ac-a2dc96ccfe2f": 1, "56b99d43-6db3-45ec-a885-732c5492f8c9": 1, "5e0c9a0c-a425-4d16-868a-7b240898d0f5": 1, "66af265a-dd9d-447e-8f54-98ce036afc7e": 0, "6842230c-bafb-444b-bdf6-e28d4493648c": 1, "68d8ccf8-1b41-4817-965a-960a4aae169a": 1, "6b1ca679-ec07-46c4-b976-de131989c3d8": 1, "7c55cb45-2e91-40cd-9996-b13fc7a41c90": 0, "9bbadcfe-f83a-4461-b084-886df531614e": 0, "a839deae-4f1a-480d-bb37-6cc534c46d9f": 1, "b0a211cb-ff85-4714-ae1b-8bfc617809cd": 0, "c3667181-73cb-4e31-801b-2edd93ce533d": 0, "c4aa6c23-426d-4894-b0ff-102a1d63a3e7": 0, "dff527c6-4e76-4e9b-821d-63bb2e315211": 0, "e30300d6-eac6-4be3-b32f-da397ed2519f": 0, "e4c64742-94f5-4535-ba10-5021b078be28": 1, "eb6f0cf4-36ad-4d32-8978-7b03ff309173": 0}
475	5000	20	69	40	0	0	0.821	2	0.95	11,8,1	0.8	0.941	0.875	0.125	0.125	1	0.0	17	8	13	0.831	0.234	0.111	0.471	0.0	1.0		{"0021ee5d-eac2-4c94-be51-955da802ba0d": 0, "01f9797a-696a-4781-8de8-e4115578c282": 1, "0a2b9c4a-b7d7-4ee2-960a-bd8f97365211": 0, "2384aece-67d6-4568-a347-61714d11de30": 1, "4577c904-580a-41a9-8eee-c54a16ef1c5b": 0, "486a14a5-dcbd-4344-bc29-bcbf865cc25b": 0, "55a8e723-f0d5-412c-a4ed-d2c1cfda61e8": 0, "5995ade6-eea6-48c5-82d2-e0668e15b84f": 0, "6269d959-3b3a-4f05-b5da-55da8e2c010c": 0, "6704cdad-1cec-4182-b2e6-187a520b79a0": 0, "677aa64a-c90d-4b38-b18c-8b5cb93b9d33": 1, "7b5137e9-52a7-47a5-973f-1763411b774f": 1, "81497780-11a9-4f49-8ce3-e8e12df322d9": 1, "832fc2bd-5dcf-45f9-9560-a528c36c115f": 1, "9566c236-267f-4c77-bd7e-581ef91c1549": 1, "b789f49c-3928-4ec0-acd1-65535889d57b": 0, "bb093962-220f-45bc-af27-d6977a16f928": 0, "bc8da840-1780-45db-adcb-5a5e55c172a1": 0, "c099a27c-cf5c-41f7-9287-891bb58e7194": -1, "c715d96d-fd8c-40fe-98f8-1b6fbaab13bf": 1}
477	5000	19	224	207	17	0	0.942	2	1.0	14,5	0.8	1.0	1.0	0.0	0.0	2	1.0	19	14	7	1.0	0.0	0.0	1.0	0.0	0.0		{"0f823a0f-10b4-4cac-8879-4c9ffedba3cb": 0, "32853459-ffe7-4c0f-ba2f-ec103bcfe8c4": 1, "37b56390-6e94-463e-853a-8a1cf8233cd1": 0, "6e6b0acf-1d18-4642-ba84-230bea0972eb": 0, "748724bf-8ba0-4667-8a05-252a243ef490": 0, "7e65043a-8f32-443f-b77a-3590ba228fe5": 0, "93acf408-7a44-4768-8fd4-c69cbebf4ec1": 0, "9600d2f1-f6ba-431b-8173-47a6e0b8cb30": 1, "9f5cdea3-be62-403d-919e-738c9c167113": 0, "a3c15b0a-6de0-470d-b099-8367c5f728f2": 1, "a690d18b-155a-4458-a3fc-d669e6929518": 0, "ab2ab1dc-c23d-40ad-b419-4e5a8c1f5abb": 0, "b66889de-93bf-42ca-ad31-07321f3bf86b": 0, "cd73c59f-2a3b-4c89-a13f-ed47ef2745da": 0, "e45c26ce-2708-45d5-bb0e-dfc2816ce22f": 1, "e8649bce-3ef5-405a-8af3-d2d319d0fc10": 0, "ed32e69b-c583-40b8-9a02-f3e70075d634": 1, "eeef1f40-5447-4f88-9519-70dbdd005448": 0, "f8adf303-d36a-4d24-924a-38ccd67ae1ca": 0}
480	5000	26	391	359	43	0	0.978	2	0.885	12,11,1,1,1	1.1	1.0	1.0	0.0	0.0	1	0.0	23	15	14	1.0	0.0	0.0	0.481	0.0	1.0		{"0f8b2d12-8a70-4105-8af7-79cff502d5c2": -1, "11f03b92-f8d2-4dc5-8dfd-5f41076c6073": 1, "14e2429f-3411-4991-83f0-5c21a9e96924": 0, "170730cc-0a94-4c2d-8180-83994390486d": 0, "19949b4c-4c90-4c8e-ab6c-00c19e9ffd94": -1, "26423661-06a4-49bf-adb0-34badbcd0d88": 0, "2a6bc8f7-e442-4b16-87f6-73b86b923383": 0, "460be3a6-8297-4366-ad40-010e1656dcf5": 0, "4a71e7fa-7ca1-4249-8571-4badbe821c31": 0, "4e5be81e-9999-4f8d-a77e-4f3652733ce8": 0, "5e1ea209-e2f2-4375-a504-37e655bcc052": 0, "6d6fc9c7-f6da-4634-a2c3-ac4b94f779ef": 1, "70e892b4-f43b-44f0-84ec-e32b7fe7c1c5": 1, "76d214ae-877f-48dd-be09-254b836df6f2": 1, "780e1f0c-3a4a-47d3-9304-f6b8a80ba671": 0, "85ad2e4b-2b1d-473d-a566-d1865a7d6433": 1, "8e45c9b1-d1fd-41b1-8fe2-dfb10f8b8194": 1, "94ed6613-4da2-4716-b76b-2b62496260d5": 1, "a609c5e4-1568-4163-83de-258e7a8c6690": 1, "a811a1cb-7f16-4030-8269-f54d57636afb": 1, "acf06da7-693d-4e00-aaab-656ad33c917e": 0, "b5f976ed-7323-439d-a416-584b625200da": 0, "b8e90a05-6877-49eb-b9cd-40de02cb82d6": 1, "c1e1f820-c255-4022-90b5-b62fc9a35ddf": -1, "d4ea5621-7103-4c3b-89d3-43236120ef2f": 1, "d7169bbe-3171-490c-8d03-df53d7a17996": 0}
483	5000	26	171	132	15	0	0.852	2	0.885	13,10,1,1,1	1.3	1.0	1.0	0.0	0.0	1	0.0	21	11	13	1.0	0.0	0.0	0.486	0.0	1.0		{"0038c2ae-c242-4b2c-b7ed-6146df23f56c": 1, "0d529671-acc6-4760-b276-5ca19c85f10a": 1, "156cf417-b86d-48ec-a04b-75ab1ac3d53e": 0, "18b29c1d-8c56-4044-a660-88695fd89fe6": 0, "1eefb9d3-77d6-4d2a-af08-e2f5367daeeb": 0, "23305f5c-fbd6-4d3e-8a05-68c8e768dd55": 1, "3e1d3b29-a8a4-4dd9-b537-2d6622b1fa1e": 0, "411252b5-9a0f-46ac-a8cc-71e84c7b8663": 1, "4bd12525-a26b-42ea-b865-72470e69d2f6": 0, "54c7917e-f5c6-4506-83bc-dc0c420f1dbf": 0, "5668abc8-7414-4614-9f94-ab6ab3214dbf": 1, "696f2c7e-74d6-42ee-8f3f-21066933c7dc": -1, "7462ec27-63e1-4817-af74-237563c7a735": 1, "8e6eeff7-388a-4558-a86e-37817f35a39c": 0, "a085eee0-c0f1-47a6-9a54-182ae3c4bb96": 1, "a381a310-a8be-4fda-94b1-307c5c6c4c3b": 1, "a520344e-68a3-4fff-b202-05af69fe599a": 0, "a79c75c1-5181-4277-a686-ed495856637b": -1, "bb906cd7-5ba3-425d-be02-0fa4efb1b0c2": 0, "bc14782b-9070-4791-bc4b-5f2c29260e9b": 0, "c0ce7086-2cce-4300-9875-0921be0dda21": 0, "c1ebfa9a-3148-4186-9da3-4fbeaa900c50": 1, "c3cc25f8-0f42-4713-83ac-d09f466135e9": -1, "d11fd02d-a7bf-4c8d-9624-c387fa1a914f": 0, "dbaac93d-5360-4326-8420-fd7192462171": 1, "e1dc9a77-99cc-46dc-9b5b-7ced272fb91b": 0}
497	5000	24	310	326	23	0	1.0	2	1.0	16,8	1.1	1.0	1.0	0.0	0.0	2	1.0	24	9	16	1.0	0.0	0.0	1.0	0.0	0.0		{"0cc0edec-02c5-40f7-87fa-407917662b1f": 0, "0fbf2abb-99c4-4c8e-9b19-47dc4b77382f": 1, "197b5233-a7b8-4c77-bef7-29780cd1f94a": 1, "1c5a86dd-5a20-4092-a882-a57ab9635ac2": 0, "21af6756-ec98-4d9e-87c6-4c206a3167ed": 0, "247a5459-2c0f-4d42-b19e-8577468f8e2d": 0, "42f812d8-b345-4276-805b-261f29edc5a5": 1, "43cd9719-45d5-4bff-bf3a-f698ae54fa14": 1, "4731425a-b84e-4f7b-b197-b2076e1f0d94": 1, "479b5ca9-11bd-4bd1-9b51-b1aa79223801": 0, "4a439d78-c180-4fcf-82e1-8803da59254a": 0, "543ba133-3e3a-420f-acc9-bb68d0c7ccf0": 1, "5abc4bb2-b15e-431b-be68-8d4f578b66a3": 0, "90390d8f-6afd-4a5d-82fd-38c4d6ea2d83": 0, "a304b3bd-80e1-4bc4-9d30-aef97d61705c": 0, "a987cf2f-98a6-46fd-b748-530b656c2c23": 0, "b1b60334-0301-44dd-b44c-e2d5443acfa6": 0, "b55d1414-c9c8-464e-aae3-62a255b8b3dc": 0, "be60a7c4-9dba-453d-afc8-7d271262a25d": 0, "c1967657-3906-4439-8e38-843bed6c32b9": 0, "e97ee46b-ad80-4938-aaf4-a1bea8059773": 0, "eddb34ed-c3d9-488b-99f0-9cd738713dcb": 1, "f86c4ace-44af-40b7-8493-d12c08f21f23": 1, "ffb3c311-0e46-4450-8955-461e48b94dc6": 0}
511	5000	15	300	274	1	0	1.0	2	1.0	8,7	0.4	1.0	1.0	0.0	0.0	1	0.0	15	11	11	1.0	0.0	0.0	0.467	0.0	1.0		{"1a6766bc-ead9-440f-b036-a292d7247e5c": 1, "45b90cb0-c5de-49ed-b2df-c6220e4dc055": 0, "4d93d933-1e4b-4be1-a913-ee2f8d92cacc": 1, "5ce3e5af-b7e1-46fb-85c3-014073a4a125": 1, "63804f50-2565-419b-b694-3e3a7b9c2c5d": 1, "7e80811e-9f44-4e26-b9c8-0d86aab9a31c": 0, "854a0ff7-372c-4a8b-9c79-5819a574f700": 0, "8a2cacc8-9381-4769-b856-12aacc6cf9cd": 1, "b7d66dfa-73bc-48fd-8203-1e68985732ad": 0, "bda48c07-f3ff-4adc-8550-5afc5a264241": 1, "c3fdd227-5697-4151-ab83-8fb89e905364": 0, "c8e83f76-c74b-4099-9816-ff5169da770f": 0, "e7429ae4-db47-4acc-95eb-14af4b4374ca": 0, "f532be78-660b-41c0-b0d5-9e23120d68cf": 0, "f9bd458f-15ce-4728-8372-fce6cd6bd513": 1}
513	5000	16	175	163	15	0	1.0	2	1.0	10,6	0.4	1.0	1.0	0.0	0.0	2	1.0	16	10	6	1.0	0.0	0.0	1.0	0.0	0.0		{"0d641f99-5291-43c3-adea-83ab3c421aba": 0, "218afa8f-c26f-4872-a4ec-b77f36589993": 0, "23a92758-dffe-4eb2-a011-c884431e7cdd": 0, "29620742-7809-450d-a4e7-003e069f7841": 1, "31ae277d-a037-4fcc-bc93-a83415eb7ed7": 0, "3b59e733-b118-414f-b91f-dfd52cc91853": 1, "3c58de51-62c2-4d08-b27f-726499ae0f1e": 0, "46a646b1-3e76-42c4-81c7-c3b8e74ba150": 0, "60a33bf3-3da8-43c6-bb35-5c102e18ccf9": 0, "68618b2d-7178-4a29-890a-91ac18bc60e3": 1, "833cf3e8-6bef-461d-a81e-2a4084beb36c": 1, "90d1b901-7d22-4c38-a9d4-3b5798a1aae5": 0, "91d9460d-2170-4e64-94fe-3b97b2c1ea53": 1, "db181083-ce21-4a78-8857-1e5e41844a09": 0, "e2c2d3f6-7254-4c92-b380-f914040e64ce": 1, "f620077d-d457-4396-91da-844a60cfd8f2": 0}
516	5000	19	42	16	0	0	0.667	2	0.895	14,3,1,1	1.0	0.846	0.455	0.222	0.857	1	0.0	13	5	8	0.474	0.447	0.6	0.487	0.0	1.0		{"0a0af552-10ff-4430-bbed-61eaf25ca108": 0, "1fb7f34e-aa76-4bcc-ac81-be59d9a07998": 0, "34b4299f-6d0a-4e84-a320-95073fbf2237": 1, "3edb3645-af9e-4eb0-be7d-71d8363b5012": 1, "3f515bda-853b-411e-b8cc-b2ef6a89b89a": 0, "40c719d7-0ef9-4ca2-bedd-6f25c8ec2bed": 0, "542bb718-2aa7-4039-b778-376317520c11": 0, "5cc869ce-bb85-48ee-bd54-cbfa947e3edb": 0, "5d8c49ee-5019-4751-bec5-ad781b642503": 1, "6471ed23-9029-4877-8576-ef5c801a20d0": 0, "7fedd665-bd2c-4b38-b6e7-4004ea2f0329": 0, "8c67895b-0022-4d9c-86d7-b46950dd8418": -1, "925092f7-9043-43ca-8d80-3e4d8c724526": 0, "a3064ed2-8850-4fd6-a995-d0071269c372": 0, "b2ab4b37-b3dc-46cd-bfe5-fd54290ab800": -1, "be712a43-5584-401d-96cd-58ea36df9059": 0, "deffd106-3f0f-4bdd-808a-10a132e0842a": 0, "e5df9ae4-4784-4c9a-9a7c-86caf84dd48d": 0, "f341881b-ccb1-4a92-b179-76f90bcb9188": 0}
519	5000	20	116	111	27	0	0.637	2	0.65	10,3,1,1,1,1,1,1,1	2.0	1.0	1.0	0.0	0.0	2	0.293	12	3	11	1.0	0.0	0.0	0.697	0.0	1.0		{"0afaa8f3-3e97-4d61-980b-ae36b2b85f94": -1, "0d10bd97-5fe9-43dd-be10-5df92bf3b99f": 1, "2a602556-afb7-4983-99d8-4b239906d4e5": 0, "30506cc5-6564-4422-bf54-6c82ef4b4a06": 0, "35d9e30b-59dd-40a9-932f-560fdb95b74f": -1, "36b81851-b794-4431-b0c2-12c663bf8711": 0, "65490057-c399-4adf-851a-be0eda9df828": 0, "6f3edeaa-bb9f-4f64-9f64-1f35d017b222": 0, "821471f0-c080-428d-9689-3e0272def907": 1, "898e4b1c-e3b7-4ae2-bc17-3c293aad6f4c": 0, "8d82f4e1-1cc5-4486-8836-40cbd880bb85": 0, "98afe19f-dd9d-47af-ad75-1341938e6b4d": 0, "a1e7f9e8-4012-433e-bc8a-fbb113514227": 0, "ab5d781b-ab27-41c9-b660-f0363bfa3fa8": -1, "aff7c26a-93ab-4086-8c45-1e7324165f8d": 1, "b115b9eb-6d30-4fe0-9d64-74d768752e20": -1, "b1339472-ad6e-414a-9354-238cacac4548": -1, "c63e7777-9cc0-4304-ac76-1a86e3c30759": -1, "c718f667-afb3-43f3-9359-a4df607eb36e": 0, "d5c54dbe-9761-406d-8b8d-4e7aac520c5d": -1}
522	5000	30	490	460	27	0	0.968	2	1.0	20,10	1.7	1.0	1.0	0.0	0.0	2	0.865	28	12	20	1.0	0.0	0.0	0.929	0.039	0.111		{"10db3190-e5c6-48e7-9699-ff2cd14b2cbc": 1, "16e8d866-18ed-49bb-8cb3-b18af40bb440": 1, "2ab35eda-f3e9-419f-b72d-450ca4d8b0b5": 0, "327a86a0-3953-4ceb-b983-ac1064db6ea2": 0, "3976b893-1788-428b-a0a3-afb9476cceb5": 0, "5192ca4e-6720-4e9e-8a23-8f210830b1ef": 1, "51c55aaf-d3dd-4d4d-8d39-118f30c10c21": 0, "55f2b25c-e538-46fa-970f-52c0a7598efe": 0, "57070476-3c5f-47cf-b612-35bb7491f43c": 0, "5fe8cdd1-b84d-4d66-95c3-21550a25b553": 0, "61072bf9-558f-4e8f-8990-8efc4d52765a": 1, "619ba075-7be4-4db6-8311-54e8e0400aa2": 1, "676b170e-2b38-4cda-b83f-d59572641048": 0, "68289fd7-a6e6-4398-9f60-ff0c9073c45a": 0, "69506e9d-1139-40fa-ae7c-9ad2609ac474": 0, "6ff4ebc0-39d8-4d38-9e49-17e9c40df800": 1, "81353827-35c5-42f7-9994-9527293bd898": 1, "9492d23a-cf41-44be-b66b-05874dfa2568": 0, "9c30d00c-4175-43d8-8d12-408cf07ccdd6": 0, "9e2a4655-0881-4c40-b96b-a6e3d2ab7b1d": 0, "a2f2cbe9-c3d8-4f09-a0fd-238290848e1d": 0, "a925d4d4-f2e4-481e-ac8e-138badc7d7f9": 1, "ad542da8-3310-493b-967f-00839f10c2cb": 0, "b77e8201-b301-42f5-b982-223d2da35654": 0, "d118646d-0d74-4703-afae-1a1cb33bc0ba": 1, "d13b49b9-2ddf-4f4c-9764-c86da96a4892": 0, "d640c2b8-8e64-4521-bb42-08e428b01b6a": 1, "e8706d85-2658-4e7e-aa58-a2044d3b9ba6": 0, "fc957c97-c693-4c20-9a43-92329dd90b51": 0, "fcc3c2fd-8b8e-4b09-a790-88b51d0309d6": 0}
529	5000	15	123	114	14	0	0.981	2	1.0	8,7	0.3	1.0	1.0	0.0	0.0	2	1.0	15	10	9	1.0	0.0	0.0	1.0	0.0	0.0		{"0fa2cde1-3669-44ee-88f4-feb6624735d2": 0, "2c8f199b-1ff9-4a00-9bcd-085bc64cbc9a": 0, "467b4672-ce18-4a95-9ab8-01073a0ae024": 0, "4b82e5d7-4b11-46d2-92da-72a9c9f1118b": 0, "4d332c2f-b7b0-4162-9a74-1e4e1b5e30f6": 1, "616f3069-e69e-4b29-aa42-6b3fda9bc1d9": 0, "6516f153-7b4c-43db-a143-299aacb4b4b4": 0, "7666b2f4-28aa-4ff6-889e-9ca33caa0c58": 1, "833d3bd8-07c3-4f6a-8431-decfa1a1f7f3": 0, "97711eb1-a74e-4f30-9a7f-36a1adf14f62": 0, "ae5b6dfb-1b26-4e72-aede-179bb0c82aad": 1, "c388fed9-a377-43d0-90a5-ab61b7b4fc8d": 1, "c4a7f374-abb8-4143-a8e4-ff63ee8b4cf2": 1, "d721db72-e996-45d2-90ee-8dc2f574effa": 1, "da70b358-96c8-403a-9d4d-cf84d45f1c93": 1}
545	5000	19	224	198	16	0	0.982	2	1.0	11,8	0.8	1.0	1.0	0.0	0.0	2	0.789	18	11	9	1.0	0.0	0.0	0.889	0.123	0.1		{"0db869c6-51f0-4dce-8944-c14fbe985843": 0, "13604960-759c-4fed-a9ea-ec717f5ea82a": 0, "26b69cb8-7921-4169-aeea-62c3682fb1b3": 0, "335993fc-02d7-4d2c-8edc-27eef89a4ca7": 0, "3e73cb11-f223-4d0b-b0d5-2a6d77798a3c": 0, "420b62d6-897a-4331-835f-6424dae3f06a": 1, "56e1f1ac-3807-49e9-9626-42a0f16299de": 1, "5e181b33-cc4c-44cb-9368-0dbc6f337a97": 1, "5f7371c1-8295-4ef8-9881-eb7ef2f0b43e": 0, "60420485-3b1b-467d-af2d-0d1be37a3164": 0, "72fb2e92-288c-4d82-91f4-2e522cf4eed6": 1, "9ca90dfc-3ee5-4941-a1b7-534fcdd37e24": 0, "a00201ae-ea08-42a7-a050-b215e0a18faa": 1, "b18661d4-44b9-4bb3-a332-8398e4301dc2": 1, "bef0536d-e6c1-48e1-b27f-98dd2fd8cabc": 1, "c050e250-f563-4a7c-8c67-cdbd093cb61a": 0, "f1359676-001e-4d63-8f49-a80550445671": 1, "f806187c-ad2b-4ad3-ab67-6978c2a4468c": 0, "f855648f-67e8-4242-ad60-0d18a045686a": 0}
546	5000	22	264	268	34	0	0.952	2	1.0	11,11	1.8	1.0	1.0	0.0	0.0	2	1.0	3	2	1	1.0	0.0	0.0	1.0	0.0	0.0		{"03339c42-2c91-4472-9252-db9729ca774b": 0, "0ea01a66-1fd7-45aa-91a9-e81db4957ad8": 0, "2a2e5bb1-01cc-49af-8400-553e11c69751": 0, "3923b7e2-e8ad-486c-883f-bf3091d0c203": 1, "498c39bb-71cc-4de9-ad00-0cb8223459f4": 1, "5433d2d6-28fe-48aa-9192-78d599e32cab": 0, "55b3872b-9c3e-410b-b2ca-d0ec68471224": 1, "56a72687-94b3-4eb3-ba4c-b43ba5119f7d": 0, "7345290f-5822-4f6b-9e51-eac2908d9273": 0, "77043e1d-4345-4c72-96dd-bedebbdd064b": 1, "8689c9d8-1519-4c3f-8e22-9e7ad0b37f83": 1, "a078aa0c-6cd0-466d-9014-86500bf32d90": 1, "a1705590-72dd-4fca-a118-339bec3f4eab": 1, "a699c139-274e-4243-94fa-65e65fb0f0a1": 0, "b3faf8fd-df39-4d76-8536-ac9835e347c2": 1, "b96b3814-6437-463a-80f2-e660efe8e5bf": 0, "bbb66e7c-30e2-4d09-bea4-0f9bfbb65468": 0, "c6072092-6974-444f-9f19-529f394fdfc6": 0, "ca882f11-791b-4ffc-9148-6d50960ff99a": 1, "cd53e850-7967-44e7-8fde-181a821a6a62": 1, "f35379c0-3d52-43bb-b33a-f195eb5babe5": 1, "f6c6f27e-19e2-4fa1-9609-013fa8642bfc": 0}
548	5000	17	184	159	16	0	0.993	2	1.0	9,8	1.1	1.0	1.0	0.0	0.0	2	0.764	16	8	10	1.0	0.0	0.0	0.875	0.105	0.143		{"06d295e1-0ebc-4b48-a2ae-960f771fc395": 0, "193c9bed-7a85-4e2f-8cbe-ccc3430e26ab": 1, "1ba4dc5a-512e-4575-b62b-18c8b780ed07": 0, "3d1b6bcb-0ef4-47a3-834a-607a5872c2b6": 0, "4aea6d56-e421-453f-8bc2-419649d51213": 0, "52ac75cb-d519-4f99-b6d2-cee8d094a3cd": 1, "69d3cc2f-68ba-4429-8021-bae1d8746ffb": 0, "732e2b76-228e-4898-a948-9ac46b8d9423": 1, "73d5bcfa-7479-4ec1-bfca-82abb3c50911": 1, "7b5ba5e5-b99d-4c6b-ab21-e7cceae37e6f": 1, "900a431f-8915-45e7-baae-cee47a61f4fb": 1, "9e66e9dc-6bbc-42d9-aa06-54c380e66215": 1, "a2e7be02-44f5-46fa-90d7-c90da4322e4e": 0, "ade1ca46-6567-4c35-8390-71ca213b11de": 0, "e610b977-9380-41ee-ba3d-dda808606963": 1, "ea6ec6bc-5d6c-4f6b-ae6d-25a16084e4b2": 0, "fcd800c2-6bdb-41c5-a4ab-4ee4eb6543cd": 0}
550	5000	20	280	252	16	0	0.963	2	1.0	13,7	0.6	1.0	1.0	0.0	0.0	2	0.8	20	8	13	1.0	0.0	0.0	0.9	0.121	0.077		{"11e18616-f65a-4237-9935-31cb56616064": 0, "1edcf2f9-4740-4461-ad6f-ae2262f84e5f": 0, "39b366dd-cd15-4cb5-ad3e-8f35bb8310f7": 1, "41b7cbc7-05d2-4609-9a9c-eba194a53545": 1, "616506d6-e330-49b0-8cfa-13cb5230363f": 0, "6ba12a01-0874-486a-847c-a95efb915648": 0, "7432cd82-5fec-48b8-bccc-e4cb890cd318": 0, "779fc7f2-b1df-4fad-8532-4c0afb3287e7": 1, "94a8a413-ca16-479f-862a-45fe11f102a0": 1, "954c743f-70ea-4101-9720-931d235fb67e": 1, "9d741771-efa0-40b2-9954-cf514d0bcb17": 0, "9ea8d58d-ef48-4e34-8033-4f9a02a0a04d": 0, "acb4a752-fbe8-4f8b-af65-496111e98780": 0, "bd43b83f-f208-4c5c-aa59-303a07ce3b2e": 0, "be980923-d10a-4e4f-b430-93c1e82a56e3": 0, "cc764cae-1b2c-4318-9100-2be84ed2330a": 1, "e9d1a86b-dc11-4d14-86ef-1af0e711e181": 0, "ef77c30a-44d0-485c-a2aa-f1e0ee4b8af3": 1, "ef7bffaf-1a8d-4841-9098-fbd1987c9a34": 0, "f85d8c0b-a99f-42e9-b4f1-d43c0728efc5": 0}
551	5000	28	115	98	23	0	0.992	2	0.964	15,12,1	1.6	0.958	1.0	0.0	0.0	2	0.804	24	12	13	0.96	0.083	0.0	1.0	0.0	0.0		{"0e332dd7-aeca-469e-b40c-903e3d763491": 1, "10dd6b7d-ba56-41d4-b53f-87aeab436a81": 0, "1652e159-28e6-4456-8138-bc07b2daadde": 1, "21029c00-c3ee-4eb7-92aa-4e5d90f43b15": 0, "23505428-230d-4094-96cd-e069e06f206f": 1, "2d112494-3df6-4820-9eca-adf06f59824d": 1, "3299cc80-6040-4201-a970-7d0bbf4dfe1d": 0, "4947f253-bc8d-4ee1-8a98-ad980f61ac83": 0, "49be40b9-c3a2-45ba-bcfb-8f89e4496bdf": 0, "51b3f1c4-4e14-48c6-bcb2-fac09cdd324b": 0, "59d0cbce-1814-496f-9b58-1edd39c065e5": 0, "5ed88422-5850-49bf-9644-01c1a18bb145": -1, "61fc4324-a794-4687-bde1-487dc142d5e5": 0, "67d08e7c-d392-4c6d-8e50-f400943898d1": 1, "6b2f6467-c2b2-47e0-b955-3fc3e7c8f53d": 0, "8036f77d-4ebc-45bf-9478-5aff848b4788": 0, "834a367c-4ccb-4aac-95f7-451931c02aad": 0, "896511af-c989-47c1-bf4a-0cfb525cfea4": 1, "8f4f537a-ae32-4f35-ae53-654a8d5d118d": 1, "99b4982a-33a7-467d-bfec-d986b4d1d68c": 0, "a63102cd-e297-47a5-94cb-1e5c837d6e17": 0, "a8eaf32f-478b-4eb2-9241-e3f74abcbc81": 1, "b761a061-a5b0-4a35-aa65-15c26760a9b2": 1, "bcfa6303-131a-4e57-8f5b-e9980ff451d0": 1, "d94d35f2-9622-4d4c-bda3-685dfb9e03b7": 0, "eacfff8f-c62b-4147-aa98-48e29137c283": 1, "f6fcd77d-a815-4148-862c-cebe74fd33a6": 0, "f77fee78-4cb4-4e57-a4f6-89e18cef154e": 1}
558	5000	17	315	287	12	0	0.985	2	1.0	10,7	0.5	1.0	1.0	0.0	0.0	1	0.0	17	10	7	1.0	0.0	0.0	0.485	0.0	1.0		{"0383bfa0-78ea-4d9e-910f-36206e2fff21": 1, "14b3867d-3cbe-4460-93fb-2f1ce55b852d": 0, "21aa379f-2755-4e4c-aa1b-46364f371409": 1, "37440ca1-1b9f-4534-a3ad-bee2bbdfdfed": 1, "4f05b88c-61cc-4493-9d19-03bbf7be112f": 0, "506dbb2c-c7f7-440d-ae11-fcac209c25d6": 1, "588621a3-9bdb-4da0-9296-cddf1a1a07b4": 0, "78b9d285-df33-4575-aff0-dde5131c6277": 0, "80a5465a-d0a1-4cfb-ab52-289006d663ba": 0, "8a560911-cab8-40cf-a10f-76e32b650225": 0, "ad41166f-4cbe-41d8-bf4f-3b8a08ff9b6a": 0, "b4c1298c-6f93-4cc7-95a4-0d90af3b2ad7": 0, "ce7cab2b-6feb-4c56-8db8-58103d1c1a7b": 0, "d8652283-8c25-496c-aecc-1c76091cf215": 1, "e6126ba7-2612-4fe6-a652-15f497e2fc0a": 0, "ebf7f2d3-8247-4466-83cc-4edb98c7fe23": 1, "f4726118-c1e0-4890-9ff1-64adba4dad72": 1}
560	5000	13	180	166	18	0	0.987	2	1.0	7,6	0.3	1.0	1.0	0.0	0.0	2	1.0	13	6	8	1.0	0.0	0.0	1.0	0.0	0.0		{"04c4e21c-4db1-448e-9874-ac734b6ffed9": 1, "21aa379f-2755-4e4c-aa1b-46364f371409": 0, "2f702147-36ef-487d-a685-12b72adb7812": 1, "34a9834e-a35f-4088-9be7-f2a76a9c594c": 1, "37440ca1-1b9f-4534-a3ad-bee2bbdfdfed": 0, "506dbb2c-c7f7-440d-ae11-fcac209c25d6": 0, "588621a3-9bdb-4da0-9296-cddf1a1a07b4": 1, "7856bd6e-0cfd-4a49-82a9-831ab4013731": 0, "92da1edb-ea59-49a4-8f28-ab252e7e1bed": 1, "cb7273db-a01d-415a-b6f4-5b953fa34b2e": 0, "d8652283-8c25-496c-aecc-1c76091cf215": 0, "e6126ba7-2612-4fe6-a652-15f497e2fc0a": 1, "ebf7f2d3-8247-4466-83cc-4edb98c7fe23": 0}
575	5000	27	559	560	65	0	0.974	2	1.0	17,10	1.5	1.0	1.0	0.0	0.0	2	0.852	27	19	15	1.0	0.0	0.0	0.926	0.088	0.059		{"0e5bee87-582f-4178-bb2e-69cd09e784c2": 1, "0f60ea15-5f7c-4267-b33e-0b6bf00cd186": 0, "1a4a2bd7-7cad-4b99-9ad3-1dc579713260": 0, "24679075-ffcb-4c3c-a414-34ef4c25b140": 1, "31ef9a7b-1433-4c93-bcc8-7207385b6203": 1, "3a56ed64-7a3e-4781-a357-a2c6e92835c7": 0, "4b23d55a-f2cc-446a-960c-bec8218c5ea3": 0, "4f4ab063-fd0b-4025-b05e-432eeecec84b": 0, "5a641855-ead1-41ef-8bca-a629bd111b4c": 1, "5e9e5e02-14a1-4b9b-aa7d-16a7db9446a4": 0, "623c8970-0f52-437a-8072-e672610103cd": 0, "648dc2a1-ffc5-4b73-8573-c0a3693007b4": 1, "699f71e8-c754-44b6-9dff-10c2957e854f": 0, "6c1df103-5745-4ba8-b6d8-154ad9e3f81f": 0, "8faff574-5595-4634-b1be-a665b10606f6": 0, "9f965b24-f1f9-46cb-ba1e-f7484046150d": 1, "a2d163e1-e893-46b3-847f-1b9d9efb1357": 0, "a8bb4787-1a35-4552-bcdc-0f83c70426ba": 0, "acdfc031-e6de-47e8-8fa9-421f7ec241b7": 0, "b8a91c7c-c85c-4d9a-a7b6-8d2da3f389fd": 0, "ba9d744c-e01c-47bd-9876-939e633b9eac": 0, "be18cdbb-5827-4589-94d7-c5c8795af767": 1, "f55355ef-ae4b-4883-9919-e8003b8b4203": 1, "fa12084d-c88c-4988-bcde-42bf78b4502f": 0, "fa5310ad-1f70-474c-921b-c58281ae8a2f": 1, "fc70c102-4bfa-44e6-b1ee-be3417461e47": 0, "ff1f282a-ce11-4677-b8e2-3a0ee0047262": 1}
576	5000	30	756	815	118	0	0.993	2	1.0	16,14	2.2	1.0	1.0	0.0	0.0	2	1.0	30	17	16	1.0	0.0	0.0	1.0	0.0	0.0		{"0e5bee87-582f-4178-bb2e-69cd09e784c2": 1, "0f60ea15-5f7c-4267-b33e-0b6bf00cd186": 0, "1a4a2bd7-7cad-4b99-9ad3-1dc579713260": 0, "24679075-ffcb-4c3c-a414-34ef4c25b140": 1, "26d9e31e-7840-4abe-ae65-8cf3e63a6b85": 1, "31ef9a7b-1433-4c93-bcc8-7207385b6203": 1, "3a56ed64-7a3e-4781-a357-a2c6e92835c7": 0, "4b23d55a-f2cc-446a-960c-bec8218c5ea3": 0, "4f4ab063-fd0b-4025-b05e-432eeecec84b": 0, "5a641855-ead1-41ef-8bca-a629bd111b4c": 1, "623c8970-0f52-437a-8072-e672610103cd": 0, "648dc2a1-ffc5-4b73-8573-c0a3693007b4": 1, "699f71e8-c754-44b6-9dff-10c2957e854f": 0, "6c1df103-5745-4ba8-b6d8-154ad9e3f81f": 0, "9f519e45-0e1d-4e74-978a-182d0074b7a5": 1, "9f965b24-f1f9-46cb-ba1e-f7484046150d": 1, "a2d163e1-e893-46b3-847f-1b9d9efb1357": 0, "a8bb4787-1a35-4552-bcdc-0f83c70426ba": 0, "aa517a08-1682-42be-b167-c3f6aea92fe7": 1, "acdfc031-e6de-47e8-8fa9-421f7ec241b7": 0, "b8a91c7c-c85c-4d9a-a7b6-8d2da3f389fd": 0, "ba9d744c-e01c-47bd-9876-939e633b9eac": 0, "c6e33e83-093a-40bb-ace4-5e2bc132ebc8": 1, "eccc1358-a30f-4d73-a414-f64c1af52156": 0, "f047f227-afd0-4fb8-b625-a805b2fc4123": 1, "f55355ef-ae4b-4883-9919-e8003b8b4203": 1, "f5f6d313-0dd8-4856-91b6-2aae1fd9ef9a": 0, "fa12084d-c88c-4988-bcde-42bf78b4502f": 0, "fa5310ad-1f70-474c-921b-c58281ae8a2f": 1, "fbf9731b-6e63-463e-98cb-865c67f041ef": 1}
581	5000	17	11	2	0	0	0.081	1	0.176	3,1,1,1,1,1,1,1,1,1,1,1,1,1,1	1.0	0.286	0.0	nan	1.0	1	0.0	7	3	4	0.524	1.0	0.083	0.429	0.0	1.0		{"03df63e6-22d4-42db-a2c3-a55124a6d5b7": -1, "1693701a-8664-4a0d-9d91-36ffaf8dcb97": -1, "2787d735-7bf9-4c35-b10b-7f5a396a5697": -1, "3af2f9a9-c90a-4d6f-9d7c-d4d6ca31e12b": -1, "43d451a4-93f1-4a45-abae-c6fbb9c08e24": -1, "50ee449e-43d6-4cc6-ade8-64ac46402327": -1, "5b06674f-930c-4c65-95ba-a6e489d091bc": 0, "7948e386-18df-460c-be7e-9d87fad90eff": -1, "79d85842-d05f-4482-bd6a-d7465e1872a1": -1, "85209210-63b3-4911-b571-3b66987afc41": 0, "bb161b7e-afd0-4d9a-9ed4-cfef6858c590": -1, "bf3f3429-fe77-485a-845f-82cc6e2fbf19": -1, "c5caed90-243c-45fc-91fe-6355d3c738eb": -1, "d71ee627-8bdd-4fd5-b7ac-3488f7ac1d77": 0, "d86db9f7-72b1-4f46-999b-54a5cf057b9d": -1, "dbb2077c-86c6-44b2-aa8e-a03fc7534c79": -1, "f8602246-1edf-4ce0-b890-375f5b20aa81": -1}
593	5000	38	8851	9107	373	0	0.452	5	0.947	15,10,4,4,3,1,1	78.6	1.0	1.0	0.0	0.0	1	0.0	15	10	6	1.0	0.0	0.0	0.524	0.0	1.0		{"0258c68f-34dd-4b52-aa37-e8a013f9535c": 1, "02eab5fd-0b5d-4d1d-9511-2db74dea3268": 0, "0a6b4684-2674-4cbf-948d-11a9d9413d3d": 4, "0a7c7a4f-18e5-4824-9cd0-ad3da19870fa": 0, "1407a2a3-89e3-44ca-bd8f-42006d60e003": 1, "189b4dcd-821c-4555-8ebf-4e2bce918ffe": 2, "2a4d5c0a-b1f4-4acf-9cc1-6ec0678ab7e6": 0, "2c143387-fa6c-4e05-a626-4d8c27d2d8b8": 1, "2c7fb59e-4944-43c3-acb6-4f9bda764320": 0, "34060529-b5da-49af-9a41-e340a765271c": 0, "4a8d6f52-e09b-4413-a4bc-8470065c624f": 4, "4bed9d10-44b0-4089-ba23-5950efc5caa1": 1, "4c4d9f08-1e43-4295-b2b2-cb76677412d7": 1, "54a26719-fb51-49d3-b003-767e853323d8": 3, "5ad1f772-6aed-467b-8f06-68fbdb6f06f9": 3, "64e08332-1e16-4531-b75f-860d8c315cc8": 0, "6fd324a3-b256-4f4b-bda9-6cb062a802ed": 1, "73051432-4419-482f-b9e8-c82647b2afe5": 1, "78629d32-c799-4ab7-b746-c5d3c8600182": 2, "7b7fe1d9-99b8-4784-baf5-c877e07455ff": 0, "88e6c882-2cd6-48fd-a9f9-21a3fd41f374": 0, "945ee4fc-e26e-4538-a94a-42b13199e8a9": 0, "97464d1a-7f8c-453b-a4cc-82bb38157dd6": 3, "98cc74ec-a025-4d5d-afd6-5df45afb7579": -1, "9a97f926-0b1d-4f03-bf10-02d335b0dedc": 1, "a9a00b27-b486-46ca-a36f-a9760e023329": 2, "a9c89112-6651-4ebd-be92-fe7cf4a57153": 1, "af0708b6-f001-4053-b0a7-0f598a2b8f81": -1, "b23dca4e-318f-444d-966d-7e203c011194": 0, "beda595f-85b4-4439-869e-4b9f7a07d80b": 2, "dc71b4d6-2439-4ce6-a8ab-848af59a5b0a": 0, "e445c118-64b4-48b6-a9c8-70b4f288102c": 0, "ef8bb009-d402-426c-b9df-bb038e2de4af": 1, "f1193d42-1cf6-4905-bfe9-15bef9c7c32f": 0, "f3729042-b5a8-4f94-a834-c5627ffb508e": 3, "f85f4fef-7807-4880-85dc-20e9a89a3cb9": 0, "fbead1fc-70ae-4394-b3e9-a8fdea4fffa5": 0, "fe45572f-e3a6-49dd-b98c-e9442c797ca6": 4}
594	5000	21	85	54	18	0	0.995	2	0.952	11,9,1	0.9	1.0	1.0	0.0	0.0	1	0.0	7	3	4	1.0	0.0	0.0	0.429	0.0	1.0		{"0c5b12e4-fc51-4282-9f79-ed80191d89e1": 1, "19ff51bf-18dd-4caf-9ac8-9fa9ef72b787": 0, "1fe33b00-36bf-4b86-87f9-0ecd2b789185": 1, "2b059b4a-4c81-4d21-a9b4-11fdaede19c8": 1, "3506875b-bec5-4e4b-8dc0-0ae33fe9ef6d": 1, "386be791-c9bf-4d87-8b97-4bf7193a6610": 1, "55aaed7f-e2f2-441e-a708-05801054dcbf": 1, "59341f54-e3af-47da-8b92-c5cdbf2deef4": 0, "627eed6a-9c96-44dc-8f70-516501aab43e": 0, "76b7f1d6-e202-46c1-b8ad-4f30961c131d": 0, "77009235-3eac-4a1a-9546-3cd0f62276e6": -1, "7771cdc9-7285-4707-8a3a-21e90e57802c": 0, "88893374-5c76-4457-af3a-3dc0bc37d03d": 0, "8c2f215d-7918-4f70-8127-69f490921150": 1, "9a2b4a1e-4ab5-4446-89f2-8a0cbcebf5af": 1, "9d27a96d-f45e-40cd-9bf7-1315e35843e6": 0, "b3cfc4e4-4f93-4f8f-96a9-35fecff51cfc": 1, "d3b97a6b-c042-4b83-a745-079574e471bd": 0, "e677d87f-ac46-4f41-a965-919a36ab3e7e": 0, "ed4393da-3897-4298-9cb2-231c1563d457": 0, "fd237785-6fe9-4aec-9cf0-62451e5f42cc": 0}
603	5000	19	82	57	0	0	0.801	2	0.947	11,7,1	0.6	0.947	0.889	0.096	0.125	1	0.0	19	14	9	0.842	0.205	0.114	0.497	0.0	1.0		{"09b8fd40-7250-483d-ad54-3d75369acc5a": 1, "3eaa6c04-7122-4ca8-aa0b-42d41c38fefc": 0, "413ec947-5cfe-4d33-92e1-4ced38608d8e": 0, "4599625f-35e0-4efa-91d2-30e8849aec53": 1, "47d2b610-4b0b-4636-973c-eef456a58073": 0, "4d3ef75f-991e-4e24-a6c0-9f91225aff10": 0, "5d0d1eb3-88a6-400a-b3c3-c7f4ad627123": 1, "5e581f27-4c90-4149-b715-2d0abd625e47": 0, "7cc56c7a-df95-47d0-a1c1-3246bc6786dd": 0, "860aacd8-52c2-434e-afe5-bf873a1bdec8": -1, "91e8ae75-37ca-4501-8a8c-eb61d1946820": 0, "9a49cf6c-45f3-48d5-8c24-4061111d3157": 1, "9a60349a-593f-4728-be0e-2fb6d9fb0d18": 1, "ca718e71-bbaf-4998-b044-e884a1aa42c4": 0, "cb233f8d-3a99-40f9-a85e-7871230973e5": 1, "ccd51b39-fc50-4329-a0c8-25969756c08c": 0, "d2949db0-049a-47f3-a817-ee84ac10a8cc": 0, "d6a41642-d5c3-41c7-a5c6-eaf5effad8fd": 0, "e7acf54d-3ff1-4eae-8330-16b135e1344d": 1}
606	5000	23	310	325	19	0	0.901	2	0.957	11,11,1	1.0	1.0	1.0	0.0	0.0	2	0.754	22	11	11	1.0	0.0	0.0	0.909	0.091	0.091		{"0cb94b0a-69cb-4a0b-95cf-bca3869fa79e": 0, "19549fc2-0eb8-417f-841c-6c198583041a": 0, "2535198d-df9d-455a-90cd-54e011b7e296": 0, "26ea3e72-a5c6-42a6-8b03-7a3cf2c16caa": 0, "2fe346a4-d865-4d38-ab64-f7275cacc082": 1, "63138ba8-6b80-4187-b68a-b1dbe9182e58": 1, "6865d348-b077-417a-bce6-d4ca73771bb1": 1, "69023978-d4aa-4a74-acfc-c005ff1febeb": 1, "7efae1d8-2959-47de-b0bd-39797eb440d7": 1, "854712d0-1d98-42bc-b379-3a1797f2b350": 0, "a63b8f8a-7739-49d9-a036-183cc9e0b0db": 0, "a8cb6241-cf4e-4495-baf5-721417ca63bf": -1, "aa325dbe-5075-4500-a0d9-0b9b0fbbfc07": 0, "b0fba901-0219-4abb-a4a2-281cf1c63ba9": 0, "b8b74845-c2e1-45c2-8413-a9f52c315fea": 1, "c48dc326-f2c5-4af2-9355-9ceec18b2b9d": 1, "c849425c-0f4a-4ab1-8f2e-36f158119b10": 0, "ca601470-566b-4ebb-9966-fee107189573": 1, "d12fbff1-1d48-4594-95cb-13a11465d9d9": 1, "d849d333-0480-4626-9861-2f929c3a36be": 1, "e2207637-793f-4ce3-b314-816812139e67": 0, "e28c7971-20dd-4a30-82a8-c42902ef24f9": 1, "e2c1f030-11aa-4f2d-9c13-8bcc1ea3b487": 0}
607	5000	42	295	253	44	0	0.374	2	0.69	18,11,1,1,1,1,1,1,1,1,1,1,1,1,1	11.1	1.0	1.0	0.0	0.0	1	0.0	24	13	17	1.0	0.0	0.0	0.482	0.0	1.0		{"0153aeb4-b774-4b37-80bf-bc232b0d2d38": 0, "05530e56-5353-4982-8576-c063217f4a52": 0, "1ea3249f-f4ac-48ce-ad95-ed96e2f0d98e": 0, "22fe80ce-2ea3-469e-9713-4d7cd9b47836": -1, "2552fc9d-fec7-49f9-a612-15c93e5abff3": 0, "2611fa51-c64c-4a68-994b-588d51c6c72f": -1, "2d6cb85e-b192-47ae-af1e-e8d4dbfbf8a4": 0, "313af9b5-6161-47ca-a3c8-efaf6eb2ce45": 1, "32ce14ea-307a-4f8e-847e-159473fa4167": 1, "4507ad87-2127-4e24-b80c-00fd9057b063": 1, "45d43ef0-25d5-4ce4-8d59-a7763e8d7416": 0, "532b4dc8-2c06-4a4f-996a-e03b46867a0f": 1, "653a609e-531c-4042-b85b-cc56bffd8e55": -1, "6b4f805d-2ca5-4de4-96bc-dc7790279758": -1, "6d0769a2-f3b5-4bc6-ad53-d4e8e8907e9f": 0, "6dde7e36-074b-42f7-8e2b-2e568bf36acc": 0, "864fe564-2d83-47a2-97be-e785df894a1b": 0, "877243ac-f120-429a-a030-390b95baeaee": 1, "907828d5-0d2e-4713-a92f-5d9cd81d2d07": -1, "97607bbc-899d-4a2b-abc7-eaf1a715973b": -1, "9ea49906-c9aa-4352-8921-e8c6968d3409": 0, "a2c77d14-dbbe-458d-aa01-9a933a401cbe": -1, "a2cd8ed3-dc63-4026-bceb-96b8c91ca2fc": 1, "a451653a-8f6c-4388-a0ec-f088e0da3e0b": -1, "b4a0df5e-7cde-4116-bee3-b1b3f2a7258c": 0, "b7cb6604-c8dd-4377-9943-023839b2a45b": 0, "befc31ad-b2e8-4baa-9df7-4d126b36b8c9": 1, "c52afb82-900e-43ab-a4fe-974b6470ed7a": 0, "c5f5c1cc-3f71-4229-b183-82df37e32baa": 0, "c85116a6-ebcc-44e5-b5a3-18469f214c7c": -1, "c9bb0afb-c1f6-4995-8ecb-1401e2a1de61": 1, "cf5d79b4-0e13-41bc-a045-19cd7aaa1802": 1, "d3db4e0c-e8c3-49a1-ab4a-248695c3d35f": -1, "d75e376e-45b1-4a53-b011-7c5d8249a2d2": 1, "dc398981-c176-4819-9351-1332b3a699a7": 0, "e2321b85-9404-4f71-8f75-d866608b9266": -1, "e33c1747-14c8-4620-8e7b-0ff3d49774a2": -1, "e518e7c9-9075-46e3-8de1-d3f96b019ebb": 0, "eae4e18d-d101-41fa-811d-0a6875ff8a19": 1, "f079aa1c-8a0a-4ed9-9385-af70fda6d63f": 0, "f83d6517-0259-4492-9aee-bb61707f331b": 0, "ff4e400a-9b28-4343-a2c7-8ddd00109262": -1}
610	5000	28	192	168	1	0	0.997	2	1.0	15,13	1.4	1.0	1.0	0.0	0.0	2	0.857	27	14	13	1.0	0.0	0.0	0.926	0.071	0.077		{"043a8984-8ff6-4bd7-be32-a0abc745df4e": 0, "07c0bab1-1b18-4dc5-baae-789bd36c982c": 1, "0c9138c5-5874-4789-be40-3a2baf03a23b": 1, "1d0101f4-3607-44f0-866c-72cd57b3939d": 0, "230439b4-7a45-4f78-9cbc-a498d4edd1c0": 0, "2b332376-2cae-4eaf-9f26-f4d0370063b2": 1, "3a8520fb-c154-4031-bd2d-53287458a7e4": 1, "5c0e653a-80d9-463e-a806-d4364eaa78d5": 0, "635a1dbc-f170-46d7-a5eb-f3d580de3d46": 0, "67f91279-7fc9-47e3-a08e-6c866917b38a": 1, "7367458b-cde7-4b97-9f07-c9715be796fe": 1, "764f05d0-2d95-4690-b942-22cc17af7a0d": 1, "7f0fe79d-62c3-4d77-bb39-b5cbe68d04b4": 1, "8cb791a3-fce4-48cf-8b11-08d9d83ca838": 1, "8f976915-2644-4e7b-88ac-2c101e66c335": 0, "9b5d77cc-000b-4394-9ac7-a5d06f9824d1": 0, "9ed72619-9ed3-4279-a4f5-c99c5840908a": 1, "9ef6ecf8-c6fd-4a8e-9e00-a4719a666518": 0, "a07cfa85-9d6f-49f2-ad86-6c9d98dcd158": 1, "a559dc2b-31f7-4cd3-8a84-29e06c8f2fde": 0, "bae06d36-678c-4844-8112-f59eb26e6394": 0, "bb0a3474-54c9-4190-a160-15f672208f75": 1, "bdb75e80-f8da-4651-85bc-242daf1ec738": 1, "c4f8c125-1332-4276-82d7-b6ade84c3fe1": 0, "c70d06fa-ee10-4edc-8995-d852d120a81d": 0, "c907f460-345d-41e7-b660-ec9802ea719d": 0, "d32ab794-dca4-4260-98e1-f35ca397967c": 0, "f4fbcb20-d43f-4f3a-9b4a-6d461e763252": 0}
611	5000	28	506	529	26	0	0.997	2	1.0	15,13	1.3	1.0	1.0	0.0	0.0	2	1.0	27	12	15	1.0	0.0	0.0	1.0	0.0	0.0		{"0d43f49a-a9ad-4aae-80ba-491ee06e4b7d": 0, "1df0f133-4322-4028-849d-a304831d5e33": 0, "25dbf33d-0cb7-4a41-aa0e-6bb159dbd029": 0, "38c92f9e-930c-4040-b56e-943763c4a454": 1, "4c3a3497-0487-4d3d-b2cc-100ea9c1ccad": 1, "59791f7a-604d-4ef0-b25f-659a37bbd179": 1, "6276285b-06da-4dba-b583-d208883de8d2": 0, "6663ff77-1fbb-452c-abb8-77cff7b57f78": 0, "670c7ad0-0228-4e4c-814a-9db81a3e0e52": 1, "69b7e499-dd76-4eca-998c-06669c47cba2": 1, "6b41c308-2a6f-482f-8cfd-fde5047ed08f": 0, "6c2804b1-e3e5-4b7b-9590-06ee75be4860": 0, "752b6da7-66e6-4469-ae50-414051fa89ae": 1, "7c905632-2421-4dd6-9ede-2d9fdf1abf5d": 0, "83d85653-e5df-4137-b7ce-30a6dee808ab": 1, "8a916d05-410d-4701-8033-2ade213fe658": 0, "8d23cc97-fee7-48c9-a7a7-88f1028125a7": 1, "9dc032c6-1177-4246-a5bc-34f32e1406bd": 0, "a79ba927-ee66-4953-9b6c-486f8eb95868": 1, "b2cf0b5f-fc9c-417f-bf6a-7ec775fa43fe": 0, "b640fec4-3f18-4666-bace-5545c611bd5c": 1, "bbdca924-9bc1-4769-b5bf-f52d15c138ff": 1, "be0913f2-d74f-4200-8175-35344a3e567d": 0, "ccbc920d-4347-4b8a-99c4-e6f380ab9f75": 0, "d0b2b3d3-0231-425c-beed-452347859718": 1, "f0cd3148-2517-4714-bcd3-ec921d3769c0": 1, "f0f1db9d-7b67-4d85-ac7d-fe67d2c48cd8": 0, "f88a3f46-540c-4938-9ae3-d1744f2baa8b": 0}
621	5000	26	370	355	41	0	0.963	2	1.0	20,6	1.6	1.0	1.0	0.0	0.0	2	1.0	17	4	13	1.0	0.0	0.0	1.0	0.0	0.0		{"20a75603-c83d-42cb-8114-79d9d22d3e1c": 0, "31249240-6b95-42e2-b475-5e465c001982": 0, "3bc2c307-3626-450f-8217-c57ee09d90a2": 0, "414ed53e-a184-436d-a2c8-0375648bcd7f": 0, "41acecf5-f881-4d8b-89e0-d30055efbc99": 0, "507b3e17-dc4b-41af-a73d-aa8f7c8425a4": 1, "532de0c2-7e9a-4be3-bc74-918fcbe35db3": 0, "568bf108-6645-4fd5-8a2b-1586cc27cd92": 1, "57d68b47-d9b2-4baf-95bb-123ebf97421d": 0, "6bdfe5df-9f9b-4220-a4d1-a5c07c981988": 0, "7301071a-f794-49bb-b97c-b4b3715d9dac": 0, "75b91215-ba1a-4e56-a229-80756717453f": 0, "7b74256f-4e40-45f4-a758-8e81e4268e26": 0, "8ef339a9-ce49-4d20-aaae-50c99c5f3a83": 0, "94a51714-11ce-411a-9c51-c503afd8aa48": 0, "998b026d-93b6-49f4-b009-d4b3d8f9458a": 1, "9d275648-b738-424a-a441-34f2aa445572": 0, "a46ccbd0-5ef6-4827-a146-9ab6cf8145d6": 1, "b569f525-89c0-49c3-a821-0f1f2669ba64": 0, "c13929ed-8555-49b7-a88e-edac0118f6f6": 1, "cdfc8d70-c8da-464e-8949-690ea41333be": 0, "d9e3e978-4cab-4471-bfbe-9eb9d67f3a4b": 1, "daebc3d6-8a9f-4628-b357-5f994ae80b31": 0, "e2e3c962-aeed-4cd2-a30f-1a680628cf57": 0, "ece5c4bf-3fcb-4c4f-863f-28861d747e20": 0, "f3d0c664-5c23-41ab-bf13-8e3ab35d9da5": 0}
627	5000	22	381	323	33	0	0.983	2	1.0	12,10	0.9	1.0	1.0	0.0	0.0	2	0.818	22	10	12	1.0	0.0	0.0	0.909	0.081	0.1		{"004a8bb6-4039-4aae-a748-9464fc0cc7de": 0, "0fa8cf49-c5de-49ea-9069-d0070e038506": 1, "19a16015-5ea7-4447-8d7b-1f8fc87befde": 1, "1bb9f3ea-2562-47bf-9fad-71b89dfb5299": 1, "1eba5198-fa13-4185-a84b-6f28b4fdf701": 1, "24886e32-4848-4a1a-9495-f67d38b69335": 0, "398b51bc-c659-4b1e-92fb-a369e41a8d1b": 0, "469a4902-47a9-4e7f-917d-f0dfd36c23c3": 0, "5c461eb0-3548-46dd-9995-c9051ab97438": 0, "66fd9bb0-4c55-446d-b887-04d1eaaf7f87": 1, "696d87b0-9563-4b7f-bfe6-2d6125f70751": 0, "7f34c106-b81d-4353-9284-48dbcca4beb0": 0, "7f5ef445-2041-4e81-b2cc-25be9a74da14": 1, "8c20d69b-872d-4338-a985-616787060a9e": 1, "9aa4d0b2-1560-4ca7-8809-09455177c04b": 0, "9dd0ca64-3fa4-4224-aa5e-aa0a84ec330d": 1, "9f71af26-f255-4a2a-8098-4b9cf11f2510": 0, "a8d3a3e1-0836-4109-bd46-a680ef068dae": 1, "d7596d20-7ddb-45ae-887c-f9971f807a68": 0, "e26b3f55-cf22-4d12-be1e-4d9878f6d7d7": 0, "f57593b5-392a-4fb4-a256-263565fc53d4": 1, "f900abb6-fb83-4644-bcd8-7c921c217246": 0}
631	5000	34	21	2	2	0	0.08	1	0.735	25,1,1,1,1,1,1,1,1,1	1.4	0.947	0.497	0.0	1.0	1	0.0	19	11	8	0.509	0.084	0.875	0.485	0.0	1.0		{"280bbd58-7fe8-43ce-9b8c-6a9d44e540ff": -1, "35e3ea27-ba44-4220-80a7-0ff6e526a972": -1, "35ef84f8-59fd-4ea4-b949-6128a9af102f": -1, "3d7a3084-6eec-4a6f-bea7-c3da1327fe2c": 0, "41035019-19c6-48ec-88f7-4c5cfa0185a0": 0, "4135aa75-3bef-4616-9532-acc1a5ee2cf2": 0, "424e7f3e-9f05-4290-ae7f-621dc70966bc": -1, "444a89ca-0326-4bc4-91b2-388341e887ce": 0, "44e31d4a-381b-4d00-aabe-3fa1b7e0485f": 0, "45ae0c21-03fd-4bd9-9d5b-d2983eb6e7d3": -1, "49480711-8a9f-4fc8-8182-06912b05971c": -1, "4be45db2-e6db-4ca8-906d-0cb62251b9be": -1, "4f5e5b9e-8a56-49fb-8c7c-0c07ba7135bf": 0, "52e92a8f-19be-409b-b5b6-15502ef721bb": 0, "5a6c03a6-4fdf-4db4-a329-9b1ff35ded29": 0, "5bd22ea0-f737-429f-a071-df9dca35e4f0": -1, "6215d7c9-97a2-48e2-ba74-adca2559e97f": 0, "662f0056-4892-43d5-b8a2-686eac20b0fa": 0, "78e3d104-36eb-4723-bb37-3e92bda619e9": 0, "7da81bb8-c6b9-4ab3-99f7-fe97baa206ac": 0, "88524114-4927-44dd-bfd6-36b27f995f1e": 0, "a2afd8df-0d5a-45ac-bf0d-144fc676ed21": 0, "ae370dc7-ad3c-4604-b166-15ac2e25a60a": 0, "b6f98d3e-0769-4fed-91f2-fc5791be4e0b": 0, "b933b65b-09cc-4cb8-b07a-628471e1b88f": 0, "cb868bc8-a59c-4c77-bd7f-2fa6f7fea92b": 0, "cde55f77-ebcf-40d9-8653-18bdfdaa13f4": 0, "d7dd8f26-0969-4be0-b853-bedb59b3457c": 0, "dda44d9d-804c-47b5-a06b-dc3265e8d59e": -1, "e08efd93-aa93-423a-88ae-ebc5c556e8fe": 0, "e3054ded-d03e-4ad5-896f-53aef379c62f": 0, "e5dd3c47-149f-4ab4-8c37-db295e5eff14": 0, "e79b9b2c-5909-497a-9843-7d9310a70fdd": 0, "f1c04278-aa9b-4fa1-b6d0-f8ce6bf3274b": 0}
635	5000	21	397	366	0	0	1.0	2	1.0	14,7	0.9	1.0	1.0	0.0	0.0	1	0.0	21	15	9	1.0	0.0	0.0	0.533	0.0	1.0		{"0b8ac711-9380-4f36-b8d1-0278337c04d1": 0, "0f2d6066-9e5b-49fb-9775-ed836c160916": 1, "2b4423b0-ba58-4de1-8033-a937814dba74": 0, "316f397f-071f-46c9-b911-b9f968dc9d1a": 1, "525f6031-3533-467f-91be-7b633fb5a514": 1, "58210397-9aef-4150-a1c9-151f6ce28869": 1, "63ea2f1a-c140-45c4-97e0-a0459ba4b92b": 0, "7b7eb66c-549b-4ff1-8978-35b0771cf5b5": 0, "7e328a7b-6007-49e2-a778-e4e7a56e6c1b": 0, "822aa5c0-b511-4b31-ad17-6903a299fa61": 0, "85a3ad90-55d3-454d-be4f-616edead7251": 0, "882a701c-f6e8-435c-9e01-109e528caed5": 0, "a8b4366e-f173-4b7f-a88a-9799da9f7df2": 0, "b6bf1678-8a4d-4769-9a51-d46c61102dc4": 1, "bd2f4539-0cbf-4620-a621-850e335a7f2d": 0, "d9acec71-ec2b-48dd-b0b9-d6822f218442": 0, "da137383-221e-4cef-b321-757401127bd4": 0, "e5bcb5a4-53fa-4c23-b446-be32d6ac3d91": 1, "e72ae7cf-37be-45fd-9181-8ef1945c234f": 0, "f255f93a-2463-441e-9fad-81312e43fdd8": 1, "f898f4f6-3cd5-42b4-891e-7dc27e9f8f21": 0}
638	5000	28	288	303	96	0	0.947	2	1.0	17,11	6.0	1.0	1.0	0.0	0.0	2	1.0	27	11	17	1.0	0.0	0.0	1.0	0.0	0.0		{"02b2c6bb-b7a9-4c51-bd7f-cf09a5385bed": 0, "037ee2da-bf49-4996-9f34-4b1fbea0de47": 0, "055d2fe2-3143-4e3f-8b7d-9db1f9fa2ad5": 0, "0838dc8c-e4ea-4918-aa1a-d53c2f80c0d1": 0, "0db92115-ea23-4fc5-a391-8ba56d81069a": 0, "3051d45a-6524-4696-9ee2-e25f129dd458": 1, "4b66d1d1-478a-41f6-b1bb-ac178f1fd1c7": 0, "51ac3c25-8b9d-47cb-a1bb-af936ff99a5d": 0, "52c79080-0e02-4f4f-8e8f-ed5075acabed": 0, "5c2da79d-cfb3-44c5-85df-1ad95ad77ca1": 1, "61bfb7d2-fe8b-40d7-a4db-bc96a79a8c91": 1, "722f022f-b2cd-4fd3-a6c7-7ab21ea35bd0": 0, "7be4091b-d717-4e4a-887a-94cc1cd49850": 0, "80cd1659-6380-408e-a63d-67f25140e1fe": 1, "85ad2006-e9bd-4a6b-be14-ed7e4ffb88ce": 1, "90ce10df-0a0a-43fa-ac03-7e7340e586c6": 0, "99e0e2bf-483d-47b9-8fa2-d9ecf4ce5361": 1, "9e347a69-297a-4860-9f03-d388ad9c3451": 1, "9f2828e0-2c25-4f43-8d62-7404a0e28c7c": 1, "b6676538-80b8-46e4-8bbf-d487d11197bf": 0, "bd2b014a-ad4e-4e98-821d-1502f7bcc5ad": 0, "c7b02fcc-4ec5-4cc7-83a0-4d05c2b2228e": 0, "c97988d7-5fd7-4d57-be56-a4b2cfb87a95": 1, "cf698768-699c-406a-95fa-3f3e7d5462af": 1, "d0a911a6-82a3-4451-ab9c-aa14386a3cc7": 0, "d7adc66d-28bc-441e-9e07-3141f9bd53b1": 0, "e2ea9648-9c10-4c41-afc2-b68a78127926": 1, "ee5ae94e-317a-4df1-a9f6-74ae5f19f48b": 0}
650	5000	32	197	190	38	0	0.925	2	0.969	17,14,1	1.4	1.0	1.0	0.0	0.0	2	0.818	29	15	17	1.0	0.0	0.0	0.931	0.076	0.062		{"165406a4-b61e-4f90-9fdf-6f9e75052782": 0, "1b61d2f7-434f-4550-9291-e043769f5982": 0, "1d2f135a-4469-4f2c-a6e7-ab9724b0de12": 1, "31dcafc6-f2c7-40ef-b799-bad074f27c60": -1, "46738363-7b96-404e-a633-9f2475e3a3ca": 0, "4bc45305-8d7f-468a-9d88-efd76813b878": 1, "53c41ca3-0e17-4b38-af13-56b406735222": 1, "67f6760f-20c9-471b-b427-261f716538f5": 0, "68f7e3ad-59b7-4cac-8b84-5dd308feb604": 0, "69b35c2c-738d-4073-926b-7b2899283699": 1, "72f54957-b758-4a5b-87a2-86803e8a444c": 1, "82b976ab-d079-44e4-bc4e-b15b36b1ccfd": 1, "8606a681-1958-40b2-921c-ad1858f47334": 0, "8d170d61-9a06-44cb-8f14-8752ffd2a3ff": 0, "91471d70-a3ae-438a-a879-c6a65d8b75e5": 0, "9a4f90f3-dfe4-4588-ad91-d5297769a75f": 1, "9c77b04d-d0cc-4ae4-8205-375e74cc454c": 0, "a0ac5052-0c2c-44a6-8ea9-b8fe52c038f1": 1, "a2babe93-bebc-4315-b5a1-11d74a07df71": 1, "aa0ad442-eab0-4c04-a991-9d1a4be54d04": 0, "b15f73c4-bb7d-4528-ada7-5e840d2ec721": 0, "bf169a97-a129-4145-9db6-266ed57c6fcc": 0, "c5f50158-0eb1-4414-ab46-e77557ef408a": 1, "d261e5fa-fbcd-446e-9e71-1644ec9a9ce6": 1, "d706f8be-ea96-4ce6-b377-6c2a4d229444": 0, "d720310a-5fc9-4178-8980-0e2559a95f15": 0, "e0ddfd68-0dd2-4100-b09a-9e131c865dac": 1, "e126a593-5248-4ed7-b723-4aae785a167a": 0, "eaaf3afd-e3ae-4933-93c9-e04a01c7de82": 1, "ec5eef0a-5bc4-4e10-b52d-eb9249408687": 0, "f0f4796c-77fd-42de-a9c5-550acbd17639": 1, "fa5d2d1e-534d-40c0-b246-1a2c18972d49": 0}
657	5000	20	282	272	30	0	1.0	2	1.0	15,5	0.7	1.0	1.0	0.0	0.0	2	1.0	19	14	6	1.0	0.0	0.0	1.0	0.0	0.0		{"1cd0487a-44ce-4ff1-a7a4-60869410edbe": 0, "251a358f-848b-4ffc-8266-4f1cc88d129f": 0, "2ac6b3a5-39bf-45dc-9d78-4049cda8f200": 0, "2f4cd17e-23bc-403b-aa91-4f3bea5dd39f": 1, "3db9182b-5d34-4c50-9477-98193a0223d1": 0, "622e17e8-6e94-4b26-861c-eb65c6568911": 0, "71aae9be-9c16-45c7-acb6-ccf8baf9e1a6": 0, "7d7bf47f-48bc-4d8c-b30e-eb0ab1870641": 0, "9286a002-52d1-4122-b044-d91cce48feb5": 0, "9bb8c706-faf2-49a2-b254-0a5fef42b9c1": 0, "a11c2394-de62-43ce-b15c-8247a68acf55": 0, "ba7cedc7-4bc3-4f03-9cf3-0febe9db22bf": 1, "cbeddde9-e32c-4d64-9b4e-5d7bb93d9a11": 0, "e486d784-a9cb-41c6-8481-6e2c952e99c4": 0, "e63a830e-4291-4f33-8919-5513753e59de": 1, "eec27976-b34a-441a-b22e-b59ab71ad75a": 0, "f3bae19f-b50a-453a-9ea3-5751f79c3afe": 0, "f6af2d97-eae3-454a-96f6-f962ac409b79": 1, "f93bfff3-1887-4fae-9612-0f5771905dc6": 1, "ff70f511-bf4f-4e42-b1ee-953708f9f0cf": 0}
659	5000	23	908	941	108	0	0.937	2	1.0	12,11	6.7	1.0	1.0	0.0	0.0	2	1.0	23	13	11	1.0	0.0	0.0	1.0	0.0	0.0		{"0d283f97-9f5d-4bd1-85a2-dde831cb5f88": 1, "1cf078d1-bdb0-4853-b2b7-f5ea54d8a0fe": 0, "25937b1b-be8f-4123-871f-d5dff4b974be": 0, "3951e391-531f-409b-856a-a50894905234": 0, "45ae9e28-b3fd-4908-9fcb-99916a73eb94": 0, "74593c11-ed25-4bb4-8244-7bdce18c4bd7": 1, "8db242c5-d4d2-4cb1-a128-80ad46500b4a": 1, "8fab3eaa-0dca-4895-b0ea-66acbf7fa6cb": 0, "a3815495-caa2-41d6-b49b-ba906a57b476": 1, "b633463b-6c52-47ad-9084-f60822f52a18": 0, "bb1f4519-d9c7-481e-8023-7d36b3f25f85": 1, "bfa83846-2a39-4c71-b3de-557c12b05407": 0, "c3bac52f-4e84-4bb7-b0ef-659deb67bedb": 1, "cae44a90-4a02-48f8-8fe0-0b0daace595f": 1, "cda15446-3787-47a3-ac24-2522732b18db": 0, "d9ab46b4-5d52-47d2-8bbd-c588b7b7a724": 0, "dbe2ba0a-9f57-4d33-8406-09e4779d99f5": 1, "e0f3ad94-13ee-42bc-a1db-f658f268dd73": 1, "ed2811bf-c6cf-45d5-bbd0-5cdcd7795ee4": 0, "f5a97b11-a154-44d4-8f4b-6dcbb38b3594": 0, "fb981dc4-f603-4e6a-9508-ca22a8e357f8": 1, "fd7f20d4-81df-42a1-8840-eb61474219b8": 0, "ff68140b-7725-486c-928d-a652d5db52b4": 1}
666	5000	33	126	96	2	0	0.727	2	0.879	18,11,1,1,1,1	1.8	1.0	1.0	0.0	0.0	1	0.0	25	10	18	1.0	0.0	0.0	0.52	0.0	1.0		{"01921472-3eff-4ca0-bbd8-3443a41db5df": 1, "09f14d96-5f0c-4e74-b20a-f656015cd5d5": 0, "1b85ac5f-313d-4bbf-84e9-6fc86deb4a80": -1, "20a5147d-c13b-4d6b-8810-21ea758dbd5d": 0, "214c73b6-6b43-462d-aa2a-704aba952182": 0, "21e6d984-4afd-44f4-8485-18662aca61fc": -1, "26881af8-59fb-4dc1-9476-953cb04756b7": -1, "41ddf931-2cbc-47f6-af73-5383453d6169": 0, "43142e57-f805-47b6-983b-c22e9f450e25": 0, "5127f70d-b3a5-43aa-828b-cd5da8fe57b7": 1, "57390d44-5c13-42d0-9945-97789070082a": 0, "59c2fe59-2c66-4e1a-bf86-bb1a77e2c966": 1, "5d2a3d0e-8c37-414d-abaf-dcc781106179": 0, "61e748d1-5948-4388-824d-dfa79ef721a8": 1, "658316e7-f8c1-4c87-ae76-8870f190e4a8": 0, "67ad19e8-a58c-4923-a104-49d98a3ca4fa": 0, "6a9fd455-9614-439b-9ace-c9fc1864f385": 0, "7251d9eb-6933-4e43-ab2d-cd8d6c1415ca": 1, "7e49e18f-1241-4a1b-a85d-291c370352a3": 0, "828f392e-0461-44c9-be15-8504c759faed": 0, "874e5ce2-919d-45d9-953a-257ccd49d50e": 1, "888dc700-dbf4-4f67-909c-42df08c1c186": 1, "90489da0-32ef-44a5-8456-fd119b5e1735": -1, "9684671f-458d-4996-9b46-b5177432dacf": 0, "9bc2f129-ad71-4151-949b-b81d34367812": 0, "a2e61c72-321f-4de0-b6f3-642b6bd60803": 0, "ab50995b-ba94-46d0-94ca-6e48910c174c": 1, "ce4c51cc-4cbc-4093-b668-22a16446fa2d": 1, "e0ed39fc-63b5-47b1-9d03-3ed9977c4214": 1, "e570e667-2a76-4e42-8498-ab43be89a667": 0, "e93f928a-f185-47e3-bd76-711093462498": 1, "ebfe9a84-beed-42f4-80e3-f87228e2a535": 0, "f27bb743-98fd-4018-ae09-ee0f7ec78fd3": 0}
671	5000	19	86	10	0	0	0.351	1	0.579	11,1,1,1,1,1,1,1,1	0.8	1.0	nan	nan	nan	1	0.0	1	1	0	nan	nan	nan	nan	nan	nan		{"03066763-5ab7-43bf-a9b8-a25d221c93ec": -1, "0f6999ab-3fe7-4de3-94a9-1fdd18c03840": -1, "135d3624-5c33-4424-b9d2-b7af436e91e9": -1, "1defda92-4f28-4e65-8d92-520f9dc921fe": 0, "1fe4aa4f-f9aa-4d60-916a-1034c9f77ec8": 0, "3b326f67-9a78-4924-aa95-102783893ce3": -1, "42b2a712-1c89-43b0-910c-2c49799e35ef": -1, "435365ff-9b55-4c8e-9117-b9baacea22eb": 0, "4894fcd6-fba8-4a62-9194-20d77a710643": 0, "66b14ede-0f85-4816-9cb3-cb01d29f808f": 0, "857ebaa1-17e3-48ed-b178-ef9ca29c1337": 0, "88d59d3d-57ad-4f9b-a694-a88cb5975fac": 0, "8db60ef7-916a-475b-903a-6d3063bdf9f9": -1, "a947a516-c6f2-4fee-8b16-20db88343ea8": 0, "ca54e6b4-5d9e-4c25-9ff5-9cd7f432d819": -1, "cfb6bd46-e7ee-42e5-8907-576d5c836d85": -1, "ea81885b-12b9-4fd8-9a94-ccded963b905": 0, "f1e5b19a-2f52-437d-806f-8010efd681b0": 0, "fcd58526-dbaf-46c6-80c9-61bdff6af003": 0}
678	5000	17	317	322	13	0	0.978	2	1.0	9,8	0.6	1.0	1.0	0.0	0.0	2	0.764	16	10	8	1.0	0.0	0.0	0.875	0.105	0.143		{"136b0e09-da07-46b4-8b75-582f33512018": 0, "1c23eed3-8722-4d2c-b7de-4ff1d011d8a8": 0, "2f238676-1ad6-46b5-8c20-c7ea112ed429": 0, "3e7b6e31-1877-447c-b13f-b8f461ea016f": 0, "4831d4a9-9a6d-4c14-9d98-e229205d6bf4": 1, "662c3a4f-c666-4b2f-8344-fad262ce2b54": 1, "66e2bdb2-7860-4aab-b097-c854c135484b": 0, "ae5d3956-42ae-4a07-8846-9d550ac748fa": 1, "c47c3351-a00f-499c-bcb4-c536fc17079c": 1, "ce5908e9-995e-489e-8684-094774790164": 1, "cfb31f8b-bbb7-4972-9e36-b7d32219dc18": 0, "d8d08d1d-efc7-4523-9443-4a73c37b5c95": 0, "ea921d36-6676-4e7c-b661-1751804c1318": 0, "ee514177-e121-4ba4-9ec7-46970850cc5c": 1, "eec271e9-9741-402a-879e-0fbfd06a38cf": 1, "ef41a0a4-88c1-4918-80ec-6e8509ca0af1": 1, "f041bcf4-bee4-4f7d-afb4-9478a1ea04d6": 0}
680	5000	15	267	251	16	0	1.0	2	1.0	10,5	0.4	1.0	1.0	0.0	0.0	2	1.0	15	5	10	1.0	0.0	0.0	1.0	0.0	0.0		{"23a56a48-ff20-4b3b-9b88-200d5de7c234": 1, "438ce395-54e5-4f9e-9052-9e951acd6a81": 0, "53686cfd-5915-4bc3-bea5-bdc6935c6270": 0, "8837382e-f794-4477-8d8a-ba8efa6d0611": 1, "8de3db67-0edf-425f-854f-8d6dd67abeb0": 1, "93a2c77f-258c-424b-9a46-60af8225989c": 1, "9cc7b32d-8a08-4d16-a241-295b3e74fa7d": 0, "a173b0ae-d53b-4628-b219-32e7436ceeab": 0, "aedd0fd6-18e4-494a-86c8-dd0ff6a8bf32": 0, "b5a06f74-4f86-4857-868d-6045552be3ca": 0, "b648cc95-cc87-43f8-b8f2-3bbd51b25e24": 0, "bd65a316-27b3-443a-89da-cdfe5787834d": 0, "e2efd891-72be-4f83-87e0-efa7709e2ce0": 0, "f5514240-b077-4524-a068-7f560f9cce84": 1, "fd4ce169-7602-4237-8503-f3c217641fce": 0}
681	5000	24	525	503	1	0	0.982	2	1.0	16,8	1.0	1.0	1.0	0.0	0.0	1	0.0	24	10	18	1.0	0.0	0.0	0.536	0.0	1.0		{"08bb11d1-7bcf-4506-9476-96d35460fa25": 0, "1721392d-0ea5-4133-8aa3-83aecd036610": 0, "1c68723d-b0a1-4d12-a253-e80b34ed37d9": 0, "22b76a2a-b4ca-4bb7-a3c3-86c3ff4e7339": 0, "2d6a8fe4-ed9f-4553-9854-93c2703a88c2": 1, "49ee2f81-6664-48b6-8411-d15dccc32d9a": 0, "50f91c9b-d914-493f-910f-3370f4204647": 0, "5b231355-edf1-4c83-956b-c0bc7fa74836": 0, "63031423-4b9e-425d-b2db-2ce5b18f1f14": 0, "7c5db44f-38c4-4269-8b5b-0aaa4c7d34b5": 1, "7c8bb2c5-4b92-4765-a422-d0e6d265bfce": 0, "9c52bd00-70fd-4db6-b759-567632e44da1": 1, "9ebfa75f-415d-49ba-9816-7160c5acecc6": 1, "adeb57d1-f1b5-4fe3-9b5c-cc25ce91dab7": 0, "b1b6f010-e82c-44d7-9286-ff9ba89a71a8": 0, "bb59aac2-f591-4554-ace8-9befe2408cb2": 0, "bc0dbae5-ca01-4e93-a318-01bab475e318": 0, "c4a402af-2fd2-4fdd-a088-b3b278c945c4": 0, "caf1af45-1183-4ec5-9172-692847b1d0f9": 1, "cfbfd26e-511c-41f5-9795-35fc25d40aa1": 1, "d0b31305-a03b-4052-a44e-8b3054e36374": 1, "e86c4d4b-cd57-4762-8363-3e53f8c8029a": 0, "f052a6f0-5c91-40a5-be09-bf598a5e3d10": 1, "f364ba85-de14-4013-9b10-a706424f3954": 0}
693	5000	26	72	55	0	0	0.834	2	0.923	16,8,1,1	1.5	0.933	1.0	0.0	0.0	1	0.0	15	5	12	0.914	0.164	0.0	0.524	0.0	1.0		{"02bff3d1-2e23-4db7-a073-2014a92bbb7b": 1, "09b78172-3a52-4ea9-80fc-98c3d012cbfe": 0, "0a80cd76-67a6-4386-bb96-4c8685de80a8": 0, "1d175778-9cfb-4253-84c9-909b9c97c695": 0, "23f9e668-1e10-4ce8-8e07-8502639df7be": 0, "265c1cbe-672e-41b5-b26f-48c567af6280": 1, "39db7a96-4905-478d-89a7-3075b820831c": 0, "3a17e472-264e-4943-824d-8f03634b40de": 0, "46e4f0ba-53ce-4a2c-b3f7-6a79e4920b18": 0, "493f64dc-cd8d-4743-8b27-a312dd241dfe": 0, "4b672fbc-ef97-483d-8757-91e0d65761c4": 0, "54d21d84-4075-49f2-b90c-00a851ff7e95": 1, "58afa89f-1957-4afb-b788-15748044bc9f": 0, "5e2ed66c-649c-437e-8e4e-ce7150553dbe": -1, "5e860771-3fa5-4476-b5f3-92701a466b0f": 0, "76b69345-29ab-4525-938e-f2120f2b3063": 1, "78d243bf-30cb-44c7-ad80-95289f32ab5c": 0, "9f83bffe-8ff8-40a8-b844-056d1bd5d15f": 0, "a1cf7f72-5375-4362-a04e-8284fe796804": 1, "ada8bbbc-45df-4b66-8e73-44b7289dd351": -1, "afc306e4-6543-42c9-a1f0-3fb63e1277ec": 1, "c0a24961-cad5-4a50-84e3-0d9918a0f14c": 1, "d74cd7c4-0e3a-4715-8b64-f3bf346bf7be": 0, "eb53df23-23c7-461f-a6d7-f457af8ca09c": 0, "ff567e04-b5d2-421b-b746-f6fbe7df219e": 1, "ff6920cd-4af6-4ffd-9291-6e9cd072100c": 0}
694	5000	23	416	379	25	0	0.874	2	0.913	13,8,1,1	1.6	0.952	1.0	0.0	0.0	2	0.788	21	8	15	0.943	0.113	0.0	1.0	0.0	0.0		{"03b77fa8-b306-4eee-a4d1-f912681509d0": 0, "1d068a40-d092-4f91-b821-570faf2b724d": 0, "3c0e4368-6290-4bfa-bf5d-9cf6b20344b9": 1, "3d5cc19c-2cfe-461b-a0f8-9a307d92af8a": 0, "3deaa974-e8e2-4723-8194-13e1a5f7135d": 0, "4b3144b9-b7f4-4c8b-92c2-1436da457a6c": 1, "500589f2-dd59-42e9-ab1a-241493096dc6": 0, "5cd71b0c-510a-4dc6-b9e1-3f71c0864b66": 0, "74bf4e02-be36-4c69-b942-575ae7ec9be8": 0, "902835ab-519e-4879-a7d7-6412f95db780": -1, "904e15f8-660b-48b5-a597-58af83a00f4d": 0, "9fe96027-e703-4dd3-8002-ee02c6402390": 1, "b23a0ddc-e924-4da4-bca4-3d2560298185": 1, "c0bde817-b4b5-45f7-b451-d2c4e2f839e7": 0, "c3898f5c-f059-47a8-b139-cf86f4972416": 1, "c82de7ca-e654-4438-a267-4521f0a0fe32": 0, "d9047d25-0a2c-449e-a4fa-a7e6331e86c3": 0, "f5ae7da6-c809-4873-9ea9-b965eac66eb0": 1, "f6c89192-708f-46f0-9f50-9b21409b82d3": -1, "f7deb2e0-4d18-4e68-835c-254d6cb5fe88": 0, "f7e0ce06-c801-48c1-878f-4ff33425c619": 0, "f8aa06f6-40c3-4b94-a39f-dfec084f90fe": 1, "fda9e1b8-d34f-4358-87fd-6565f5b9667f": 1}
696	5000	29	533	502	32	0	0.961	2	1.0	17,12	1.6	1.0	1.0	0.0	0.0	1	0.0	29	14	20	1.0	0.0	0.0	0.498	0.0	1.0		{"077d9e23-85d7-4af9-a2f0-df2947a01726": 0, "104b484d-7bd6-450e-b23f-acd314ec4e33": 0, "12b93bda-5357-45f6-9437-fb9f9bd3af30": 0, "1ddef4ba-6178-4a8e-8d45-623382b1b846": 0, "23d22d72-1bb9-4f6d-8b26-fc3ac710e134": 1, "2a56a4cd-d925-4f94-9da3-0755b8a241cd": 0, "3866c8cf-fcb1-4238-bdbc-b201bf34b4eb": 1, "3c0e4368-6290-4bfa-bf5d-9cf6b20344b9": 1, "3deaa974-e8e2-4723-8194-13e1a5f7135d": 0, "4b3144b9-b7f4-4c8b-92c2-1436da457a6c": 1, "4ffe0c31-6b1f-4e7d-b622-8f96df39f328": 1, "500589f2-dd59-42e9-ab1a-241493096dc6": 0, "5b32b76a-2c83-485e-87f6-3163641a04f1": 0, "74bf4e02-be36-4c69-b942-575ae7ec9be8": 0, "7669aa9b-4ee5-4311-ab10-25aac6f16f39": 0, "904e15f8-660b-48b5-a597-58af83a00f4d": 0, "a3461cc4-6878-4790-b366-8eb7b8efe8fa": 1, "a4b88d37-0cfa-49bd-ace7-827a60d601ec": 0, "a4f36d1d-b0f0-4125-acc8-edc716d5a31d": 0, "b23a0ddc-e924-4da4-bca4-3d2560298185": 1, "b5273bfb-b38e-446b-97e4-ff757d38a45e": 1, "c0bde817-b4b5-45f7-b451-d2c4e2f839e7": 0, "c7e360fa-1d89-42eb-a791-8e9fa99db24f": 1, "c82de7ca-e654-4438-a267-4521f0a0fe32": 0, "d9047d25-0a2c-449e-a4fa-a7e6331e86c3": 0, "ee683d8a-c0ae-4911-b5da-9874c9aa8074": 1, "efb87621-15c1-491a-bf2e-62f0bca9426a": 1, "f5ae7da6-c809-4873-9ea9-b965eac66eb0": 1, "f7deb2e0-4d18-4e68-835c-254d6cb5fe88": 0}
703	5000	18	206	183	16	0	0.961	2	1.0	10,8	0.5	1.0	1.0	0.0	0.0	2	1.0	17	9	11	1.0	0.0	0.0	1.0	0.0	0.0		{"0dd7d3f3-5e28-40ca-8222-b50355258cad": 0, "10cc0165-8cfb-40ca-a113-fce0603d9159": 0, "15c7ddae-9486-43ae-a0ae-8a476400805d": 0, "257af292-6bf2-4dd0-a117-d2ffa449d5b5": 1, "3eeea199-f5f1-44fe-a7f8-8f3a514e6893": 1, "4a0253a7-978c-4ad3-a309-9735000e804d": 1, "999f0e52-2bbc-4e17-beb8-8bb5123d1597": 0, "9b1e24e3-e62d-472c-85f0-4fae92771be1": 0, "a0e0b554-72e3-46b0-a1bc-e1c23e64d565": 1, "a37a34ab-5a41-440a-b7ea-1a54460e6ca1": 1, "b12b5622-dcb4-4d14-998a-b4712e9cafce": 0, "bb32c4b9-b1e6-448d-a384-62353cbbccb6": 0, "c5095809-4e05-454d-93a1-0dc7522f8781": 1, "e16733eb-4b2c-41af-ae15-7319b4d4e538": 0, "eb7bb55c-7024-4b29-b2af-b7be283f5cb7": 0, "ec84f735-f744-4dbb-b446-5f6ffc2d4d1c": 0, "f265aa07-78ac-4149-b452-2261126d8699": 1, "fff58895-ce95-4575-ab1f-0fc7091e51f7": 1}
704	5000	13	28	0	0	0	0.0	0	0.0	1,1,1,1,1,1,1,1,1,1,1,1,1	1.0	0.0	nan	nan	nan	1	0.0	7	5	3	0.476	1.0	0.0	0.524	0.0	1.0		{"0ba7ff97-01ea-4f46-b279-b1311effa6ba": -1, "16d11200-4668-431a-863e-f0c5494e839a": -1, "20b16a30-32a2-4a32-aa6f-7554f26271f1": -1, "39fbba5f-1cbf-46fd-8e75-c9faf5513bc0": -1, "44ce541f-efed-40ab-9984-4ed7a5da57c6": -1, "526872a4-161e-4593-a550-4aa4cb314504": -1, "6f4ee4db-ddc9-45ec-a023-9ea7ce83f4d4": -1, "a25ef368-6186-483f-9aaa-ca1bc0318cd0": -1, "b46591d8-cdff-486e-b35d-22fe7a4e512f": -1, "bdb9ef2e-e667-4c36-92f9-f5a296225514": -1, "d3157187-6ff8-4a30-9b25-76f633f916af": -1, "e5b9c25f-9095-4a1c-ba35-0a0e275113d2": -1, "edf08aee-fd2f-4570-8483-4e5a76f35e95": -1}
705	5000	22	618	628	19	0	0.996	2	1.0	16,6	1.0	1.0	1.0	0.0	0.0	1	0.0	21	6	18	1.0	0.0	0.0	0.571	0.0	1.0		{"0dec7208-d164-4a9d-9497-c675dc94e131": 0, "1532b638-3715-4591-9a37-8753edf454e1": 0, "1faf13e8-bb54-40dd-8521-22b3acfcf2e9": 0, "36c082ef-246d-421c-b862-5d26349ec6fc": 0, "37cd17d3-b70c-41e8-8e52-c718f07c721a": 1, "50695c5d-1401-497a-b887-d547a572498f": 0, "537e74ee-3e92-429e-9eda-bf0af8021fc5": 1, "6defc43c-3f3d-4103-aaee-86dfc07ac961": 0, "77b5ab4a-d311-4d7d-b5aa-b44bfb6a576a": 0, "7dfe4507-710d-4448-9aa8-f324965cdfcf": 0, "7ea54618-620c-4373-9fab-8ca280f36e53": 0, "811d5a15-998e-465a-87f0-3c3ab8d3bad7": 0, "939133ec-1227-48ac-9bf1-336cf2a19ea2": 0, "9c8bb117-8ae2-4d5c-bbde-927418c7a511": 0, "b2d1fa44-ed5b-470a-8fe1-c91aaac744a2": 1, "b52ca9e6-31a1-4574-8228-e4b2679a8070": 0, "b83d8e77-aad6-49dc-accf-986e2ca0c8dc": 1, "bf2fc899-0b01-4b82-88ff-937a55cbe5cc": 0, "c2cec625-63f4-41ae-9978-38384f80859a": 1, "cfa54d3d-ad6a-42e2-bb90-812e38f3e595": 0, "dbe7f568-8d2d-4f6a-bd92-800eac91f00f": 0, "eb6a254e-daea-4def-aa57-bd388724dc66": 1}
707	5000	21	119	56	0	0	0.51	2	0.762	10,6,1,1,1,1,1	1.3	1.0	1.0	0.0	0.0	1	0.0	15	7	12	1.0	0.0	0.0	0.524	0.0	1.0		{"097c7ff1-3058-495b-8a99-02d431192e69": 0, "0b5aac6a-543b-4608-b8a1-8c5e74ecf62e": 0, "13b00902-e3c4-4aac-ac3f-a64b3aca975a": 0, "30a252c9-021b-4012-a0db-6016578db48f": -1, "38c4a09b-af5e-4afb-abc0-92d431a04dbe": -1, "446a4126-c5fb-4fba-aeb3-49dab2533270": -1, "49c8d02c-a048-4b64-8c6c-a47200f63bf0": 0, "4f72f412-0990-4420-a6e5-ea570e0cb716": 1, "885d1cdb-da88-48ff-9b4e-c3c503ccb852": 1, "96049120-b959-4d34-b28f-174ad2f8e740": -1, "9d3cd4b6-86c0-454f-9b24-7d879dd8c362": 0, "b10c45bb-3b70-4f47-a8e2-2b4e13df0d17": 0, "b616d166-1833-46d2-a1f2-3fe131192f15": 1, "c2190b5b-6e87-4c53-bfa1-9e0b0c1abff4": 1, "c4d45f8e-5c97-4838-8237-474ef0483003": 1, "c67b922b-e8b6-4691-9df7-6494440d6577": 0, "ce4d81a7-436d-4618-861c-7a214d47cf10": 0, "eb8e270d-3e69-4281-8604-c5d40a66475f": -1, "ef8fe93f-78e1-4ff9-8015-63f71707c1fa": 0, "f664d383-e32b-4b65-8643-6969e0cb600a": 1, "fb42152a-d363-4d53-9595-83c00d54df69": 0}
708	5000	14	517	523	29	0	0.956	2	1.0	8,6	1.4	1.0	1.0	0.0	0.0	1	0.0	13	9	6	1.0	0.0	0.0	0.487	0.0	1.0		{"020459af-b0b1-4bb5-b82a-8fce04aee6d6": 0, "07d20850-7c9c-4e3b-8d5d-b7f46cc332a3": 1, "14410dc1-036e-4d1e-af23-5373e8aa1423": 0, "2ea77487-1480-4023-a88e-21f961722fe3": 0, "37c092cf-1f92-4f13-838b-de82939c5b9d": 0, "5294f33d-3627-42b9-bc19-2d259dc14cb9": 0, "5d100699-2152-4b4d-b57e-bc55fbe22fb7": 1, "7a850d56-319c-4228-be84-8de1c3bade61": 0, "7be0caf4-14b2-4221-a206-997dbd42f92d": 1, "925ea597-f453-4125-86a8-27cce1932255": 0, "b1eebd23-069a-46c5-ba53-4adc95f9739f": 1, "d454344b-8d59-4362-8469-36f126629035": 1, "dc066f3f-914a-49d7-a693-0fda2400db80": 1, "fcda409f-6960-46aa-b3b0-f74d7bfaef5a": 0}
710	5000	29	557	525	6	0	0.466	2	0.69	12,8,1,1,1,1,1,1,1,1,1	2.2	1.0	1.0	0.0	0.0	2	0.234	20	10	13	1.0	0.0	0.0	0.495	0.191	0.812		{"05ad1708-fff8-4173-bc9c-7c7df119fe42": -1, "21e606b0-ec56-41c0-a623-ab78de0afa19": -1, "2471dcf7-4e83-4603-b385-99135d667120": 1, "2bab59b2-9be3-474b-8c1f-e520d0b5a632": 1, "416ff06f-3a22-4af5-a254-32a282bc7b28": 0, "500601e4-cc10-494c-846b-e564a9854616": 1, "5479dfa0-0eed-41e9-bca0-3d3c092cf524": 0, "5edf0d7c-9d52-4e76-bef9-b484f7aebcd0": 0, "60b3e347-8ea2-40a2-9489-a4060c980ca2": 0, "61598481-058a-4019-9d85-4fd5c90ac48e": -1, "6d9d4b69-1357-419b-8057-784ce9ab2b2d": 0, "75df6c03-ea2f-417d-875f-0af13ccd3927": 0, "76903429-629a-4850-af92-6c8d263771a9": -1, "7c502720-4286-4554-994f-6fe9dcccb48e": -1, "7c86a8f5-86c0-4cf1-bc16-4b5d5e568dc5": 0, "83b62173-768a-48db-9b60-d2b4d089e114": 0, "844c4e4e-d3e4-4472-94e7-ee82e08e91b2": 0, "8c59264e-a595-44dc-8c96-d66f10d9d644": -1, "8f683b5c-72cd-4158-b33f-dab9e4c4371b": 0, "964d5c0f-2eeb-40f8-8486-cef1642482f5": -1, "97f14b9d-0024-4dc9-a809-2e724ce16d03": 1, "af1ed5d3-1f90-4828-9bdb-7563f1c6dbe8": 0, "b5da2bda-c55c-4577-86d2-08d3341797e0": 1, "c47628d0-82c1-46ae-8da2-6b8e5e6a68d0": -1, "cde6ed8f-e914-4f3a-940b-b679afc25eec": 0, "d06256a1-6476-41d5-84a7-363e8c8b9280": 1, "dfc2f9f0-3cd4-4fda-b6a2-63fec54d03b4": -1, "e03ff2e0-bcf0-4b8c-94a0-161753d97364": 1, "f0b9684f-6d46-4054-8090-286c58c90c3c": 1}
723	5000	18	569	574	15	0	0.993	2	1.0	11,7	0.7	1.0	1.0	0.0	0.0	2	1.0	18	13	9	1.0	0.0	0.0	1.0	0.0	0.0		{"0029a749-d456-4993-b718-78bc0b201c44": 0, "113d753f-0d09-4430-a098-bfa7cb06576c": 0, "2ac93874-39af-425e-b825-5daaf15edd4b": 0, "2d80edcd-2692-4e83-aa0e-5330be89fc1e": 1, "464de6bc-0f7d-4b54-a722-de0721ba8cd0": 0, "61ec715a-0928-44f6-b633-456b7ec8e6a9": 1, "775e4066-c160-4e8c-984c-6f52dc4fa2dc": 1, "79f05dca-64f3-43bf-835c-d10b23f255d6": 1, "84284c58-6194-4a09-9e97-08726bc3c278": 0, "951a5341-0f65-4a0f-bd9f-4d3f94df4c71": 1, "9811bd20-b0c1-4983-b2e4-00a0ddf4449b": 0, "b301792d-1600-4257-9056-b8238a15c165": 0, "b6f6e168-fd76-49ea-81af-be27b1fe7852": 0, "d1514afa-c69f-4cdf-bb7f-cae509fc3381": 0, "ddef9865-6d3e-4092-875f-c2aa44e50484": 1, "eab54323-ca4f-4cc8-8a19-df1f0780a3a8": 0, "ecd8fc84-6952-4042-a63a-7b58a4785164": 1, "f03bd038-4df6-4b2a-9838-db7fc9654bb5": 0}
730	5000	23	61	63	21	0	0.964	2	1.0	14,9	0.9	1.0	1.0	0.0	0.0	2	1.0	20	13	8	1.0	0.0	0.0	1.0	0.0	0.0		{"026586d4-55ef-4b21-b9c1-b8ecab4be157": 0, "0fb918a8-cb1b-4e7b-912b-1fffac86a924": 1, "3264aa3a-2481-4c26-85e0-88aac32353e5": 0, "38a589d0-0d14-4533-9169-a4cd7eeb0b15": 1, "4294103f-9498-4436-942e-34f4614f4d48": 1, "42bbac82-4e9c-4770-a777-d9c99cd1d33b": 0, "4686ddb2-5b30-4c8c-b5ff-0cdedfc9fc6a": 0, "50d70d4a-0ad0-4d64-a5cd-2230c2ae7e89": 0, "69e56dcf-c2ab-4a94-8ab3-8f47af96f291": 1, "75b49aaf-ab03-415d-9e98-1029ed537cb4": 0, "90bf5066-c008-4379-8ebc-b7635ce1de8e": 0, "9154b87a-6a09-4fab-b014-6108e7e1af65": 1, "a847bdbc-b232-4a94-abbc-990bf18854b4": 0, "b2a5baed-2eac-4fb8-a4d3-9646a6e74045": 1, "b4b6db91-c031-4527-bc23-0827c428085f": 0, "b80a94aa-4f82-45ce-a096-84aa13cdf378": 0, "b970ffa2-bb51-4ccf-b359-0adf4f888a26": 0, "c833f7b2-cea3-49d9-82dd-df87747de0b3": 0, "cb5aa94c-71ad-4126-814d-f5d8103a4753": 1, "d00a5bf3-6c1b-457c-99bf-1e564969cc0c": 1, "d1eeafa7-61cc-4072-8d7e-61d538aca82e": 1, "e1753577-9a52-4689-96c9-89e34d00309b": 0, "ebb0be00-4c6f-4658-bf86-33685e018697": 0}
746	5000	24	345	330	22	0	0.993	2	1.0	13,11	1.1	1.0	1.0	0.0	0.0	2	1.0	24	14	15	1.0	0.0	0.0	1.0	0.0	0.0		{"016354f0-d62f-4f45-ac83-ca3fb2e69dff": 1, "0ac0ebae-f628-4f88-8c86-f1521394cd14": 0, "1298933a-abda-4e62-8686-19943ef189a9": 1, "1558179f-ea2a-4eeb-8596-349ccef16979": 0, "24f6fb17-dae4-4c3b-bb7b-92111a66b1c4": 0, "2f5630a8-afdc-4917-b585-b7fe2e93bd18": 0, "40e7a8b1-d182-4e09-a6bf-0ef3238e2b4b": 1, "43fdcb84-251e-47ac-adf3-9fc9c966c7e5": 0, "4647c0f7-c80d-46c3-b28e-d1f482b393c3": 1, "4be321f3-1195-48a9-a68e-3634c8e68f67": 0, "5785c7ed-07ba-4d16-8cdd-3ad6fe650c07": 0, "6578eca6-5492-430b-9ae3-275fa91c2d84": 0, "88295aa1-596e-4465-9d6c-82245a768e11": 0, "8984a4b2-9d63-401a-a431-5dff77666ca7": 0, "9417c71f-8a61-4673-abbd-6b703dbc2d54": 0, "9e7f062f-6251-4736-8491-9c9b7f6e488e": 1, "a29cc276-1104-4c8d-83bf-cdb5101e5031": 1, "a7381bdb-70a2-450d-8182-cabb9ea3be68": 1, "b7f09d48-3ca3-4be9-b610-a2eee44091a6": 1, "ba0ae673-1ed1-49f0-a71e-99a316b08d08": 1, "cb2aa5d2-f5c8-4cac-8e26-c8a33ad7c4a3": 0, "d8b08e3f-5a1c-49f9-8d37-61914f6562ac": 1, "e5042cd8-abfc-4877-920c-9f70b150eb6c": 0, "e958bfd8-2a80-4e3e-b544-eef5dfb205bb": 1}
751	5000	17	112	107	24	0	0.993	2	1.0	10,7	0.4	1.0	1.0	0.0	0.0	2	0.121	16	9	8	1.0	0.0	0.0	0.542	0.351	0.556		{"0318dfac-3b2c-4f6a-b266-18354cbf23d0": 0, "0cce67dc-000f-4514-b92b-d405be92911c": 0, "13b1659d-10b8-486c-bcfe-267172ed4ef1": 1, "15cf008b-0204-4bb0-93e8-146ea64a4f17": 0, "1dcb07a5-5ee2-438d-a017-aaff4db5a2ad": 0, "1f2cda50-6535-4613-b425-845a5beb7c6d": 1, "20120e67-bf28-4abe-95c2-4c29514556c6": 0, "240892b5-2dbc-4aa3-8d24-f31a74a86593": 1, "55dc6034-bf94-489c-abb7-b586ba91206a": 0, "562122b5-64b9-4258-933c-a56d9c28ee42": 1, "5f79391f-5e12-49f1-98c0-2f922c45e487": 1, "cc0dded9-d365-4d8f-89cd-e66018393dae": 1, "d986a7aa-0890-482d-88ba-d52fc4baa6ce": 0, "ec988bc9-4792-434d-be5f-b50d6ca06430": 0, "f31ae25b-24ee-4c06-9263-2e0c6369e945": 1, "f86d9740-c343-4a8f-9d8c-8904dddcdd14": 0, "fda6342f-c2fc-4be7-af5b-ccf7d5213486": 0}
753	5000	21	22	21	19	0	0.995	2	1.0	11,10	0.8	1.0	1.0	0.0	0.0	2	1.0	6	2	4	1.0	0.0	0.0	1.0	0.0	0.0		{"00668ea9-b872-41f8-8290-a024a7f73313": 0, "055c99e2-c80f-4da9-adb9-e0e5168e4c38": 0, "0ba799fa-0827-400a-a4d1-31faf06a14f9": 1, "0bfd3d25-5a19-4450-94eb-2c0c4d2c7ef9": 1, "14d2681e-a7cb-4d51-8378-0391ef188901": 0, "381ffe5a-33ec-4d80-819c-9198281f7535": 0, "3976a498-c60c-4b4e-a818-1803b5381920": 0, "51c11d84-d4a4-4cb9-b4b9-54fb4c9f5c63": 1, "51ce5284-5e16-4795-8e32-2a7d12c1b66f": 1, "5a692bfb-4d50-49ff-a638-06443dfa5a0f": 1, "679ce071-7e27-4897-8e21-793196392e49": 1, "735578a2-9232-48aa-b946-3e65d221ace1": 1, "7494323b-7ad5-4eb7-98e5-bceca6f84d76": 0, "750d2201-441d-435c-89c8-93df584cf39c": 1, "7fda7993-0e88-4aca-89c2-21e96147ea34": 0, "923e34f1-a928-4d5d-8455-b41e872bf838": 0, "9898253d-b197-4b85-a28d-7af5586afbf1": 0, "aa1346c0-51e7-4971-a6f6-6932313e735d": 0, "b75c139a-25a2-4ca8-a4a7-55c41151da38": 1, "c3a97567-b300-45fd-b386-3504a19f946e": 0, "ec47459e-31f0-405a-a22a-91226ca92a70": 1}
758	5000	21	465	461	20	0	1.0	2	1.0	11,10	0.7	1.0	1.0	0.0	0.0	2	1.0	21	11	11	1.0	0.0	0.0	1.0	0.0	0.0		{"0afdd750-616b-4618-ab4b-9a8a83a38fab": 0, "170ecc20-c473-427b-9d5c-d7a4c83f801e": 1, "1f321128-a22b-498f-8bad-8b82baeead1f": 1, "3350a602-c60e-45e7-9870-28fdebc94a63": 1, "38c57d5d-bf57-4b97-8f49-399747cf4216": 0, "540bf11e-c8b1-478b-8845-0f3cc299b0dc": 1, "5477c571-e3d6-4bb5-b7ba-e44bca120889": 0, "7c9d6aea-418b-4c24-95d8-978e8661f126": 0, "807e024b-7f4a-4e21-803e-100f32e1b9e7": 0, "8b1d3f08-b05f-4210-bde6-fcc2411182c3": 0, "96250d32-fb5a-477e-a101-e9ec43d92be0": 1, "9be2ec2d-b2b8-48c7-8a92-2e56cbe76b09": 0, "b48ae804-264e-40fe-adc7-72583c9d6e01": 1, "ba17496b-257d-4f83-8387-6540a9c56cca": 0, "bd377ca5-de55-419b-a923-d16dbf0df4fe": 0, "cfb76c25-1563-4aeb-95a1-322c589d7818": 1, "d6955307-2499-472d-a817-c5a039ca5406": 1, "e1fdc696-1281-468a-8567-0061a414518c": 0, "eb772780-6cb2-4921-9b7a-8862a7b9acb0": 0, "ec81e4eb-1e7e-442c-a8bd-66078f70c4da": 1, "f5b2d975-1efd-4016-8a6c-1896465c9b57": 1}
767	5000	16	95	45	0	0	0.95	2	1.0	9,7	0.5	1.0	1.0	0.0	0.0	2	-0.023	13	7	6	1.0	0.0	0.0	0.462	0.0	1.0		{"1390a7b7-443c-4167-bb5b-5444fa2c76f9": 0, "14ae2d39-8f86-4cfc-908e-5a58827ba810": 1, "26c38e65-8c69-4976-8560-0cb363f0b6a1": 1, "3ceac186-87fb-4389-8a9b-17d7d0124320": 0, "5d9e9d1b-d921-4664-8525-2921b8a44518": 0, "7228b9fb-7de9-41f7-96e1-3c6ac014670d": 0, "742db1c0-117e-4324-b678-aa45b926ff72": 1, "901e1330-0013-40e9-a002-47c8d04b9adc": 0, "98daeb09-51bd-4035-9b3b-41b1e8944b79": 1, "a99a712e-e0c5-437b-91cc-af30a3c5a3b2": 0, "b16bcfbc-8ef7-41d0-8f02-c7c8bc03a3a9": 1, "b4ad46e8-4389-4633-bdc0-67b66d1a2893": 0, "c045a937-5696-4f92-80f7-84c774ba4f7d": 0, "ce11a4ff-a9da-4fd7-ba34-4a3395e576e1": 0, "e7356da6-e2e4-45a7-9f9f-c7d60d0f17e1": 1, "ecbc7eff-f43c-4b37-a98e-ddad8248c44b": 1}
774	5000	19	73	49	0	0	0.801	2	0.947	10,8,1	1.1	1.0	1.0	0.0	0.0	1	0.0	15	7	11	1.0	0.0	0.0	0.486	0.0	1.0		{"04674899-c6f2-4415-8100-ffbf9b3f39ec": 1, "08f115de-df79-4534-a52e-6d24861c7c0f": 0, "12c622c7-7b9b-4f04-bdef-1e82070280b5": 0, "194ccf56-5429-48e0-88d1-87704f35f9e8": 0, "1bc294cc-a407-4be6-b395-b88772df23ab": 1, "2cbfc9d6-43c5-4836-8366-828aa4316b01": 0, "2e69f8b9-585c-4ce9-a69f-e8bed0f591c0": 1, "66abff87-4dfe-4c94-b5fd-c6ec77d45773": 1, "77c5a144-f64a-437a-87a3-064de96430f1": -1, "80de1bd9-fca9-427a-b958-89e08e4f4a58": 0, "9ad0ceb8-623a-4c13-9b5e-28961f291bd3": 0, "a5734a7b-3d76-4dcd-9549-943ad6b403fb": 1, "ad9fca18-4ec4-4c5c-b865-8efc06b6ee77": 1, "b4785888-d91a-4a9e-be12-1d78df1b2e2b": 0, "bc06d020-e4d0-4dcf-9ffc-77658df9f7bb": 0, "d6dbcba5-e60f-4c90-9ce1-b7070dfad000": 0, "f1ae1fd3-c76b-4aa4-aff4-24cab7739f9d": 1, "f89f4eb7-6294-4de5-bc2b-45062ba4a432": 0, "fdbebf00-cfd3-41ba-9eb9-535efe8f845a": 1}
776	5000	18	253	189	29	0	0.974	2	1.0	10,8	0.9	1.0	1.0	0.0	0.0	2	1.0	17	10	7	1.0	0.0	0.0	1.0	0.0	0.0		{"0dd74463-2fac-4852-a234-74f9e883b32f": 0, "17bd6e6c-4a5e-4142-9263-c146b1fbcdb8": 0, "55e8f45d-2768-490b-b24e-8368aea03de5": 1, "58f18da7-8973-461f-b650-9923fb8a643b": 0, "59e04e9c-67df-486b-8846-43451c9eb457": 1, "5f510ae6-d0ea-413a-ba77-d2b8ee62c285": 0, "6087170e-6e17-4397-ba6b-af42c51c75f2": 1, "6d33e72b-a320-41ec-b96e-a1b87f577823": 1, "7b4491c8-f96c-4448-a0cd-9479c63fa174": 0, "87b1f5ad-deb1-48b4-9124-a70ce2ade03a": 1, "8a254930-4a75-461f-9b6b-ee44f9c03f92": 0, "b2671b81-2b92-46a1-9a17-6890495bede9": 1, "d3fa3463-8e16-4a60-8287-c143f90a9db9": 0, "e3f2d42d-cbb2-4d03-90df-3e38569443a9": 1, "e4c8cdda-2b61-4cdf-b454-70acac0e656e": 0, "f080b7b3-1617-4752-be8e-b82f4059aab3": 0, "f52e0c6c-09af-4149-b28c-78f92044476f": 1, "fa929304-4fad-4a82-a32d-1ac0579536d5": 0}
777	5000	26	99	97	0	0	0.997	2	1.0	18,8	1.0	1.0	1.0	0.0	0.0	1	0.0	25	8	20	1.0	0.0	0.0	0.58	0.0	1.0		{"080de4d0-bc10-4715-9dbb-d246303ad70f": 0, "308c2eb6-d90c-46e1-bc89-3b1b73fab72f": 0, "4a574494-b49c-48c1-8627-05c29f3ab440": 1, "5260ab19-f9f8-475c-a71d-8e25c3a0d2a1": 0, "587c5424-24a5-4130-ae27-0e4687b0a4c6": 0, "6047d6fa-c055-4fc0-bd3b-9d7dd68e3162": 0, "669b2007-7d32-4a1d-b14a-81a677b04edc": 1, "7760324a-ed58-450a-ba77-0c0847d7e8ff": 0, "8fe2470e-43c3-4c5a-9dd3-e9982629fcd7": 0, "915c92dc-47fa-43f5-a778-072fcebda7e8": 0, "91bfe43d-7705-43fb-820e-810bef83c7fa": 0, "9418324e-b157-40ed-8d39-b482cd6ef1b3": 0, "9b3adaa4-ec22-4256-8964-e9b148a437eb": 0, "a0d9d420-cd21-4800-a0ea-1eaec04844ee": 1, "a7b2f4d8-a3f1-431d-9af2-23e223230e46": 1, "b7490688-a473-4d28-8e6f-20b89a60f6f3": 0, "ba3ceecf-35cf-4a90-83b9-1a629b556099": 1, "ccd22140-1bf6-4e39-8050-785bd2872873": 0, "cd13dbee-f01c-4faa-8c15-38a7b7cef914": 1, "d0e17445-85b7-403e-a004-e54d3fd50523": 0, "e97e4ad2-53c1-4e74-a17e-41094f53c69c": 1, "ebf38ec5-6fda-42dc-8909-429a8dc44a52": 0, "f571dae2-412f-4b73-aff6-1cbea05aea3f": 0, "fa29b30d-493e-4322-90b8-1cf8e9184439": 0, "fc81f6a3-49ee-4866-8fa6-8d1986a2f5b8": 0, "fcbeb39b-14a1-478b-9c5c-4f5b5b2d624d": 1}
780	5000	17	52	25	0	0	0.684	1	0.647	11,1,1,1,1,1,1	0.8	1.0	0.0	nan	1.0	2	0.152	2	2	2	0.0	nan	1.0	1.0	nan	0.0		{"0d014af6-c1a9-459f-83a3-298578ef979c": 0, "1969a652-222c-47e1-b549-aaff72d48f7b": -1, "21a31c35-ff5e-407f-85df-9192e244654f": 0, "256e9f7e-843f-4555-bcdb-462ac7c91dcf": -1, "260cb69a-4100-42ba-9664-0edbafc9e9e4": -1, "2b14f35b-9033-4b38-a0fb-aa6b23a21010": -1, "3c9c7063-1555-4df0-9302-aa0f399eb5d6": 0, "4585c3c2-4fee-4527-a0df-94b316ca6404": 0, "567e4c03-be37-4459-96e3-019afecf2dc6": 0, "6435841e-c76c-4418-a7f6-6a89faf211bf": 0, "71b48ad1-dbf5-405c-939b-10f3ad50c5bf": -1, "770a46c3-8695-4461-8164-344bba2aca22": 0, "8838f6a6-4f63-418e-8a50-b84711ca236e": 0, "bbce09ff-7f5d-4528-9c7f-b6bd2612fd55": 0, "c7f0f216-02d6-42b5-95b4-9a50b5bb113a": 0, "d21adf29-7f34-4bfe-9862-94072a08b6e2": 0, "eef242c4-7ea3-4eb5-ad54-0e7675ebb257": -1}
785	5000	24	217	156	3	0	0.982	2	0.958	13,10,1	1.2	0.958	1.0	0.0	0.0	1	0.0	24	13	11	0.964	0.075	0.0	0.482	0.0	1.0		{"069fd313-ea51-4306-9f95-86d2970a79a7": 1, "146d9244-b577-45ba-8c57-f8e90bd8de37": 0, "160369bd-7db0-4ad4-92b6-fa09bea897f8": 0, "1b6ce2a6-e2cb-4981-b203-0feec03eef8f": 1, "20464ae2-fa81-4942-8916-b914281c6cf2": 1, "3b17b05e-ec0f-4cd0-8679-87f1fe385163": 1, "40387426-2177-4ecc-8765-e06df8aa68ca": 0, "4bc454b6-32ba-42fd-a580-d74846a2cd0c": 0, "4f2926d9-9cd6-40e4-a8e1-a481b8e1cfe2": -1, "5c159735-8413-416f-b536-ab34910d6543": 0, "63ec676a-c03a-4d86-aa02-683a89dbcf54": 0, "6e6fed66-59db-4f7a-b9bc-9bee762a47ad": 0, "75fae2ec-046c-44cf-89a9-e669cbea2cf4": 1, "7cd380a3-19fd-424b-9500-cf34bef43b6b": 0, "7d9e1d4a-ba1b-44f8-b17a-ce06a64e8c99": 1, "835c56e8-a6fe-41eb-af99-475ce2e4567e": 1, "8630710d-c8f2-4dba-b511-2e4849f13c87": 0, "9037ccd3-5912-4f24-bd19-3c52eccb9c73": 1, "9f484ad3-bf17-43be-8ed6-3a9277ba1c35": 0, "b400c57c-b6de-40a4-ab5e-f2385301d84e": 0, "c394559d-74ce-4465-ba5e-e05d32b865c2": 0, "edebb541-4c2b-4f6e-a2e1-ac3d0feb4ada": 1, "f34e3dae-d926-41d8-8a45-969cd3e12eae": 1, "fc43e2be-0822-4ad3-85b5-73b569451fd9": 0}
790	5000	80	12352	12789	637	0	0.727	9	0.963	17,13,9,8,8,8,6,5,3,1,1,1	53.2	1.0	0.559	0.071	0.833	3	0.229	17	11	6	0.559	0.071	0.833	0.515	0.0	1.0		{"03ed179a-38d8-4f01-85d3-8c18e9980155": 2, "0521f5a8-d3af-4ad9-afe5-ac5ec3aa36e3": 1, "0f27024e-7a74-439b-b04d-1a2929723336": 0, "10aa7608-9bb4-48e6-b3b0-8ea54f565779": 1, "1b592363-656b-4880-8bc8-a658ad90fba9": 3, "1c25624a-759f-4cc1-ac15-65e90ed2f4b2": 7, "20184315-9538-47e9-9a0b-e0fb0a85d0aa": 1, "256a9c8c-3d8c-4890-9eef-c1b32785582a": 2, "295f450d-4ff8-4426-b749-ad2f28d4b36f": 4, "2dbc5955-89e2-406d-a103-4298c361c57c": 7, "2ee212e3-ff77-44b9-9b40-ac4a4d5fda20": 8, "2fbaef19-01eb-43bf-a1c6-f9f1f776c6b9": 0, "357ada0d-308e-4b4b-9d8e-3e30a0f630bd": 1, "363db292-196f-4f4b-a336-358174e841a4": 5, "3b9f6da4-d972-4c0c-97d1-df6d4bb07c47": 4, "42b24eb3-ec76-44f7-a9b0-81e1cf514294": 0, "434c3666-38dd-4543-8ebd-d2366df1a250": 6, "46d0bbf1-bb90-4354-bd2c-15f699442847": 0, "4c38cc6b-a9c5-4e34-9fab-357d109892ef": 0, "4cc6cd4a-b514-468f-9bed-628fa6a04070": 7, "5002b0ea-cfc9-4148-8c7b-5ebb6c1dd973": 5, "55736f4b-303a-48f2-a5c2-2f96d5d340ce": 2, "588b4ba6-5aaf-4efb-871c-20242a662cc7": 2, "5b31c0ff-9237-4616-a9b8-bb6accf40ff4": 3, "5b3ee6c6-ea7e-4374-9c73-d803f9c50d70": 3, "5fc53e81-334b-4819-be5a-fae7f0dccbba": 0, "5fe55dc1-a6ca-43f7-86e7-49b9d62995d1": 1, "6324b9fe-71d9-43af-8278-d04b2cde5cde": -1, "6557d056-e572-4e53-90f5-428067bbe2aa": 1, "6d47a075-1bb2-4e31-a3c3-3abfa043ce1b": 4, "6d4bd8f3-6324-4db0-934c-a8f47a429c18": 6, "6fe946e9-5ba1-4082-875e-33dab287bba6": 6, "742d9756-9f2a-4a94-852d-ec8902694671": 1, "74e3a783-0a8a-47d3-92f9-fe757565e964": 0, "7639d43d-9608-4dbf-a770-08f83016cac3": 0, "76b828f7-9f47-442c-affc-a983ddb5a2ae": 5, "812386c7-cf48-433e-8f7d-ed279bc96c2e": 0, "851af288-21a9-4696-8e32-0722a56a5391": 0, "86a40093-df26-470c-90f1-dc5a44146fd7": 7, "908d1c73-f2ea-4ac5-b551-53075e489e51": 3, "95920d76-f9cb-4dcc-b1fe-bf920dc66e71": 1, "96dec0ec-23c7-43c6-93cc-bd582640e6bc": 2, "9906e678-6940-477f-ae85-c1cad0a78ee2": 1, "9a0d67c1-0267-4b14-8da0-2459501c06fc": 6, "9bf87759-eadb-428e-90ea-d6613edc4a4d": 4, "9e932e5a-251e-403f-8bf4-06ce3c2eaf24": 0, "a22d0210-cb0c-4288-aecb-138a32255a07": 5, "a3e764f8-6683-466d-87a7-92342270baf4": 0, "a815917a-132b-415b-9077-56415047f1c7": 4, "a96f2c14-930a-4d87-91f0-262d32506ede": 2, "af059df8-f69d-42de-8868-eb4f817626c8": 0, "af4e5f3c-1d47-45fa-b835-c052c7b98848": 0, "b03db8bd-1605-413f-99c8-b00d17ce87b5": 5, "b3d04d77-7a87-4708-80ff-f6f3056c7cc1": 5, "b4b7a43c-90de-445c-a8cf-f73bd97a344a": 3, "b68fdfeb-736e-4548-9af4-76eec565afdc": 1, "b99e26d0-2901-491c-a506-726d62e4f8c9": 1, "bc59e691-e9b7-4966-95cc-28591ff654a5": 0, "bcf32ab4-9180-41fa-b6c2-355ffd2deb52": 6, "c4c74262-204f-467f-9e6c-6ed5092ad0fd": 4, "cb94c4ea-43e7-4fab-acfc-7807a57213cc": 1, "d2d42545-1142-46c4-8c18-527d85a9e860": 3, "d495de67-9260-49ca-afa6-3a90038ed603": 5, "d63024d5-c6a3-41e9-8817-500646bc7b39": 7, "d6d3172f-c07c-4656-bddf-c96b79fa092f": 8, "d79525f6-6419-4d4a-ada5-eb645b6d7362": 4, "d7a5c8b3-a0fd-4a7e-acbc-8d5063dfee1f": 2, "dbd869a9-9dc9-447c-b0d6-a08704383c8e": 5, "dbfdfa0c-7dfa-4d09-b8a0-4deb6ee6b8a9": 3, "e00b4bfa-155a-4ae5-b9a6-4f6c889876bc": 4, "e84f1559-8a68-4087-a6cc-9939fbba3874": 2, "ec4d873e-d0c6-41cf-b9e7-7b50da64a173": -1, "ecfaee9e-3b28-493e-913d-1c20cfd334c2": 8, "ecfca41b-b07e-49ed-8f68-78de30b282a8": 2, "f1879d3a-2ccb-4a0d-ab74-ef3603bba2b6": 0, "f3dae091-1464-48f7-b3f6-2eb9c0af1f15": 6, "f83662d3-f3a5-4e66-8d72-ede63bfff563": 3, "f8da25a6-3326-4d34-964b-9790f2830c1f": 1, "fbca66f3-8e90-43e5-bba5-1ffcc0e9cf4e": -1, "ff264918-4e03-45ea-ae8c-004076154d83": 0}
791	5000	33	843	842	58	0	0.992	2	1.0	17,16	1.7	1.0	0.486	0.0	1.0	2	0.879	15	9	6	0.486	0.0	1.0	0.486	0.0	1.0		{"0f27024e-7a74-439b-b04d-1a2929723336": 0, "256a9c8c-3d8c-4890-9eef-c1b32785582a": 1, "2fbaef19-01eb-43bf-a1c6-f9f1f776c6b9": 0, "34706b0b-24a9-4022-a55f-1525f15b83bb": 0, "42b24eb3-ec76-44f7-a9b0-81e1cf514294": 0, "46d0bbf1-bb90-4354-bd2c-15f699442847": 0, "4c38cc6b-a9c5-4e34-9fab-357d109892ef": 0, "5002b0ea-cfc9-4148-8c7b-5ebb6c1dd973": 1, "55736f4b-303a-48f2-a5c2-2f96d5d340ce": 1, "5fc53e81-334b-4819-be5a-fae7f0dccbba": 0, "74e3a783-0a8a-47d3-92f9-fe757565e964": 0, "76b828f7-9f47-442c-affc-a983ddb5a2ae": 1, "80972ab1-d4bf-4356-980d-96859eb157a2": 0, "812386c7-cf48-433e-8f7d-ed279bc96c2e": 0, "851af288-21a9-4696-8e32-0722a56a5391": 0, "96dec0ec-23c7-43c6-93cc-bd582640e6bc": 1, "9e932e5a-251e-403f-8bf4-06ce3c2eaf24": 0, "a22d0210-cb0c-4288-aecb-138a32255a07": 1, "a3e764f8-6683-466d-87a7-92342270baf4": 0, "a96f2c14-930a-4d87-91f0-262d32506ede": 1, "b03db8bd-1605-413f-99c8-b00d17ce87b5": 1, "b3d04d77-7a87-4708-80ff-f6f3056c7cc1": 1, "bc59e691-e9b7-4966-95cc-28591ff654a5": 0, "ca9e2de8-6efe-4c6d-a112-c4afc007649a": 1, "cb480341-f5cb-43f1-ad25-5cc62deffa4b": 0, "d495de67-9260-49ca-afa6-3a90038ed603": 1, "d7a5c8b3-a0fd-4a7e-acbc-8d5063dfee1f": 1, "d95a5f9b-56e8-465f-9418-1f10b2fe4f8d": 1, "da3889be-c4c5-4a0e-9e2e-76f2e0072106": 1, "dbd869a9-9dc9-447c-b0d6-a08704383c8e": 1, "e84f1559-8a68-4087-a6cc-9939fbba3874": 1, "f1879d3a-2ccb-4a0d-ab74-ef3603bba2b6": 0, "fa5001e2-9b5c-4a5d-867d-cf578673b049": 0}
798	5000	19	144	168	32	0	0.982	2	1.0	13,6	1.6	1.0	1.0	0.0	0.0	1	0.0	18	6	12	1.0	0.0	0.0	0.529	0.0	1.0		{"0037c34f-2dab-4bd3-a81c-1db07c1c40ba": 0, "0515ce08-c4b1-4be5-8b3e-209c944f3695": 0, "16749e0c-36d9-42c6-87f2-0a1f1b278ee6": 0, "2800e270-dbd2-4b0f-848c-db9b0487f9bc": 1, "472bbcb1-6f89-4bab-b635-368a2fd7214a": 0, "48e6f39c-2ae7-4943-a56c-3a52b0f8ab26": 0, "496c1794-c09c-4ee3-aa53-c30fe3954e42": 1, "5751aef6-1401-455e-9690-04ca96c8cfe5": 1, "8abada62-8d2d-41f5-a7f4-e82215b34bbe": 0, "904d5d9e-969b-430b-aa2f-c48a14b5675d": 0, "98c1a124-f881-48e2-a1ea-f65600cb9de9": 1, "a370540d-1807-4110-875c-d5aef88d7db9": 0, "b38a5578-d321-457c-8584-6b5dde48357d": 0, "c71abced-7434-4430-8244-6d26cee7fd00": 0, "c9926006-07ba-493d-9c3a-65ec4ac7da72": 0, "d95157d9-18af-4ed4-8699-290ed09371b1": 1, "ec30a38f-7d07-4906-b839-97583d25df73": 0, "ec8927f1-cc41-4635-aa26-e98912f15519": 1, "fadaac30-e2b8-4035-a68f-1f17923a7bbb": 0}
805	5000	16	34	22	17	0	0.7	1	0.75	12,1,1,1,1	0.6	1.0	0.4	0.0	1.0	1	0.0	5	2	3	0.4	0.0	1.0	0.4	0.0	1.0		{"0a235703-8540-4ad5-903f-afa765ec5e7d": 0, "141c07a8-4d57-4432-9c41-915ba4ad8387": 0, "2e662a7a-aa44-42f0-b556-66ff498b6ebd": 0, "3e373a49-470a-4d7c-88dc-1b95c89ceb60": 0, "4cc6f9e1-6dd5-48ab-8a2a-c897c25a898f": 0, "57c1e94a-ffe6-4d3b-a011-7f9de7c80153": 0, "6316c885-fcfd-4183-94aa-0d50fa5aa4f5": -1, "6d64ab0a-da00-4a36-b3f2-5d09f5d91a35": 0, "7bb7e701-43bb-4cc0-a676-4d3a9fb8997f": -1, "9bd68cf1-a7df-4b78-bc50-cf065df3a1ca": -1, "c3605357-346d-41b0-8ce9-0d1ccaeedf6e": 0, "e1119210-b91a-4fd0-9b77-9a8cd7c037a6": 0, "eca2d85f-0233-4fa4-90f6-b6cfb60b884a": 0, "f2ccefc2-ffe7-4482-9f2c-2852e0935a6a": 0, "f5992f5b-f82e-4caf-8676-2d19c2af5a83": -1, "f740ee2f-78b0-46bd-a68b-357a3698c233": 0}
806	5000	15	118	91	0	0	0.99	2	1.0	8,7	0.4	1.0	1.0	0.0	0.0	1	0.0	15	8	7	1.0	0.0	0.0	0.467	0.0	1.0		{"007eacdc-f21c-4622-b09c-6da56875dde5": 0, "2bc854cf-40fb-444a-8760-a6914adf5cd6": 1, "3afc5536-64e6-4a4d-9393-a8609abd61b9": 0, "43b01e90-1af8-4698-8fa0-5f53f18152b3": 0, "4470e169-63a1-4918-bae9-9d01e289b0e1": 0, "582428ca-9b86-46c5-b0d0-ec28022d676d": 1, "65cadc73-5578-4a26-84de-2dfa58cffe36": 0, "797e0555-0714-4223-bb5a-ccd0b501be28": 1, "7c7afc40-ce3a-46b3-8514-59746e2884fb": 0, "82d596aa-eead-4e9a-ad1d-304a4b830385": 1, "84e3cdc2-f249-4b59-86b9-28d3c7847599": 0, "9945fcb4-e4e6-47f0-886a-b08237f7d027": 1, "bfae07d4-2bd0-40e8-aa0c-309b2c9ebfdc": 1, "c1cbff36-5987-4996-b48f-2e71b3db206a": 0, "e677450a-f07d-474d-810a-650365a9d745": 1}
808	5000	18	203	168	0	0	0.954	2	1.0	10,8	0.6	1.0	1.0	0.0	0.0	1	0.0	16	6	10	1.0	0.0	0.0	0.5	0.0	1.0		{"05639ba1-589a-41f8-82a3-7a56c3e34f43": 0, "16996cf1-ee80-42de-bfbf-674ef2d63275": 1, "2320a929-be86-4ab8-bf5d-d78216bf8652": 0, "2a49e2b6-a844-4723-88e1-fa08503a861b": 0, "2afb02ba-45c9-4527-a5ad-42a9eda6d85d": 0, "2dba5932-ba3d-4179-9552-9c8be9d2c9a4": 1, "4234e120-c765-4c28-ae00-838735f478b3": 0, "4d2fc333-511b-4ff2-9f11-1e54c05f9bc9": 0, "5f832354-c40a-4ae4-bbdb-97bfdc23b01b": 1, "606c890b-16c5-408e-9d9c-4b2f6aafc5f8": 0, "6eca448d-9561-4607-a193-de05e34c7027": 1, "77b7dda6-2086-4bd0-b5d3-caf145b98fd7": 0, "898fc1e6-0473-4fac-945b-df4ac4ae7424": 0, "8d2039a7-d2b4-45c6-acd1-d09254e50249": 1, "a47e9f2c-6f44-4309-85da-662d49210d4f": 1, "c9dae8d8-8ab9-4e39-8211-a0c977bacddf": 0, "dab07ce9-740b-47aa-847f-fd266ba5011f": 1, "f5fe78aa-4911-4b05-a17b-84638e14a06d": 1}
813	5000	22	313	295	0	0	0.996	2	1.0	13,9	0.7	1.0	1.0	0.0	0.0	1	0.0	22	10	16	1.0	0.0	0.0	0.494	0.0	1.0		{"029663d9-e16c-48b9-9f5d-c3907408d69a": 1, "056e61c3-69be-4c8f-b3c1-6ee375ceeb12": 0, "08a578f1-579a-4ba6-ba5f-2c77756528a4": 0, "27ece394-3f7f-4b00-969a-aec288c9d632": 1, "58a3d84e-5298-4ad9-a2d1-407de590943e": 1, "63a2acfa-0427-4db6-a754-06fd2db64e14": 1, "70da8295-a355-41a2-9f50-3b308a3191a0": 0, "7fdbb881-0884-4e8d-8804-ce229faf677f": 1, "833a4863-d0ab-4329-931d-9f85073b1d10": 0, "8b7eb975-53fb-4b2c-9929-b72ce8190dae": 0, "8b8c20d5-fa78-48dc-b655-35922e84a0e8": 1, "93af7978-3012-41dd-891f-fc90ac0e4516": 1, "95f8e284-7479-4a52-9c5e-46f27313f1f5": 0, "aacbb7b4-7d8c-4ae1-aac2-6872d3c78145": 0, "bc102056-667f-40b5-8158-b91ee0b06d52": 0, "c36f9bc4-ab0c-4685-91b5-a2b60f02a652": 0, "c77d70a3-afe0-4e54-a612-3f569e0150f7": 0, "d24c6318-93eb-4a75-8cf7-a24bdfd23107": 0, "da9e0a4b-cdd4-4564-8c05-0860ab557537": 0, "ebfa3047-1dd7-4a5d-9f30-b5cbe035ae29": 1, "ef6fdde4-32e0-48cf-8d22-a8a580164b22": 1, "efa9fdd4-e241-44fc-b5d4-c1de3589e063": 0}
823	5000	23	264	290	29	0	0.988	2	1.0	12,11	0.8	1.0	1.0	0.0	0.0	2	1.0	16	9	10	1.0	0.0	0.0	1.0	0.0	0.0		{"0cf50c56-b26a-49c1-b540-2e368801d701": 1, "10885448-e2f8-4da8-91ea-ee46908f47de": 0, "154e0a7b-d0ed-45e4-9dba-740f0e73af77": 0, "1f44a6ba-4037-4fd0-84f9-1a8229cf0fa4": 0, "2138fd2a-6fe3-4431-952a-563f40b3bfcd": 1, "23b2e89d-f12e-4618-905d-9383c36005f0": 0, "28c6af5c-1a42-4e36-a7b9-da8ec84264c4": 0, "29d43bdf-040c-46b1-b483-d26c72303bde": 0, "2dcc2398-e209-4843-b51e-f10a117f37d7": 1, "2ec60d32-eeb4-4e98-9eda-c107b7775395": 1, "40178dcf-8cf6-4709-ae69-3005d1b72e10": 0, "55be3db0-733e-432d-ace2-c123b3900b28": 1, "6a26fe27-b544-4ccd-96ee-e25fcc7bc4a1": 0, "7844de6a-843b-4cf8-8657-124f01eb43c6": 0, "87d89123-5d13-4e00-bbcb-77165014554a": 0, "99928d88-d683-41fe-b73f-9b962c7b5ce3": 1, "99dcec85-4821-4b35-b058-bfda90d28eca": 0, "9eeb9e18-fd41-4bfb-bade-66682c8ff7ce": 1, "a4c39cd9-2763-4546-987a-26d7ea0d9d96": 1, "b9976538-10eb-41f1-ad60-7a80643e6bf6": 1, "ba27cccf-88ae-4074-a72a-646722d3d1a7": 1, "bf96e8f4-9482-4e63-82da-c4379550522b": 0, "e5e997b3-932b-499d-9fa0-9d66d6614601": 1}
827	5000	17	149	149	16	0	0.993	2	1.0	9,8	0.5	1.0	1.0	0.0	0.0	2	0.764	16	9	8	1.0	0.0	0.0	0.875	0.125	0.125		{"047062a1-4f9e-4107-b7ea-73637bbf95de": 0, "1f45a190-b642-4510-bf92-27ebe9cb2d91": 0, "26d80a92-b4ff-46e0-b20a-baa822522c3d": 1, "4e13442d-e2c5-4a72-bb3c-366d8b2cb0c7": 0, "6db82240-8e1a-4632-9902-a351fb2ff6e4": 1, "6e8995c8-fddf-46af-890e-368453ef4446": 1, "6fa2b6fb-c84e-40ce-b1dc-5218f86d6677": 0, "7ac2424e-50fd-43c0-a82a-f03fc97e4fa7": 1, "94067e61-72fc-4734-9339-c74f8c4df6c1": 0, "a25c9e5c-9195-47ca-bb1c-181bc404abda": 0, "b444d1a5-766a-41d7-8e50-2da0dacc5b53": 1, "c05bcb9e-b625-4276-b4d7-9d10bdf24270": 0, "c4404c55-2e14-4105-8aca-d46f1b6f2a82": 1, "c460f92f-be1f-4319-a029-2d6f212c15ca": 1, "c7379632-57c0-4480-a533-e411a67acd25": 1, "e6137c85-96a7-4eaa-9645-44e840d35880": 0, "eb110f42-686d-46da-90f4-0ef80568d4c1": 0}
828	5000	21	396	394	0	0	0.99	2	1.0	13,8	0.7	1.0	1.0	0.0	0.0	1	0.0	21	9	14	1.0	0.0	0.0	0.505	0.0	1.0		{"10dd44e6-9c8c-4da5-ad6f-dfe4afd37960": 0, "173b5b3a-4683-4e51-af8a-3ccd10a513cc": 0, "198fefb6-a9ad-420f-8171-888e3c349f32": 0, "1f1f3df7-3b6f-414e-92a0-469b0efce3a4": 1, "3adf6d49-125d-4c95-8afa-92f566173ea0": 0, "4f4e365c-3d38-426a-b604-0d0874ca3d2c": 1, "5a9a715b-3cc4-4127-ab47-84ba446c459c": 1, "62ef61c6-c567-46a3-983a-c8e2e5c1833a": 1, "68cd96d2-53aa-4bdd-91d9-a7b5e07217ec": 1, "69bff0dc-b608-4c0d-88f4-bd275f0d2045": 1, "6ade2f38-fbf5-4850-8ade-2b64c81ae8df": 0, "7ac2424e-50fd-43c0-a82a-f03fc97e4fa7": 0, "8705a7b9-e6a7-4f8d-94eb-c10b7f1fe959": 0, "a25c9e5c-9195-47ca-bb1c-181bc404abda": 1, "b3677a20-83d9-4050-beb1-5f33676114a1": 0, "b94439e0-586d-465c-b3e2-2a4241bf11c3": 0, "c4404c55-2e14-4105-8aca-d46f1b6f2a82": 0, "c460f92f-be1f-4319-a029-2d6f212c15ca": 0, "cfc473f4-e3b0-47eb-8947-1f4e38cf158d": 1, "d136e89b-75ff-4b6f-bf21-a0c338b24443": 0, "f2bd8a2b-da72-4148-a7f0-4c8d8f363ba9": 0}
846	5000	21	269	263	20	0	1.0	2	1.0	13,8	1.2	1.0	1.0	0.0	0.0	1	0.0	21	8	14	1.0	0.0	0.0	0.505	0.0	1.0		{"07d22468-e616-4cc1-87c4-34de2e4ce6db": 0, "0da734c2-0382-4bb9-a687-8a41f459c1fe": 1, "0df776ca-499e-483e-8e08-7f68168ddab5": 0, "27a3f6d1-c00c-4e31-a520-684bb647ac29": 0, "33112cce-9a39-452f-a50e-f2c6ba8c14ba": 0, "37aece11-94c5-4abf-b2b1-6db11c3b73b2": 0, "3ca388d3-b5d6-49e2-a6b8-521a1d6d02be": 1, "3f9ed416-80c2-4129-97b9-fa2d17d98a07": 1, "505545ab-85d4-42a8-9192-afda47bb2162": 0, "651e23fd-6515-4c63-9cb6-efef77fcf72a": 1, "79b7b700-24b3-480b-b157-ffe43bd824b0": 0, "84f90b04-85d7-4383-8dc5-d6e4239f043c": 0, "85c90426-3037-4efd-a23d-8f73425076b7": 1, "86b753a6-8ab5-4c36-8d4a-d802d63bca99": 0, "86fce8ce-15a6-49c3-ba3a-5f159d43141b": 0, "9272ce4b-15ca-4a2d-a244-e4b41c72de20": 1, "98724682-c476-4442-a6ec-d3aaa7e6f279": 0, "b4b58b2b-ee7a-4776-8c19-9c10b04afd5f": 0, "c0bbdee2-a994-4d74-b4ed-3227b10e5565": 1, "c61b75b1-4edb-4958-911a-f28a1b6e34e3": 0, "f9a34de5-9ba3-4959-af17-1ce5f3c48f9b": 1}
848	5000	17	238	228	0	0	0.846	2	0.941	8,8,1	0.6	1.0	1.0	0.0	0.0	1	0.0	12	7	6	1.0	0.0	0.0	0.455	0.0	1.0		{"01864991-6e00-4d8b-b773-7d76a3a0bad7": 0, "0fa43f8d-f0cd-4bff-8256-6447555e40c2": 0, "14570cff-b4f9-4725-9f5a-9c7cccc5b0f0": 0, "1bd6faa9-65e5-4688-83b3-b00bec107c72": 0, "42c2b29e-6638-4181-90ec-2a080435d2a1": 1, "6972a451-2685-4cf3-88b0-e3e26c412e68": 1, "8203ff82-2648-4e83-9bf1-f249acb925e2": 1, "99d5a40e-5b2d-4d64-a548-8a3c03590d67": 1, "a23da291-b5f4-47b4-bfef-dbeaa7c6653e": -1, "a60b9764-5a38-4c5e-91a6-c405c4b7c980": 0, "c6a56964-7968-44e9-bcf2-c66784ef1c4f": 0, "c86f2c59-b164-4429-839a-a53927d5338b": 1, "c956e00f-b08c-4f53-b4b8-c0e2f43e51f1": 0, "eadead14-21d7-4212-adeb-9542b5aca5f6": 1, "ef3d62fa-56a6-4535-b2f8-62e2379dd676": 1, "ef5a6025-990a-44d5-ba32-6f27044f302d": 1, "fb9353e3-5cff-4297-87f6-52c530f7b6f5": 0}
851	5000	22	327	323	18	0	0.931	2	1.0	14,8	7.7	1.0	1.0	0.0	0.0	2	-0.064	8	4	4	1.0	0.0	0.0	0.429	0.0	1.0		{"0b0c575c-369a-4e11-af50-781d9e392772": 0, "22bf2dbd-d386-4943-a921-442da4cfa453": 1, "2b76632a-795b-4d4a-89ec-a94554fb1f93": 0, "3c9296e3-7e22-447d-8045-8d36266355ae": 1, "4af90b40-3c78-4180-b8ca-d4241d628d2a": 0, "4c7cb0cf-6926-43ed-a292-f689e52f4eb4": 0, "58d6ed60-37ff-4e24-a6fa-5dec031d4f64": 0, "6351cc36-5ccb-47af-99fb-93d88044ff73": 1, "74aed781-6359-4b27-9e3c-732802ea951e": 0, "7b162590-da37-4066-b337-e3cbb6a51d6b": 1, "8994e365-5f90-457f-80b4-0a50fb22ee96": 0, "8ba08cd8-e57f-4a0f-9ac1-c5e800cdddea": 1, "8d8b92b6-78d0-4ffb-9977-f1c0f0985546": 0, "91341740-716e-4a9d-b21c-4e790636c78c": 1, "9ef499c3-10cd-415d-a821-9e8fa947d3d7": 0, "a17df10d-ab06-49a9-baf4-42cb2aef46cf": 0, "cac06925-c53f-49b0-b36d-43c5aae1691e": 1, "cdf2d898-14ce-4312-b97a-e7c50b073cec": 0, "d30ad784-e58b-435e-aeea-a0ab841d6459": 0, "e34a1da7-b9d1-48c3-9528-6684f4730028": 1, "e883040e-ad05-4581-84e5-437c2f3cf073": 0, "f7c4cd11-0786-46da-b0b6-ec72ea056db4": 0}
852	5000	12	44	9	0	0	0.273	1	0.25	3,1,1,1,1,1,1,1,1,1	0.5	nan	nan	nan	nan	1	0.0	0	0	0	nan	nan	nan	nan	nan	nan		{"01280aa4-951b-4c46-a1d3-654f9991400e": 0, "11c9d791-562d-45ec-afc3-59585ed278a9": -1, "14a1a083-064f-403f-9324-2aa3abba45c7": 0, "1fb47670-ce4e-4a5f-ae73-fba74f4ea5ad": -1, "27bb44c4-3331-4329-8b5a-ea3fcc423d5e": -1, "2a0f18cd-74ba-4bab-81cf-eee37d67ee7c": -1, "8d6c88dc-9e90-4b59-9245-2b5155f07c6f": 0, "ad01e815-e838-4690-a71d-5cf2bc0b5733": -1, "b7a029fa-c6c5-4684-b27c-849f0e79272b": -1, "bb0d3762-a1e7-402c-b59c-4f898b6280fc": -1, "f2879e49-8e64-4933-850d-0b46162cf2d4": -1, "f430ad5f-5af1-4be8-b55f-70401c3f98d5": -1}
861	5000	28	129	93	0	0	0.46	2	0.679	12,7,1,1,1,1,1,1,1,1,1	1.8	0.704	1.0	0.0	0.0	2	0.366	27	14	15	0.761	0.491	0.0	0.641	0.316	0.4		{"02d58760-175c-4c1a-8446-2930800a4f67": 0, "08c19145-346e-4b00-9019-bdc41504f36d": 0, "103029b8-3039-4e48-9c90-d3f962631894": 1, "14618263-8811-49c3-9579-8dd98094b598": 0, "14a05b02-8c50-4be4-82da-77489b88c677": -1, "1da46ae9-de49-454f-a7b7-044737c06592": 0, "220bc3ab-8067-4637-9784-706f93485a8f": -1, "22f33505-6547-43fd-b453-21662b2ff6b5": 0, "23485a06-5bcf-4330-a66e-049b1bc1ca67": 1, "331c577b-32b5-4245-b628-39e78d910f52": 0, "40d06739-dd14-4191-b13b-8af12303ef7b": 1, "479a33ca-8700-46e8-af18-3874e783473c": 0, "5662a300-235e-4cc6-8d51-3804ec11f3ed": 0, "614cf8bb-05c3-4291-b8d2-d910a5685a7c": 0, "6373c4e2-6e6d-422b-b239-6f4cc2cf366e": -1, "65db4463-1c31-4f23-b8de-488fcebc7efb": -1, "7954f5d6-a58f-401d-872c-a3a2b0c0cd60": 0, "8ac606b4-2f0f-440a-8a4f-da3a39ab252f": 1, "8fdf9a67-c0ea-4306-bead-25714d59aed6": -1, "957852ac-448b-4561-9599-a9ccfd8bf6ca": 0, "9875ce00-3dea-48b5-87f2-7aa7ec0eb195": 1, "b2804827-132d-412e-8f53-fb06505b1297": 1, "b3854536-2498-4297-82d3-60017f217ae7": -1, "b45fee4c-3927-441d-9e7a-76f85506967a": -1, "d87a39c9-5961-4e9f-8fa4-2d8e7ac25807": 1, "d9f38a4a-46d6-4054-9dc7-e20dfe2327cf": -1, "df2bf78a-80b9-4f13-a2db-9e978d5d0cd3": 0, "fe680e87-d738-4d39-8767-b66a42752be3": -1}
862	5000	31	318	283	10	0	0.54	3	0.968	15,9,6,1	2.0	1.0	0.876	0.257	0.0	2	0.584	30	16	15	0.876	0.257	0.0	0.66	0.276	0.4		{"02d58760-175c-4c1a-8446-2930800a4f67": 0, "08c19145-346e-4b00-9019-bdc41504f36d": 0, "103029b8-3039-4e48-9c90-d3f962631894": 2, "14618263-8811-49c3-9579-8dd98094b598": 0, "14a05b02-8c50-4be4-82da-77489b88c677": -1, "220bc3ab-8067-4637-9784-706f93485a8f": 1, "22f33505-6547-43fd-b453-21662b2ff6b5": 0, "23485a06-5bcf-4330-a66e-049b1bc1ca67": 2, "331c577b-32b5-4245-b628-39e78d910f52": 0, "40d06739-dd14-4191-b13b-8af12303ef7b": 2, "479a33ca-8700-46e8-af18-3874e783473c": 0, "5662a300-235e-4cc6-8d51-3804ec11f3ed": 0, "614cf8bb-05c3-4291-b8d2-d910a5685a7c": 0, "632e3d60-9a76-47a3-a052-e6b0e21a9ac4": 0, "6373c4e2-6e6d-422b-b239-6f4cc2cf366e": 1, "65db4463-1c31-4f23-b8de-488fcebc7efb": 1, "7954f5d6-a58f-401d-872c-a3a2b0c0cd60": 0, "7ffc5103-2d8e-44eb-8ed0-a63f4b21b627": 0, "8ac606b4-2f0f-440a-8a4f-da3a39ab252f": 1, "8fdf9a67-c0ea-4306-bead-25714d59aed6": 1, "957852ac-448b-4561-9599-a9ccfd8bf6ca": 0, "9875ce00-3dea-48b5-87f2-7aa7ec0eb195": 2, "b2804827-132d-412e-8f53-fb06505b1297": 2, "b3854536-2498-4297-82d3-60017f217ae7": 1, "b45fee4c-3927-441d-9e7a-76f85506967a": 1, "b4f06f50-2ca5-4a1e-bf0f-642ba871f8fc": 0, "d87a39c9-5961-4e9f-8fa4-2d8e7ac25807": 2, "d9f38a4a-46d6-4054-9dc7-e20dfe2327cf": 1, "df2bf78a-80b9-4f13-a2db-9e978d5d0cd3": 0, "f316b68e-f345-4c55-b508-2c54c3350872": 0, "fe680e87-d738-4d39-8767-b66a42752be3": 1}
864	5000	47	1230	1365	213	0	0.778	2	0.957	26,19,1,1	4.9	0.949	0.847	0.17	0.136	2	-0.028	39	17	23	0.812	0.252	0.122	0.495	0.059	0.957		{"02d58760-175c-4c1a-8446-2930800a4f67": 1, "03918643-6acd-416c-ad4b-912f87bebe9f": 0, "08c19145-346e-4b00-9019-bdc41504f36d": 1, "0bc10c78-1be9-43eb-b3eb-f7779cf6ff45": 0, "103029b8-3039-4e48-9c90-d3f962631894": 1, "14618263-8811-49c3-9579-8dd98094b598": 1, "14a05b02-8c50-4be4-82da-77489b88c677": 0, "220bc3ab-8067-4637-9784-706f93485a8f": 0, "331c577b-32b5-4245-b628-39e78d910f52": 1, "3ab8067f-66ef-401f-a290-4cd9e13f2bfb": -1, "40d06739-dd14-4191-b13b-8af12303ef7b": 1, "479a33ca-8700-46e8-af18-3874e783473c": 1, "5662a300-235e-4cc6-8d51-3804ec11f3ed": 1, "632e3d60-9a76-47a3-a052-e6b0e21a9ac4": 1, "67598791-f90a-41c9-94aa-5b7c7538805e": 0, "6d386ed7-a309-4cb8-a0ee-94e71ffb96d5": 0, "7685c0df-91fb-4f30-89bb-7a0237f7299b": -1, "78b4a4f8-2286-4168-9e2e-fec7fea423fd": 0, "794ec65b-2a1d-480b-9c92-0dc1ea38583f": 0, "7954f5d6-a58f-401d-872c-a3a2b0c0cd60": 1, "7c6af32b-ca7f-4300-a6a4-5b993c5d3df6": 1, "7ffc5103-2d8e-44eb-8ed0-a63f4b21b627": 1, "809097a8-5d60-475b-bcf6-b3baa8ccf8cd": 0, "82905077-77a2-403f-ab21-4f44e9afeb58": 0, "84379587-b860-4889-8ae8-41459b80baeb": 0, "8ac606b4-2f0f-440a-8a4f-da3a39ab252f": 0, "8e810160-8c72-4285-83f6-11093480f628": 0, "8fdf9a67-c0ea-4306-bead-25714d59aed6": 0, "99788fdd-dcf2-4539-9dec-60756c6f426d": 0, "a3b6f68e-8413-4e98-bb09-4e7ac559e70b": 0, "a7236776-653e-4c8e-9250-b1399568c0f3": 1, "a822a0d6-3980-476a-b994-21fc1d06c748": 1, "af88f538-e7d6-4811-98fb-dd2e9c224b79": 0, "b06ecc07-f234-4b7c-9983-db8df58de89c": 0, "b3854536-2498-4297-82d3-60017f217ae7": 0, "b45fee4c-3927-441d-9e7a-76f85506967a": 0, "b4f06f50-2ca5-4a1e-bf0f-642ba871f8fc": 1, "bcb19322-0de2-4744-8e77-4af5561165ef": 0, "bd2b9aa8-39e5-401d-a8eb-c8a87860f146": 0, "c6082e7f-f52b-4601-a8cf-8216b40d7ca4": 0, "d569f0bf-b732-4446-820a-d62ecc8450af": 1, "d87a39c9-5961-4e9f-8fa4-2d8e7ac25807": 1, "d9f38a4a-46d6-4054-9dc7-e20dfe2327cf": 0, "df2bf78a-80b9-4f13-a2db-9e978d5d0cd3": 1, "e5f29bb2-0a75-4290-833d-96f3a8ae3372": 0, "f25fda1c-9bdf-4f3f-be7e-1e6820e018e1": 0, "f316b68e-f345-4c55-b508-2c54c3350872": 1}
872	5000	15	210	217	23	0	0.971	2	1.0	9,6	0.4	nan	nan	nan	nan	2	1.0	0	0	0	nan	nan	nan	nan	nan	nan		{"10413783-4686-480d-953b-0bd2cdcd7383": 0, "27442a84-bbd5-4e96-a20a-b9e55ab5a25a": 0, "41dc0c21-46c4-4202-8910-67104b4fe4dc": 0, "427e38be-327e-416e-b5bb-b203aea0c7a1": 0, "638150f9-041b-40fd-a3c2-76e911051cfd": 1, "7147c697-1ca7-43da-ad61-0f31bc417adb": 1, "848d0370-1da7-4643-b818-190662d5afd3": 1, "9b6529d3-661c-45d2-96c2-8cf3b985d6b1": 0, "a6c976dc-af79-4616-9f52-8463982804b7": 1, "bc42d48a-7990-431d-99c7-5e1610017040": 1, "d75e6225-8278-4446-8519-245a276be245": 1, "e0a410c1-0093-422a-bfd5-d5632c3c77ac": 0, "ee3a1f2b-e8d6-494b-8e26-555e3f4362fc": 0, "ee9668f5-476d-48b7-99de-06574dd7beda": 0, "f9e1ebb9-c56a-4894-9980-a85771d086e6": 0}
873	5000	19	108	121	33	0	1.0	2	1.0	11,8	0.7	1.0	1.0	0.0	0.0	2	1.0	16	6	10	1.0	0.0	0.0	1.0	0.0	0.0		{"013accd9-eeb8-4a5d-8ae7-25c8c133d0c7": 0, "13ddcc22-771c-4173-bed2-1cbd6b5edbd8": 0, "30523528-5321-4cae-9c46-f6ff30b806ed": 1, "4cbf4533-0220-485a-b0ad-ef716277ce56": 1, "6bd642df-a04e-4847-b657-39e964cffb74": 1, "70989eeb-5e64-4769-ba7e-3c4eda7f0940": 1, "884b23d7-95fc-45bd-82e4-65c78b0dbc08": 1, "8a29b768-c56a-4501-ab20-b57707c63f09": 0, "a2070450-d371-4f99-ac8b-64188e46903e": 0, "a88c873f-e6e4-4b8c-8505-3cd183d49321": 1, "ac6d3efe-c38a-4e37-baee-228f01f306f2": 0, "b16e1042-cb0f-48d2-ac22-6691a5ecb230": 1, "b5b375d0-a19f-4306-bf44-f2e39685e96d": 0, "c479c026-56d3-45e3-aa5a-10e322522012": 0, "ca8db04c-d772-4653-8f3a-793ed21968fc": 1, "dadc7619-e18a-4e0c-b087-c911121895db": 0, "e242731a-d172-4fb0-9c0c-6873fca530a0": 0, "f2092bd8-01fe-4ee6-893f-161da1b0df89": 0, "fe6bf0f2-a752-48ba-a85f-99dd6eb32c2f": 0}
879	5000	8	58	50	1	0	0.857	0	0.0	1,1,1,1,1,1,1,1	0.4	nan	nan	nan	nan	1	0.0	0	0	0	nan	nan	nan	nan	nan	nan		{"6742b74c-cf1d-4506-9c3a-aab717c862c4": -1, "854b804c-5574-4dc2-b59e-2d118033546b": -1, "a008af05-f0ce-4cd7-b09b-97257a0b14ce": -1, "cd2093aa-c184-465d-99f1-7ea61c4dc963": -1, "d01aa416-dc4a-44cf-9aa5-51ef2f94f6ee": -1, "e0df9727-107d-465c-8779-91735149516e": -1, "e4e4254e-ccd1-4e97-92a3-58c50418358a": -1, "edb57c83-e24c-4e59-870c-db4900b5bcb5": -1}
881	5000	11	275	283	10	0	1.0	2	1.0	8,3	0.3	nan	nan	nan	nan	2	1.0	0	0	0	nan	nan	nan	nan	nan	nan		{"14bd2e63-15c6-44df-880b-6c879154793a": 1, "1a36de5c-1512-4795-b896-cc4215a91db4": 0, "2026af78-c53f-427d-b06e-2ac19e72dc5e": 0, "2fb7935e-f1e2-45bb-8d0c-8133cdef7848": 0, "36d0d6ec-a563-4fa3-8206-d23212126c3d": 1, "46e78a89-ff86-40c7-ba10-277d589592ec": 1, "5ad35956-63c4-437f-9ce6-bfbae5f6c248": 0, "6b989196-c9cb-4d7b-bda0-3204deb4619e": 0, "9e626b3d-ce56-4b16-8a3f-eeddf4bbb64e": 0, "d1bad8ab-0df7-46c2-ad18-a839d98edd89": 0, "fe7dee63-788f-43f5-a3fc-53693aba51ce": 0}
884	5000	18	301	269	0	0	0.686	2	0.833	10,5,1,1,1	0.6	1.0	1.0	0.0	0.0	2	0.379	14	11	7	1.0	0.0	0.0	0.505	0.0	1.0		{"06b9770d-f692-4a49-b191-d3dba16fdd8e": -1, "129d8e8e-04df-4c87-8456-078bc52d5b94": 0, "1486cabc-2861-43e1-b2d0-9371c858e73f": 0, "3b8ebabf-e642-4392-8273-b5e93974e569": 1, "62dc1fa3-bc5a-4384-8903-8d8cea226073": -1, "6379fd77-500a-4ed6-bd73-77ae993f21e2": 0, "677d5458-c1cf-45b4-90d7-705204e8209f": 0, "738ee0b1-013f-42b5-b1ab-bc4bc308c7be": 1, "83b3d0bc-7cb6-4b6b-8f40-f3eaf28191f0": 0, "99720707-b4cc-4f2f-a322-48550f9e05c6": 0, "9a597297-a631-4d51-b6a5-3e1cecb23521": -1, "b1403322-45d2-407e-9f9c-65b90439b030": 0, "c47346c0-47c6-4170-af45-4925aeea397d": 1, "c7bf5e78-d26a-4ac7-a379-a50fca5ae24a": 1, "c9979cc1-c1b2-4857-befa-aeb9ef627786": 0, "d472b8c3-9821-47f9-9357-f5e7b19f2d77": 1, "ebc9c769-e513-418f-bac4-6f6e5a37676b": 0, "efed08e5-ba6e-489a-8c58-633901b6d7e0": 0}
886	5000	15	39	7	0	0	0.314	1	0.4	6,1,1,1,1,1,1,1,1,1	0.6	0.5	1.0	0.0	nan	2	0.32	4	3	2	0.833	0.5	0.0	1.0	0.0	0.0		{"2dd04a72-9ebf-4d51-97e1-7228c9c30676": -1, "33e07e40-3a49-41c0-bb3a-d2fcfbf9749a": -1, "525f3cd6-e091-4076-bef5-4cd6cd61ce4c": 0, "551aa974-80a1-4b09-9ade-538bdf380e9f": -1, "59af55b6-cf03-405f-adbf-ee97c90887e8": -1, "7776197f-198a-4116-89d7-9751dcd045ae": 0, "79ad5635-8d18-47c7-91f2-b865b85a00bf": 0, "7b4169ba-0091-423d-b33c-46be4f9f0bdc": -1, "86feea05-593c-48ee-b6eb-a60542a714c1": 0, "87bd010f-0b46-4fc3-a299-acb3e170c69a": -1, "8b1c072c-a53a-4233-8081-0aeeab587f35": 0, "8f5352b1-154f-4f3f-a11a-b4a6d2ea6189": 0, "9ced922d-663f-4ec3-85da-6397d59f3c37": -1, "cc8281c1-b9fe-4e12-a3b7-166909d1543f": -1, "e4b19ad0-a3ff-4654-bb8f-471ebf683b81": -1}
888	5000	22	179	160	16	0	0.879	2	0.955	13,8,1	0.9	1.0	1.0	0.0	0.0	2	0.723	20	14	9	1.0	0.0	0.0	1.0	0.0	0.0		{"07cd00bb-83c1-406f-ad32-8b2dc2280654": 0, "140efe5c-9ea7-431e-9896-17d22fe5b57e": 0, "327635c7-7504-4897-acc2-5fc7ef8fae46": 0, "3473e498-d6a2-46ce-93d4-2a60bb6b9757": 0, "3e7c716d-04dd-422b-994f-3d88f7dc3d8e": 0, "4db506db-f9b9-4160-8884-1abea94579ea": 0, "5d295267-da2f-43e3-995d-e3393c572b69": 0, "61aafc49-e22a-4dab-aa19-9a11818b9304": 1, "7b1a11cd-b630-43c2-8102-1358eb7df757": 1, "90de20ed-b6a5-4456-88c9-97b7dd9dcf62": 1, "9977f2f7-24aa-421c-984a-9e07c08aa504": 0, "a007aadd-3d82-4346-bde5-6f3ee86ae8e9": 0, "a57eace7-4069-40fb-afe2-b2f242d8a0c2": 0, "b1fc7504-6285-423e-85bd-fb52aac777b8": 0, "b244e496-9a08-4e59-9083-2a18edd90965": 1, "cb736b69-a538-4725-8652-4f1e0757bd8d": -1, "d1d90c94-96a5-4885-ae56-1c06ff220634": 0, "df965e21-cf28-43e9-b52d-e8888d74ff8b": 1, "e4f793d6-44dc-4ea3-b740-ad71208a9e59": 1, "e8a9bb89-2f2a-4e16-8e4f-f57d5a8dbf44": 0, "fbb5757f-461e-4a34-bf08-b3da8175c566": 1, "fc82a2ff-b9a5-442d-b88a-7d44c9d318a3": 1}
896	5000	12	71	36	0	0	0.955	2	1.0	7,5	0.4	1.0	1.0	0.0	0.0	1	0.0	10	6	5	1.0	0.0	0.0	0.467	0.0	1.0		{"1fa8c97f-cf93-4fe2-89ac-82c6ff3b7b68": 0, "3345f573-e815-499a-a148-fa244cba40c9": 0, "5ad69df1-2d17-4f6f-a4d6-84b311786d88": 0, "6faeb855-6f11-4265-b919-48a687fdd33f": 1, "701c1931-3a9a-4f46-a412-0905ff30cf3b": 1, "84a8b51a-55db-4eff-b4ec-cb102a61f1d9": 1, "b2979f5d-aacf-4f8e-bee3-75ec557f115d": 0, "b4e65b74-732c-4d5a-b517-ef17fa2159dd": 0, "d0a1604f-08e6-4183-9544-3bf9ab9795c5": 1, "d21d435e-c332-424b-a3ce-4e9c28f181c2": 0, "d72d4521-2cb9-454b-b7e6-66e2dc4987a9": 1, "ff8fc8fa-1948-4598-8619-19e6de9758af": 0}
898	5000	28	34	34	34	0	0.968	1	1.0	28	1.4	1.0	0.547	0.0	1.0	2	0.0	25	18	8	0.547	0.0	1.0	1.0	0.0	0.0		{"075eac75-046a-4d06-a987-41862de4f7ca": 0, "16f673b0-6b32-4c5c-a21b-5378815c4a77": 0, "1b1ed67b-3f7e-48a5-90a7-c3fa5253bd24": 0, "280d34f6-283c-4135-9967-1960935849e5": 0, "2a89f5a3-7908-429f-8683-0f5b53b453d3": 0, "3c702bb3-a565-4f1b-b29a-269a529feab4": 0, "4a63c38e-d107-4e7f-a0d4-700b946c742b": 0, "4c7773f5-0ef9-4573-808b-85ad27d7409d": 0, "6606ed7e-6447-4a01-9956-1b3b28a32bba": 0, "68b0b60a-595b-45b3-98df-3f654ff52cdd": 0, "6d49b6f1-7757-40fd-a752-d5614d1ae394": 0, "75c482b3-c62c-41b2-b92a-86c865967345": 0, "812eeef2-81ea-45d5-affb-6b6c7484e641": 0, "8a82160a-7caa-435e-82e0-053e5ca1aa0c": 0, "916584b2-7bc3-44ed-aaf9-96a1e4b11d47": 0, "9a0b028c-ea98-4065-97e5-d2752dbb4a70": 0, "9c1246a3-c511-4bbe-98fc-51778678832e": 0, "9ca7fdc4-3d82-41ff-8961-5266737a79bf": 0, "9cd3ef57-7e3d-44f2-8df2-4a18574120ab": 0, "a6e5f437-5f82-4e12-9062-6b0852e698fe": 0, "a85edfa6-d394-425a-a598-6065eaa9cda8": 0, "b8bcc841-5034-4930-913d-c1cb12827ddf": 0, "c291d648-6a79-41bd-8367-a8ff415f297d": 0, "c69897c9-7461-47e5-a1e5-1ee53b8b5646": 0, "c86d219d-bc5c-4e3d-945a-01fc16f2ed9b": 0, "cc9dc2cc-3376-44bb-ab98-75155d2b7ba6": 0, "dac92a83-85e6-4b5d-b0e3-002598f8b039": 0, "f5867b09-1baa-4d6a-a812-9d7cceb66dfa": 0}
912	5000	30	767	689	64	0	0.772	2	0.7	13,8,1,1,1,1,1,1,1,1,1	3.5	0.952	1.0	0.0	0.0	2	0.33	21	9	13	0.962	0.078	0.0	0.819	0.137	0.222		{"00364426-7ca5-438c-88fb-dc95951a7e10": 0, "057b336f-8525-41b8-ae3b-25e4b5dc727f": -1, "0c0c84ad-c7bb-4484-b603-70a5631eeeeb": 0, "0d989ba1-0777-4671-ac97-3f4cceb5380e": 0, "17d019fb-b06c-444a-b658-28e767290b1e": 0, "1854ad15-8651-4cba-8708-5df58339dba3": 1, "1da03e42-917b-446f-b583-9ee38a64b975": -1, "22c029df-2470-4d16-9da3-5b5e7e7ecc23": 0, "25660a56-29be-49b3-b231-42f1e35a5354": -1, "470b7776-c58d-4b3d-bb9f-352773be5b1b": 0, "5436cc02-5948-4efb-b95d-5c2bde441873": 1, "63df3fe4-84c3-4409-8168-971d586c291b": 1, "6865cf9c-0b27-4e43-a6a3-761049d4462c": -1, "6c5634b4-6f9b-4322-ba8a-f35b36e08327": 0, "7d744039-133a-4c2c-be6e-1ff95982f324": 0, "82a40d18-1be5-4816-8a1a-450b4c2f11e2": -1, "84861cfb-6fcc-49f9-8dd9-a887d8e5ad47": -1, "86e289f3-d49f-42c8-be7c-e71a06a74121": 1, "9636a0ea-9084-403f-9382-0f0d1c355504": 0, "a4aa50d9-0df3-4ae7-aecf-f1f275a4f221": 0, "a6705ad3-2640-4ac8-800e-0b58014e6ed0": 0, "aafe15f2-b5d2-453a-a881-368f248d0a8e": -1, "ae5a22cd-2caa-414b-9df4-28a1c459dfd6": -1, "b2ab7ed0-b798-44db-8a6f-6e895287fcc5": 1, "bea1b8c5-4f25-4173-8875-605bf22bc753": 1, "bebd5952-dc9c-42b5-9c27-2f27c3a24a0e": 0, "d3d0c26f-76a9-4266-a362-1026c61d81ab": 0, "d7873176-2465-40e1-88f4-17ac0546f856": -1, "eac80fde-18d4-4357-8b8e-512ad9c7e745": 1, "ff1926b8-2cc6-4581-a5ae-08bdb84bd5cd": 1}
920	5000	22	281	271	26	0	0.978	2	1.0	12,10	0.8	1.0	1.0	0.0	0.0	2	1.0	20	9	13	1.0	0.0	0.0	1.0	0.0	0.0		{"0023d7bc-e026-4694-89d5-4e8e3c7b6e24": 0, "1b730690-803e-4b3b-9251-73fcd1bd0256": 0, "2939e29a-dc7c-4add-b87a-ceabced80a0b": 1, "29bfd3e1-e3cc-4672-8a91-226a0812d4a1": 1, "376803c4-dd84-4d89-b189-6487077e1579": 1, "4c512d76-72cd-4fec-bcdd-5a6866c29fc3": 1, "54082119-a0d3-4b6e-9e3a-76d742a4a729": 0, "5b57e4e5-3201-44f7-8cc8-280d0bffe6d8": 1, "7f28daac-7ee3-46b9-a717-4e35338d09f2": 1, "897c35ef-4cc0-444b-a9bf-3fa06c53e713": 1, "916df3e2-74b1-4fd5-b5a5-e329c7f6b083": 0, "9da9f20d-3015-45ee-8ba5-6c4e02e69cc7": 0, "9e82f489-9c64-4a09-8f55-75d38ab23757": 0, "a6201571-f5ae-4fac-8567-882cedb00045": 0, "a7e6539b-2983-4298-b7db-68f2e6c48756": 0, "cb117c86-5288-4fcc-b1cc-3c9c9521cc5f": 1, "ce1ac96f-ad7b-4b4b-ae08-dfab834a3ac4": 1, "d496fb49-cf0a-4c48-bdf1-35db314ed494": 0, "f9a8795b-ae8f-4ab6-82a2-d9f47fce6fa2": 0, "f9f9b315-6d60-4ebb-8485-ed41134608b4": 1, "fc8db3cf-89c7-4ae0-92d2-48d147387a7f": 0, "fe4b0033-c784-4c44-9e55-1252ce46db17": 0}
923	5000	20	367	361	19	0	1.0	2	1.0	14,6	0.9	1.0	1.0	0.0	0.0	2	1.0	20	15	8	1.0	0.0	0.0	1.0	0.0	0.0		{"03d7a82b-631c-4fb0-9849-c898e5fc8056": 0, "1b465950-51d2-4cb3-9b7f-4e52efff0aaf": 1, "1e1703d4-f29e-46b4-a908-1150328cd3ab": 0, "1f38a0a6-e8a6-486d-8456-f2149b6760d2": 1, "2d6b5ad0-75dd-428e-84b0-3b027807c829": 1, "34cd241c-7822-4dce-a8d6-7f941ecc33b8": 0, "38225550-0ae6-4bfa-9c5f-d144536262da": 1, "485c7c91-8bf9-493b-95fb-a9b345c3679d": 0, "54409718-848e-4a64-94e5-a5d919690f61": 0, "5919332d-15ec-4dea-8a6d-93b932e5e4cb": 0, "6248a66e-bfd3-4bda-b750-01a862596d72": 0, "63622436-5612-4fb3-af0f-86f352e4a5e4": 0, "840db7ef-bc96-4585-9672-1b7c19b275dd": 0, "8fc06566-69ee-4d79-bba9-407e5e184840": 0, "9597fe8f-7f7e-4688-833f-3e50084bd854": 0, "b0454906-87b6-4f98-932e-d0cee2b75e5c": 0, "da061336-dcbd-43e3-9d28-2b299a36010d": 0, "dbd4c8d8-ef42-4621-acdb-03b18bddb7b5": 0, "e1cd4720-d21d-47f8-8933-961540d73b67": 1, "feb15b73-a5b7-47e8-8ffb-999c1aed9933": 1}
927	5000	17	201	201	1	0	1.0	2	1.0	12,5	0.6	1.0	1.0	0.0	0.0	2	0.387	16	12	5	1.0	0.0	0.0	0.675	0.369	0.273		{"02a4ccfd-ebcc-4ce9-96b6-442728cdc66a": 0, "084ecc5b-4dc8-4763-898f-c0adb0cdf633": 0, "0b94690b-f843-4cdc-ba37-6ec523a78ab9": 0, "31ba4d94-d857-4efa-9d61-2eaee5ea4c0e": 1, "36104321-1096-4511-a6b4-ac9ec737beda": 1, "3f5c63db-f038-437e-b744-12a345f14824": 0, "4fe8d6a9-bb18-4c1c-852f-2b69d9297609": 1, "54206ed2-743f-4495-9d51-38b1aba7e94b": 0, "7053538e-e5f9-4ba2-b496-d592ed049892": 0, "b66e7a9b-f976-4537-8626-86898cb89ff1": 0, "b9832c87-639b-41df-82af-79ff046be416": 1, "c728ce1e-bad3-4017-a8d9-73e37a08b9e1": 0, "d1df3f63-f3de-424e-8c1a-755fd76d933f": 0, "edbf8d34-16aa-4354-8dd4-26e2323a915e": 0, "f5403d91-1aac-42e5-b18c-b889b0b37fa6": 0, "fab2466b-0d97-4b35-9d9e-5014b60324c8": 1, "ff20ab8b-d71a-4704-bcde-beb1885112af": 0}
931	5000	30	59	55	31	0	0.499	2	0.633	16,3,1,1,1,1,1,1,1,1,1,1,1	2.8	0.875	0.524	0.0	1.0	2	0.579	8	5	4	0.571	0.154	0.667	0.464	0.0	1.0		{"00efcd9c-5c6c-4c7f-be01-d68eb6543943": 0, "09499a59-701f-420d-8d05-98d29f6710ff": -1, "15ac96ec-a643-4f5e-8e44-27e7cfc4d738": -1, "1ae1a842-60c6-4a20-b960-3711fe7dcf8d": 0, "324b6731-461b-4dcc-a370-e4a6fb2c0f58": 0, "3aa4190b-4e76-41b1-8bb0-8258a68615b8": 1, "568006ef-4877-4975-a074-1e5db1e62b23": 0, "5a079f78-576c-41fd-aac2-08cdbf8c0b79": 0, "5fd31a9a-a8cb-4d32-acf7-373d542e4be8": 0, "63253fac-0911-408c-8d56-231b5dfb6e1b": 0, "67cfc49f-ca28-460d-8b7a-cd7933bce927": 0, "74debdb0-99be-4d6e-9447-6595608b70b5": 0, "7fe02ad6-c02d-4156-8ee7-fc8cd109a0e7": 0, "8ba41552-5a0c-4c93-8d70-7b7a65362924": 0, "8c3463e5-3dd6-4883-a3bc-34812b2e4154": -1, "96c85424-35ac-4ed5-8886-1089f6c526d4": 0, "a7b2e698-9e79-4cdc-b2fa-16a95ff49ac0": 1, "ae39f7fa-62d6-4dc9-ac27-40dd3b980707": -1, "b3e3a1f4-abfd-40a0-a713-c9adf9407911": 0, "bd71b3cb-18fe-4b6a-a6c7-4a0c6f49ce71": 1, "cc7c5bfb-ab30-4047-a6d8-3bc35d2f79d7": -1, "cf180e05-dfda-417b-b2a0-c3f61bea8ade": -1, "d72b9326-9d66-4b83-99f6-9affe9df1bf4": 0, "dc089aa6-8124-4d94-ba51-62b40f9bbca1": -1, "dc1fb793-1c3f-47c2-897d-138ff70e4890": -1, "ebde46b3-9ded-44e4-872a-facc57a4abf3": -1, "ebf8a991-a3ac-4f79-bf35-35e8108f5dae": 0, "ecd4c853-de71-4957-839e-7cde7b36dbb8": 0, "f33b88be-cc63-40a6-99cb-4c8e1e39e636": -1, "fe36fbba-8f3d-4558-9903-3880148b165d": -1}
938	5000	19	235	209	23	0	0.93	2	1.0	11,8	0.8	1.0	1.0	0.0	0.0	2	0.778	18	9	12	1.0	0.0	0.0	0.889	0.096	0.125		{"111174ff-0abd-4cbc-8f62-13b8aff9cc42": 1, "1adbed45-6b6e-458e-9daf-08624f60323c": 1, "27c3c5f6-76e4-4172-9c87-d952239b0a2f": 1, "54f17420-8bda-437d-a836-1825c6ad8e77": 1, "560a5fe7-a152-4e2d-a3c4-f5e7750ce90f": 0, "59918f9a-d64e-45b0-885f-70237dac216c": 0, "6bdeb10b-0ef6-4371-a603-32f3f6e0198d": 0, "724b9d71-df06-448d-8c2f-6ccb41b5cb21": 1, "76499720-d46d-4484-b2fb-3455b79cc2ff": 1, "7727b736-bc72-4a0e-8e2d-074b191cba0a": 0, "901efb9b-fc98-4ec4-aa7b-f074011bb63d": 0, "9caed27f-5a2e-472f-887e-4e5d25063ca3": 1, "9d38bcec-3ad5-4938-9043-e4ba3e60ccc1": 0, "ad0059df-b579-4593-8b85-975b35004109": 0, "b79fd704-6f7a-453c-9762-985a01c4017d": 0, "de192b70-f035-4b4d-a0b0-b119c80f5cd8": 0, "e438efdf-431c-4a06-bf17-62f7f020bcc0": 0, "fec3ed03-7590-44e7-8fc2-dba1b096544c": 1, "ff96fcf8-b1c7-4971-804b-9f8eca040fda": 0}
940	5000	20	553	576	33	0	0.995	2	1.0	11,9	0.7	1.0	1.0	0.0	0.0	2	1.0	20	11	12	1.0	0.0	0.0	1.0	0.0	0.0		{"103d7df9-b40d-4769-8ef6-64f3af12d490": 1, "1589757b-d293-4237-8d3b-67e11ec304d2": 1, "19b5d868-2dbf-41dd-b085-a2e2a6b40758": 0, "1a4f2eb7-b519-46df-86eb-f48ed8ae0112": 0, "2b583613-ac6b-498a-b942-9151d853c75c": 0, "328b5a2d-eeda-4431-b416-31a23eb98451": 1, "466bd0d3-db53-4d94-9828-03812c40c0d9": 0, "62031b5f-6c26-4f56-87e0-2e9d4697ac70": 0, "7d4c9c69-a7c2-48f6-a6d0-20eae13b363a": 0, "8746698f-6ecd-4bfb-bdfc-67705cf72993": 1, "8a1f9fe4-25ed-4e5b-8d73-95597f4e1fbd": 0, "8ebec789-27e9-428b-841f-027247477e4f": 0, "9c606aee-ad4d-4ae5-9544-a5c7b396d3d6": 0, "b6accaa4-fc00-4e69-8a66-62ba376a23f2": 1, "b7066414-baf2-4bfa-bf2f-79142c1cc68c": 1, "c5f7a434-c0f2-4fcf-a446-547690bfa9e7": 1, "c814b903-462b-426d-b00b-531e6229e6e0": 1, "d9e89365-23a3-4ba2-84d4-682d6057f64a": 0, "f021e34e-d3cc-4e34-95e3-e137516d143e": 0, "f24d8013-42a6-4aee-906b-2215d80466e2": 1}
941	5000	14	42	39	13	0	1.0	2	1.0	9,5	0.5	1.0	1.0	0.0	0.0	1	0.0	12	7	5	1.0	0.0	0.0	0.47	0.0	1.0		{"0597d504-2afb-436e-b4c0-2607b688116a": 0, "362bed90-c176-4b9a-bae3-91854d01daea": 0, "3a9c9fac-6223-4129-b599-6d952a758f8d": 0, "41a48703-9db4-44bc-acf7-a11e9db32898": 1, "53bdc3de-e718-4c19-910f-b7d07251dc7b": 0, "6dbe7c8f-54eb-43e6-8703-90c031b2bf5e": 0, "799d1aab-a1fc-40cf-b971-1ae4d89a7ac6": 0, "883a7a4f-07a8-4b3c-bd07-ed78830caa5b": 0, "9d062ea1-2e38-4577-b20d-53365619f5a6": 1, "bbe122ca-21cb-4c6d-b537-172997ef31a2": 0, "c1c3ad9e-914d-4e56-bb00-5092ffd28838": 1, "d2276bdb-80f9-460d-8992-30f1059aa2a0": 1, "edb5f5cf-bde7-436c-8544-9e57364ca39e": 0, "f3a1fd08-941e-44c2-98be-e4aa0074246d": 1}
943	5000	20	14	24	24	0	0.889	2	0.95	16,3,1	2.0	nan	nan	nan	nan	2	0.753	0	0	0	nan	nan	nan	nan	nan	nan		{"0c310678-61df-4ae0-b3eb-cf1d03a56790": 0, "11cd1e0a-da78-41eb-9e48-258de6047e41": 0, "15d96b23-2bce-4a7a-af04-63a24317fe88": 0, "52b437b3-9dd5-4cb7-b832-e17127b75dca": 0, "80a54dad-43ee-42a4-9849-b30c96edbeea": 0, "81928d99-c70f-474a-ac0e-c2502fa75729": 1, "83d52b06-c2be-4f67-b536-4586b0ffd8ea": 0, "9551cc8f-b5aa-435e-b427-a4385969b50b": 0, "ab366553-a1ff-464e-b811-dfbb2cfa193e": 0, "b2bc6954-d688-41a0-8c3c-358059183653": 0, "b3cf340d-026f-46af-a5f6-f1b2d430636b": 1, "bb104df9-72ea-4d7c-ae0a-03d29e8c6c13": 1, "bf6f75d2-057a-4542-9ce8-1cb348d0e0b2": -1, "bfb09a1a-fda8-464c-9636-b90503c76976": 0, "c75bac4e-fa41-4fb3-a1c6-989450d1b650": 0, "cf025a9e-d72b-4b07-bbf5-1d6d078b7b7e": 0, "d74d87b8-f9eb-4c06-ae5b-3349514d3fdd": 0, "e68ff060-b142-4c05-bed9-625e04bad320": 0, "e996d1ce-f65b-4e96-9d7a-14a186da9ff8": 0, "f4acc722-22e8-448f-94f7-6a5a0a0eea36": 0}
961	5000	16	243	202	1	0	0.975	2	1.0	11,5	0.8	1.0	1.0	0.0	0.0	2	0.75	11	8	5	1.0	0.0	0.0	1.0	0.0	0.0		{"05a2e465-4182-4379-ae1a-c7bbe7f0c443": 0, "0b45411d-aa9e-42d2-8a4d-e8cb1390ab61": 0, "0d121e1f-8f92-4f99-8971-c588f76cd3b1": 1, "2015615c-c2e3-4aba-af98-8154614caa3e": 0, "34d186e7-318f-4fdf-9976-bb868a84de8c": 1, "438d8c9e-f44a-4552-9beb-5b135645808a": 1, "4ab7ac9a-58b2-4e70-a3b6-d4232e21c255": 0, "59dd0dca-d68b-47b0-a724-b084d98d422b": 0, "7975f8f5-4806-4e1f-b669-4b4c1d327d01": 0, "9042a7d0-8345-4aa9-8835-d6b0765c2bc9": 0, "988ae61b-9eef-4956-ab9e-b89bfd96c8d9": 0, "9942ec8a-b8c4-4461-a6e4-40ea0d0824ef": 0, "ba9d0eb2-7f77-430d-b559-b8ade0e09e85": 0, "cbd758df-d51d-45d8-8529-5407b1136971": 0, "d2c0bb99-08aa-4506-8391-a44f04362566": 1, "f2600f0b-42d5-47f7-a995-98a530a28242": 1}
967	5000	17	98	49	17	0	0.86	2	0.706	9,3,1,1,1,1,1	0.6	0.714	0.467	0.381	0.667	1	0.0	14	7	8	0.495	0.698	0.333	0.473	0.0	1.0		{"200b9b7b-a88e-4163-82f4-7df5eb3c4328": 0, "33ca8dc6-3b8f-436c-8270-b06ddb53e8f6": 1, "4ae595cb-faa8-4c6f-8eea-04fa173706be": 0, "532e7d2a-a66d-47c2-b4f5-9d7eb7e3d148": -1, "598e412e-f1cb-4f20-87e2-3730eef6dc1e": 0, "61751460-457c-459e-86cb-86f0a62978e4": 0, "7a3b60bf-3316-45d9-b7cd-0b1bcca597f2": 0, "7bc59cf1-f561-40e3-b706-021d37b49201": 1, "7c872206-a9b2-4279-99ef-66969b3fbb55": -1, "930672ec-5200-461a-8cdf-424a4facc34b": 0, "c25fe46c-7048-4f3a-912e-80a7df1eb3d1": -1, "d2d1fc87-2074-46bf-bb65-05ba3ebfba57": 0, "d46577f2-d842-4f33-acc6-215876997aef": 1, "d53f0ac3-8d3f-4700-a40d-a684ccebd7d6": -1, "dd350cc2-5dcd-4293-9542-18f7204c5ab9": -1, "eb199f6d-cd00-4ad7-85da-6838754d6f0d": 0, "f6f10486-fb6b-4aa6-b4a0-5d01b7b4bef0": 0}
970	5000	23	55	52	19	0	0.925	2	1.0	13,10	0.9	nan	nan	nan	nan	2	0.826	0	0	0	nan	nan	nan	nan	nan	nan		{"04cd6b27-0758-4965-9eea-2855aed56edc": 0, "0935e6c1-fff0-474f-88fa-3becf336e27f": 1, "0a81cb38-8d4e-4856-bc81-b4c32c96776b": 1, "29dba142-8cb1-4f96-96a9-360edd9d7d4f": 0, "2e84f327-ca1c-4f11-a3ba-8a6d2f7d3d71": 1, "3659c70c-f61e-4333-9b50-4407b1f5a3b4": 1, "4641994c-266d-4249-94aa-74692a0e35c9": 0, "4fc27260-edf6-482f-8aa8-c666f1b1a2ab": 0, "54815773-5ff8-4385-90f4-b3c122f69440": 1, "58fad4f1-da05-4754-ba39-9550209b7de8": 1, "9346e525-9480-47a4-bbdd-0ec4cc0fdee0": 0, "952a18de-d4b0-4704-a718-9ffd0bd78165": 0, "a1e60b6f-b9a4-4759-b574-2536fa234c5a": 0, "a515ba34-2139-48b3-aaa3-833681502179": 1, "a722d0e5-6971-4644-aa03-f4df13518108": 0, "bab406f4-9bd2-421f-b964-5e87cf8277c8": 1, "ca323542-451d-43ca-8280-6e36bc6054f7": 0, "d594686a-172d-435c-a5d8-c9564f297ec0": 0, "dbd764b0-da9f-4b3b-aba8-b0f0b08320f6": 1, "e77820a1-9d41-473d-b667-fb64fe8ea4bd": 0, "ec2c456c-990a-44d5-964e-19e4942e09c0": 0, "f1468ab8-598a-48e8-83a1-78d5142f57ff": 1, "f2e9f22c-0649-4a4a-b208-faef6eed89ae": 0}
983	5000	22	522	529	19	0	0.996	2	1.0	13,9	1.0	1.0	1.0	0.0	0.0	2	1.0	22	14	9	1.0	0.0	0.0	1.0	0.0	0.0		{"090a9853-2b56-4f86-8b58-334535f7ed9b": 1, "0cd4a5c4-6606-4077-89f3-8d9cc0ac8af0": 0, "25be0298-a6da-4ff3-8f5b-3f74aa710367": 0, "34db16c0-b517-43f1-b095-9c56b76e8328": 0, "451722a4-50d0-4883-8e9c-461d47485ad4": 0, "4f3fa1ab-ee9e-46b8-a4ac-c423cafdabd4": 0, "620520bd-6c9b-4e2f-8b5a-a64136bd5e6c": 0, "65720dbe-449d-4444-a2d1-09a2308ee409": 1, "6a24dca9-2af8-465b-aec2-8b4b70df0342": 1, "714780fb-d243-4fd0-a623-4a93cbe07d26": 0, "929ae022-e671-4d97-bff8-9676fea07b01": 1, "96e86ebf-6b9e-450e-846f-22d1f34697f1": 0, "ac18d8c7-509f-4ce0-8b12-327c1b0e2d5c": 0, "b5d813a2-c062-4aa2-b9c1-e4ad6068e1d5": 0, "c9e65003-d976-4a19-af49-75823f698dde": 1, "dba8b7a2-4adf-4311-acf2-3b616cf6fdf5": 1, "dbcf3d57-a2b0-4451-b912-ce56fc0c2819": 1, "e0f0a1c8-cd66-4423-a3d4-86c9bd399757": 1, "f1dec539-7014-417d-8838-829da530fb75": 0, "f759a561-fa59-47fa-ba98-8d3ed10dbd87": 0, "fccdf8bb-c645-4df9-bfd1-e4ca5c378bd8": 1, "ff0c500e-df94-44c7-8494-3c506bf9ab19": 0}
985	5000	26	1201	1250	71	0	0.942	2	1.0	15,11	1.6	1.0	1.0	0.0	0.0	2	1.0	25	15	11	1.0	0.0	0.0	1.0	0.0	0.0		{"06e6f849-2597-450b-974d-abc56a936291": 1, "090a9853-2b56-4f86-8b58-334535f7ed9b": 1, "0cd4a5c4-6606-4077-89f3-8d9cc0ac8af0": 0, "19b726d4-2525-4a91-a236-eee7469c29e3": 0, "1f2d191f-db1b-4cba-b4b0-b85557825e72": 0, "2eceb474-d13c-4935-984a-0486f091027b": 0, "34d1e09c-07c1-4245-91ba-dffd611d2396": 0, "34db16c0-b517-43f1-b095-9c56b76e8328": 0, "451722a4-50d0-4883-8e9c-461d47485ad4": 0, "46a3c06e-9e81-4a1f-b7ca-cc69bf34f6e0": 1, "620520bd-6c9b-4e2f-8b5a-a64136bd5e6c": 0, "65720dbe-449d-4444-a2d1-09a2308ee409": 1, "6e5da5f9-8bc3-4fb7-a610-c0520036ce67": 0, "7dd71388-c59f-4603-bc6f-d1ae57b3cb21": 0, "929ae022-e671-4d97-bff8-9676fea07b01": 1, "9925d0e8-51aa-46e1-944d-fc1da3f8b3dd": 1, "a47fd65d-4ed7-4d68-ad4a-853bdf57579b": 1, "b3139a68-1056-40a8-be8a-5500c6375309": 1, "b5d813a2-c062-4aa2-b9c1-e4ad6068e1d5": 0, "c5026103-9ab8-41bd-bec6-209d071d995d": 0, "d2f2cd10-000a-4dd1-8618-eeece1c175a4": 0, "d5aa4c33-9a0a-427b-9c4a-1ea52d144e32": 0, "dba8b7a2-4adf-4311-acf2-3b616cf6fdf5": 1, "dbcf3d57-a2b0-4451-b912-ce56fc0c2819": 1, "f8085776-2337-4daa-8d6e-947fabe9fa03": 0, "fccdf8bb-c645-4df9-bfd1-e4ca5c378bd8": 1}
992	5000	27	71	9	2	0	0.265	3	0.963	16,7,3,1	1.3	1.0	0.562	0.507	0.375	1	0.0	18	11	8	0.562	0.507	0.375	0.477	0.0	1.0		{"043b8e02-33a7-48a9-b34e-28e4b9703340": 1, "29b17e0e-d1fd-4a02-96f8-ed5aeef6ede1": 0, "2e4ba97c-d3f0-46dc-aa5f-d087c10eeab1": 0, "31540881-e1de-48ba-aa8a-0195187a7087": 0, "36f850d5-fab5-4f4a-8c18-9872007a2704": 0, "52d3343f-104a-411e-afad-f09c154be8cd": 0, "5dad799f-fd29-4dbc-b460-eeace41a4925": 0, "678a043d-2c3f-4eae-af79-4109562fa61b": 0, "685c32d8-944b-4c32-8fdc-f9ae123e61ad": 0, "75afa1e9-5d04-4290-b35c-f3450c4a70e2": 1, "7a12396c-6fc0-4a80-8f69-24ec2f0a287d": 1, "7a580010-791f-4b73-ae05-dc1d03aca4be": 0, "7d8483e4-62cb-447e-880d-a3db003055a0": 1, "8b7c2fb1-2317-4789-813f-ded78a249841": 0, "a823f0fd-3ab1-4e09-a218-a61c17923184": 0, "b380b61f-b43c-42c0-81c8-fe6c1ba8a937": 1, "b5bbe0bb-147c-4f78-a0f8-a1d2f1295608": 2, "be89874e-3a9d-4f31-87a6-a3fe42414891": 1, "c44b0f53-4fde-4d84-9408-f40a248249c8": 2, "cc24eec8-49e6-4db8-b9f8-55b20093a354": -1, "ee583b33-24c7-4508-ba1b-f1b13cd012e6": 2, "ef56c15b-2932-4ac4-88b7-2b9e84011b7b": 0, "f15aa3a8-a7be-4f25-9b65-9a7dca310c96": 0, "f60e2cd8-0d41-42b5-ad37-04a12aa2196b": 0, "fcc5ccee-e526-44a2-bfd1-3d584c474a92": 0, "fcc6b10a-2148-4d28-a626-a6db67483b48": 1, "ff60f0ac-a400-4be0-a162-6759a57aef02": 0}
993	5000	33	55	32	28	0	0.879	2	0.939	16,15,1,1	2.3	0.929	1.0	0.0	0.0	2	0.882	14	8	6	0.923	0.163	0.0	1.0	0.0	0.0		{"043b8e02-33a7-48a9-b34e-28e4b9703340": 0, "29b17e0e-d1fd-4a02-96f8-ed5aeef6ede1": -1, "2e4ba97c-d3f0-46dc-aa5f-d087c10eeab1": 0, "31540881-e1de-48ba-aa8a-0195187a7087": 0, "45c71e61-00f6-400f-b0a4-865ce6a0f5d3": 1, "52d3343f-104a-411e-afad-f09c154be8cd": 0, "5dad799f-fd29-4dbc-b460-eeace41a4925": 0, "678a043d-2c3f-4eae-af79-4109562fa61b": 1, "685c32d8-944b-4c32-8fdc-f9ae123e61ad": 0, "75afa1e9-5d04-4290-b35c-f3450c4a70e2": 1, "7a12396c-6fc0-4a80-8f69-24ec2f0a287d": 1, "7a580010-791f-4b73-ae05-dc1d03aca4be": 1, "7d8483e4-62cb-447e-880d-a3db003055a0": 1, "8b7c2fb1-2317-4789-813f-ded78a249841": 0, "9872380c-feb6-4f15-bd36-642784a04632": 1, "9c2044bc-4c26-4a5b-8915-830a45df7068": 1, "a823f0fd-3ab1-4e09-a218-a61c17923184": 0, "af4a0fb7-cc0f-488b-9e64-442b02357a2e": 1, "b380b61f-b43c-42c0-81c8-fe6c1ba8a937": 0, "b5bbe0bb-147c-4f78-a0f8-a1d2f1295608": 1, "b620966f-8fd0-4782-9791-56407d9b59c8": 1, "bcae709c-9aab-41ff-ac90-35bc6d84e565": 0, "be89874e-3a9d-4f31-87a6-a3fe42414891": 0, "d0c90ba2-b80f-4efc-b5fd-b06107058176": 0, "e26fc243-b9b0-479d-8bd3-6219cbdfac50": 0, "eaeff6b0-e503-46de-8ef2-6d94152adc04": 0, "ee583b33-24c7-4508-ba1b-f1b13cd012e6": 0, "efc6e248-46b3-46f0-92e8-fe85143c93b3": 1, "f60e2cd8-0d41-42b5-ad37-04a12aa2196b": 0, "f7cd5587-ecf5-4f5d-a8ad-34578147283b": -1, "fcc5ccee-e526-44a2-bfd1-3d584c474a92": 1, "fcc6b10a-2148-4d28-a626-a6db67483b48": 1, "ff60f0ac-a400-4be0-a162-6759a57aef02": 1}
999	5000	11	105	107	23	0	0.982	2	1.0	7,4	0.8	1.0	1.0	0.0	0.0	2	1.0	11	5	9	1.0	0.0	0.0	1.0	0.0	0.0		{"180709bd-34a8-4636-a9f4-a3a6811e20c1": 0, "34d4f6d8-305c-417a-8ec3-25193a794868": 1, "54924330-fcb5-4820-8f91-2cac6cab4586": 0, "807c6ec4-244b-4ba3-9060-edd8076955ec": 1, "8368e669-aa84-493c-a05b-cef52b5db1a5": 1, "854e027e-d5b1-41e2-9580-6e5d353adfd4": 0, "8ebbe591-3c8f-4a66-8bc3-bb2aa957198c": 0, "ae842d84-7374-4604-9635-365290f51efc": 1, "b4debfb7-4131-446e-8f62-31738a727f72": 0, "b7f9cbfe-4efd-497f-9291-caaa677d862a": 0, "b7fdcc01-52a5-4334-a78d-f4fd80b33c90": 0}
1002	5000	25	56	2	0	0	0.073	1	0.64	16,1,1,1,1,1,1,1,1,1	1.1	0.722	1.0	0.0	nan	2	0.215	18	4	14	0.876	0.196	0.0	0.706	0.031	0.75		{"00cf5a2c-6b17-44ce-aa83-d7c79a070f86": -1, "112a6523-eed3-4895-b677-bbea6fac44a0": 0, "2420c320-bebb-4720-9388-10b4681d02de": -1, "28f03414-4ec6-4c91-9053-b35af79defe3": 0, "40eaaa29-2537-4acd-bb2f-cebd560682f4": 0, "488a9e53-6a83-41f4-bdbb-904dd20f5675": 0, "546ab590-13c5-49be-8443-4995fac766e4": 0, "5472e2fe-cfd0-49ac-882b-1fdc0de877ce": -1, "5f739e71-f9cd-4c90-b598-4141ffd99b07": 0, "60bda54a-add2-4be3-bffa-3a7af3785fe8": 0, "665c32d0-c484-4f78-8791-cffa3204085a": 0, "69632920-6fb3-4462-9da3-c907d097f14e": -1, "9bcbd343-9d68-481e-834e-895bb7954d04": 0, "9efbd5d9-19da-4bfb-a916-cab3bd3dbb72": 0, "a66f79e9-5139-4b53-8e8c-583e66b5d87d": -1, "b2432430-37a6-4a2b-ae0b-be771b3c1d77": 0, "b4a98140-e68b-491b-bc11-88aeca842e8d": 0, "b9184cfe-010e-4b11-90a7-14d7312fc4ed": 0, "c585cb18-8c87-4c33-91d8-29a92ffd127b": -1, "d01e0b39-48d9-4b74-b04b-1e1f05da548f": 0, "d391ded1-c59e-49bc-b77b-cd49f2ac4dcd": 0, "d532b474-f66d-4ee4-b7fc-e89e835d84d3": -1, "d8939505-9a62-4188-a6a7-13c4d60c2371": -1, "dc925985-e3c9-4bc3-a44e-6c2c3e2c8004": -1, "f9d16f29-2438-4e9f-ad1a-b81db804dd51": 0}
1008	5000	20	323	298	17	0	0.984	2	1.0	11,9	1.0	1.0	1.0	0.0	0.0	2	1.0	19	12	12	1.0	0.0	0.0	1.0	0.0	0.0		{"080617df-0492-45ad-a185-17d1977ef2cc": 0, "11918441-6710-48c0-9707-3990b738ec35": 1, "293a84b3-68ae-4aad-bc85-0b844f2db6cc": 0, "3ab23b82-fe92-443e-9dbe-48103b477393": 1, "47502812-b073-4897-9d02-c819d8cccaf7": 0, "4cc167d4-07a8-44b5-adaa-fc13d9ccc41b": 1, "5150fd09-d104-4939-99e2-907417146dbe": 1, "5c3ec9c0-a829-4772-8fb2-1f9f45d72c9e": 0, "5e87c9d0-746d-4e00-b729-9b926a0084c7": 0, "6bb9c785-ef6b-40f4-9473-295faef0f527": 1, "6d71c68c-e9a3-43ab-95a0-ab1c9b8f6608": 0, "758bcc20-788e-495a-9d49-9da794be8627": 0, "9794903c-54a8-4ee2-a6fd-0411c19d1b51": 0, "99767db9-946f-44f0-a23a-8053e33b56fd": 1, "af48c447-a536-4123-8377-c22f5d91af0e": 1, "d804b0ac-78c0-468a-a91f-2cedfe1fd953": 1, "dff3219b-f6b9-4962-ac6c-ad481268f522": 0, "ebd5463a-936b-480d-8646-db04051c4c86": 1, "ec15b0fd-e21b-4706-a49d-77ee3623be9c": 0, "fc6f6d7e-a59f-41aa-ac63-15694742ccfd": 0}
1014	5000	20	106	36	0	0	0.716	2	0.85	10,7,1,1,1	0.9	0.842	1.0	0.0	0.0	1	0.0	19	12	7	0.842	0.31	0.0	0.509	0.0	1.0		{"1233c495-c71f-4865-a23a-7bd0133250c4": 0, "1b41d7d4-d2e2-4560-bb27-7c3a6be47936": -1, "26635e13-5f9f-4428-a621-761dd27156c8": 1, "28ba23d5-2674-4af0-833a-c286db8b7db4": 0, "4f4349e6-dd14-4471-8f93-584924cf1aed": 0, "5594a1c2-fa6c-4034-99a5-6e0e3271008f": 0, "5c664ada-e5d5-42c3-b70a-d06dde800d67": -1, "63b565de-59a1-4988-beea-587b31430041": 0, "822029a6-baf3-40e7-9702-8ed8faef838e": 1, "82970736-2c03-461f-91cf-50ce6ea8e916": 1, "84b9ccc6-27fd-43e0-89b4-09bdcc113d90": 0, "92f98e83-2334-4024-9136-ae5d5e62e2d0": 1, "a176d296-5088-4b84-a2dc-7b82a9019b6e": 0, "a51f930d-6f2e-44be-8788-fe7cb4fdd32f": 1, "ac45ec9f-e6b1-44fc-8f58-5bbc7df05fe5": 1, "ad68671a-fafc-48d6-98fd-c51f7fc0a48c": -1, "cebc5961-97ec-4187-8768-8d1236675b50": 0, "e89477c1-b38e-4261-b456-5df777a8678e": 1, "e9b4dfe9-8d30-46e1-9bbf-cba100acc997": 0, "fff8b4cf-2eab-41a8-ade7-91e805777db1": 0}
1015	5000	23	390	356	1	0	0.937	2	1.0	15,8	0.9	1.0	1.0	0.0	0.0	2	0.018	23	9	17	1.0	0.0	0.0	0.526	0.158	0.825		{"21a1adc6-0c29-4cf3-8a0b-d4afbda08f0a": 0, "306ef0b6-27b3-4c4f-aa45-5feca7d0ac38": 0, "4a3879e3-9455-45d4-bb44-eed7bedacdc4": 1, "51c4a721-6dca-4a5e-a8a3-6530194c52c0": 0, "5458f103-9adc-4e20-92c7-5d446c550eb3": 0, "58ef7618-f701-43cb-b9ba-e49d755475a5": 0, "5ab337c8-ff65-4a00-bfcc-3e6dc2f2a8c8": 0, "633c7a49-ccdf-41ec-8e31-991bd64dd87e": 0, "7b4f7c31-f792-4afc-822d-41c8d55e0eb1": 0, "81ce1543-5572-4654-9187-c660f3d81d02": 1, "84607ed1-f49b-4db2-9dcd-00fc7d216c5f": 1, "857a8b37-c097-4994-99d7-b99888167585": 0, "8aae58cc-3d43-4fec-8c10-2dc4b2af246b": 0, "92fe3317-ae24-444a-a92b-1cbdea4a7d5a": 1, "b593a038-521c-4f81-9324-e1c31fb091e0": 0, "b5a2f4e2-95f9-4fd0-82d0-f4d3dc89f2a0": 0, "bdd52457-224d-44ab-8872-90534c75498d": 1, "d1e46b8a-f7f1-4888-9d1e-ff004a61b46e": 0, "d40276a2-013b-4df5-82c1-9ac9df647b65": 0, "ea2c0232-0985-412a-b81f-ba4cac822554": 0, "ed4d0e23-4eac-4552-b65c-9c5abc94300f": 1, "f30a08a7-870f-4797-b5f7-3cd7971c7b79": 1, "ff29b30f-8acc-48f2-9ee6-0d61b0b84752": 1}
1016	5000	21	332	325	26	0	0.957	2	1.0	13,8	1.2	1.0	1.0	0.0	0.0	2	1.0	20	12	9	1.0	0.0	0.0	1.0	0.0	0.0		{"186ec1e0-2732-482a-b9df-d6b54e836a26": 0, "1eadbea5-d231-461e-b1a5-dc70842621a0": 0, "220b47e4-4f15-4c61-8439-953d4dd3cb98": 0, "306ef0b6-27b3-4c4f-aa45-5feca7d0ac38": 1, "3c529211-b772-4f0d-b972-69b8041495be": 0, "4ab47d02-c9d6-474d-8607-a0c174829298": 0, "51b555be-f196-47d9-b0cd-70ff3f8d8397": 1, "5458f103-9adc-4e20-92c7-5d446c550eb3": 1, "58ef7618-f701-43cb-b9ba-e49d755475a5": 1, "5dbef647-db12-425d-a959-205d7ee3a59c": 1, "60773d46-6ecc-4f4f-83a9-23cdfd71aded": 0, "633c7a49-ccdf-41ec-8e31-991bd64dd87e": 1, "81ce1543-5572-4654-9187-c660f3d81d02": 0, "84607ed1-f49b-4db2-9dcd-00fc7d216c5f": 0, "a052127d-3cdd-49f5-be9e-1fdb6d178b1c": 0, "b71b21af-0947-4459-8930-bd8ca88d8b91": 1, "caaec434-bfb3-4399-bf64-320e5084fd9d": 0, "d1e46b8a-f7f1-4888-9d1e-ff004a61b46e": 1, "e7c7066b-f516-40cb-a12e-51cb2751eb0d": 0, "ed4d0e23-4eac-4552-b65c-9c5abc94300f": 0, "f30a08a7-870f-4797-b5f7-3cd7971c7b79": 0}
1022	5000	22	190	191	19	0	0.818	2	0.909	11,9,1,1	0.8	1.0	1.0	0.0	0.0	2	0.825	20	12	9	1.0	0.0	0.0	1.0	0.0	0.0		{"1c03aeca-d224-4bfa-94ad-f13592bd3319": 0, "29fdde53-2828-4715-a6f4-7211303f1a1b": -1, "30c76606-f21b-4229-8b25-8a3d342c172f": 0, "322833da-d3c2-49d5-aabc-fb1c2d903c53": 1, "3d0fc3b8-b3ff-4b3a-a710-26adadfdadb1": 1, "3f0d442c-32cc-45ff-b113-7a43990c125f": 0, "3f9f2a7a-466c-4d9c-9c39-c57908d3e76c": 0, "48ca09dc-136e-4918-8d1f-0fcc135f0237": 1, "4ad243bc-51ff-4622-bf40-a81f6cab1457": 1, "56dd54a8-dbee-4190-aa22-6354dbf3bcf8": 1, "74dd587b-23e8-456e-8fb2-5a02c4dc4feb": 1, "76a4c683-fbb7-434f-bc89-de5206e7a578": -1, "9c12c187-3502-4c7e-ac7e-9a1ea91484cf": 0, "9d0b3633-a66b-4706-becc-ceea36f1ebf6": 1, "bd95ebf5-5620-4693-a4eb-59a237cb58c7": 1, "cdd77a76-5c88-48ca-a195-556a604b4241": 0, "d1e2565f-93ec-46cd-9d66-6bc719d52075": 0, "d63aa067-3026-4329-bece-02a5561e079e": 0, "da75bf43-8775-475d-86bc-9d3d22fba8ae": 1, "db41b47a-abc5-4f0d-8a32-69e2d90e4c94": 0, "e1692232-4082-43b5-b0f8-5b622c3a7b3d": 0, "f5230632-512a-436b-b255-4b9657f749cf": 0}
1023	5000	25	165	147	24	0	0.99	2	0.96	12,12,1	1.2	1.0	1.0	0.0	0.0	2	0.92	23	12	13	1.0	0.0	0.0	1.0	0.0	0.0		{"01e12a0e-b09b-4a3c-9591-d05fb80e5079": 0, "085c6e60-2fb8-4cbc-85de-626d1ac83cf4": 1, "0869a710-009f-44ef-812d-56d6c923e990": 1, "0df800e3-229f-44c6-b8b8-6072597bc088": -1, "2972c42b-334e-4229-8884-01dd47c2aa69": 1, "3a68d7b5-c05b-4d15-90e6-78c8ab850f33": 1, "3a7a9858-811e-4702-9606-4e8c7f903132": 0, "3abcff2a-cfde-4529-8c32-3d95bd61ac70": 0, "50acc0b0-e3c8-4beb-be2a-86c0e8db11da": 1, "588b1935-37aa-4374-97cf-4ff62d3648e5": 0, "627571f1-9e21-40e6-971a-b477bc6059bb": 0, "652ce2df-3bbd-4cca-be39-616baf64b4b2": 1, "676a55d4-444c-459d-8b69-61afefa34119": 0, "86b62099-201f-4abb-9d37-907a4ac3d803": 1, "8e093bd4-6d2e-41e7-8019-e180fa4cd506": 0, "a23d37a9-7a0c-4998-a23a-96c9364617c7": 1, "a3f9e1af-8416-4fde-abb8-c38b589efb16": 1, "a7ca9484-0080-47bb-8a41-dd39cbc51f37": 0, "c0ce5470-8517-432e-bc23-0dc4b8d43f0a": 0, "c495a042-ab28-467d-9dab-3f307323e4e4": 0, "cb182bcc-4792-4bd3-b6bc-c1072c0ac63b": 0, "cfb00578-c583-4a58-8ba6-442335f75f3b": 0, "d63aa067-3026-4329-bece-02a5561e079e": 1, "e38ee5ed-dfea-4ffe-a259-cc3d28ace8cc": 1, "e8dc3325-21ec-488b-8a30-852e2d3362dd": 1}
1025	5000	26	259	268	26	0	0.978	2	1.0	16,10	1.7	1.0	1.0	0.0	0.0	2	0.846	25	11	17	1.0	0.0	0.0	0.92	0.093	0.067		{"02e059e7-9613-4168-b8b0-462d1c5399a7": 0, "054f3f33-2c1b-4bd4-9797-b9bf8cd2bd71": 0, "05f92700-0d50-4742-a86d-8de0189da58a": 0, "076ce493-05ac-4434-9e56-9a4494ddb2d5": 0, "080ba085-582e-461b-8794-5f49c316f406": 0, "0fb7d8de-41d2-4210-a502-ff358b712075": 1, "1439affa-6aa0-4b2c-9e4b-b517dbd9575f": 0, "3c33e6f1-d209-48d5-8a1b-1d27e158132f": 0, "4470d01e-3d10-489f-b19a-accc1228308e": 1, "566d44b0-d198-4a35-8224-d33e634ec93c": 1, "5729d936-ec2a-4ea4-88af-952aee0fd274": 1, "57f3f046-8f69-4bce-8ed5-6ac01c728490": 1, "6ccacc7a-6413-43bc-89f6-c66b2b976401": 1, "a2431ade-6e8f-486a-936a-82a3b6feaec4": 1, "a385dba2-4d3a-46cd-ad46-45a71b9939f5": 0, "a3e5e3a0-19a6-4afb-9440-85c3a497a72e": 0, "a3ea025b-3fe9-4cae-8076-185eec589ae9": 0, "af25323b-14a4-48f7-94fc-bfdf3aab8374": 0, "af3e5259-3d6c-40c3-941a-98f501fe1d38": 1, "ba39561c-3212-4816-937b-ba9ad859b78b": 0, "bb043a1a-84c7-408e-bf20-17d24d1dafaf": 1, "dbad69af-6c31-44f1-a4ef-0017e161ee8d": 0, "de4af80d-6586-470e-82a8-ddca213ed54b": 0, "e47b6055-0dc3-441d-95f3-4ecc770a8ce6": 0, "ec1378b3-da54-497b-8b89-063bc1e62c4c": 1, "fb7b3ca5-4a96-48ae-87e7-705ecef85899": 0}
1028	5000	20	55	20	16	0	0.847	2	0.9	9,9,1,1	0.6	1.0	1.0	0.0	0.0	2	0.798	17	10	8	1.0	0.0	0.0	1.0	0.0	0.0		{"007ce475-d700-4ef3-a9c7-63266806e3ef": 0, "21944dde-784b-4a9c-84f3-59adb160e917": 1, "255bd21d-63a3-4ea1-be42-81ce9dac0853": 0, "30d66dbd-a042-4401-bf3e-e61950e2519e": 1, "3dcc88bd-e692-484a-8ae9-92b64c1f14ec": 1, "586013c1-06ff-4148-b256-fd12a7ed8843": 1, "676c448f-a70f-4df6-bb9a-e2e8b4f1defd": 0, "6822495a-6a33-464b-b0ea-8e90dc4cb34c": 1, "754cd643-bdf4-40bc-8f96-9d35dfda74e7": 0, "79f260d0-c068-49e0-ab6a-75e61b6c8a47": 1, "8a71751e-efa3-4708-9fde-7d356f399c42": 1, "8d9adf44-b460-413f-80ec-4f1012dfc255": 1, "9db6fbcb-af9e-4d17-b939-4324c0a34adb": 1, "a22aade8-adad-4a5b-b88e-4ef4eab5c289": 0, "a39ee4e6-f593-47eb-98d3-231dd034bef6": -1, "c1e6fccc-be1f-4270-929c-f33d0316ca5d": 0, "c3fdf451-edb9-47ed-8e9b-c6e241e60f64": 0, "cb64b5ff-5bf3-4462-81ac-039d184939dc": 0, "d07b6d44-c8d5-49ec-a6e1-026659675d0a": 0, "fc413152-bd08-4e56-acbe-933c1a05f536": -1}
1032	5000	25	581	593	69	0	0.99	2	1.0	14,11	1.7	1.0	1.0	0.0	0.0	2	0.84	25	21	14	1.0	0.0	0.0	0.92	0.089	0.071		{"05371796-56ae-4e06-8684-caee58116cba": 0, "07abd9f5-4260-49fc-9861-346acffa9402": 1, "0b11ceb3-5208-4b76-9c76-83d65403b1f4": 1, "1aa208a3-a10c-4b5f-a755-83e5b5775741": 1, "2d7d4db5-813c-493a-97a3-174fd46157d7": 0, "3f28e968-b889-4075-8435-5d102338601a": 1, "498bbaf6-ee1b-4da2-9a1a-8e360b8a17c0": 1, "5b83caec-aa48-4d56-829e-66a166692d1d": 0, "60500588-9a87-4ff6-b238-995203e9bf6d": 0, "7545ac39-8e2a-49f1-8241-13edf425195b": 0, "83a4d871-7f2d-41e0-95c0-faf911dfa4b0": 0, "8f8c14b2-6e31-4ea4-b2f6-f455d2995d3e": 1, "9110a1a3-68c1-4839-b924-adc0a2b20a5e": 0, "a6648e96-bb7d-4de8-904d-49df5719011c": 0, "b2b26bac-c0f2-415a-8adf-959b44327ea6": 1, "b3f61579-6bf0-4658-943b-e43cca6a3f0c": 1, "bcb43397-8ed5-4c4a-bce1-48cbf5be959c": 0, "cb52f51a-d4b1-4cc5-b0ab-a0351f5fe42b": 0, "cb873868-315e-4a89-b8fc-df19a36070cb": 1, "cc3f57f1-f2c0-4fb2-ab5e-690f9f34235e": 1, "d6948c9d-9273-43cf-a819-013aa3f560b1": 0, "ea50fd12-e861-4cbc-8d95-ff0f45d4315f": 0, "f18c60b0-a304-4e18-ada7-4c38dad36003": 1, "f7390c73-d0c0-4c8c-b3ae-8a8d8b6f3b36": 0, "fe385cc7-5eec-4740-8473-442541099e34": 0}
1033	5000	28	431	507	93	0	0.989	2	1.0	19,9	2.7	1.0	1.0	0.0	0.0	2	1.0	28	20	9	1.0	0.0	0.0	1.0	0.0	0.0		{"07abd9f5-4260-49fc-9861-346acffa9402": 1, "0d24039d-a9f1-4966-9f53-fd9f054e819f": 0, "17e135f4-6995-4de1-9cda-4e2cfc5746ec": 0, "1aa208a3-a10c-4b5f-a755-83e5b5775741": 1, "3cea4d19-5dbc-4be9-8fbd-7d1f363652db": 0, "3e532325-3280-4abf-99b7-707a21095fbc": 0, "3f28e968-b889-4075-8435-5d102338601a": 1, "60500588-9a87-4ff6-b238-995203e9bf6d": 0, "610ba318-f5dc-4915-81f9-a45b5af0c81e": 0, "7545ac39-8e2a-49f1-8241-13edf425195b": 0, "8177fc71-5ccf-42b7-8f94-bd52df601afd": 0, "83a4d871-7f2d-41e0-95c0-faf911dfa4b0": 0, "8f8c14b2-6e31-4ea4-b2f6-f455d2995d3e": 1, "9110a1a3-68c1-4839-b924-adc0a2b20a5e": 0, "9c3b4a17-4730-4d61-ac0a-8d870b2190a1": 0, "9c752d23-3f33-4342-827e-4d8f1304f178": 0, "9cb08fd0-fab4-49b5-beea-5e9cc299668d": 1, "a6648e96-bb7d-4de8-904d-49df5719011c": 0, "b3f61579-6bf0-4658-943b-e43cca6a3f0c": 1, "bcb43397-8ed5-4c4a-bce1-48cbf5be959c": 0, "cb52f51a-d4b1-4cc5-b0ab-a0351f5fe42b": 0, "cb873868-315e-4a89-b8fc-df19a36070cb": 1, "cc3f57f1-f2c0-4fb2-ab5e-690f9f34235e": 1, "d6948c9d-9273-43cf-a819-013aa3f560b1": 0, "e426451a-c266-4181-b75f-6fd84e9f08bb": 0, "ea50fd12-e861-4cbc-8d95-ff0f45d4315f": 0, "f7390c73-d0c0-4c8c-b3ae-8a8d8b6f3b36": 0, "fd524d2e-35db-41f6-be93-cfd638335a5c": 1}
1034	5000	34	341	421	107	0	0.906	2	0.971	22,11,1	3.3	1.0	1.0	0.0	0.0	2	0.803	33	22	12	1.0	0.0	0.0	0.939	0.035	0.091		{"07abd9f5-4260-49fc-9861-346acffa9402": 1, "0d24039d-a9f1-4966-9f53-fd9f054e819f": 0, "17e135f4-6995-4de1-9cda-4e2cfc5746ec": 0, "1aa208a3-a10c-4b5f-a755-83e5b5775741": 1, "2a86f11c-8818-4bf6-b124-a080cba1f7fa": 0, "35348955-b429-43b2-b60a-b8d78ce93fa2": 1, "3cea4d19-5dbc-4be9-8fbd-7d1f363652db": 0, "3e532325-3280-4abf-99b7-707a21095fbc": 0, "3f28e968-b889-4075-8435-5d102338601a": 1, "468f5ecc-5815-4536-8a50-9b8d8ca8d0ae": 0, "5e37de5a-a8c0-4402-9ae8-771ea459fdf7": -1, "60500588-9a87-4ff6-b238-995203e9bf6d": 0, "610ba318-f5dc-4915-81f9-a45b5af0c81e": 0, "7545ac39-8e2a-49f1-8241-13edf425195b": 0, "8150f047-574b-494f-b2ab-4c82c8837371": 1, "8177fc71-5ccf-42b7-8f94-bd52df601afd": 0, "837da61e-ad8d-4148-afb0-a8c1a553b2cb": 1, "83a4d871-7f2d-41e0-95c0-faf911dfa4b0": 0, "8f8c14b2-6e31-4ea4-b2f6-f455d2995d3e": 1, "9110a1a3-68c1-4839-b924-adc0a2b20a5e": 0, "9c3b4a17-4730-4d61-ac0a-8d870b2190a1": 0, "9c752d23-3f33-4342-827e-4d8f1304f178": 0, "9cb08fd0-fab4-49b5-beea-5e9cc299668d": 1, "a6648e96-bb7d-4de8-904d-49df5719011c": 0, "b3f61579-6bf0-4658-943b-e43cca6a3f0c": 1, "b76484fc-44e4-410a-8e69-b4feff810323": 0, "bcb43397-8ed5-4c4a-bce1-48cbf5be959c": 0, "cb52f51a-d4b1-4cc5-b0ab-a0351f5fe42b": 0, "cb873868-315e-4a89-b8fc-df19a36070cb": 1, "cc3f57f1-f2c0-4fb2-ab5e-690f9f34235e": 1, "d6948c9d-9273-43cf-a819-013aa3f560b1": 0, "e426451a-c266-4181-b75f-6fd84e9f08bb": 0, "ea50fd12-e861-4cbc-8d95-ff0f45d4315f": 0, "f7390c73-d0c0-4c8c-b3ae-8a8d8b6f3b36": 0}
1036	5000	14	51	57	12	0	1.0	2	1.0	9,5	0.3	1.0	1.0	0.0	0.0	1	0.0	13	6	8	1.0	0.0	0.0	0.487	0.0	1.0		{"1eec5fcf-62f9-4c1f-8163-4a4e8b8cd036": 0, "200b4739-c866-42c1-84cb-32d2eb5667fe": 0, "27bcca54-0025-4ba6-b269-1ad4328e5442": 1, "3d45ae40-e080-4d04-abc2-49445309dbfc": 1, "51096572-4247-4e58-9660-5dcd81864b0c": 0, "541364f3-0a5d-4d81-a464-104e53aba93c": 1, "5b89993d-aa21-44ec-919f-7a4359902d21": 0, "78172945-0703-440e-b64f-97a78afa31c9": 0, "90b6dac4-e226-40b4-9e7c-cba21e31388d": 1, "94ceba85-72b3-4c75-ac86-c73b57adeae9": 0, "95b23a5b-e511-4497-8115-8bb37c235c78": 0, "c491cd3e-39df-41cb-9cf9-07524c422bd4": 0, "ca192c72-688d-43cf-80b3-239f25bcbb94": 1, "d4f67787-829d-4553-b513-ed608507ff13": 0}
1039	5000	16	306	266	0	0	0.942	2	1.0	10,6	0.5	1.0	1.0	0.0	0.0	1	0.0	14	10	5	1.0	0.0	0.0	0.505	0.0	1.0		{"034080b8-ec27-4eb7-96fe-93fc883f4047": 1, "0600a0f7-cfbe-4f51-93e1-f497c4b7b9e1": 0, "0f31ef21-4cf7-4046-8138-ee8d7bb02008": 0, "43b14958-67ff-42cc-bbaf-0dc81f41fb46": 1, "4d683fe6-e59d-4c81-abef-c755c45d12f8": 1, "70acf5e5-9338-45d5-9448-d180f93dcf7e": 1, "741da663-f97c-4739-8805-d8c0be2789fd": 0, "815584d1-0750-4ace-8225-013845d2f3d4": 0, "8617e9da-0da3-402d-91d8-debfbf677e92": 0, "8cbc7117-f60f-4555-bea5-c8e448b4e189": 1, "9936a4c8-079c-4d63-9391-c080b45a43b1": 0, "9fbbbe9c-b0f8-4bd6-9c59-5b312d47d280": 0, "a0e5247b-5f26-48fb-9534-c4a85c0874b8": 0, "bb828a0e-9934-45a2-9751-14b35062d20c": 1, "f13ff5d2-85d8-432c-a67f-0ad1b49f7ede": 0, "fbe56399-2c0f-4fda-b781-16a4cf43551c": 0}
1041	5000	21	542	550	34	0	0.986	2	1.0	11,10	0.9	1.0	1.0	0.0	0.0	2	0.354	21	13	11	1.0	0.0	0.0	0.676	0.28	0.364		{"02b91ac3-9d1f-4ec7-bad4-c0acf57f7b11": 1, "1347f687-f6bc-4ba0-9860-6cff2053b4ab": 1, "326d5d29-02c5-4b3b-b917-08e64b508cd2": 0, "42c12d2c-b6f8-4a66-bb16-5ef425200544": 1, "4e48c99b-2d74-409e-9568-4e1763a8d7d8": 0, "57c368fb-dd8b-4919-8ec8-6d03757dbec8": 0, "621f2699-b98c-4dca-8fed-bc65814e93ad": 1, "670af11c-aff1-4c71-83fa-7e5afcb72a02": 0, "6939ab73-8b05-4ef6-9590-5e8ef6664509": 0, "6ad616af-7007-4b91-8c4e-05ce489e6ff4": 1, "78b6a5cc-e0f7-4b42-a32e-059a6f05941d": 0, "7c21bc5b-7b35-4298-a8f4-164fda3d0ef2": 0, "7e183711-416a-4c09-a90f-c7b3948715ba": 0, "8217cb71-4fb8-4aa8-b48b-49e71defdab5": 1, "83bd04f7-44ab-4181-8d47-a81e9fad3ab4": 0, "8468b3b5-18e3-456d-b2f8-a951429da62e": 1, "9e0446cb-a73d-4e20-8328-080880c67420": 1, "a4605148-7472-43b4-8efc-a6c37590a0ff": 1, "bbec910b-2599-4ba0-b943-a8dd5fd41616": 0, "e1ac3a7a-8d6f-4668-bb3f-13c31eba59e2": 1, "fe3ae62f-8fbc-44e6-aa88-3458803c9e33": 0}
1042	5000	22	471	438	0	0	0.996	2	1.0	16,6	0.9	1.0	1.0	0.0	0.0	1	0.0	22	18	7	1.0	0.0	0.0	0.584	0.0	1.0		{"01f83b15-9085-413d-a3fa-8a9021706243": 1, "180c7c9a-be8f-4a4d-85e1-50a7a4dd77a6": 0, "3c52b36f-a886-45c5-a8c3-2bf27489c175": 0, "43c1b278-b132-4718-9dfd-5c62d983d77e": 1, "4a6316da-311f-41d3-8b98-9e6732024b14": 0, "530486f9-2c4d-46ae-8899-a31d71e5eced": 0, "5ab220af-1787-483e-9b91-72bf58c858f6": 0, "5da6cf81-0b9d-4f8b-87f9-7b6c4a078ef8": 0, "705bd913-8d89-4d52-8bfd-214659c94710": 0, "74e87d80-eaa4-427a-9dc0-f37ddd543495": 1, "76e7d7d2-307c-4a43-878e-3bd724fe4983": 0, "7d4d72fc-571a-4831-8c97-c4bc168452d9": 0, "88dbdd96-9dcd-43c5-9c9e-bdc7c6cce050": 0, "8e3a12e2-5a3f-4eb5-9073-c0139a36978d": 1, "9c8001ba-78b5-4591-b548-7473641b2129": 0, "a60c876f-7390-4df5-a4bb-7c97894554e8": 0, "a981699a-1b7e-435d-92c3-4651243696a7": 0, "a9f6f545-b8f6-43e3-ad03-3b1e2555fb7a": 0, "cb8b1dcf-3965-4c9d-a82c-c62e6937e8c8": 0, "ce24f748-3ae3-48af-9526-55f218aa3bd1": 1, "d4ef4081-d6c3-4937-bd2e-5f59c7b75587": 0, "f0ed4f8b-677b-49fb-9e06-569badcda289": 1}
1044	5000	37	983	965	37	0	0.988	2	1.0	21,16	2.4	1.0	1.0	0.0	0.0	2	1.0	37	16	22	1.0	0.0	0.0	1.0	0.0	0.0		{"09c26bad-ab3c-4579-ae52-b82ed9ebabf4": 0, "0c5e21cf-b681-479f-b87b-2cc6c4da262c": 1, "0d1fdb9d-86c1-433d-a577-32147732138d": 1, "0d66b653-7d7d-44be-a555-cdb2379f0d50": 0, "11d27dfe-3b4a-471f-a411-5a3cf99d2acc": 1, "133a3476-5ee1-4845-b33a-eb7800b2e1b2": 1, "149a4b49-2ff0-4bd7-8e01-7270f5fc0ecb": 1, "14d0949a-cef9-49d4-9880-858ac9b09dac": 0, "1a129c2a-cec2-4db5-b70c-51c5923515bb": 1, "1f2a21c0-e33e-4654-ab23-0d070e49866b": 0, "25af2133-ebcf-4f6d-8573-7e94832370df": 0, "26942abc-adb6-4dde-a46b-db734379efa3": 0, "27bda177-c725-42ed-b4c6-d2ca96744fb6": 0, "2eed197f-66b8-4029-8547-19140688a3c8": 0, "2fc0c995-5e72-411f-b990-29f4ff031a35": 0, "4f988513-788b-4054-9c1d-25536174fd8b": 0, "5c68034e-1629-4508-a61a-b79a1b3f1ad0": 1, "5cb42de2-41d0-43c3-9888-99e37918eee5": 0, "6813f551-c47c-46b8-8e58-9d6df97a00f4": 1, "74e87d80-eaa4-427a-9dc0-f37ddd543495": 0, "74eb0a43-fa4e-4401-bfc0-257738af6d74": 0, "8024109b-48e5-43f0-a56f-2513379f4705": 1, "8c64da96-194b-435f-8e19-5bfd0221bb3e": 1, "8eaa716a-12e5-44ed-9787-4aa6f756e963": 1, "9177adc9-a1e8-4f7c-a098-ec7271bf7789": 1, "9b7e2d2c-08b7-4b3a-b467-c12899e46458": 1, "9c03813b-0949-4d18-89db-afb947a9b406": 0, "a147c5f0-34d4-4642-b0af-9db6bdfce391": 0, "a2dcdbfc-6f75-4d00-88e5-33c2c9b2d64b": 0, "a67dda92-5b94-4c81-886e-950c5b808761": 1, "bfea7bde-aea2-468e-8e3a-7ec35ea7a126": 1, "c1cf3ddd-2a9a-4ada-adf7-dc6642e07619": 0, "c26bef45-301c-425f-9ebd-62d94fb86f99": 0, "c9c09f4d-e804-4525-b0b8-a28dc8b98074": 0, "d5dccdab-a75c-4971-9f4d-386f39ef3a6e": 1, "ddd1f121-e08f-4732-bef7-f35ad336b782": 0, "e8e9915c-915b-45a8-89f6-a994bf563507": 0}
1049	5000	27	406	393	22	0	0.983	2	1.0	15,12	1.3	1.0	1.0	0.0	0.0	2	1.0	27	12	17	1.0	0.0	0.0	1.0	0.0	0.0		{"00e0761d-75b6-4217-8248-51918252fc74": 0, "05702120-c966-485b-966e-1ae4d701a037": 1, "1173ccec-14b7-4142-a44b-6f0f8a812a76": 1, "155123de-92ac-43ed-83e6-b2dbae95a5f3": 1, "193e5fe8-e6e3-43aa-b0b7-fb80567efd84": 1, "1c28f517-44e1-420b-98aa-eab697218f14": 0, "218dce75-7721-4c11-ae93-547567788775": 0, "4de98258-c708-4069-8cb9-1dc657791d18": 0, "51e3113b-aac9-40ad-a5ce-58bec2e2e943": 0, "63fc410f-00ca-4f57-bfb5-f592f6c6a2b2": 0, "82a4fe9b-6a53-45fd-bcca-c78c99577812": 1, "8c6305e3-1eb7-413a-a307-c2fe01c1d4b7": 1, "8ccd1581-e3f6-4001-95fa-18a63a5460d0": 0, "94398b59-c0e7-4e1b-8f09-fc9650d54d4c": 0, "9cdd7108-010e-4905-9615-dc3d74edaaa6": 0, "a3a4d4d8-7a08-4b00-a90a-bd36dd7a981e": 0, "af6db944-66b9-47df-bdba-4752c037c135": 0, "b121799d-da84-48f9-87ca-6a12d6abbb26": 1, "b19d17e6-2fcf-41cf-a2b3-fb3d9537a69b": 0, "b3fd81b0-c444-4b6f-a94f-08515d178183": 1, "c1ec0755-fad6-4157-8e9f-9d3f8b4115b9": 1, "c6e91dfa-a21a-4115-9ca0-ea9bf85544d3": 1, "e9b9ba0d-2cfe-44d7-aa96-4dc82250fbe8": 1, "eeb6de6c-47b7-44a6-9420-3e3bd815fe40": 0, "f073b82a-1a34-448b-a9e0-ace55ad81268": 0, "f214ac20-78c9-45e3-9a2c-6185c7263f79": 1, "ffa1813c-6d9d-4656-a528-da7d00a4b36e": 0}
1052	5000	20	50	5	0	0	0.189	2	0.9	14,4,1,1	0.9	0.947	0.529	0.329	0.6	1	0.0	19	10	14	0.52	0.41	0.545	0.485	0.0	1.0		{"01b2d9e1-8752-4d82-b2dc-03ce0a788fe0": 1, "0b3dda74-2148-42cd-b5f5-ad03e53b5d17": 0, "16e5694a-c993-4504-95f9-d5b7621de48e": 0, "26850aa1-d088-4f61-99ea-b462e5e33553": 1, "286de5bc-1b80-4769-84a7-cad0915a3d78": 0, "2bcd9f1f-08fa-4e19-804b-4bef82ba65af": -1, "3c5f9562-2cdc-4d92-a373-bf8295b7391f": 0, "6523776c-7deb-4482-80b1-8a9ddf8fb5fc": 1, "82468645-5e84-442e-b6b0-57ba696171e1": 0, "89087c5d-38a8-4118-bbf9-908ed9f46f7e": 0, "95705236-88b3-4bbe-be13-b1481ee9a3f1": 0, "9b63f681-0fca-43c7-aa8c-85e15f8c2e21": 0, "a2c5ad8c-382d-407f-be1b-6b5dd7cc94c4": 0, "b7300666-7ef6-411d-8eae-6bca3a91a661": 1, "bf259c16-d9e7-4966-a2f5-c15a88bad4d3": 0, "bffac993-f688-4961-bb8a-32c19410aed9": 0, "c12661b1-b633-4828-bad5-0c02ab6dbb04": 0, "e8b32316-6195-47bd-b705-e292b6a5fd0a": -1, "ef8fcc08-5a0d-4309-9164-a7ab52646556": 0, "f5d349f9-8f3b-40f4-8ed4-f4dfb71df515": 0}
1057	5000	14	199	209	31	0	0.989	2	1.0	8,6	1.3	1.0	1.0	0.0	0.0	2	1.0	14	6	10	1.0	0.0	0.0	1.0	0.0	0.0		{"2007a270-84df-45e6-bac3-c40cb171ffb6": 0, "40bd421b-e548-4113-8bdb-754748f5145c": 0, "499f885d-882f-4743-819b-a54945390261": 1, "5928b6ec-f6d7-4077-b3b8-ddbf1fb2aede": 0, "65e79d8b-f06c-427c-8d81-43dd05d6ae4a": 0, "6727a515-1005-41de-a21c-e70798041b7f": 0, "6fb4beb1-dd4b-4ead-a607-2f4ca254ba52": 1, "7baf43c0-f458-4467-b139-963a01daf7aa": 0, "8263f628-5b85-4bf1-b801-031489f1e5a5": 1, "8503d8d2-efa2-4b8e-9800-d29d3639fe39": 0, "b810c6cd-ab67-48ec-b163-d1851ff8552d": 0, "cb5eba27-2c7c-4829-9ce4-641ec9bb8ad7": 1, "d6b9c72b-d3bc-4e2a-a4ca-bc597cc16849": 1, "e35459b2-218d-4e19-a2d4-9073dfaa919d": 1}
1062	5000	14	269	234	12	0	0.989	2	1.0	8,6	0.4	1.0	1.0	0.0	0.0	2	1.0	14	6	10	1.0	0.0	0.0	1.0	0.0	0.0		{"11cf784b-7efd-4fe2-8b8f-abe71f1c0d13": 1, "1481c2e0-b6c0-4a51-a2a0-dfbe4b763543": 0, "1ed97209-8e5e-442d-96c4-7fb857ca1345": 1, "2d92cd2e-3921-4643-a044-7910f95e40ea": 0, "2ec451e3-1eff-4036-b6f0-dc774ac509f7": 0, "3b80f6a3-861e-4c5f-b756-c46dc033b27a": 0, "547f5ccb-e3f5-4217-ab5b-a70ad6e00146": 0, "5c5b4541-723e-4953-b599-dc4706977b94": 1, "64d41f5b-5092-44ef-9dff-c17cc4dbfe2a": 0, "69559abf-1598-48a8-8507-de58fe417b88": 0, "8d2e4899-5b53-4461-88ac-692763828bab": 1, "a859bc95-cde8-4903-aca4-f0d00dc37906": 1, "c57b4ec0-7721-44be-a71f-3b54441ed590": 1, "cddae1c9-e8a8-4278-be0f-a77b3adc9e36": 0}
1066	5000	22	35	2	0	0	0.091	1	0.5	11,1,1,1,1,1,1,1,1,1,1,1	0.8	nan	nan	nan	nan	1	0.0	0	0	0	nan	nan	nan	nan	nan	nan		{"048d738f-21f6-47a5-b96b-69676356eedc": -1, "0add1606-ff0a-4282-860f-5a84e4cdb4cc": -1, "0d8e4d2b-f9d0-4940-9deb-7e4c27257a29": -1, "2739c573-ad1d-4bb5-8487-a5a5a29aba99": 0, "27411444-c163-464b-915e-89ae3dccde7f": -1, "2ce1d962-9311-4e11-bb33-517dbc5a91af": 0, "38252f68-accc-4f19-bb72-cdde48cde1f0": 0, "4567873a-8f09-4ee0-a4cb-63aa8dd51931": 0, "4f6d3b7e-357e-4a43-b0b8-636d63b668ee": 0, "58bdbbb9-f443-4523-813b-6eaee4d753f7": 0, "5a1b09ed-fad7-4636-9d43-95352b66f515": 0, "60894420-f692-4cd5-8ddd-41f2d76ce990": -1, "72be0993-a18b-44a7-8436-6fe66cbdb8c4": 0, "769a222b-acd3-4114-a466-2a6fc62ac47e": 0, "7bded31f-9d90-4294-b313-25b9e4f10f47": 0, "81f6d661-8706-4a3b-a420-2de140fd17aa": -1, "83b12f3d-d266-4d7d-addc-4671a3c17c19": -1, "86f1117c-1c68-4dfa-8455-240ce4d9c2eb": -1, "ac879a56-92fa-4576-9bde-7573d9f93d5f": -1, "b80d2f7a-35da-482c-aa35-b841ad6adfe6": -1, "cebd17d3-3f0c-4ea2-aed5-7abab73c41b3": 0, "fb9d9981-1343-48de-a77f-fc83f967b61e": -1}
1072	5000	19	771	843	105	0	0.906	2	1.0	10,9	1.7	1.0	1.0	0.0	0.0	2	1.0	18	9	10	1.0	0.0	0.0	1.0	0.0	0.0		{"0868a42f-f892-4a51-9939-8a31cf1aa938": 1, "0cf2d4c9-46d4-4c06-b1f1-83330661b7cd": 1, "0d4efb88-1e00-4b38-88d8-000235edf241": 0, "1dc45296-c338-4c73-a1aa-820df3b0266e": 0, "3baa897d-d770-442d-a81b-11b7fad196ef": 1, "7578263a-656b-4b4b-a1f9-e6f167bb0b5f": 1, "8461d0e4-041e-4723-87e4-845ec616b3f5": 1, "84e788be-c353-424d-a7b6-c5c684a48718": 1, "8653e021-05de-459a-83eb-d3d9fa316936": 1, "88588a93-bc4a-4c97-994d-709f368624ec": 0, "95475429-3617-44ae-934b-f3a2b007d849": 0, "abb5a03b-cf23-4503-bd48-d1e30d3218e2": 0, "b44c8e36-2c25-44bc-86da-dfd01b55703a": 1, "b8632fe8-542f-4b7f-9630-c41dc23c1028": 1, "ba48d75f-3fdb-4d8b-8975-f4bbceb23f48": 0, "d66f8d11-2420-44e2-8a3f-bd0e17fb703b": 0, "dd90ea75-824f-4d4a-952a-9cc067bbc35d": 0, "e585921b-1e5c-4eeb-8b01-251bc84e0dd7": 0, "e6d1129a-2b35-4074-9341-da55c1ad640d": 0}
1080	5000	18	195	209	30	0	0.993	2	1.0	10,8	0.5	1.0	1.0	0.0	0.0	2	1.0	16	10	8	1.0	0.0	0.0	1.0	0.0	0.0		{"0f58d549-0d11-4f85-901b-8e98d866a623": 0, "103384f7-0eb0-490f-a9f2-6fa8edf0ad48": 1, "404a0710-1d93-4905-ac6a-5d12fa21ea27": 1, "42690ce6-bcd1-4fdf-9257-166947d97607": 0, "611f584b-42a0-45fa-a4e7-ebe75bf0ab77": 0, "64e26aea-dfea-4de9-896c-87462073a4d8": 0, "87419c14-21aa-472d-b176-a0b9a85822a3": 0, "88b1a073-72d2-49e4-9ad6-020f9a6db48d": 0, "89c2dedd-3197-4d74-8de4-369d994ce362": 1, "97c78fd8-43dc-4fda-bfba-7e803a9dbba9": 0, "9b124358-6db6-4719-ba36-cc5c5230e946": 1, "adc3c6d6-3f0e-4057-a102-046186b2604d": 0, "cabd8027-b07f-4e5b-b63c-ede44670dc1b": 1, "cc15fa85-64f1-4eae-bb2b-4415bb27f5b6": 1, "cc25f8aa-eab5-4060-84bd-64078d671923": 0, "d039e698-7aed-4a5c-b763-e4136b5ff306": 1, "d0933a65-2a93-4201-8941-dc1faa33da91": 1, "f4665bd6-6fa5-4a6a-94fd-062513cee600": 0}
1084	5000	19	252	249	26	0	0.977	2	1.0	12,7	0.6	1.0	1.0	0.0	0.0	1	0.0	19	7	13	1.0	0.0	0.0	0.509	0.0	1.0		{"00ab6123-9183-4cbe-ad30-55c3e64c24a5": 1, "1805d7c3-56be-45a3-85fe-2b4ac6ed9881": 0, "2a1e5f8f-d2a3-4eed-802b-25edc50ed57a": 0, "4aafcb0b-5264-4d75-94ed-25118477b4ca": 0, "7b7f8a87-a69e-496f-b193-bde9ed1dfa62": 1, "7b880c1b-1039-4cd7-bc4e-832ed060e171": 0, "831fde66-3743-4377-8e47-95d88a7c275e": 1, "83223e7c-5a2c-4b32-8f0e-9f8cdd9fcb53": 1, "8568b697-fb31-436d-ae15-5d698371eabe": 0, "9f73caf4-df2b-4358-ad1e-95be241136aa": 0, "a632c035-61f6-46f2-9eda-09350d46aabc": 0, "b201f611-1f96-4f2b-bf98-123345a9d446": 0, "badae5ed-6f95-416b-b893-cfdb3b966920": 0, "cb6c5503-73bd-4884-8a37-696614b967c5": 0, "d4bfb276-6fde-4efc-8c44-ca0ef3b7c907": 1, "e2c4c413-9c21-4296-bdac-e55888c8eec0": 1, "eac5496f-f686-4de7-9af1-03f60eb6fcce": 1, "ed9a4942-3b5f-49e8-9bb7-99f0160f1cf3": 0, "f9a8346f-f9e1-435f-ac3a-375c78930a49": 0}
1088	5000	23	107	114	19	0	0.992	2	1.0	12,11	0.9	1.0	1.0	0.0	0.0	1	0.0	23	11	12	1.0	0.0	0.0	0.478	0.0	1.0		{"27f06f6e-f26d-434a-bdfd-5f178361f8a9": 0, "291da73d-8353-4b15-be93-25fbec42d721": 1, "3e18e7e2-7f46-446a-a68c-12c06c5a711d": 0, "4322316a-8f15-4ff1-8ad3-a40c5d7e7001": 0, "5a0b4e60-e112-416d-a65f-3691900db8d9": 0, "6224e174-06eb-4c8a-a493-b56e60cc1ac1": 1, "655feb91-cc40-48cd-bbe8-e6f264f83c56": 0, "73505f07-b3d9-4710-98fe-ba4728eba96f": 1, "7b92e72c-66f2-42af-b7e9-fe790dff6bfb": 0, "817849f7-5b91-4077-b24b-d644b55effc0": 1, "9563496f-653c-4308-8688-463a8ba242a7": 0, "9a85d610-bdbd-4e70-8bec-d0e2826ae8fd": 1, "a59a4187-2642-46ba-a5c9-29a3d2c93102": 1, "ac9e773b-ce29-489e-9966-49aceee1e023": 0, "ae03a195-3cf8-4696-a952-25ea01813f8d": 0, "bdf0979d-a32c-44e6-95fc-123a8c000404": 1, "c75415a8-fa9f-4705-acf7-42b69c644f07": 1, "d16e519d-e62f-46d9-a19e-53f8a2691a40": 1, "db79e9c6-b272-4261-8899-1383118a532f": 0, "e2c23634-f147-4fc4-8739-baea66728493": 0, "edff1549-7716-4d58-afeb-f8d815d02850": 1, "f14b068a-31c1-4455-9160-d3535047675d": 1, "fd5ce9ed-d9cc-48bc-be1f-f0eeb88261a9": 0}
1090	5000	21	311	302	20	0	1.0	2	1.0	14,7	0.8	1.0	1.0	0.0	0.0	2	1.0	21	15	8	1.0	0.0	0.0	1.0	0.0	0.0		{"0fc26224-512d-4a65-80b0-61906ca23040": 1, "27e5e32c-cedc-4eeb-854f-f59caf2af37e": 0, "2ed20280-10c4-4d6c-87f4-351aede9ccf4": 1, "315712e6-9997-4da2-9834-8d4e82cc6438": 0, "4697865e-1bb4-4a8f-a069-856f9ac84ef1": 0, "4972f5f3-a075-4f9b-9b07-dead79318b9c": 1, "6c0652fa-b1e5-4842-8bb8-a35980069b49": 0, "81ea4dbb-93c0-44e8-b525-c95f5b550fe7": 0, "845337ff-94b0-43c1-8a97-7ae122a175b4": 1, "9815f28d-99a0-4e54-8ce0-aa5c9a282abb": 0, "a172b4f8-e8cf-4a1a-839c-f1747f8d5cdf": 0, "a1d95236-5348-4465-8090-851fa040578b": 0, "ae1ac112-4a67-4df1-b8bd-77ab00a251aa": 1, "cdef8307-e2cc-421d-9b73-ff0a205fe2eb": 0, "cdf88284-d250-4c7d-ac2d-749bf7f40f5f": 0, "d46ebd8b-f588-4ad6-8639-af81b8204de9": 0, "dbb705cf-2394-48fc-971b-19c34c3b45de": 1, "dc6156a2-39b4-4155-ad9b-4b2e0318ef47": 0, "e0122a60-b138-418d-8902-4e299c2054cc": 0, "ef6f10dc-8049-42d0-a2c5-2aba06bb6b70": 0, "f4bd238a-7149-4478-9f78-5311f2ad8028": 1}
1094	5000	18	667	637	13	0	0.98	2	1.0	10,8	0.8	1.0	1.0	0.0	0.0	2	0.581	17	9	11	1.0	0.0	0.0	0.779	0.234	0.208		{"28053cfe-2a83-4a4d-b94c-8d6ba71599b3": 1, "44600a5c-1577-4c7a-8193-f622f3657128": 0, "4962f97e-ca71-48b9-bd2c-ed7f8607a08a": 0, "4e0e2642-24c7-4981-8e47-afd5ef8a5b9c": 0, "60db6866-8b8d-4682-a810-49258b48deb4": 1, "76437988-d657-41c2-8497-a8df8ae88409": 1, "90b19ef9-629e-43c2-b824-9fc6bd246a01": 0, "916bd5b7-d447-4a0c-ae58-2332054e5be9": 1, "a629b527-1746-413b-8b07-8bcf534ad89e": 1, "ace59e50-0074-4249-95a6-dfc28af95211": 0, "ad4a85ca-5d25-4989-a64a-c76085229b9e": 0, "ae1eef6d-0fe8-4748-a9c1-a46b852a2567": 1, "c25f5754-68d8-4422-9e7f-b8ea382d63a6": 1, "d7b4afd5-6ad0-4d9d-a8f8-fc1e08c56720": 0, "d86cbfbe-2970-4fe5-9a07-b0ce6525522d": 1, "f20425eb-d4f8-4bac-86d4-27740a85afd4": 0, "fbb80e82-8179-466b-90da-673f86ba3a4e": 0, "ffc17a03-f87d-4871-a0da-c5fd534e4030": 0}
1102	5000	22	375	322	18	0	0.987	2	1.0	13,9	0.8	1.0	1.0	0.0	0.0	2	1.0	22	10	15	1.0	0.0	0.0	1.0	0.0	0.0		{"0db30492-87b4-4497-bace-cb7b4e71ae18": 0, "154174c0-28b5-413e-942a-bd2dfc0a75da": 0, "1cfaec1b-9184-4d90-a5d9-a6e9d8bb4837": 0, "2485d695-8e05-45e2-ae7c-025f4308d63d": 0, "3c37dce4-ee01-4d0f-b4a6-ebaf0a03145e": 0, "3d1721e0-df09-46fb-a1d5-eb73303bca83": 1, "4adb95ff-6765-4038-9624-4dbee63102c5": 1, "4d64342e-1390-4fed-ac05-00f954a3b0e1": 1, "4e910d3f-6464-463f-9a1f-33be1a0509b9": 1, "64d60186-d4f9-45f9-9b3d-733d4b92d514": 0, "6b7abe8d-b7b1-497d-bc03-4f7c429c6bf9": 1, "80873b35-f38a-4592-bbbe-17bb4085d450": 1, "88db600e-0f2b-4f39-80df-20b720224de8": 0, "8f2cee9f-c736-45fc-8fdc-02fba75d77cb": 1, "a919d5d9-5f92-420b-bb91-d72276c02180": 0, "aeef3162-65a0-409e-a8c1-83b2a9860fe9": 0, "bad27598-2f75-4566-acbd-24cae45daf65": 1, "bb6a2a77-b3db-473d-9c38-000406e37933": 0, "c5ae1a88-88c3-47f2-9f23-210ee7da387b": 1, "d4c6e426-87e8-4f3e-9bba-5f99928d362b": 0, "fd7796cb-ef62-46db-a1c2-8ee5540aee37": 0, "fe467d32-d459-4a0d-a0af-c1f8137e680e": 0}
1105	5000	16	146	124	12	0	0.933	2	0.875	7,7,1,1	0.6	0.929	1.0	0.0	0.0	1	0.0	14	7	8	0.923	0.163	0.0	0.473	0.0	1.0		{"0bd19209-6c58-426a-808f-b338bffa0f9a": 0, "1829d145-c0ba-491e-a822-75c33802730a": 1, "34c2878e-50fc-4e1c-a1bf-d1ab0b8d697d": 1, "411f47e6-3db3-4fcf-b84c-f8345800cec5": 1, "55005e0d-21f5-4cb7-88aa-fda0e7a6d5a1": -1, "78eab210-e930-4367-9097-894c70f3c5a7": 0, "7a264cb1-b0d1-4e12-8192-7586c89a38da": 1, "81081ff9-c9a7-4dc6-906d-6695b333ce01": -1, "838334bb-09eb-4b6a-8035-e9c512f1e994": 0, "8cee90d0-2b44-4957-9e91-ca018b9e5e81": 0, "94dc928b-a014-472c-9b68-8ca6d5cf2e82": 1, "960e904a-7d44-49a1-aeb5-305e197d309b": 0, "9ae6c03c-5dd2-4da9-8859-b5528b52f89e": 0, "ab85343e-8f92-43b7-bbc3-6202c012513c": 1, "af75fed1-cf24-4e02-8129-6e910ff11f6a": 0, "edbd0146-533f-4749-9561-5edbc5e5f796": 1}
1106	5000	12	25	0	0	0	0.0	0	0.0	1,1,1,1,1,1,1,1,1,1,1,1	0.3	0.0	nan	nan	nan	1	0.0	5	4	1	0.4	1.0	0.0	0.6	0.0	1.0		{"0b589294-1ded-4778-a1a8-2b19c6899771": -1, "40526018-13f9-444d-8aa3-0f1ca3a69d3f": -1, "4453ca57-b046-43f1-88cb-912cc0b09cc7": -1, "5b47e337-4ebf-4f06-9471-d6e145fe7949": -1, "5d2af462-65af-4e3c-8524-d35e467ff4c9": -1, "7ee4cbe3-c177-4ae3-a3c1-e96be7c5c7bb": -1, "883bea96-93b9-4751-b51f-d384759b9f5f": -1, "c00892ab-937f-4746-a3f5-9c1f9ef33839": -1, "c3bbcd5b-ae6e-40ea-937e-a748a3faa31d": -1, "cd016da2-3c0d-430c-a232-5f7e6102aa2c": -1, "e03bcdac-0ae6-438e-8e4d-be6ca3f45f73": -1, "ea22cb22-4b9c-4259-bcc4-c5e8b6e474ea": -1}
1108	5000	10	47	17	0	0	0.756	0	0.0	1,1,1,1,1,1,1,1,1,1	0.3	nan	nan	nan	nan	2	0.0	0	0	0	nan	nan	nan	nan	nan	nan		{"2a118369-a702-487f-808e-bbfcc9c6311c": -1, "438258e5-386c-4ab2-941b-c8612ce7df1b": -1, "68f3fef4-07e9-4335-bab7-3db205b4ed03": -1, "84f5fcfc-689e-415a-baa6-90b7b324c9e9": -1, "e812fa56-a6fd-41ca-a19d-0ab755302be2": -1, "eaa9d8f6-d973-4125-95d9-d2bf3d5fca57": -1, "ee5b78b8-295c-4165-a74d-8be16c33c013": -1, "f09c7a8d-6c60-4a1b-a446-7bf10ed2cf95": -1, "fbb43211-15d4-4ce7-96d7-7f40bffb23df": -1, "fc0f1dc7-521c-4490-8a4f-b11823106b6d": -1}
1115	5000	16	140	122	0	0	1.0	2	1.0	9,7	0.5	1.0	1.0	0.0	0.0	1	0.0	13	6	7	1.0	0.0	0.0	0.462	0.0	1.0		{"01fd1e42-925a-46a1-8c1a-a0fd58ac7923": 1, "264443a2-c807-426c-972e-f227b2d7d96f": 0, "301d27ce-a036-475f-8248-9f14a2c92100": 0, "328196e5-3b1f-414e-ad68-1770cd2e9897": 1, "423d0b97-e0b4-43a2-955d-bbd86ea90321": 0, "44083c98-cd3d-42a4-932a-9b1740fb4b84": 1, "5f77ba3c-3f70-4dbe-b53a-0b6e1964024c": 0, "60a531a2-5ace-4d12-921e-952b7b0397e1": 0, "6a7f2df1-44fd-45d8-8e0c-cffe1c533608": 0, "7addf42a-13a7-4cc1-9787-5faa0bc3a55e": 1, "7cd916d7-4450-450d-b016-d3225c7952a8": 0, "969583c1-bc1e-42ff-8b59-a782e5a0059c": 0, "a8b89a51-9d34-4d73-892b-559aa8b6a14f": 1, "ab9d9149-9ebe-48b7-9555-1517aa1061c7": 1, "b685dafc-a4ab-4f87-b114-0c1e803e91e9": 1, "d8e0371c-08d7-4474-8965-0d1ff010168c": 0}
1121	5000	21	355	349	21	0	0.986	2	1.0	11,10	1.0	1.0	1.0	0.0	0.0	2	1.0	21	12	11	1.0	0.0	0.0	1.0	0.0	0.0		{"037b4aac-48e0-46b6-a8da-fa1b6b5e12d9": 1, "0c30efe1-e001-4796-ae0b-96bd16ff3c3f": 1, "24bde316-560e-4423-b856-7b437fdd2819": 0, "2c33137a-627b-40a3-925e-bf8ce0667cfd": 1, "340d0c75-9b06-4531-98fe-79bdd0e6c567": 0, "42c6bd6f-bf5e-4f71-bcaf-81d2b8480a87": 0, "458e8574-5f34-4840-b5a7-1a6f3365e8ae": 0, "458f4416-2e74-4c04-8ef0-b909e366cfef": 1, "52124f5d-5241-42c5-a370-7de4c166164a": 0, "678f56e3-22c5-4632-a68c-9877cd2af743": 1, "6adc270e-5c4e-4e8d-b5d1-33c457ef531a": 0, "7e8a03c9-a777-4e83-b7a1-5814b4aef797": 0, "977ac55f-ccc4-4db8-a269-7b6f049400fe": 0, "b2188f99-6830-4121-9cbb-16a1b3cb8222": 1, "ba1f0cf3-5f21-4e35-99a3-e93cb3e31cdc": 0, "c3b027fd-f8f4-4235-9650-3c4bfb827611": 1, "d625ae35-9397-4d4f-a993-2a61ce0318f7": 1, "eaefcfcb-70e4-4ec1-80de-4cd0ce27c81d": 0, "f3533747-a4df-422d-9763-ec0af76c17a5": 0, "f6e237f5-fae3-46e7-b735-7704d2369b5f": 1, "f7b9c138-d434-4aee-b6fe-53638dd38fa5": 1}
1122	5000	32	537	481	34	0	0.895	2	0.938	19,11,1,1	2.5	1.0	1.0	0.0	0.0	2	0.764	30	12	20	1.0	0.0	0.0	0.933	0.044	0.091		{"01665654-cafd-4681-bc80-acd5c2ac428e": 1, "109f37f9-d52c-4476-a1e6-334c94217262": 0, "12b1a090-b6f1-4707-9bf1-da91f9526e6f": 1, "1b5b12ea-2707-495f-a051-174a14f6cf68": 0, "1c13d3a9-3cee-4e1f-a573-b72d533c3f33": 0, "1cd21a8e-d8bc-4e19-8255-defc43461254": 0, "1d2cf216-1a36-429a-a7ce-88f6ebe9a10f": 0, "21e606b0-ec56-41c0-a623-ab78de0afa19": -1, "24bde316-560e-4423-b856-7b437fdd2819": 0, "2c33137a-627b-40a3-925e-bf8ce0667cfd": 1, "3d4b962e-6f88-4578-92a1-24e22bb21eb6": -1, "40f89ff0-ac7d-42d5-97af-27401634f66d": 0, "453695a8-25e9-4339-8c58-1d68810ef716": 0, "458e8574-5f34-4840-b5a7-1a6f3365e8ae": 0, "4ada9e9e-a0e1-4d24-816b-3f916899f698": 1, "5890c3c4-2a43-46f5-a00b-1c4d46896749": 0, "594b5566-60c0-4c99-8fef-d928a7ad7e2d": 0, "9059dec3-022e-443d-aa79-c518d13814c0": 1, "977ac55f-ccc4-4db8-a269-7b6f049400fe": 0, "98de592e-b8ef-484c-8243-e79bf2fd25c2": 0, "a26fa78d-e96f-4ee6-93f8-fdb1c25ac953": 1, "a4e63c81-f020-48dd-a88e-2acdf1c10f16": 0, "b1bfa3ab-76fa-48e6-a6a4-0d169b61f289": 1, "b24ef83b-a4a3-4b72-bc21-2e5dc16856de": 0, "b41f3ab1-6c9f-4f57-b64a-d7b522d56c9d": 0, "b545f603-f283-4804-8a3f-573ccf9f478c": 1, "be6108be-83ca-423b-9922-835c883c30aa": 1, "c20020ba-aec5-48bd-818a-70ceef15a38c": 1, "f413dc46-ca8e-4568-ad7d-5f2bae3c94c3": 0, "f6e237f5-fae3-46e7-b735-7704d2369b5f": 1, "f77452a2-0d4b-4310-a0b3-eabc112dd717": 0, "f895bfd2-ce49-4368-8349-fff9e482b4cd": 0}
1123	5000	19	56	55	16	0	0.906	2	1.0	10,9	0.6	1.0	1.0	0.0	0.0	2	0.789	19	10	10	1.0	0.0	0.0	0.895	0.111	0.1		{"146926c7-aa16-4906-856a-fb3014f815a8": 0, "273956eb-6f03-4e07-879f-5e074dad817b": 1, "3a9f0c9e-1d49-4ec8-9e21-a7bbb53254a6": 0, "4cbe7380-8d3b-466a-b233-69bc8c7ed53d": 0, "5a93f07d-596e-4677-9560-8f3dadd8d284": 0, "64b08720-6033-46ad-b82c-1a4e9b894e69": 1, "65549117-7543-4f64-9bb7-4b99f1a011fb": 1, "66074d9c-d8d3-4aac-88cc-7d57f81bfdcf": 0, "775bab5d-c7b7-4f43-989d-129a8845cf1b": 0, "8c49e717-430c-45c7-8b48-06f79a7d7234": 1, "8ccda033-98ab-4685-9b82-b9b9e97b0808": 1, "9d39929b-b8cc-4e4f-a3fb-ad4927d4ba0f": 1, "a215bc6d-fab7-47a0-aff5-7343d2eb0709": 0, "a267f6ea-e966-482e-acd9-6b74fabd25b9": 1, "a74e67fb-e65a-4f64-b60d-019795cd659f": 1, "bc77aeaf-31bc-4598-908a-7b01f33eee5c": 0, "c51cac66-b77b-4384-b476-a4fc5537e7e9": 0, "d62161c7-b29e-485c-82de-9c734bac3566": 0, "e45444c4-b159-4f3e-9fc2-5dcb00b330c3": 1}
1127	5000	24	512	513	22	0	0.909	2	0.958	15,8,1	1.1	1.0	1.0	0.0	0.0	2	0.881	23	15	8	1.0	0.0	0.0	1.0	0.0	0.0		{"0d9212af-5f4e-4a17-bfc9-0458d6a2f17b": 0, "0fb25547-bc2c-40dc-9f17-3e8c0370c318": 0, "16251b52-1832-4aad-9734-9d7df15e5391": 0, "3567ad32-32e0-41ae-b327-e3f6858928f5": 1, "3fbea548-e552-4c7f-90d5-9f5f2a8e07cc": 1, "45fc9ebd-967d-4abb-910b-a5549afc3c37": 1, "55aa6fb6-18bb-4f17-aa84-fcf5d2f87ae5": 0, "55e274ca-e240-4441-9f24-25dc9a412a18": -1, "565de863-27f5-46f2-8a37-8c92bf1710a2": 0, "6a1d685a-1449-403e-aa34-eb0d38c6044b": 0, "781c6b11-3bf5-44bf-a9d8-0d2c072b7322": 1, "92e63f24-4043-4ef5-b831-80213c04a197": 0, "a14e9b53-804a-4f8c-b75c-68f8eba86774": 0, "aef78f62-13d4-4627-8420-5d047d8b5c00": 1, "b6229704-0f4d-45ef-b5cb-a22c1d6efeeb": 0, "c5393dd5-183b-452b-a31b-59cf32736bf3": 1, "c9c93c4e-87a3-4631-a9d7-d113239beb98": 1, "cbdb2e5c-88cd-4641-8230-ed5b8f650a3d": 0, "cd1f98a3-fd5e-42c0-af61-31769d6aec58": 0, "db0a5627-5a0c-48b5-989e-c9623263d979": 0, "db5981ff-62c5-445f-bc47-92c2eff5cd06": 0, "ed935fcc-1b0c-47d4-bad7-ec01c6610f7c": 0, "eebc343f-4540-4756-9631-d113bf2521b1": 0, "f12f41eb-2fa6-44f4-925b-d9564cfecc95": 1}
1128	5000	22	178	99	1	0	0.74	2	0.682	11,4,1,1,1,1,1,1,1	0.8	1.0	nan	nan	nan	2	-0.062	1	2	3	nan	nan	nan	nan	nan	nan		{"15054aa9-99d4-432b-a370-342aab8e4952": 0, "27ac7cf5-e46c-4b96-93cc-d4142926d568": -1, "330ade63-d978-43d5-8b29-dce6756f6bd7": 1, "3a4a6383-2aca-41b7-938d-26d11c6446bd": 0, "40309670-51ce-4e67-b2f1-7cac374e7376": 0, "520589a7-e90b-4e5b-89f6-32fffc038b88": 0, "70461e05-ae77-45ce-bf64-04511dc4b39c": 0, "73864ff1-f063-480d-964f-ca008f392797": 0, "774af19d-496a-4a01-871f-50e956ab10bf": 0, "786d5c3e-8494-4b31-8704-a399ae589f66": 1, "7cf1b6ea-91af-4cd7-aa0d-6cd916d46198": -1, "982cdc74-272d-4bba-a8a9-9d823eae9e8a": 1, "adcafb6c-1f58-4cfa-9dcc-e7bad0401329": 0, "aff6e092-50bd-40f2-a778-5d3d20cb56d8": 0, "c5f39d87-03ba-4686-8b6d-5334eb654c38": -1, "cc3158ff-43fd-4cd7-9ddc-1268fe0bf76c": -1, "de050a3b-4b05-4878-91a4-5b1a0464e9d2": -1, "de520db5-be1d-4fb6-b4d1-9324c0c0cc41": 0, "df32a11d-7c7f-4d01-85ab-7d0741050db1": 1, "e3776e00-018f-470e-830b-6cb3da907cfb": -1, "e7552f36-635e-43b1-b4c5-dd00ae6e0940": -1, "f0aa096a-a4b5-49d4-9cc4-d2f91181a5d7": 0}
1132	5000	14	17	5	0	0	0.264	2	0.5	4,3,1,1,1,1,1,1,1	0.4	nan	nan	nan	nan	1	0.0	0	0	0	nan	nan	nan	nan	nan	nan		{"0533f3f7-89b8-4178-816f-ea733bd6e1d9": 0, "1eef7948-5426-4a7d-9274-9352cd219263": 0, "241a47b1-01a5-4d03-af6e-1fe31194fc39": -1, "37959b08-3bfa-4afa-9feb-f63347c8690f": 1, "490af470-30c2-4136-9313-4f4df9eb1201": 1, "4fc54a4c-e735-4d2c-8d74-b98d383fad1c": 0, "591158c8-404a-4ce2-b278-238d5e5f4e2e": -1, "6ebf14e4-033a-401e-856f-2f34e265f071": 0, "a9e5600c-f5de-44f5-929b-7e7cc65d2e39": -1, "c702668f-ad6e-4fb2-87a9-deb72f019903": -1, "d0bdc83f-c17c-4f84-a36c-94b00c40078b": -1, "ed0b3d5b-e7bc-4903-baa6-979eb3037aef": -1, "f464cfd5-cc4f-4eaf-aa90-8966efe37998": 1, "f86d73fb-f061-44f4-86a8-29ad79f66a8c": -1}
1135	5000	25	345	342	14	0	0.45	2	0.68	10,7,1,1,1,1,1,1,1,1	0.9	0.81	1.0	0.0	0.0	2	0.266	21	12	12	0.838	0.34	0.0	0.676	0.28	0.364		{"04cf0d59-6dbf-4da1-b8a3-d4a1fe16092e": 1, "11485fe0-d9c7-4a2f-a024-c0a09bdda756": 0, "1d8b3b10-1b9e-46c4-9463-a87baf250ed4": -1, "268108f6-e849-4584-ba7d-0fd648d65ace": -1, "30b86dbd-d70c-4abe-9baf-9fcee08aa27e": 1, "31ea2bae-a629-476a-b74b-c211eaaf037c": -1, "3e44d4d4-6183-4192-bc4d-399ceb7dac44": 1, "41c90cf5-c996-45ad-bb94-103b70d8a0f0": 0, "45e1753a-525d-4a6f-8679-35f85d971bbf": -1, "4afd86c5-5634-480d-ad49-31e1bdef9aa6": -1, "685bc9e9-b087-445b-a16e-7fee89d39f2d": 1, "69bdfad7-9443-4c00-ab7f-7191db58e148": -1, "6a3c1ff0-092d-4b2d-af50-e09b3d7b48e5": 0, "782262bf-6d36-4dc1-9043-4c8aaf239e61": 0, "80933cb9-e4bb-4497-9acd-d83e4d97c4df": 1, "82c867c4-e67d-458e-a7ca-8876f63b0c8a": 0, "c24e007e-5117-44fb-9c51-efaca6977a17": 0, "d5732a42-5f4d-4833-b899-e3ba03e93197": 0, "dcce2be1-5fb8-44d6-93c2-258e53f46e19": 1, "e892128b-3500-4d20-bf0e-aa5b6d00996a": 0, "ea225f10-95b0-4ffa-8f91-59c6ba2f1c0c": 1, "ef27df60-572f-4490-99cd-17543516e70e": -1, "f05afaf9-f86c-4d8e-9df5-54b8983f455b": 0, "f075b3c8-549f-4479-a8c3-ac92b6808a7e": -1, "ffaa486e-ad1a-4406-aa00-020d0509f28b": 0}
1139	5000	17	56	28	0	0	0.743	2	0.882	12,3,1,1	0.5	0.833	0.4	0.0	1.0	1	0.0	6	3	3	0.467	0.333	0.667	0.4	0.0	1.0		{"01c5ab33-7f83-4c89-9178-4fd6fe13cc1d": 1, "0d0f6d9d-139e-4a99-9c83-80db820887bc": -1, "136ab80d-3471-42aa-8cdf-06f7c8f5f4f3": 0, "174a618f-4e8f-4020-ae87-12be6222a84e": -1, "175c8676-8831-4724-b7d3-05dbe770c7ae": 0, "407dcb63-a33d-4fc0-a4f4-86141c3bf992": 0, "648c15d6-5710-4edc-bfb3-ff659c6cd7c0": 0, "84418128-eb95-472d-b33e-0953a81f1260": 0, "872c8369-600b-4837-ba02-36abe1b88b0e": 0, "9d901cf6-b73e-4345-bcae-6d5428812223": 1, "a4291635-fd18-40ee-a007-29151e649e7b": 0, "a6451f85-824a-4dcb-b86a-d722fb827210": 1, "b5b1a28d-a03b-4172-9e29-9dca23a5088e": 0, "c52bc350-5b47-4edc-89f6-f0a220360927": 0, "cceb206e-cde7-49db-af68-f2a854a1d496": 0, "e6fc396d-fe1a-4d6d-bc68-bb7171e183ae": 0, "fd334d14-4b5b-401d-9a24-e6b13bb193a0": 0}
1148	5000	24	298	272	19	0	0.978	2	1.0	16,8	2.8	nan	nan	nan	nan	1	0.0	0	0	0	nan	nan	nan	nan	nan	nan		{"135f7783-705f-4be4-8e2d-28aae28d5787": 1, "1f93195d-fb25-4c05-bea8-7edf167a21c7": 1, "3ec5be52-0742-40e1-893f-90ffcd5f51d8": 0, "416bcef0-8a04-4af6-bc4a-74d03b7d896c": 0, "420a9a58-d4ad-4db1-8555-32c68de39466": 0, "51731a84-a187-441f-9fc0-f51efdb022d4": 0, "5f1b20f4-7a7e-4c03-97db-fbf192828731": 0, "671cbf69-9588-4bf9-9b8a-500bfa773397": 1, "7508efff-b18e-4e4f-a967-f56e45383674": 1, "7ae4435e-5025-42b2-90b5-c894060c6fd8": 1, "7d4f31fe-3bba-4199-b4c9-df45f51317f6": 0, "82f88117-e4eb-4bb9-bc4d-c349dfd383b6": 1, "8b6de21a-749b-4d94-9411-ba81ad042471": 0, "b8725c0d-d749-4457-ba6e-1889315482cf": 0, "c17b2ba6-f23c-4961-ba61-4b3b518ac6ee": 0, "c8e4a226-0f6e-4b44-a2e7-cd425f6ae015": 0, "ca20feb2-55fa-4ad7-b234-4819359b5ca1": 0, "d22a648a-161d-437e-b3e5-aa531f3e5787": 0, "d2782d11-4d90-4d1c-aa1b-992563b7e153": 0, "d5ba5b5d-1e54-4df2-9788-7a2b2f151727": 0, "da99b81e-34c1-454f-9c6d-e34f54812fa3": 0, "e4bb9bb1-d804-499f-8972-2109b95ff72b": 1, "f7dffbbd-3a08-4230-b6b3-765738358fde": 0, "fb219387-f1a7-4205-bd83-3e357c1eb4b9": 1}
1149	5000	15	611	590	14	0	1.0	2	1.0	10,5	0.7	1.0	1.0	0.0	0.0	2	1.0	5	2	3	1.0	0.0	0.0	1.0	0.0	0.0		{"3eb3aab1-988b-4434-a6a3-1292036e501d": 0, "45904844-6e52-4447-b517-d9529b645835": 0, "4f9c602f-de0a-474f-85ed-1253358482d0": 0, "6298b085-e75b-45cf-a781-542295d10928": 1, "73fcd710-5fea-44a6-8dbc-b5d5a391df4a": 1, "82a9d93a-ded1-4a80-988c-f22a04d88662": 0, "ac3b2120-51ff-48fb-af40-4dbd4dcb309f": 0, "bb64380b-c271-49fc-b044-ec3ac186d701": 0, "bbe89fba-247a-4528-950b-da3f8e288d64": 0, "c42ced20-8555-4a9e-aadd-79f777655673": 1, "cbdce88b-8fc0-42ae-b04a-96b465102bdc": 0, "dd5acfc1-d108-41a1-b0e9-5e585aec95c6": 0, "df5de5cd-4e17-46f2-b4f2-e98fddaf0061": 1, "e72a21eb-1684-4fb1-82e5-1fd8d13c9c34": 0, "f237aef9-db86-4e46-bae1-38564438709b": 1}
1153	5000	11	59	34	0	0	0.891	1	0.727	8,1,1,1	0.5	nan	nan	nan	nan	1	0.0	0	0	0	nan	nan	nan	nan	nan	nan		{"0bc9d4f4-a4b1-47c6-aa8c-d97ad271ed6d": 0, "1208996b-622e-4ef0-a0ff-5e5005183adc": 0, "2ad1e82f-ed95-4896-9619-b7e22bf89197": 0, "52adab29-cf81-4fd6-946e-8b8ddbef1b48": 0, "64e3aee8-bc67-44b2-b647-9c23ff6f9b68": -1, "8a0adc1c-d20e-4cf2-927a-6cf345bcc8de": -1, "90eeb196-3628-4d0d-aabb-cffae657965b": 0, "a9606eee-5a4f-4069-b6ba-98e45d41a396": 0, "dc00ddcc-5799-4165-8551-10edb2dc2412": -1, "e3df67c3-76ec-4b02-970a-7c1a542042c6": 0, "e5a546cc-4301-4cf5-ac9b-85194a54fe6f": 0}
1156	5000	35	283	380	157	0	0.822	3	0.8	18,6,4,1,1,1,1,1,1,1	9.2	0.821	0.775	0.252	0.2	2	0.381	28	14	17	0.693	0.495	0.133	0.577	0.264	0.571		{"0303eabb-ecc0-4334-a1f9-9bc6a1499af1": -1, "0b8932fe-b22c-4f3c-bcf6-1e62484dd29d": 0, "15b38500-6cc6-4dbe-b728-f7322b2f174b": 0, "160fd5e2-9159-4ff5-949e-d1d8774454b3": 0, "199a24ee-aa2d-4ecd-ad60-9c0e33d984e2": 1, "20d5ad40-1fa8-487e-b683-cad281cc8e70": 0, "289125bf-4eb8-4e74-8226-6960d8e8186a": 0, "29c8d5be-74b6-4eea-8a2e-5978577a6caa": -1, "2de30382-8e78-4aa5-beec-cce8c4470bac": 2, "34e98e7d-a987-4a88-9490-5df9e4beadd5": 0, "3baa897d-d770-442d-a81b-11b7fad196ef": -1, "3da47ddc-2de7-4f93-bfb6-deb35a3240c0": 0, "45953b01-ea3a-4c23-bc83-f1708f77437a": 0, "4661b5f4-e3d4-438e-9d6e-10106a6537c6": 0, "477fb317-4934-4de9-92e0-3daee4638e17": 1, "4c01a8fc-9ca6-487a-be1f-880170fafda0": 0, "51dbd641-3ab9-45c9-9944-6abeef8034a3": 2, "534df0d1-f4a9-4d1c-9e27-8ca5a75cb0ce": 1, "5576a012-4eaa-4b2a-8928-d7cae81ef731": 0, "5a501fe3-518d-4a80-a582-63342a6fab17": 0, "6b869bc0-9ce7-4aab-8c71-f3c12d067398": -1, "812c0574-b24f-4e9b-bed9-07b90564dec8": 2, "89943843-7647-4c5d-978a-4693f96c41e9": 1, "8b8b7110-982f-42dd-97cb-601d5ad10902": 0, "a6d8c805-51b7-42aa-977a-96cfd5116831": 0, "aefb662a-8e0b-47c2-9708-0c45cc45ef7e": 0, "bce7589a-cfaa-4b8c-839b-e735b0c5d14c": 0, "d66f8d11-2420-44e2-8a3f-bd0e17fb703b": -1, "dd90ea75-824f-4d4a-952a-9cc067bbc35d": -1, "ddf0ab47-d785-4dc0-9ec7-5403b1b434fb": 1, "de5ccc9e-044f-43e5-a0fe-095c64b31ca7": 2, "e1b0c969-e65f-49b4-ae1d-76e096216807": -1, "e79a7341-93af-4a97-ae16-b7b2122bf0e9": 1, "f5379c10-bee8-4719-8f1f-861a0fab7ccd": 0, "f8703e9f-94e7-41cb-b96b-cfc6b58dd63b": 0}
1165	5000	20	317	272	32	0	0.937	2	0.95	12,7,1	1.1	0.947	1.0	0.0	0.0	2	0.677	19	13	9	0.936	0.126	0.0	0.895	0.069	0.143		{"0259c796-7a38-4983-9e52-5c1e845b8beb": 1, "27110b9b-8d38-4242-af4a-b5d359cdfce1": 1, "2a16f4e8-7cd3-4f82-ac60-d8d2f5bc5691": 1, "39e972cc-8993-424d-9258-0af3d2df628c": 0, "3a95ad58-ced8-409b-8a97-a2671723acf2": 0, "4c0b7eb8-e3d6-498c-8863-3e167a2810b1": 1, "56a6e081-c454-4b73-aadc-cabe373ddc9d": 1, "5eebcc03-2472-42d6-a6fd-fe6eed6eb1a5": 0, "66a6b509-20d6-4ded-9aaf-81a7d2f3dc88": 0, "8a915202-0066-483a-8460-dce44e112bf1": 0, "90038a0d-4942-418f-9a18-7b96b6d02778": 0, "ab9b79ff-31a4-4698-95ae-048ffbc6fa49": 0, "aed52710-131f-44be-9a69-54148f85ee2c": 0, "b06eae3f-e3b7-4e7a-ae9b-fad67b81411d": 0, "c842a579-a2d8-47cf-ae04-a52ec78dba43": 1, "c8d32b1e-d7c9-4526-b144-d6a5f4685999": 0, "cd3716c3-a125-4564-8d8d-33f78f5be830": 0, "d5a3fe11-935b-4df5-8316-a84c7dd204b8": 1, "f0dccbd3-584a-4355-ae98-fc4c73ec8fe3": -1, "f12dffb7-196c-4eb8-aa2e-64b7e52898eb": 0}
1167	5000	15	133	130	26	0	0.981	2	1.0	11,4	0.5	1.0	1.0	0.0	0.0	2	0.719	15	5	11	1.0	0.0	0.0	0.867	0.049	0.25		{"16841070-a55d-4201-b19b-c9ccffeac8f4": 0, "1d2492d8-ece2-4613-87e0-f8a8632b32c7": 0, "4918bb00-0cb2-4688-9784-e380900bcd4d": 0, "4a2c4d13-3ad0-4147-982b-024372344720": 1, "4f8c3ebd-564a-4fa6-970d-b5d3a988a379": 0, "4ff8121c-f01f-4214-8e74-6b1804a71f25": 0, "50e4d6b2-4e79-49fc-bd19-76a799cb4c36": 1, "8239c473-9fe4-4642-ba11-41fb6a31b64b": 0, "96c60f37-0436-41e5-9331-7973a27c2a30": 0, "a83b83d7-79d1-4c39-928c-3b3c18dd3d48": 1, "ab5f033c-3aec-4301-a2d4-80fe1cccd992": 1, "d9e713bd-16fa-481c-9025-c10947b24084": 0, "dd771585-421e-4c4b-98d4-862cf8d487d7": 0, "e7d57bb2-7fc9-41ab-a6c2-eaf6662acdd5": 0, "ffa5e2ca-5e28-44f5-8aea-387f03c6917f": 0}
1174	5000	17	402	422	32	0	1.0	2	1.0	10,7	0.7	1.0	1.0	0.0	0.0	2	1.0	17	10	11	1.0	0.0	0.0	1.0	0.0	0.0		{"3bb9778b-6957-47eb-bb71-a1a29803cc6f": 1, "5dc46fe9-eccc-4783-81b7-1d4b9a63becd": 0, "612755c6-8d4d-430a-81ba-0c995a3fa6f8": 0, "71b5dc6f-7f88-4843-84a1-c7aad9d0efdd": 1, "73c98047-3b09-462d-9183-4dd41cfba103": 1, "76219f52-4e1c-460d-b881-91380a6be649": 0, "7626e8d3-d17c-4b5f-bbf3-50b7db97d701": 0, "82e1149b-d527-4ff0-839e-3cbd7f3877e9": 0, "87c4607b-2842-427c-b205-bbeee21a72cd": 0, "88a3792e-25e5-4da6-a263-aca1a4fbff0a": 0, "89c7e38e-7b5c-40f2-b270-f0cc92876e6d": 1, "9436909b-9bf7-4968-81bf-3d22f5d43908": 1, "b2a22b39-f7b5-4dc0-933b-fc19ae506261": 1, "b2a615be-d03d-4782-b123-b2055f76bebc": 0, "f1cc6546-bb85-4781-8e17-68ec5420daad": 0, "f4b3713d-6937-4a78-bc0e-d7a933f19888": 1, "ff7b068e-8413-4e62-b036-eb6c664f7c69": 0}
1178	5000	26	45	5	0	0	0.098	1	0.154	4,1,1,1,1,1,1,1,1,1,1,1,1,1,1,1,1,1,1,1,1,1,1	0.9	0.071	nan	nan	nan	1	0.0	14	7	8	0.527	1.0	0.0	0.473	0.0	1.0		{"00b18f11-e87f-4f1e-9e1a-0f6e5bfe15cf": -1, "0693f256-fe94-4650-8e4d-c149b82ef113": -1, "1eeae846-f99d-4432-aaec-b10743fc0742": -1, "405e0b99-811e-4080-b512-c2abd548c75a": -1, "4130135b-29c9-4b00-baa5-69d70b29fc9d": 0, "545f0ad2-ab00-4856-8bbe-a056f0d549ce": -1, "56d68dbd-45e4-41d2-93a8-9320bf5a5400": -1, "67cafddd-77e4-4f13-b28e-5e755ac5e7ad": -1, "6c916a3e-88ff-4aab-ae8c-68d5080f1c95": -1, "7279d50a-5abf-456a-935f-080ec2821f72": 0, "768381ab-f5bb-48ab-8129-d7c5d3c7ba8a": -1, "7b89eef2-9630-475f-9f88-a535b7adeeae": -1, "7fc56ba3-6578-4330-895f-dc86ebc9fa17": -1, "821fa80b-5f1c-4bf4-b830-5f0b15331ef0": -1, "84610a33-8724-42d3-a972-e25cb8ae3b1d": -1, "8cd9ba30-e770-4691-8e93-9fb56d3d0218": 0, "ae0975df-0d15-4ca5-93e6-98890d5fd792": -1, "b0dae3dc-2759-46e6-a175-1d26b050aab5": -1, "b2e836f0-3872-4d23-9842-53d366fc33aa": -1, "b33796b5-c056-4b45-86a0-fbd4ffbebea0": -1, "c39b39dc-91fc-4431-acf0-231d70a4506b": -1, "d1169645-38a9-44d1-b5de-fc1a9a759a74": -1, "d826475f-6ea7-49b4-b2ec-ebc76c636bba": 0, "f5b9f933-ab66-4186-8652-f45a1bbd1f3a": -1, "f9d2c13e-469f-4902-a1bf-d21125041a0c": -1, "fdbfe38d-ad0a-43fa-8fb2-61587b0f15b0": -1}
1179	5000	14	41	11	0	0	0.571	2	0.857	9,3,1,1	0.3	1.0	0.571	0.375	0.5	1	0.0	8	6	2	0.571	0.375	0.5	0.571	0.0	1.0		{"2067d3d0-d43e-40cd-a4f3-dd9f8e769a62": 0, "43a84c83-e0c6-4be7-b771-3947b58de619": 0, "4fd66d07-8f7c-4f4e-98de-151df5a88f0f": 1, "5b122cc4-fa21-4d20-a1ef-12223a773c77": -1, "6c4db547-44e9-469b-bd49-8ef2b15bbb34": 0, "926c942d-f494-42aa-995f-2c01bb9489ba": 0, "9b9bb206-39bf-4a9a-9c02-53df730fb010": 0, "a0f5b916-3e05-49ef-aef2-54d84f9c2853": 1, "d209758b-5085-4092-88a9-ddf887f4777d": 0, "d597295a-d626-4843-b442-e184116e9d58": 0, "dc6ace4c-7232-4fb2-bc1c-d00650a98ff7": 1, "e7383173-300b-46a8-8223-c9d5c248b918": -1, "ecd79046-5508-42e1-8865-0a3360721790": 0, "eef6f51f-77af-465e-a9f8-f331e1cb344c": 0}
1183																											KeyError: 1183	
1184																											KeyError: 1184	
1196	5000	20	116	139	35	0	0.795	2	0.9	13,5,1,1	6.1	1.0	1.0	0.0	0.0	2	0.72	16	12	4	1.0	0.0	0.0	1.0	0.0	0.0		{"0523d769-73e3-4ae5-873c-cc71e926056e": -1, "086f9e3c-62cc-4b26-8498-28178da2ef55": 0, "0bfe00e6-5784-4c76-b0cd-5aacae78878d": 1, "0d1d2268-aed4-4373-aeee-276ecd2338c1": 0, "1650e201-bc22-46e4-a19e-269c087a9319": 0, "24e48f70-d718-43cc-8c4b-47232134935a": 1, "263f9326-b552-436f-b1c9-94679eec4a6b": 0, "280bda12-3d86-4056-b2af-03af6189066a": 0, "2dfe57d2-ca34-48d8-8014-0294785df74b": 0, "47338bbb-fd39-4919-8a83-66b74913ae94": 0, "48507e6c-9398-42ba-ad9a-5d9d2802fd7e": 1, "54a13ad7-8871-44d9-971a-bdd5a0578d3d": 1, "8a8e732b-301d-496d-86b8-6d567fd1dfb6": 0, "b38e4328-442e-46f3-8bb9-41717573409e": 0, "b3f64def-3086-4cbb-bced-5d3ff268b3a5": 0, "b62c55be-7755-4dae-a4b4-dcd91f94cc72": -1, "b93d8b86-8f00-4501-8b3b-dbb4d91027db": 0, "c40fc186-5815-4e53-ac5f-33a41475f7ec": 0, "c83798af-4c08-470a-adbd-dba330df680d": 1, "f91d265b-6c02-4ff7-bc1b-fcb4913b6b5e": 0}
1197	5000	27	404	418	24	0	0.954	2	1.0	14,13	1.0	1.0	1.0	0.0	0.0	2	0.715	25	14	15	1.0	0.0	0.0	0.847	0.153	0.154		{"0317aa41-39d4-4fec-b40e-b953bdfe851f": 1, "04fbab41-b042-4435-bc76-e8613e51d127": 1, "054a0cb8-9d56-42ee-b5a5-9587537ce477": 0, "09552282-dce7-4b9c-ab66-9b94613c6d86": 0, "0c01fdbb-35c9-478b-af2d-e94ae445ddb0": 0, "22e169f0-6a82-42d9-b6f3-2f6a2b6ca9a4": 0, "43cdb51a-9f7f-42bf-9300-0daec760d3ca": 0, "57a4a91b-7a12-4756-b2fc-a436e2ec1f7f": 1, "6095d859-10ab-45bd-b427-a560dcf4390a": 1, "63a6bcdd-2035-440c-9494-21f0094176c6": 0, "650c08e5-707d-4fe9-ba7c-a22db45f5b93": 0, "657d2cde-8d84-48d2-a917-f861055806f3": 1, "6eab2bd3-590a-4811-b136-c0a75cfcbe9e": 1, "9530b72c-7360-4638-a4ee-ee6df5ddbb8a": 0, "98f29ba7-bbcb-43bb-a450-301cd5e3154d": 0, "9d2e562b-c544-4e62-9ab6-dccd4db4dca1": 1, "afcec064-7523-4f98-9b9c-a62f44c4df2d": 1, "afd3bd20-47c5-4d40-acd2-73d854c65d25": 1, "b64357a8-fef5-48af-b064-ba8850c69156": 0, "ba280701-9243-4cf2-b827-97df07d7e6ba": 0, "cf7961cf-92b7-4e22-b900-3be5d6f6e5b9": 0, "dfdb9b4c-5f2c-4e1f-b741-1e0cd970df82": 1, "e2bb1ba9-ad9e-47dd-95d0-ed5e17807a27": 1, "e34e8851-8033-4f4b-9423-7e6e0c12d455": 0, "f6d43672-1b01-4cf8-8295-545f3cfae82a": 0, "fe881d49-a9bd-4868-9497-4608685ef2c7": 1, "fecab693-821e-4135-9c38-4957fd50dc91": 1}
1203	5000	21	261	255	15	0	0.962	2	1.0	13,8	0.9	1.0	1.0	0.0	0.0	2	0.638	20	12	8	1.0	0.0	0.0	0.811	0.128	0.25		{"158306df-7f8c-449f-bd04-15634ff9602c": 0, "19eaa989-1902-4f10-9e27-ff92388b51a5": 0, "1c1fed4c-b64e-4dd8-9051-98732f7825b4": 0, "267db634-dceb-4cc9-b58c-5fa5bf2198d4": 1, "445f93ed-9966-4ee0-8807-2ba54d98f4e9": 0, "4efb446c-3788-4ebd-8277-fc49e690e7d1": 1, "5fc968f8-0a8e-4ade-bd70-d2129f5278cd": 0, "63049c13-d744-4592-8eea-a5987a3cfe2c": 1, "7969d4f2-f0a2-40c3-beae-244deb0dc413": 0, "7b840d2e-a2cf-4bf8-a3e7-14fb09a87a05": 1, "89f1ad55-1f89-41a5-a7aa-73e49c52d939": 0, "9475535a-666a-4aae-9b53-84efaa8357a9": 1, "a6ac311b-d0d8-496c-bad2-e364ffc8a4f5": 1, "d06edc85-7c27-47f3-b285-ca422b2e85b6": 0, "d6f51ea3-eb9d-4b38-bb3e-bcd472dfb43b": 0, "da45e89f-192d-41a9-8064-e6d182485378": 1, "deac4d7e-8dd3-4d0c-b133-f8aca398a729": 1, "e65f536b-fa12-4b66-81ea-38c92c93215d": 0, "f733414e-d505-4fbf-b339-10876c108062": 0, "f8a17780-5b37-4ab2-9df5-224da8a67615": 0, "fdb67637-38c3-43d4-8d3d-5efd93c19658": 0}
1206	5000	21	286	273	1	0	0.995	2	1.0	12,9	0.7	1.0	1.0	0.0	0.0	1	0.0	21	9	12	1.0	0.0	0.0	0.486	0.0	1.0		{"1c98c673-9c63-4535-b88b-7ff74cf9fe5e": 0, "32b8745f-05b4-462e-8624-105ec895045e": 1, "44a7fb6c-6baa-460f-a9e8-5436508a9bb5": 0, "54ee314b-67a4-4ba9-8d57-f26af3958c7a": 1, "587b0d0b-2881-4873-a60a-38b050b97353": 0, "58bbd6d8-085f-440d-8ec8-f396983cbc5b": 1, "6a2403e8-1e9d-4d50-b62e-e25b388b58d4": 1, "751bf6e1-f177-49b1-960f-0f2781d4f972": 0, "8a44990f-ff20-4de8-bfb6-5041d2a05427": 1, "9837aab6-5b7d-4371-a2c0-b3d3b9894990": 0, "9e738fea-53be-4ae0-8ee0-75a9de338bb1": 1, "aaa9a713-9ba2-430d-8cf8-1accef26a329": 1, "aca23108-a76e-4192-9c23-8a25ee3ce688": 1, "c660ea36-1c88-4297-836a-01f89a0800c0": 0, "c95b5330-fa8d-4d6e-9d5f-e403e792b005": 1, "cb92c155-e68b-43bc-84b7-daa563b8126d": 0, "d8d32368-ef62-48e1-8dba-ecddb621cc1a": 0, "eb78456c-1918-46c4-931e-265f532b40a9": 0, "f71a8917-27fc-46ee-9bd0-9b134cda5917": 0, "f7740e4d-15e3-4cd4-97b4-42a3c52c0c01": 0, "f8826863-45db-4395-a37f-87b5f4fa88d8": 0}
1209	5000	21	106	84	0	0	0.952	2	0.905	14,5,1,1	1.0	0.95	1.0	0.0	0.0	1	0.0	20	15	6	0.926	0.122	0.0	0.605	0.0	1.0		{"04664203-9c2d-4cc0-a0fe-32887f17e87d": 0, "09e849cc-e588-4bc3-abc8-76011c5e3fdc": 0, "15ce62c6-76e5-46a1-a649-9c4f79da3018": 1, "1d3addf2-0ee7-44fc-b352-c55cb8ec8319": 1, "2d657dad-819d-4801-936e-217a8ba94101": 0, "31a86645-3cda-4572-a49d-3acd973e3d1e": 0, "32b2eb6d-5e9d-4708-b421-07a7ed19c7b7": 0, "3a281603-87f8-4137-beed-93903aff1786": 1, "48bed2dd-4983-4690-a452-a8d9ddbb6c36": 0, "4bc54650-567a-42cc-bb92-b0a39cda4f47": 1, "5a1a1d7c-9fea-4891-980c-5a3cdcd01c1c": -1, "5f35b508-ff94-4f1e-b088-57a6127d9ee2": 0, "8a1e8c07-8612-4504-95ab-b5b0a053550c": 0, "9191bd90-bfea-449a-bf07-c15240bcea8a": 0, "923b3761-3410-4cd9-91f6-5c02d9fa2d03": 0, "93fb175c-54cc-4adb-b126-90292d17f698": 1, "a12af6ad-947e-464e-914d-4e8e3aa4f7e8": 0, "ba812ffb-d3a8-49a6-bd1e-b9469dc8fd77": -1, "c3723cd7-5f80-44ae-8825-92c8a7f731ab": 0, "d9f00371-486b-4108-bb7b-0debc14be4e9": 0, "fbb640c4-974c-43db-b056-5ff1f6284be2": 0}
1210	5000	19	198	200	18	0	0.912	2	1.0	10,9	0.6	1.0	1.0	0.0	0.0	2	0.789	17	8	10	1.0	0.0	0.0	1.0	0.0	0.0		{"0e9a29fa-e9dc-4d74-a611-5ece81c554e7": 0, "11d9e5a5-ff86-4816-8e11-3f1bab63efa7": 1, "1a29842c-ccbd-416b-b0cc-953a8d664aff": 0, "24fd94ae-3192-45f5-9d77-d4c5697fc6d8": 0, "2a25d3c9-bfb9-44f9-a42f-2455643fad83": 0, "53164811-8afc-4ca3-a1d6-85a166ac0ecf": 1, "608f7291-649f-4367-9b79-0c745525f777": 1, "7134623b-0d87-4654-9eab-05a91011a6e6": 0, "7e77eff6-c143-47c6-8663-a7654e2725d5": 0, "82a17d10-a41e-4af9-8f92-b63de881b685": 1, "ab269de0-56a0-43e1-bf4f-8928e8a7eb8c": 0, "b2df1090-7830-44df-a4d6-a0d579d96efd": 1, "bf4e2aab-54f7-43c4-8788-2104096d3a71": 0, "c60d128d-900b-446e-886a-8d35f1065cac": 0, "c8e28d52-2e21-4584-a5cd-79c09e8d7790": 0, "cbf053ec-c690-4b8f-8eb7-01dba9e7936b": 1, "ccfd7d7c-43cf-4918-b8d8-ac8729743589": 1, "d53ebb10-b176-487e-92cb-b58cc9cea2b7": 1, "df3a4c6d-0d8e-4573-a85c-4c3d4488eff3": 1}
1211	5000	17	304	297	15	0	0.985	2	1.0	10,7	0.6	1.0	1.0	0.0	0.0	2	1.0	17	10	8	1.0	0.0	0.0	1.0	0.0	0.0		{"0e9a29fa-e9dc-4d74-a611-5ece81c554e7": 0, "1a29842c-ccbd-416b-b0cc-953a8d664aff": 0, "625c42bf-0a90-48ac-a83b-8a07c760938f": 1, "7134623b-0d87-4654-9eab-05a91011a6e6": 0, "849eb2e3-1f49-40ff-87a8-13f4547391c2": 1, "92dcd558-190b-47b0-a716-db8044977df1": 1, "a722f550-22f3-47b0-a293-c08680a11cff": 0, "ab269de0-56a0-43e1-bf4f-8928e8a7eb8c": 0, "bf0bed7f-0b4e-4e3a-be45-a441ff86a874": 0, "bf4e2aab-54f7-43c4-8788-2104096d3a71": 0, "c0148b61-0279-4396-98ca-e3104ebd54bf": 1, "c8e28d52-2e21-4584-a5cd-79c09e8d7790": 0, "cbf053ec-c690-4b8f-8eb7-01dba9e7936b": 1, "ccfd7d7c-43cf-4918-b8d8-ac8729743589": 1, "d39a4e56-2c00-499e-8b59-a6b8dffd492e": 0, "df3a4c6d-0d8e-4573-a85c-4c3d4488eff3": 1, "df9223a0-3a8c-44b8-abf4-390a7e4d3e7b": 0}
1214	5000	26	131	130	20	0	0.868	2	0.962	14,11,1	1.1	1.0	1.0	0.0	0.0	2	0.84	21	13	10	1.0	0.0	0.0	0.905	0.113	0.077		{"0c95ba0d-1352-4414-8c5e-ff8241e4a199": 0, "1b4f1abd-dbdd-4dc3-844b-89d987cd5ddd": 0, "276b22f6-4018-41c6-b38c-917d5a6417fb": 1, "28d7fe95-ea0d-44d7-9f2b-f85880329966": 0, "32690eab-64a4-4a1e-a387-03a47eeeb58e": 1, "48e29a8e-fe62-42e9-8532-e7d1b6795d5f": 1, "4a64db38-d2a5-41ce-9674-6f9f12569ae6": 0, "60df2615-d630-4acc-b6f3-0db99506ab9a": 1, "6289898c-51a0-4c2d-b880-10405713730c": 0, "6672c97c-0963-4b9f-9be5-83757bfa82bf": 0, "67fc95af-ac77-4c69-bd8a-05dfe4afe06c": 0, "99b4dfa0-ae8c-4aad-92a4-35fde2be9c44": -1, "99d07ebf-5a0e-4f11-b16d-cf154dc3ded0": 0, "a907c488-a3f3-4be5-8fa7-00b51c844340": 0, "b0024af8-503a-45a2-a322-26adb23a7c30": 0, "b3caee59-1a07-4c23-9172-717b5204ceb2": 1, "c15019e1-2252-4436-b2bf-9c38f6de891f": 0, "c201ee61-a86a-4425-827b-53098dd948de": 1, "c2c65a69-d281-4253-b3de-0f38efce4d64": 0, "ca0f6bde-8744-48fc-85b6-1bbda918d67f": 1, "d2508470-3b89-49ec-ab68-829d074578bf": 0, "dfa208c1-1d70-4122-85b0-94a1343f8703": 1, "ec6e86bc-8123-4440-9405-edb7f9ad7cf0": 1, "f4b4d9b1-5ae0-46e6-8409-8dffae207a90": 0, "f541b2ac-da17-4873-8dfd-fda59765566d": 1, "ff965e94-8c90-4935-ba16-feaee0807dd3": 1}
1228	5000	33	557	566	48	0	0.964	2	1.0	20,13	2.0	1.0	1.0	0.0	0.0	2	0.879	27	9	20	1.0	0.0	0.0	1.0	0.0	0.0		{"06165e30-3fa2-4578-ba01-2aaf9fb917e2": 1, "1aeddaad-fce0-4197-b04f-128530b28edc": 0, "2103739e-4eb1-4685-aff6-d49a4a5e7dee": 0, "2fa97366-75b2-45e6-8629-13192061bf60": 1, "3df2250b-3cc0-4c63-82ce-ffea029f6e57": 0, "506d66f8-023c-41ee-ab3f-75169c0c1f64": 1, "555b3044-c484-4693-9ff9-21a0bb2ad61d": 0, "5a86acff-7725-4e29-8aa9-4aadf8b955ea": 1, "6444430e-f630-47c2-a438-3b874688958a": 1, "71ab1024-8120-4c1f-87c0-af61038d53fe": 0, "71fc9387-e241-4852-b8a0-baacca1a4a55": 1, "761289d2-fcb0-44c8-b76b-f086b8a1bab5": 0, "7c5d01c1-9067-487d-b4b1-4101c2a51a09": 1, "8ac56aad-6d4e-42ae-b9cc-abf76f83d7a0": 0, "945f0fd3-f237-425a-bf2d-49a2db5ef470": 0, "9831a8c3-822d-4b73-997e-21901e320872": 0, "a3fd18e0-9325-43a1-a7cd-eaa0fb1dac63": 0, "a8ef5cf0-5279-4747-b626-3e1ca67f2c04": 0, "afbcee8f-059c-4abf-8a8f-80cffca2bfcd": 1, "b0e06712-e2ff-4b99-8efd-548cc8848f77": 0, "c0436e26-5aa6-4d49-a166-57dffadd892d": 0, "c4f1e2b5-f21e-4945-94c0-4d63bb4b4351": 1, "cf74ed79-655e-4a72-bd33-b208477abe76": 1, "d43f702f-1525-409d-a8cb-cd6f97d47fb1": 1, "e179c6cc-1afc-4142-97c4-4503e6c271f8": 0, "e3e4f35b-d558-4564-a617-ad521f1b4950": 0, "eac517e0-54ad-4c72-ad8e-18a75865597b": 1, "f5edbf34-8d8b-4fdf-aaac-117c91c9fa6a": 0, "f631fb88-0872-4f97-a4c8-7f9bcae1ab11": 0, "f98aee27-a059-4f5e-8a47-39ba77bf4aa7": 1, "fa994bef-2e6f-4e99-b228-4ffd95b5f9e8": 0, "fbbd3e27-e028-4621-81e4-914ed77edd11": 0, "fdf1a6ed-077c-418c-96c9-865c336ce600": 0}
1229	5000	26	117	98	20	0	0.948	2	0.962	15,10,1	1.3	1.0	1.0	0.0	0.0	2	0.908	21	9	13	1.0	0.0	0.0	1.0	0.0	0.0		{"04c193d9-3bcf-47b4-92e7-c6f764c618e3": -1, "0563463d-304b-4d12-a759-d1d79f25b5ca": 0, "06eb65e4-733a-4ca8-8e86-d88ffdfee326": 1, "20fd7602-23b0-4b5c-815b-31203311813a": 1, "25b462f3-0bee-44b1-9c9f-b531c64aa4ec": 0, "36c83760-b99c-419f-ad08-9d984b375c31": 1, "39df2a9b-cec3-429a-806c-97fc807ffc20": 0, "644c2382-19f2-436a-95f7-6a3f34c90323": 0, "6910f3d8-927f-4236-bf23-c605a2660035": 1, "717a8001-71c7-40f1-84a9-e1b9709168d8": 0, "87dba617-9edf-4843-a0d9-0cfb2c1e2caf": 1, "a4d703bf-52d5-4395-96bf-fc1fc9daef16": 0, "a908e8cf-8101-40d2-ad35-56cd1d5231be": 1, "ac57c8f3-f2c1-4071-9005-7f4343763aad": 0, "af883b89-b199-41e8-b247-051105bb43bc": 0, "b1561d5c-bbed-461c-994d-bc310c5909dd": 0, "b8aed9a5-d2bc-4e2c-a6b6-73b8feff2a5f": 0, "bafd9ceb-6676-4a64-87f8-f453801e3bd9": 0, "bfaeaf07-b39e-459b-a758-fdf129d09283": 1, "c3c27f8d-46ce-4288-bc4a-ac498ca31e0f": 0, "dac67352-c8e1-4b35-a2a3-49c2e05039ff": 0, "e44266dd-406b-4e2f-855e-07af6f039f8c": 1, "ed34e179-fd90-4842-972d-5a6ff037ef6a": 0, "fe17fd61-694a-4e2f-accc-dcc0be83fa46": 1, "fe8a3bdd-826f-4b31-a191-cc07c17414b1": 1, "fed29701-26da-4f1d-9f91-4c7807957b7d": 0}
1240	5000	24	74	58	22	0	0.978	2	1.0	19,5	1.1	1.0	1.0	0.0	0.0	1	0.0	24	7	19	1.0	0.0	0.0	0.644	0.0	1.0		{"02b8bc38-c012-468b-b175-fb172514d675": 0, "05baec72-c29d-4092-b928-0a186df66402": 0, "1217cceb-59b9-4c90-88c8-f5484dab5dc5": 0, "15d89afa-7c5d-45ba-b41e-633f39e99ab3": 0, "201a7b0a-b199-4703-96ee-74dcf47d73de": 0, "2b4a2d57-84c6-4870-830a-280d94152a30": 0, "2edac89f-a9fe-4ce6-9a83-ef66bad156da": 1, "32139d0e-1580-4745-b645-e99797a22a19": 0, "530e35c4-230e-4df8-b35c-e08c320ddadb": 0, "5520f70d-0e13-4938-9a75-f3d46e6eaa77": 1, "82b957ea-e50b-4cbc-a9c0-7cfbf97d257f": 0, "8dae4bf2-cee2-4790-ad3d-64799ae4b51f": 0, "a725313b-970d-4208-aafd-ed6cf8e9b679": 0, "ad872e1d-f2ec-441d-bba9-2c66d70fd702": 0, "b46af5e2-9013-4df3-b5f0-73ddee77c7aa": 0, "b83edf2b-6342-4302-962a-67df22b15899": 0, "c429013b-8050-41ad-b06f-83738ceb5b8c": 0, "cada9402-7728-449b-aa94-d958fc2c2cc9": 0, "d3adb9b2-3025-47f2-ad66-a34822892c2c": 0, "d97c1175-f5cf-4a13-865e-9b581fdfa718": 0, "d9d74fc4-8c48-40ee-a68b-929f629f48d2": 1, "e3186cde-7177-4b67-85ce-143da47a2e1c": 1, "ee13ac71-94c6-4d11-9963-15fe0ff773de": 1, "f1283084-c66b-4b5a-9aa0-6951fad19f86": 0}
1244	5000	24	58	67	21	0	0.928	2	0.958	13,10,1	1.1	0.95	1.0	0.0	0.0	2	0.906	20	9	13	0.942	0.117	0.0	1.0	0.0	0.0		{"0e7ee950-70d7-43e4-a5a3-d9b0a36b22c8": 0, "11ff54bd-da92-4a89-90d2-2e44afd8e9a1": 1, "24f37cd3-bb5b-472b-9ee3-5fd6db02acac": 0, "2f50d529-f6bb-422a-b1b6-b1a975fbf68a": 0, "4b085a31-ed4d-4c3d-a20f-3b512c924ece": 0, "4b5c5e73-3e89-443e-8421-f03b0f277d5a": 1, "53bffd23-b7b2-476b-9168-d92069242e1c": 1, "5483643f-0ecb-41eb-8b48-2c710bcc7ef8": 1, "586327fc-6672-4bf7-b3c9-89cfb6846ee7": 1, "5ac08b22-cecd-4ebd-8bfc-af46db1193d2": 0, "6f4c2b0f-f8eb-4b39-8f32-35e6b734e9d1": 0, "7ade89bd-39b6-4088-8acb-316aab3c3f78": 0, "7da88da2-c1bc-4e3a-9dcb-8414113ad2b0": 1, "7fd86aa6-7010-48a5-a437-eb511776dd24": 0, "94005e74-77d0-4c81-bce6-f70ba048ef20": 1, "95984e2d-f16b-40c0-a6df-cb75ad043b22": 0, "c791f48c-1ff1-4b04-8f4c-c30d74cb976a": 0, "cac8ffc6-7bba-4303-82b2-76a2b5dcce19": -1, "ccbb2eb8-33c1-4816-b1e8-25314485c016": 0, "d173ba03-1d90-4f7b-8727-3798d97254b5": 1, "ea924d5b-8c4f-47ac-8e1d-1ac17e6da3fe": 0, "ebb20a97-55a8-4300-b3e6-a7e7ee6a2ff9": 0, "f6984c6c-b2f3-4f21-92cb-0434c33c66ff": 1, "fb8959f2-88e9-4118-ba23-38db909a69c8": 1}
1247	5000	20	212	209	16	0	0.989	2	1.0	12,8	0.7	1.0	1.0	0.0	0.0	1	0.0	20	8	13	1.0	0.0	0.0	0.495	0.0	1.0		{"0fe6616f-ef66-4f52-92fa-a3eb37536f2f": 0, "101cdd6b-bd87-45ec-b96b-968edb9325d6": 0, "1f3b9796-f218-42c2-a506-b64c39416215": 0, "22ea9954-e30d-4ba6-aaeb-28b986fc88c1": 0, "30e0d613-c9ed-42bc-95f4-d63213ac8bc5": 1, "3aa1b6a5-2d92-4c53-ab34-709302ead8d4": 1, "5bce812d-c943-4f47-b596-71a737960be4": 1, "7b73814f-f28c-4c0d-b3f1-82f5a3496031": 1, "806f7101-3d62-4eed-a854-434d48734bda": 0, "81e91e6c-83d6-459a-a583-3caa1350a932": 0, "8dc10a76-006a-4a7d-8fa5-b31b8b7d9c31": 0, "93eea5fe-6a18-453a-9cba-b584caaaf774": 1, "98ec507b-17be-4e2e-995e-efa1788c7bd8": 1, "9a539d57-bc2d-49e5-aee4-76901bf2edf1": 1, "beda886d-1ca2-4f3c-a7f9-82b82e05b92f": 0, "c40e5e32-7021-4180-a75e-8190bf3f68fc": 1, "d4663f18-3ce9-443f-93bb-2fe4fd2a9617": 0, "e30caeb0-6721-456e-a6d5-a90cd6f2c7bf": 0, "ecc85254-3470-4290-9f19-8a51707aec53": 0, "fb2b9b98-1edb-41e2-ad43-b36b87bf2644": 0}
1253	5000	16	344	347	24	0	0.983	2	1.0	12,4	0.5	1.0	1.0	0.0	0.0	2	1.0	16	6	13	1.0	0.0	0.0	1.0	0.0	0.0		{"125f4eed-b1c3-4bc2-ba8d-aefb72be2d15": 0, "19e693de-6e74-4689-87f1-52c89de189a1": 0, "1cf01847-524b-495a-946f-b347770cb377": 0, "1f6a42d6-572f-475f-9772-402744847901": 0, "288669cd-3009-4532-b196-400ec36ed031": 0, "2d66fcdb-9232-46c0-b980-4746ce433f9f": 0, "3e1abb43-3415-4458-a171-77ba1eb9da65": 1, "4b657902-f6c0-4437-a0fc-51cce59f1cdd": 0, "5868f6d4-e723-4c59-8c69-81995d557efc": 0, "8da9298a-7cae-4f79-9a60-945aaf1f8c76": 1, "97b02c9a-0952-4af4-948e-3da11609b0d5": 0, "a97d6ba8-99e3-472e-958e-6cc34c57ff37": 1, "b15d97a2-0a9e-4747-87bf-24e4f4493263": 0, "b92066d7-4e86-4524-8ff9-8bfceea246fe": 0, "de6442a9-3cf2-47c1-966f-66003d5fde51": 1, "f535b0dd-0161-43e7-a8f5-5759e00693f2": 0}
1254	5000	22	102	83	20	0	0.81	2	0.864	13,6,1,1,1	0.7	0.95	1.0	0.0	0.0	2	0.82	20	7	14	0.968	0.061	0.0	1.0	0.0	0.0		{"00f1a6c7-f104-43a7-952c-b4736544b6af": 1, "0b357bc2-2274-473e-b214-e64bfafb75bc": 1, "19e693de-6e74-4689-87f1-52c89de189a1": 0, "1b5dbfb4-6cd3-40bf-8c3a-47e0132d853b": 0, "211701a9-9ea3-4774-b86e-25e4818051e1": 0, "23be820e-bf40-4e72-a841-dc0db923249a": 0, "275b2c15-c590-4fc4-8996-99c32a56a936": 1, "288669cd-3009-4532-b196-400ec36ed031": 0, "3e1abb43-3415-4458-a171-77ba1eb9da65": 1, "5a8c2de5-9c47-4728-9ec5-37a1364ca02e": -1, "6ea0e28d-ec12-4ae9-b4ff-5823e1a9ba91": 0, "764e4f86-8e89-41ee-8e53-4836e74defd3": 0, "819eb1c6-9911-4907-87de-697d650cea7d": 0, "91574430-cf29-46fe-86fa-346915417617": 0, "91fc92d6-f769-4f05-b061-a2dc02626a5a": 1, "a00e7ad4-520d-4129-a9c9-9e54b881b334": 1, "a87dc797-d501-4378-8c18-e0a686124f8b": 0, "a97d6ba8-99e3-472e-958e-6cc34c57ff37": -1, "b15d97a2-0a9e-4747-87bf-24e4f4493263": 0, "e1a9fd80-2685-4932-bd96-965de7524713": 0, "f535b0dd-0161-43e7-a8f5-5759e00693f2": 0, "fa748c81-d743-4ed7-9ea2-7298454f2591": -1}
1259	5000	23	178	188	29	0	0.862	2	1.0	14,9	1.1	1.0	1.0	0.0	0.0	2	0.826	20	13	9	1.0	0.0	0.0	0.9	0.074	0.125		{"059a4c0c-a7d1-4561-83a2-b453103f2368": 1, "06b806ad-278d-49e9-a482-db7066a9a494": 1, "1913f504-9ad0-4500-a2a5-18952165bb6c": 0, "2690de9d-373a-42cc-bc0f-60796bfdc6ca": 1, "36b166ff-a136-4fe1-8e27-eb07d65dcad6": 0, "382bb775-3d93-4070-9c1b-efb49f0e23d6": 0, "3bf1d5f0-ef42-4f36-9016-4350812db5d0": 0, "3ddc7194-ebce-4a07-8643-e99596eca5c4": 1, "5b42b77a-5125-4fa1-a10c-70818cb04a0b": 0, "611a7e46-1649-4b03-8101-70452739a276": 0, "6f0ca50e-5756-4cb0-8ecf-0ac88abe08ba": 1, "6f488a06-152f-44d6-9c55-6640a6f61dd9": 1, "718afcd0-6408-4ad5-8dc4-e423e97458b2": 0, "78eaebe5-9e7d-45bd-8d36-421c81e3b889": 0, "873c0d35-a44c-4d89-aad2-79e842030731": 0, "897f8a26-8640-43d0-a0b7-579e95766cff": 0, "89dfd021-8bd3-40c6-9ac5-e24625efb026": 0, "8da6dca4-cad0-4eac-95d1-a19bc5914af0": 1, "a64c096b-f694-4e1f-b022-1ff53c848f79": 1, "af75886a-b6a1-4e42-9b6a-a84dc86c3188": 0, "bb6ff5a7-9265-49d8-bf79-ff97a34ac273": 0, "bbe177da-edcd-414d-bcc8-7336f3ef51bd": 1, "da3acd14-614a-4815-974b-e20d34b653a7": 0}
1263	5000	22	292	305	21	0	1.0	2	1.0	17,5	0.9	1.0	1.0	0.0	0.0	2	1.0	22	6	19	1.0	0.0	0.0	1.0	0.0	0.0		{"01fda5d0-8c8d-4c52-84a3-b80e9f59f323": 0, "0912e62c-6242-4a38-91ab-b9f85a869acd": 0, "0e371ddf-a818-4bf9-a7cf-c2fd4f9b20ed": 0, "190a8717-d56f-4c43-9960-8cc9421237a2": 1, "2216cd18-8324-4074-ad08-1233b20fc62e": 0, "292e4308-8088-4580-80de-3f25ca69308d": 0, "32b057a3-49c9-4198-a08e-41b6c2ac19cc": 0, "3717564e-aa8f-459a-b8f9-cd5dc0115b04": 0, "4d800c27-04cc-496d-a002-20aa50f891c3": 0, "59f7b163-c812-4ebe-b149-14826e26697e": 0, "5a8c2de5-9c47-4728-9ec5-37a1364ca02e": 0, "6021557d-7d9c-4883-8755-c08e6007568c": 0, "71775a5f-23db-4685-af5f-2f20685f4d3b": 0, "88bfcdba-f8db-4150-9d6d-ec7d3ff2924f": 1, "93b091f4-e842-4b6f-b459-bcb3a9a156ce": 0, "943480c6-61a9-43a0-9c27-5698962a8d44": 0, "9fb6cc97-4604-4c14-b348-a8d3dad32acd": 0, "a91b5aba-1635-49d1-92dc-a702626a3d6d": 1, "baf6f4ef-2f4f-4b02-a79b-59205e136192": 0, "bc988146-a71f-409c-8ec5-9bca8b72e95e": 1, "d7a78b26-da81-4d93-9bb6-6b13ea4e34fa": 1, "dbb93b14-428f-418a-8a1d-361a15a91e59": 0}
1268	5000	20	904	875	0	0	0.905	2	1.0	11,9	0.8	1.0	1.0	0.0	0.0	2	0.463	19	13	8	1.0	0.0	0.0	0.719	0.289	0.273		{"025130db-bdae-436e-b05b-22cbeeb65b9f": 1, "06bce644-8d55-44d1-a35f-5b8297b7fc23": 0, "07ba742a-01b0-419a-a274-bd7a79b67b86": 0, "1010884c-e203-4032-b5b8-3d11df7bd3a1": 0, "1f5de406-d9ad-4fdd-a784-bd9870a11f96": 1, "2c950fa6-e1a1-4066-9395-5dbb147fe0ef": 1, "5f5a9f97-38a1-4362-b710-2dea56d7d3f4": 1, "69276c52-b807-4329-8cbf-d27445aea710": 0, "81507334-c1a3-4f41-b506-a4da1bd9c2a6": 0, "847ffc03-bc54-4350-a4cf-b8874282086e": 0, "880b8780-3ec3-4317-988d-80799f67899b": 1, "a22e569d-78aa-4756-8df9-7993d5227e04": 0, "a28065c7-cdc6-4106-9f41-3cdfff32aaf3": 1, "a49e42a9-3bd1-4a81-9df0-303eb794813c": 0, "a692ab01-9680-4248-b4c1-3166d725ffc3": 0, "ae1dae2e-448e-4c13-bbae-fb49438e6284": 0, "bfe09242-ce47-47a7-8388-655a22b6fb83": 0, "ca0912d7-c352-4e8f-9266-da9c3baffc08": 1, "f0435e19-7b0e-4c51-b206-57d0653ecd14": 1, "f0ef9964-485c-4b02-ad91-468b8af1b4c6": 1}
1271	5000	25	255	173	21	0	0.863	2	0.88	11,11,1,1,1	1.4	0.955	1.0	0.0	0.0	1	0.0	22	13	12	0.952	0.099	0.0	0.481	0.0	1.0		{"000ca237-0fc9-42b8-a69d-3aeb16121576": -1, "1890c37c-822c-4c69-93a7-cab2355f5532": 0, "1fd2c04a-080d-40ce-ac73-ac0c2cae1cf6": 1, "200da25d-498c-467f-aa2f-c3d053cefb41": 1, "25aa448c-15ea-4f4e-bf38-f522d55f635d": 1, "2a4b1aca-e8e7-4750-9f66-a94ac572830c": 0, "2a4dbb40-7e1a-4ae5-9354-e864b23e090d": 1, "2b4bc550-ba8b-46a6-8a09-ff76c74896d1": -1, "3000c7ff-0b27-41a1-b740-029360e4671e": 0, "4bf1ad66-a6b8-4e0c-a288-759dc0309430": 0, "64df24ce-6b24-478e-9d4b-c5f2c7ab4218": 0, "6e71a176-a684-4041-8fad-8cb44d02ef21": 1, "7069d941-4d26-4bc7-9684-ae0c597cc6c4": 0, "7261e92a-5a89-49bc-a7fd-57adc80f0474": 1, "792218f9-24af-415d-aea0-395e0c40d0ab": 0, "7d79a39e-45b6-477e-8a76-ceadb1e39c0f": 0, "872f1a96-c540-4a1e-9190-f7edb1f183ea": 1, "87b710ed-97f7-41fc-b520-caf5379c84fe": 1, "8a43742c-8adc-4857-a255-8720f10bdb51": 1, "923465f0-8bae-48e4-97dc-0307dc8eae31": 1, "95d229e8-1539-4bc1-a708-fdb6a61fed2a": 1, "a2beefc3-6379-4518-9fe1-40151471cb03": -1, "b8942c9a-91ac-426e-9c78-a306054707b8": 0, "c50865d2-0a10-4d9a-8f98-b52d672571d0": 0, "ee38a4df-8d55-41a1-9021-ed8f7764f780": 0}
1274	5000	20	416	367	0	0	0.832	1	0.6	12,1,1,1,1,1,1,1,1	1.1	0.667	0.75	0.0	1.0	1	0.0	12	3	10	0.621	0.462	0.259	0.591	0.0	1.0		{"0465dd61-0962-4d77-8d6a-5906d048afa8": 0, "0df4d3d0-0f89-4be6-9850-f22046d6bcb9": -1, "1369c055-559e-4549-9486-3519d20e6322": 0, "1eb5230e-cabe-453c-8af5-333518b34dce": -1, "2ae36aa2-ca2f-413e-94b2-0487de06f35b": 0, "41a57ea2-24d2-453a-b74c-f90352899ce3": -1, "4455420c-dfad-418b-9798-fa5f745a441c": 0, "45d46631-2438-4325-80be-38c54bda7df0": -1, "4bc50581-928c-4af1-a41c-df8f54afd6a6": -1, "57471e4d-aedf-4b5f-a985-d30ab9236a48": 0, "6039e816-963a-40bb-809d-643e52afc17c": 0, "70e5781d-6dee-4795-bde6-2eaeb5aedd8b": -1, "b8512de5-3cda-43e8-ae6f-cc3cdd2c7717": 0, "bb5eee92-e0ab-446e-9f6a-04b5caec5f66": 0, "bf398e67-b851-497b-aa2f-bf73e4ebc3d7": -1, "c28202e9-8959-4d13-8e41-6f75679966f2": 0, "c6358e36-0892-4e9e-9f8c-109386e7114a": 0, "e58c45a9-f2f8-4a52-98f7-152d013e67c4": -1, "f5e0cb3e-be1c-4ad1-af50-5ab0538f6724": 0, "fd0d322f-dc31-4125-a0aa-3154c898ab4a": 0}
1275																											subprocess.TimeoutExpired: Command '['minimap2', '-a', '-k15', '-w5', '-e0', '-m100', '-r2k', '-D', '--eqx', '-t', '2', '--secondary=yes', '-N', '1000', '-p', '0.05', '/home/mayv_c/.claude/jobs/bd7213cd/tmp/batch/1275_5000/reads.fa', '/home/mayv_c/.claude/jobs/bd7213cd/tmp/batch/1275_5000/reads.fa']' timed out after 119.99998587099253 seconds	
1276	5000	21	209	97	0	0	0.362	2	0.476	6,4,1,1,1,1,1,1,1,1,1,1,1	1.1	0.8	0.5	0.0	1.0	1	0.0	5	4	2	0.4	0.5	0.75	0.6	0.0	1.0		{"0de87033-9196-4c7d-91ae-ef84783fdbb8": 0, "27e2bd54-9555-4cb2-8fc6-3016499e734d": -1, "33f6fa99-a7ba-4c30-87b8-8475fdc8080d": -1, "3efbf2f6-b4ca-49f4-85fc-fc17c3ee36e2": 1, "5fcb022c-9e34-4673-ab96-853a642c2986": 0, "69b80ad6-8db9-4802-9c8b-bc05e0900d46": -1, "6f118d0e-58a7-4ff6-827c-5aebd735b44d": -1, "6f6fed4e-ddac-4ebb-b30f-626cad2d9e2c": -1, "7aa73735-15a3-46b1-a180-9669e45b9ffd": -1, "818f9793-4392-4e52-9cc0-98f634403055": -1, "89d81066-735a-48f5-8ec8-f9a3e477eade": 0, "9ffa9963-e319-4418-8a63-edf6a3018178": -1, "b025b16e-1f49-47dc-b2d5-8cc508d454f8": 0, "b462ffa8-9b32-4355-96b1-d5821385bc43": 1, "b6bcde11-e548-43f5-8d3d-fbb287538f02": -1, "be597a42-0ecd-4c4a-96c5-a15ad673e25e": -1, "c54718cd-3e0c-42b6-ab3a-64fd7d8ddca6": -1, "d71a78f0-805d-463f-bab4-61cc149d1ddc": 0, "f50a0e5b-ec79-4b7c-b66f-37c672a8d77e": 0, "fb3ab364-4348-45b7-9a40-e680e1c3ad94": 1, "fcd6159f-95eb-4a5a-b947-269c8dcee1df": 1}
1279	5000	17	299	287	16	0	1.0	2	1.0	10,7	0.5	1.0	1.0	0.0	0.0	2	1.0	17	9	11	1.0	0.0	0.0	1.0	0.0	0.0		{"20d2015e-2d67-4996-9fe4-aabc49807cfa": 1, "32a07efa-b886-4471-969f-0ebb84bf4080": 1, "4dab6ba6-2f75-451a-b611-403b69f2cb8b": 0, "60376696-ad89-4e55-8d17-f93875a62986": 1, "635dbc06-56d4-4204-855d-97789a9048a5": 0, "75d28834-c1d0-4e78-9f6f-49975fb45fac": 1, "80308f3e-b011-4f03-806b-9ad81a3da802": 0, "85e96202-9d44-4db8-85e7-82cbb81049e9": 1, "8fb7122a-3b44-46be-9fda-da51b5c3d59f": 0, "b0843612-d33a-435b-94c4-2b046a7d61c8": 0, "c07fea29-cfdc-4bcd-8a9b-428c76cc743a": 0, "cdc3963b-ab83-4bf7-b8cb-ded12ae23a2f": 0, "d9b03ecf-4c07-4c78-894e-26bf5c9a99d1": 0, "da9a2fa3-42d0-468f-9985-f0cba862985f": 0, "e67e5bb5-c727-4942-9c8d-d749a135d7c3": 1, "f46abaa1-061b-4330-a216-a74b9344ea80": 0, "fc3c4125-d266-48aa-a91f-ac391ad3ae3e": 1}
1288	5000	12	104	44	0	0	0.667	1	0.5	6,1,1,1,1,1,1	0.3	0.5	1.0	0.0	nan	1	0.0	6	4	2	0.733	0.571	0.0	0.467	0.0	1.0		{"00a89d1c-4fdf-461b-bdbc-7e988e30483b": 0, "0710b7ad-b910-4d90-9a46-d3733c60de2c": -1, "1c97b299-d5f0-4040-ae65-c0746cedb174": -1, "1cb5182d-0dd0-4d56-b0b8-0d7f24728a9e": 0, "42b78a42-1ade-443a-a98b-a1d9b4c995ce": 0, "6255ccb0-3599-4849-947f-457996eea4f0": -1, "a2f49b37-8502-46c4-bcc4-701bc2fe3640": -1, "ad4a37d2-77c5-4f08-abfc-bad62c4d45a2": 0, "b74612e0-7b01-4fea-9caa-d7f2a4a830f2": 0, "dba54d12-eb62-4cd2-9abd-a79a6d137d8c": -1, "effaa2f8-59aa-4b6f-b4e7-d7552e50249f": 0, "f41b12b5-e730-4be5-8c80-133eb6e23e2e": -1}
1291	5000	29	346	371	42	0	0.862	2	0.931	18,9,1,1	1.4	1.0	1.0	0.0	0.0	2	0.684	24	10	16	1.0	0.0	0.0	0.917	0.047	0.125		{"094f5e3d-16ee-4f73-98fc-5049d675e3dd": -1, "0ac6643b-e4fd-4ab9-aa0e-1a635b95671d": 0, "17645623-935d-4f61-9e0b-8da586ffe114": 0, "2f2cd271-9e3b-4d6d-a988-706ebcba7071": 1, "3dafbbc7-efb9-4bea-8f54-d2868983212c": 0, "3f4721f8-ba67-455c-a57b-5aedb5ba94e7": 1, "42ccf47f-9f21-4c25-a870-d001bc544f6a": 0, "4b9f35a2-4e9f-4a24-9cfc-a9d11bf9d10b": 1, "54933ea7-c167-4323-a989-4d9724a1ba22": 0, "5865d886-9879-47f5-9c52-26b8ea5f539a": 0, "7f1aa9d4-95e2-412d-a5ab-038565b0859f": 1, "7f343381-e586-4f2e-8481-0d64064508ba": 0, "906fcee5-7232-459c-8b0c-8069325b719f": 0, "943d7d1a-fe04-48fc-95cf-69c219a34180": 1, "a9b64ca1-2254-4612-aa60-25290721fe56": 1, "b34a7b91-a421-4857-a8ef-0ed3e0339a6a": 0, "b381d142-e045-453c-90ed-c42471a28ab3": 0, "bacbbb9a-6014-444f-9a5a-8f62a7919879": 0, "c2252379-8542-47d6-9aff-1bf7b9d020fb": 0, "c696ff04-811d-4823-9f23-18b00c266433": 1, "cbb753f3-a177-4482-9686-3f5412d9e4cd": -1, "cf35234d-cd51-407a-afca-a84e7b2020f8": 0, "cf49be01-f86c-4847-8fed-a648a8cb46d0": 0, "d4c0689f-ab49-4f9d-8947-1ec488e37656": 0, "db160bdf-1d5e-42a6-943f-45526c3d327d": 0, "dca3335e-c20a-4bde-b718-19249b4c454f": 1, "de93d79f-70bf-4ad8-8be1-8fa625305314": 0, "e383b9b3-90e9-4428-b101-d56b287334b8": 1, "ed1243fb-31ec-44b3-8416-24c20baeb63d": 0}
1292	5000	16	207	179	16	0	1.0	2	1.0	10,6	0.5	1.0	1.0	0.0	0.0	2	1.0	16	9	11	1.0	0.0	0.0	1.0	0.0	0.0		{"03286dcb-cad6-45d6-80d8-bdd6b6e2d46b": 0, "1059c5c0-4ff8-4718-a622-fa0228b5aaad": 0, "202e174f-4657-49a7-8df7-cc05a6582235": 0, "3167a3b3-d278-4509-b50e-8ee6222287e3": 0, "41c90f5d-b37f-4327-9175-f063c614727c": 0, "421b9ea0-8e7d-4e7a-be7f-b87fc86aa516": 1, "590271c5-f6db-4212-8934-970b7be60055": 1, "6c32d1db-c56e-4354-b9ed-3ebd9fe5d8f8": 1, "7573661b-5e75-4195-8009-253de2c03dbe": 0, "8ce40c96-d974-4e49-9621-33929439b10f": 0, "9a46865d-a1af-45f1-875b-0cd216aeae8e": 1, "9ea135e5-fd1c-4946-ace7-edaec61641b1": 0, "d078964f-92f0-4081-a041-c63afd2497ae": 1, "e07cd040-fc0d-4506-afce-12912e2bffba": 0, "e431439c-8b6a-419b-bbb8-a64f6d9bc8b1": 1, "eae79142-e116-482e-851e-4bce0832af12": 0}
1301	5000	31	615	567	51	0	0.991	2	1.0	16,15	1.8	1.0	1.0	0.0	0.0	2	1.0	31	17	17	1.0	0.0	0.0	1.0	0.0	0.0		{"01c0718d-e865-43b2-9939-03a3fc36c3c8": 1, "0288b33c-5f22-4f72-853d-82b75cc85d1c": 1, "040b1427-6649-49e1-a43f-52b41b18a136": 1, "043a7714-79d8-4ca5-90d3-ca0b4a61b1e8": 0, "098750a6-1acb-46c3-be07-eb4830dc236f": 0, "0ba753f1-2263-4351-80b1-735722c6f373": 1, "206372a2-db5f-41c2-8f97-d34a5e9bb532": 0, "394481ca-07fa-4a18-b626-240d1e1a04c2": 1, "3cbb98d6-b288-4afb-8aa7-72c1d5e8851a": 1, "4bf2fe14-d60f-4fc5-9843-cab23a7ed207": 1, "4de1da93-ab77-4c2d-afe0-548ee675483d": 1, "4ec4cde4-5cdf-40dc-844a-2d2efe911308": 0, "4f204c4f-59a2-4fbb-bf63-5001b5b0caea": 1, "6108840f-c5bb-43fd-9b56-a5ecde8bb63c": 0, "6b057e45-47e2-4c20-84b0-58463c410e3e": 1, "6d3353db-3287-465c-a94a-6430d2be1f71": 0, "7b87c59f-976a-4efa-9232-dd175e7d4500": 0, "8a7c9f13-cd85-46f6-8a82-27f0d601a954": 0, "99046c70-051a-47a3-a69b-6f71be592dc6": 0, "a324e84e-c1c2-460f-bf27-9d032c2abfa6": 1, "a551da27-dfbb-461b-a50b-1145c434efd4": 0, "b6113c35-9cfe-46cc-87b8-bea24759e8c3": 1, "c0ca3eba-47ed-41f4-86b1-55aa4719d8ed": 0, "cb575eac-8414-4b20-807a-1cd15ef7273b": 0, "cd45c933-6e3b-4cd3-876c-d1aa82bb6305": 1, "cf2a4999-4c7b-4d2b-86e8-fa5994f47235": 0, "dab6a523-bd42-4584-9ee4-50f17f59897d": 0, "dd94c185-9740-49cb-a225-2408b3d82bf3": 0, "e521c680-868c-4192-b90c-4a90b59e8798": 0, "e92ce0ca-a7f8-4567-abad-5032d2530698": 1, "fe262813-c9c3-499d-9717-46a33f12e242": 1}
1312	5000	22	803	797	16	0	0.818	2	0.909	10,10,1,1	1.0	0.952	1.0	0.0	0.0	2	0.635	21	11	10	0.952	0.1	0.0	0.905	0.09	0.1		{"1ef891b2-ef9b-4a8b-9cc0-1dfe09de13d0": 0, "224236fe-e2f1-4ec8-a8e1-e64c9b4378e3": 1, "27440699-8a60-49fc-88c3-b24860f83d56": 1, "30a665e2-75b0-4829-8d7a-22604ca28388": 1, "3231ecb4-a3b0-4852-9f6b-674ebe04c2f8": -1, "435b6313-9054-4d5e-905d-33cf923b1fc0": -1, "4e3931f6-806d-4353-b474-1cfdc479162f": 0, "58b59f35-99fb-4d5b-bd64-72a0dae40fd8": 0, "5fb94e9a-90ac-457b-a05a-4b0e0fd9aa95": 1, "8efdca49-8e91-4796-8bc0-bd97a2224d11": 0, "90e0917c-9868-43ff-a47f-61c7c9d908e2": 0, "9657a45f-6814-4e8e-a9df-02690cf729e9": 1, "9d2ba668-ed2f-4123-ab5a-fd3d9d7c6cc5": 0, "a1af2618-c8eb-497d-8aa0-df12d0fce355": 1, "ae5edb36-bc6c-4cd0-9ca7-2455c1807055": 1, "cfd8e193-a5cd-4f06-88a9-3814999eaa49": 1, "d5c6dbaa-8fff-4bea-8f5f-c15a055c4f49": 0, "d9fe4228-7834-447a-8ba7-b9c4ba6ac5bf": 1, "ebd268a4-0ff2-4ad0-a117-d8a735eb4dc9": 0, "ee8f0301-ada2-43cc-9f70-d717f72c972d": 0, "f56bff1d-66c0-4f00-8823-0e15be24ddc7": 0, "faa1b499-b40a-4557-a13f-8cceefa565bf": 1}
1315	5000	27	452	495	52	0	1.0	2	1.0	15,12	1.3	1.0	1.0	0.0	0.0	2	1.0	27	15	13	1.0	0.0	0.0	1.0	0.0	0.0		{"00fbd12c-948d-4472-9ae5-487e425d187d": 1, "138719bc-354d-45e3-a9df-347db2f37d8a": 1, "153760ca-5c17-4e98-9722-00fca94f2486": 0, "218237dd-c620-4b0f-9ea2-8460a47f86ca": 0, "2ee5a419-fa5f-4be7-affb-d238293cbe79": 1, "3c6c6760-97b9-42c3-a064-9d0d23676895": 1, "3cc1610c-fff8-4c5e-88b5-1fef687ddd49": 0, "4a066746-1d8f-40e4-a4ed-9dc10f1db6b2": 1, "4e204cce-8d59-424d-af67-edf9e8b2bab6": 1, "555a0f9f-856f-4d18-9ab9-a9e6ea01c9b0": 1, "5a661431-df33-41de-b392-0f2e800081f8": 1, "5e02a8ef-31ed-472c-9fff-c1ccbcec00c2": 1, "60cda721-a901-40f0-9858-77064185fc93": 0, "64223cdf-89f9-4919-952c-e65eb6760c72": 0, "6b2d73fd-ee77-46a6-a050-3080453ba3f4": 1, "8f36c131-5ec8-466c-8dc7-44fe23b95246": 0, "91fcae0c-3a3a-4c4d-99d9-54626bbd967f": 0, "a3e16119-bc5e-431a-8d2a-2f05083fbef9": 0, "ae7841ca-676c-4017-9008-161e549be8f3": 0, "b6c0ab19-182e-4fb6-9a17-aef1a98bd25b": 1, "c7866478-118f-4c29-926d-7dff1c164102": 0, "d2a812bf-7d5b-4950-aaa6-83307c58f277": 1, "d640fbae-58e2-459f-a783-c16c2234bfaf": 0, "db5b285b-3bf8-44b9-90c2-866c1cef2347": 0, "e3fe0ba3-5544-4346-bfea-08b111082d2e": 0, "e5f09b25-b742-4fef-8942-43dd96d9a474": 0, "edf46068-94a1-4936-bf09-f4386c80ce65": 0}
1323	5000	22	1046	1019	18	0	0.996	3	1.0	8,7,7	3.2	1.0	1.0	0.0	0.0	1	0.0	15	11	8	1.0	0.0	0.0	0.467	0.0	1.0		{"014d13b0-a8e6-4923-b9df-15a15481c763": 1, "0253b9e9-b553-4da5-8f27-0040389ed445": 2, "06540022-431a-4bce-9319-c0416e97a1f5": 0, "163dc935-d7b7-434e-a503-deefb4f0ec55": 2, "213cadde-9b99-46e3-adb9-6ddd06dd33c3": 1, "2f12d2f1-8214-4ae6-8043-adecffdb9ab7": 2, "4cbeff93-777e-4d92-905a-15ad50132f8e": 0, "527c45da-cc22-41f8-9b7b-51c744cee64a": 0, "5a21bc7a-3cb5-48db-9532-6fdd3cc7ab80": 1, "6bf7e09b-8b96-4e51-b6d9-6aaa74ab424d": 2, "71c5745d-0985-4db3-94df-d81f80a6ec8b": 2, "73cd14d3-907f-4ea9-bdf7-fc20b471bca6": 0, "7b6a188b-f3ab-411e-9b98-2f87831b1612": 1, "9f71e6ae-61c1-4ed6-a201-3112b65eefc3": 0, "a0076c36-5c5a-4d0d-a8fd-367dd19d02fe": 1, "b1811569-7156-457f-9576-15e3183a2309": 1, "c29cdf4f-1694-48df-9931-d4ac3f6e0218": 0, "c761d2f6-98d5-4157-ac6d-9f85d647b448": 0, "cd8ded53-e531-49a6-aeb5-a62d2258ea52": 2, "e2d3a552-b2d3-453a-a71f-67b41615698e": 0, "f43deae6-9885-4682-b31c-a749b19b340e": 2, "fbbf9d4c-d105-461a-8717-cb04ece65321": 1}
1325	5000	20	525	531	48	0	0.995	2	1.0	11,9	0.7	1.0	1.0	0.0	0.0	2	1.0	20	15	11	1.0	0.0	0.0	1.0	0.0	0.0		{"0adfec1f-e92d-4f96-8e5d-b1d390c8f1bd": 0, "0cb41052-4534-4e59-8c84-56874907816c": 0, "13cb9f2e-d420-4752-8a9a-19b395f4af3b": 1, "223140d9-027f-4900-8435-c7dbbf689158": 1, "3caf8d0f-2f17-46ff-9d8b-a8990eca6573": 0, "4156e9fb-f922-4e32-9920-9f7b65b79712": 1, "44c6596f-64d9-48ca-9dc0-f7af8f3aa226": 0, "4bec6770-f0e2-48a0-8e46-7492b81d455c": 0, "5aebda06-cbe0-43e0-80e6-52e4768a38ff": 1, "610473ce-d5fa-4f26-891b-4e0fdc81ac7b": 0, "721f49c6-3f7f-4cc9-afc4-4858cefbdc58": 1, "8585578b-a218-4cc5-8642-96cba8ad2ded": 0, "9c4ec093-1e62-4544-8d45-8ee460015195": 1, "a3352eeb-e55b-4b44-b59c-6a03f62748a4": 1, "a4bad3ea-e3cb-4f93-a0dd-806ccbfc100a": 0, "b9626131-c897-4d3d-972c-1f50fc3a1dd6": 0, "d8217022-28ec-4a39-92e8-e97c67d62d30": 1, "d8e49312-07dd-443d-829d-1a37711de1da": 0, "dbc30e15-10f6-4a39-be92-479645f661b9": 0, "fefea721-cad8-48b0-8f37-2e6c618ff59e": 1}
1327	5000	16	194	193	15	0	1.0	2	1.0	9,7	0.7	1.0	1.0	0.0	0.0	2	1.0	16	7	9	1.0	0.0	0.0	1.0	0.0	0.0		{"03c0d9b2-613c-4c0a-b452-4c8c790a7d82": 1, "13cb9f2e-d420-4752-8a9a-19b395f4af3b": 0, "3caf8d0f-2f17-46ff-9d8b-a8990eca6573": 1, "418ce26a-9e95-4b37-9440-5b45217fcf12": 1, "6313bc70-ed59-4e03-87df-2482c7744bb6": 0, "77ad1e38-9a38-4e88-9cee-7f3cf0e13f15": 0, "7e4cd8b7-c814-43cf-9425-01699ab1bf91": 0, "859576d3-185b-4e29-bf57-1265cdd0d045": 1, "8b67f3df-5b8f-4c87-b637-8b0f90e53230": 0, "9b814725-41c9-40db-95fe-c182865dcf6f": 0, "a1feae40-ee78-4966-a864-b63d631cccc1": 0, "adfff20e-47a9-4abc-821e-bbb9e77c8954": 0, "af656fe0-e633-4b4b-8f48-3a4f864c9791": 0, "b3014a84-a613-41b6-91dd-02aa99fd8506": 1, "e5fe26fc-6514-45ff-b14d-e3848fa9d390": 1, "f4c87491-1297-4af7-a824-e6062cdf3369": 1}
1328	5000	25	299	222	6	0	0.453	2	0.6	10,5,1,1,1,1,1,1,1,1,1,1	20.3	1.0	1.0	0.0	0.0	1	0.0	15	5	10	1.0	0.0	0.0	0.524	0.0	1.0		{"03c0d9b2-613c-4c0a-b452-4c8c790a7d82": 1, "1518aaab-1fb8-4d6b-a6cb-2aa8d2e762ef": 0, "1eb7b441-0ea8-4967-8e6f-047ea401c618": -1, "1ef11ba8-f5a6-4f0c-95ce-e4ed4cf1c035": 0, "1fecb37c-9dc4-46d1-9c1c-d8ba8f2cafe7": -1, "37d27e98-b209-4148-a8ee-b18eac950327": -1, "44cd1ef0-d44a-41b3-80a0-030b720e50b3": -1, "4b4bd625-fe6e-4cb9-8077-c7d2d8656481": -1, "5202861f-5ccd-4118-a926-3fff18218ebd": 1, "5603ede4-876e-4680-b723-6d69e01598cf": -1, "5d23749c-c7ad-485f-a09e-c3ddfd992e87": 0, "5f861f6d-9c79-4410-83c8-61454c0c87d8": 1, "6313bc70-ed59-4e03-87df-2482c7744bb6": 0, "7e4cd8b7-c814-43cf-9425-01699ab1bf91": 0, "854772d2-154e-45d3-9fc5-0e97cfc860f6": -1, "905290a2-74ca-4bba-a8eb-3de202fdb7d1": 0, "a1b10376-9baf-4089-969c-c1fd0c4207b9": -1, "a1feae40-ee78-4966-a864-b63d631cccc1": 0, "af656fe0-e633-4b4b-8f48-3a4f864c9791": 0, "b62c55be-7755-4dae-a4b4-dcd91f94cc72": -1, "b9430b3e-7a56-4087-b7d2-c1ccd2ed51b4": -1, "d1908fc6-c58e-42aa-adb2-b04571a57e72": 1, "e5880f22-c2e0-4e04-8398-f0fcf96ba043": 0, "e5fe26fc-6514-45ff-b14d-e3848fa9d390": 1, "ec5cc5f0-4f07-4cc7-bdd8-8a9c2b518504": 0}
1330																											KeyError: 1330	
1334	5000	24	100	90	20	0	0.801	3	0.917	10,9,3,1,1	1.3	1.0	0.912	0.186	0.0	1	0.0	14	11	12	0.912	0.186	0.0	0.473	0.0	1.0		{"04313c98-b559-448d-bb78-b7a6e3fbc5da": -1, "05202956-67b4-4a8d-827e-ff995f27153f": 1, "17dcd226-0db4-48f2-a0ff-4d5107e8f489": 1, "186dcb9c-e986-4286-a193-54787511233c": 0, "204a657a-5f61-4f04-8073-3b60148ce3e3": 1, "231a3abd-bc53-49ed-a496-fd387d73771f": 1, "396b1c06-6937-47c3-9fb4-1ec27af13b54": 0, "3e97727c-65ba-4ccf-9eb5-f881b2f48a35": 0, "484de533-7017-4e88-9a04-a28981423f9c": 0, "512e2859-7cd8-4a73-a1bc-b56709340b14": 1, "5a75f1a5-d9ce-4223-85e3-1242cd97a348": 0, "7716b96f-4d89-4fb5-99ab-21b06cdb9244": 1, "788176c3-225e-4214-ad8a-ef3cad3b3217": 0, "7cb98a5c-ff37-43d9-9264-1116172c9e99": 1, "7dcb4e47-9b39-4db1-a570-5c2a6c34135a": 2, "8a1b5dcd-b85a-481d-b773-eddb15f019d6": 1, "8c79cdab-9934-49ac-b3ec-3e32bc8b0457": 0, "b6ecdc2e-f77a-4db9-ae90-c3756debef21": 2, "be135019-0ede-4ddd-9d17-1243998aee56": 2, "d1cd6e79-ae45-42ba-841a-e20bceb63b61": 0, "d72b03e2-51cb-4cb5-b181-c5fe05a7116c": 0, "dec2fef0-a59b-4837-82f2-502795bdfacc": 0, "fa0790fc-e6fa-4c23-9e28-a175c677fa3b": -1, "fb62a06b-ec2f-4fdc-9f4e-cb8573a15c2a": 1}
1344	5000	16	274	212	13	0	0.983	2	1.0	10,6	0.7	1.0	1.0	0.0	0.0	1	0.0	16	10	7	1.0	0.0	0.0	0.5	0.0	1.0		{"20e97a80-424d-4503-b919-13bafa75f362": 1, "70b9082b-94bb-4fa7-a4bf-c97aeb68ffe0": 0, "7689be18-047d-474a-9a76-3c93b1f12617": 1, "816f4308-3d58-474c-9000-e3f8b17b0c72": 0, "8b0cf14d-2757-4b07-95e7-91377e9bf790": 0, "90b04674-8219-4711-83d4-1f88fd1a7fc1": 1, "9672655a-2c9f-4ec8-a805-ed48120ca554": 1, "bc279853-5a41-4a11-89a6-e54615b2721d": 0, "c6bd0b2b-8632-4cbb-8f9f-5ea114a7e5fb": 1, "c99b339c-912c-45ec-b546-a4223f9a8c68": 0, "cdc44192-22d3-4a73-bf34-593c7f0253be": 0, "d12ceeda-e14b-4675-b04c-6e1035de9948": 0, "d2ee6227-8781-4af6-8a69-cacbac8b59f1": 0, "e5c98547-feaa-46e6-a88f-dac0945b6e16": 0, "e9cc0321-1a68-4b18-8c41-915fcb74aaa9": 1, "f54d5876-d3ae-4440-85b8-5a6b1381e6cf": 0}
1350	5000	16	124	147	38	0	1.0	2	1.0	11,5	0.8	1.0	1.0	0.0	0.0	2	1.0	16	6	13	1.0	0.0	0.0	1.0	0.0	0.0		{"17df6ff0-0f28-4d3c-a135-195579893a1a": 1, "2aaa0f9c-1638-45b3-a5d1-f27467b6c0d9": 0, "2b2bb8c8-bad6-40e6-8294-e86550df0833": 0, "2e14f628-f27e-4791-b5fe-f8494367837d": 0, "459fb629-c373-4ef4-ad42-9db99ff1d073": 0, "4b1d0f7a-0d70-4f9c-9b4e-13f99f3220c4": 0, "7e9ae0f7-3e93-4ae2-82c0-5937791e9153": 1, "85bffd79-4e73-42eb-9596-b4c4d3ed077c": 1, "89a6a542-6d14-4840-a481-cb4f9f925e83": 0, "9b492e6b-0800-4df3-9a15-58e7defd3f60": 1, "aaeeec5e-51ab-46fb-b074-712c843d24ca": 0, "b4ad9bdd-4cf2-4752-b006-064507803c06": 0, "cdb1b0b0-e3f0-44cb-a5a8-38d49028fc75": 0, "cf4dd632-d77c-4c10-a9e5-6ff9b3b59bd1": 0, "d1f7fcf4-37bf-4e0e-a742-81082b6abd4f": 1, "d43dc8bf-04c6-4ed0-a459-0176692d5a2d": 0}
1351	5000	16	387	399	39	0	1.0	2	1.0	10,6	0.9	1.0	1.0	0.0	0.0	2	1.0	16	6	11	1.0	0.0	0.0	1.0	0.0	0.0		{"17df6ff0-0f28-4d3c-a135-195579893a1a": 1, "2b2bb8c8-bad6-40e6-8294-e86550df0833": 0, "2e14f628-f27e-4791-b5fe-f8494367837d": 0, "459fb629-c373-4ef4-ad42-9db99ff1d073": 0, "4b1d0f7a-0d70-4f9c-9b4e-13f99f3220c4": 0, "7e9ae0f7-3e93-4ae2-82c0-5937791e9153": 1, "85bffd79-4e73-42eb-9596-b4c4d3ed077c": 1, "89a6a542-6d14-4840-a481-cb4f9f925e83": 0, "911b2e7c-71c3-4343-9b0e-237556f2c8a0": 1, "9b492e6b-0800-4df3-9a15-58e7defd3f60": 1, "aaeeec5e-51ab-46fb-b074-712c843d24ca": 0, "b4ad9bdd-4cf2-4752-b006-064507803c06": 0, "cdb1b0b0-e3f0-44cb-a5a8-38d49028fc75": 0, "cf4dd632-d77c-4c10-a9e5-6ff9b3b59bd1": 0, "d1f7fcf4-37bf-4e0e-a742-81082b6abd4f": 1, "d43dc8bf-04c6-4ed0-a459-0176692d5a2d": 0}
1357	5000	24	231	234	34	0	0.986	2	1.0	16,8	1.2	1.0	1.0	0.0	0.0	2	1.0	22	8	15	1.0	0.0	0.0	1.0	0.0	0.0		{"0ffa751c-5c9d-40b0-846a-dca5a7a80824": 0, "16572245-6b3b-40dd-8806-e5e04348f45d": 0, "3a7cb67e-22f8-4aee-9ae4-82ff6d31c05a": 1, "55488df7-3e2a-494e-bf0e-34b44c3762de": 1, "5c95dcf7-ed49-49b8-be66-a9963d897f6a": 1, "5cdf0ad9-8395-49a6-ad61-ee2cf3277789": 1, "68d9bcc6-83e0-48cc-9e4b-e01e58998565": 0, "6cc5814e-6d7c-4704-8c39-0e2564f89a6a": 0, "8d9272a6-2794-4584-bb96-fc7a600dfd64": 0, "8f866ad0-be4d-4a28-90ac-e4c2390bc8c5": 1, "95903533-15a3-432c-b7ce-ea1e6f76bf78": 1, "9b8245a2-af7a-43e5-bdf6-ab57bca1fe3b": 0, "a61faee0-ef9a-49bb-8840-589669a343a0": 0, "b25a86dc-c498-442f-b9bd-544484697965": 0, "c362c175-87f9-4103-82a5-6ce915e87b5a": 0, "c75a790b-d709-402d-bdf3-034d5695d5d6": 0, "c8b282eb-18c0-4e5d-930f-a5f45194f777": 0, "d84a7f9f-ad65-4bf2-9ae9-a60bd4ec756c": 0, "da61220c-7e83-431c-8471-e99d50fdcc0c": 0, "e0b3102b-d0fb-4cd4-a898-ea3068a2396f": 1, "e27073c9-42aa-4800-a5d0-b95b5b1ac917": 0, "e57abd99-3897-4ba8-b01e-f81bf04e3914": 0, "e829ac6f-0bea-4438-9aa8-aa08b8ae67d7": 0, "f7221512-d7b7-429c-a189-5b75df8491df": 1}
1359	5000	32	343	283	34	0	0.891	2	0.875	15,13,1,1,1,1	1.7	0.9	1.0	0.0	0.0	2	0.64	30	15	17	0.91	0.186	0.0	0.933	0.067	0.067		{"029c47d8-317f-4214-9e57-0d0ad9e30bf6": 0, "03ff0ffb-eded-4df0-895e-1f849cf3751a": 1, "0f12c8fd-8af7-4c6f-a310-1018e9f038a1": 1, "206c731e-251d-49e3-8403-2a93fb8a60ac": 0, "2a1a6d0c-2e93-4058-9bf9-ae9ce0f205a8": 1, "34144418-32eb-4087-a3a8-2fccf95c703c": 1, "4c642bef-7a68-4556-a116-f8a6be6d9a94": 1, "4cda4faf-0507-4a4b-b264-d6958211bb5c": 0, "4e4af57f-cac8-4894-a815-f9ef49f68b49": 0, "5864676f-36f0-4112-be91-9c29e8cc8518": 0, "5cb0cd76-06f3-4c4e-8368-45b8a7e54331": 0, "717520dc-fbff-414d-b878-22e9e8dc4eba": 0, "799811ea-6713-4797-aa64-67870103bb88": 0, "85b0ead3-bc46-44d9-8cdc-a654a313cac7": 1, "866fbba1-96b5-454d-97a8-e2d401772fdd": 0, "8e610c05-3961-42fa-a79d-914f47af903f": 0, "9f0c7815-73f8-4ea7-ae9a-3ea6df72b1d5": 0, "a06b5fd5-132c-47ff-8f67-2486adb07c71": 1, "a114a42a-20bd-4bca-86e5-2ba63b87d616": 0, "a50e6ce6-d13b-40eb-a70a-32e8b04b044f": -1, "b47cd73f-c9e3-4fbd-bd6b-4064c52fe9fd": 1, "b9231c8c-4b41-487f-b1a9-08b4482d53fc": -1, "bea5fdba-4b9f-4276-82a3-33f60a25a761": 1, "bed7bd48-bb61-4437-9752-1a8a9f0d89d6": 0, "c3dcd4bc-5304-4e52-bb62-37e5aa78e7dc": -1, "c47fde8b-072a-4cad-ab64-669dacf627cd": 1, "cc52600b-3ed5-49d1-a279-ab4e18db2bf5": 0, "d9fbd0c7-e805-4af9-9bb2-4be8083d98e1": 1, "e5fe9daf-5198-4819-8712-c788fde4cdf2": 1, "e814fdf7-a0ba-4922-b475-9cbd00aae292": -1, "f87fc5ed-c395-4ad2-80ac-c98aa7425ad1": 0, "fe2beb49-0fc7-4ce7-8523-f9f240000ff5": 1}
1361	5000	18	233	204	26	0	0.98	2	1.0	11,7	0.7	1.0	1.0	0.0	0.0	2	1.0	18	7	11	1.0	0.0	0.0	1.0	0.0	0.0		{"060ee64a-b6dc-4e5a-89ec-e1698278928d": 0, "170ee5f6-f35f-4f26-b840-5d84957a1482": 0, "2b594291-b712-42b7-bb51-dd713030f230": 1, "368903f7-e04c-4ce3-b365-d9120b9a8866": 0, "510ec316-5669-40aa-98de-c7a25c84eada": 0, "60939136-fcd7-4d43-972a-159d2b6626d4": 0, "68c2f584-e56c-483e-baa0-5f830ad923d8": 0, "790fa38d-f887-4427-8f01-1ca1361b9607": 1, "7dbe9e4b-92b3-476f-9de1-4ae3fa69f2fe": 0, "81b309e2-ebcb-453f-9248-a7aef46d0cf1": 0, "85ceee9a-35ee-4b37-81e3-4783b65dad12": 1, "a7b1a354-3317-4327-8ab1-b4c0e30d5aea": 0, "ba2151ba-40dd-4e39-9740-b2620a4302a6": 1, "c94de35b-7297-4687-8bc6-3f53fc910810": 1, "d61bc0f5-b682-45b0-8e57-f560cc7da442": 1, "dd7c3043-ac36-49ae-8324-6c9fc1bda236": 0, "e1c7bd82-7d7d-48cf-83b3-238cbe8ea94f": 1, "fe87a11a-0a2b-47a9-86b0-306a06f0890e": 0}
1363	5000	23	856	860	38	0	0.877	2	0.957	15,7,1	0.8	1.0	1.0	0.0	0.0	2	0.502	21	8	15	1.0	0.0	0.0	0.819	0.158	0.211		{"09764142-9ee7-44a2-a69d-871677c8ffac": 0, "122d6363-0a4d-4cb6-926a-cdfab87f20cf": 0, "270dce7d-d83e-44e5-af19-000dac78d515": 1, "2db3c918-ebdf-402b-9c36-80e17c8d8d5f": 1, "38d99a05-2b81-4721-aa61-02dae89137b6": 0, "41dc08f5-4c92-4369-9b2f-ea9ecec71c9a": 0, "4acaf550-562a-4a92-befb-e88ad2899e27": 0, "4aed4181-a97c-400f-997c-99171146f49a": 0, "55494bf0-ab57-4510-a0d2-bbefa29c0fb8": 0, "6baaad0c-99ae-4bea-81ba-95486fbbaf3f": 0, "6bd77e77-17f5-4f47-a5ab-968bb1958b93": 0, "6de98724-9db1-4e47-93dd-b757a595a3ac": 0, "750d171d-09e8-4a74-ac40-53689b837759": 1, "7aa37d34-1d1e-4811-823a-222d3f4e65c4": 0, "7b65bf3b-cbf2-43ae-a0b8-46a4d70f87b2": 0, "82ca8511-35fc-4284-a0dc-dbfc31ddc627": 1, "89746cd8-a102-4827-8357-b534adc26013": 1, "a4eda2bb-9c54-4609-a7c5-5f553b2a0519": 1, "c8c4c04b-b523-4a12-acde-78b5ee72b39f": 0, "db7e5ffc-0c67-4bae-b6d9-cc4d3927d2ee": 1, "dd1066d5-4bce-4a10-b8b2-5f523ece2416": -1, "fdad54da-c617-45f7-883a-e4a820c62863": 0, "fe87a11a-0a2b-47a9-86b0-306a06f0890e": 0}
1372	5000	27	247	254	22	0	0.966	2	1.0	15,12	1.4	1.0	1.0	0.0	0.0	2	0.852	27	14	16	1.0	0.0	0.0	0.926	0.064	0.083		{"00fbef5b-b9d2-4592-ab6e-b9c492bb942f": 1, "03bf793e-ae15-45f5-908d-5ce45e44f2a5": 0, "04949be6-5ec5-4b4b-9392-2dc0272ae0f1": 0, "0fca26ad-392d-4c8c-a567-1f166a4a925a": 1, "16c58f96-679b-48b8-92ea-e1b6093a8a07": 0, "17548c98-2790-469f-81de-9910f0fa44e2": 1, "2523cce8-bfa2-4c2a-b459-df1b337936b6": 0, "2f502fd2-f4bf-4c9a-a4dc-f5a4701c3824": 1, "37388782-4c3f-4ae7-9271-788fc2ea4b84": 0, "4487c9df-daa3-4e9c-b9e7-54b36be0fa82": 0, "45e644bb-060e-4732-80ac-fea9bc49ea11": 1, "46ced9d8-786a-440c-87c4-4ee28e230f68": 0, "6fd938fc-95a6-44c3-a259-3699ec010f86": 0, "7d2568e9-4d0d-4b87-9e4b-403ec22408ce": 1, "857eb364-76c4-4682-820d-03644897e84a": 0, "8713bba5-e4d0-47f3-aa14-4fdeb26b0787": 1, "a3a22b2b-36a7-4276-9985-a04f5302819d": 1, "cde22939-3812-4a2a-914b-59e1d37797f1": 0, "d016b7cf-f359-4b25-87d9-27f72d631e31": 1, "d2648fb1-962d-42eb-8fc1-f559754b12e7": 1, "d7391944-74a9-4afd-a63d-4602559b6790": 0, "efdd623c-a7de-4510-95e1-cda809506c6a": 1, "f3562c35-ec29-421c-8120-e659b937b9c7": 0, "f3cc5f93-f53a-4b7e-90ad-2dc3e7d2ce5c": 1, "f6efb7f6-f836-4212-b17a-ad49cb8ce35f": 0, "fb90f839-3774-4a84-b81e-aa0cda4a2770": 0, "fe533faf-b416-4419-bc8e-40d8a9ca7f10": 0}
1378	5000	19	202	194	29	0	0.982	2	1.0	11,8	0.9	1.0	1.0	0.0	0.0	2	1.0	18	8	11	1.0	0.0	0.0	1.0	0.0	0.0		{"042924da-3d89-4994-8663-f9d2fbdeeab5": 0, "3a0b1009-b86d-4435-9b2a-78e3122c5f6b": 1, "619c284b-fbc5-4c3c-96b8-f939e79bb20b": 0, "75276360-09a8-4a87-9c66-26ae1d481b13": 0, "91c80271-2fe5-48bc-abb9-6db724376e05": 0, "b131626c-0522-442f-8789-43d4f24f0332": 1, "b1fa49a7-2f9f-4d1c-a5bc-f5cbf68bb698": 0, "ba80b7f0-c284-47ba-9479-c536cb36ad4e": 0, "c977881d-2e6e-44a5-b744-b6569d7ac1e6": 1, "ca3497a8-4813-4067-a068-6b4a188daf81": 1, "cd1f2ca0-5d6b-4b29-9b73-8bc60463b94f": 0, "cd27b0e7-0589-4825-84c5-399bef201ac4": 0, "d37d8a89-bfe1-4108-8f6c-8c805c746a3c": 1, "d6cfdef8-c206-49cb-8a26-c9fd9017aa87": 0, "de84931f-df08-4215-8046-367e6047d3fe": 1, "e3a1bbc0-eada-4c86-b7f3-ed5c47b68f10": 1, "f56ae191-fb40-4a2c-bb5a-d77d23152ac3": 0, "f76e15ae-b731-4ac4-a989-d58c83fadc11": 0, "fe3836c8-2ff6-44ca-89e4-c57eaa336394": 1}
1380	5000	30	71	33	17	0	0.584	2	0.933	14,14,1,1	1.5	1.0	1.0	0.0	0.0	1	0.0	7	5	3	1.0	0.0	0.0	0.429	0.0	1.0		{"0534b3a4-bbbf-4ce8-9197-0dbdcd3cdfdc": 0, "12d31e8f-2367-407e-8f08-e20ff907a2b2": 0, "1576e165-84a6-4007-b7fa-ae9620b2c7e3": 1, "16b588c0-bfe7-41cd-8334-3ec9dbcdb008": 1, "1b99a613-83a5-42e6-a3fd-9962fe901c10": 1, "24a93369-b94a-4c66-bff1-62b6d1925e06": -1, "31df6e16-45d4-4b05-9327-10e835842dde": 1, "3eea5480-2be1-495c-bd07-11211ef7f188": 0, "46d5d9c3-bcc0-4eef-80bd-78a38398c9b1": 0, "595b5a68-a6c6-4125-ac3c-ba0b7f32d9ed": 1, "5be6253d-2766-4e79-b75d-05c0a5dcb3eb": 1, "611e67f0-5cc0-4ebc-a2b6-fd469984fd3c": 0, "70cafcb0-fc8f-4c0d-a8e0-f5c80bc24be5": 1, "71285c43-46e2-45a0-9c4c-f9f2b1dab924": 0, "77f2b05c-7e4e-45b3-85c4-bd07e8310c6e": -1, "787ddc61-c11a-455c-85f6-bab2f9c1faa8": 1, "80898fc4-f9ca-443f-9fc9-6894a28b37a3": 0, "80f116ce-1a8b-4689-8672-ca291bf5550b": 0, "86c4c281-7abc-4570-ba05-260fd5b0b431": 0, "9cc959f7-c530-4c6e-ab45-018ad62bb110": 0, "a45bb1c0-3c56-44f3-a7ed-e4d795aaeaa0": 1, "acaf0241-ec30-4fa8-b553-4b8e353e87d8": 0, "b0cc1750-2383-4a71-8aa4-14c72e778f63": 0, "bbe01145-ee1b-440b-a7e4-43e8e1404ab4": 1, "ce3736b7-82ce-48ce-b3aa-7afccd3197f3": 0, "d7bf2dca-0ac1-4cf4-85d8-7d19ff9f0747": 1, "e03e350b-f9e4-4789-a9bd-dcf888d2f667": 0, "e39e1efb-975a-454d-9bf5-88d2c8afe91e": 1, "f4fbd2a6-fa2d-4cc8-9cc5-f141170b5a89": 1, "f80c367c-e292-4369-abc3-7dd1941239b3": 1}
1381	5000	27	265	293	44	0	0.972	2	0.963	15,11,1	1.4	1.0	1.0	0.0	0.0	2	0.937	19	11	12	1.0	0.0	0.0	1.0	0.0	0.0		{"0f4007b9-47c2-413a-b35e-c3b0fd61fb08": 1, "1a2a2c07-b5e0-4a94-bf2b-300d88dfbb58": 0, "23c02c3e-9da1-42a5-b5a2-a0f5692f6bf7": 1, "2f508e34-2706-4c2f-946a-9c5c32612cdc": 1, "5525cdb1-1e46-4dfc-9c10-952ccbce65af": 0, "5d27ff2b-29a9-483a-9b22-5c4b11c348a8": 1, "6fa9b61d-12c2-4b22-b197-052c7cdbcbeb": 0, "74ac5179-4fcc-472b-8bca-aa6a1408a77b": 0, "7d126627-bb6b-4c97-8145-094d3af22b7e": 0, "851f2cb8-eee3-4287-9cac-8a0ec50d7c12": 1, "85dd3b57-fe3f-4db5-8696-8f1798a9f5a4": 1, "8d5ec570-380e-4d91-a8f7-552608c778ae": 0, "93694300-a4ed-4e33-9225-dac952500514": 1, "a0e19379-ead1-4f42-9ea5-ba41abb6649b": 0, "addd0a84-c1e8-4a33-b282-0381ad12f093": 0, "bea60b0d-5906-47e4-adef-2b9dfbf93d49": 0, "bf9cf498-a3f0-45cc-8738-f87b01f4e14e": 0, "bfcb3ed5-7e74-40fe-902b-6d98f2eed72e": 0, "c3021dc4-5513-4692-9255-34f1bffd6b00": 1, "ce53356d-08b9-4fdc-8046-cb071b1904b4": -1, "dca299bc-c234-4b79-bb38-6c5c371060a2": 1, "de5de3d0-562a-456e-a036-4957eb1e1738": 1, "e0ab4d9f-c9e3-4273-b461-95f5cc1b1bdf": 0, "e0c8f123-b3de-42df-85c9-ff5ecdca3953": 0, "e5174920-e04a-4658-9140-e26789b9e401": 0, "e56ad133-efbe-4cb2-881d-42a1b5f5033c": 1, "eb02e2cb-58f3-447e-8540-1a3448ca4f43": 0}
1382	5000	22	225	238	20	0	0.996	2	1.0	14,8	0.8	nan	nan	nan	nan	2	1.0	0	0	0	nan	nan	nan	nan	nan	nan		{"08fc0d97-1c01-4f21-b3b3-5759ade7f1a3": 1, "1d45292c-6d06-4ebd-bf8f-761c7a3af584": 0, "28c84fa6-46c8-47d4-be95-05274e4999ac": 0, "3541b615-d524-4deb-9d0b-69d1aa1e678c": 0, "377c133a-202a-40d4-916f-7295e43fb493": 1, "4a5a8ac6-1a8e-479a-bc42-8efdfefdbd27": 1, "5525cdb1-1e46-4dfc-9c10-952ccbce65af": 0, "579a1f3b-740c-4233-a84d-0983e82d61df": 1, "58f9b6cc-e4b5-475e-bcb1-fd0ed7a4e029": 0, "5bceed6f-2166-4155-9d22-569931fb4490": 0, "6afd9504-c0ee-4889-b2fc-6c455f9675f7": 1, "6fa9b61d-12c2-4b22-b197-052c7cdbcbeb": 0, "73f179bf-c560-427a-88e5-a844ef4cb881": 1, "74ac5179-4fcc-472b-8bca-aa6a1408a77b": 0, "74b54ab4-9ff2-424c-adc9-fc8f35b2e1d3": 1, "7ff4150e-08a1-43e6-9bc4-baee577e1533": 0, "b52ac06e-0162-4152-b06a-035add07801c": 0, "bfcb3ed5-7e74-40fe-902b-6d98f2eed72e": 0, "c3021dc4-5513-4692-9255-34f1bffd6b00": 1, "e0c7debe-7e67-4221-a7ce-ca3ecfcd7406": 0, "e5174920-e04a-4658-9140-e26789b9e401": 0, "eb02e2cb-58f3-447e-8540-1a3448ca4f43": 0}
1386	5000	22	94	52	0	0	0.961	2	1.0	12,10	0.9	1.0	1.0	0.0	0.0	1	0.0	20	13	8	1.0	0.0	0.0	0.495	0.0	1.0		{"090b6c83-4d48-4164-b033-9db1e8aa0d3c": 0, "0f4c28a5-a638-4c9c-be61-6af8631e20b0": 0, "23eca44d-0637-4683-ac1c-abdd9dcc5eb4": 1, "28b482f2-94c3-41ee-b0c3-5bb1ba7bfc4b": 0, "2ced37bc-fcbc-4e72-81c8-0df828164f64": 0, "3cefa1e7-f53f-476a-b5a1-a77e2e7fcbbc": 0, "59967ec2-5d2e-4a31-8e89-404122970269": 1, "5cbf2da5-9679-48dc-90d2-90b72bbdbf4e": 0, "6768822e-f83c-4c7e-a575-b4955d8adfd0": 0, "76b13118-60ea-4e2a-b3a9-a6d5dbde259d": 1, "79b8c37c-44d3-4673-88df-a08b90214069": 1, "7a676a67-30c6-49c6-a3ab-6141315ebaf8": 0, "8223f85f-94a5-424b-9ae4-4fa10ef5d094": 1, "97fa9392-0494-42af-858e-289eee8af518": 0, "a193e550-0235-40b5-a147-868827bb7b20": 1, "b7228e61-86ba-481c-ae12-bcca1658af8f": 1, "b736e723-3fc5-46dd-9df2-20193a5576b7": 0, "df19c367-5d2b-435f-8624-283bedcbfefa": 1, "e3d89fbf-42ec-47e4-96d9-909a45654a37": 1, "f07f446a-8ece-48f4-a234-9ad839ac9b1b": 1, "f0a43c3e-317c-4f22-9cee-bcfb412bc461": 0, "fa9525ba-a25c-49f2-893d-56372a1e6c9c": 0}
1388	5000	19	20	13	13	0	0.626	1	0.947	18,1	0.6	nan	nan	nan	nan	2	0.12	0	0	0	nan	nan	nan	nan	nan	nan		{"1494a2f0-c80c-453b-9e1a-994f4454410e": 0, "2ddd8088-e606-4ec4-b8f8-3da7cde2edd6": 0, "3209ca77-5a23-40df-b924-a7b62367e10a": -1, "41493ce2-f1b3-492c-9e17-c6a29f942d15": 0, "49778d06-ebf8-4774-9bfd-73b89a9bd201": 0, "628bb03e-8b53-4d15-82aa-c3515977829c": 0, "62b7fe00-5b72-43ba-8807-40b4ee1732b6": 0, "65e35969-fb9d-4bfc-9445-808e571c7d57": 0, "85b329df-3be6-470c-8eeb-260d74065111": 0, "871a8222-0118-4d97-a31a-620a0ef7177f": 0, "91b64262-64f2-4ec0-a4ae-995816415d33": 0, "99d36fb2-081a-47d9-9e18-614049147a33": 0, "a93b10fc-3a0c-4749-8539-345fc7f9c4b6": 0, "b23f33b6-82ef-485f-be1a-865c381932ed": 0, "b53b8fdf-ff1c-4a26-9a90-0a3018f12f07": 0, "b71c5210-4d3d-4983-87de-9d31846c108d": 0, "d6205f26-e5b0-40a0-b193-d4cc8628c4df": 0, "e94e4b86-8d24-4e36-9062-aacf9bcfdca9": 0, "f48b86b7-b6e8-4e26-b2db-7bdf15f58afb": 0}
1405	5000	15	19	21	12	0	0.981	2	1.0	11,4	0.8	1.0	0.833	0.129	0.2	2	1.0	12	7	6	0.833	0.129	0.2	0.833	0.129	0.2		{"1487670e-03d3-4d85-a5b9-6f1bfd0a0671": 0, "2346b05c-9286-4b7d-b7e3-231d767ec67c": 0, "29f747ba-e5f9-4c7c-8657-9590d586636c": 0, "394eb1a2-dc4c-4d59-8139-7153f9f6499f": 0, "49c5ad1c-3a97-4e9a-8aca-9fb7706339f3": 0, "7afe866a-931b-46e4-bcfe-d08b26b06830": 1, "7b15879f-5df7-4fed-ba8b-386171a437e8": 1, "94dbf6fe-b1b8-45a6-a050-1ecb02d19980": 0, "a2b42057-8225-48b4-ab40-5ee962df6804": 0, "a71a13b0-ea83-4dc7-8f8d-d5d27d5e6a36": 0, "b272df9b-dc39-4dc4-8b43-67233623a5ec": 1, "c6d918e6-4e5d-4634-a3ce-fad5e8e3d007": 1, "eb906f01-fff5-4569-ac91-a2ea0ecf4465": 0, "edaac35f-5582-4bf0-be99-634605487053": 0, "fd5b6fa6-2ceb-4201-995e-02538b11af83": 0}
1407	5000	16	136	134	24	0	0.958	2	1.0	8,8	0.7	1.0	1.0	0.0	0.0	2	1.0	14	8	8	1.0	0.0	0.0	1.0	0.0	0.0		{"02aed819-a92d-429c-a978-52b7e697eb3f": 0, "03d9f973-039f-4a29-ba80-88f002b40eed": 0, "07953fa0-45e8-4044-bab3-950af294943b": 0, "297f7a8b-0008-4357-87c1-3c4c5be2b2f6": 1, "29f747ba-e5f9-4c7c-8657-9590d586636c": 0, "347cc4a4-99e7-4240-91fc-bcbc3c4c1cbe": 1, "3ab7e896-13f5-4a1c-8b41-38a828dc7831": 0, "49c5ad1c-3a97-4e9a-8aca-9fb7706339f3": 0, "6457e68a-407b-4593-9f19-3e1aacda0cae": 0, "739dc804-4c57-44a5-8d26-54143b1a38da": 1, "78a37236-5541-4f5a-b747-d701506cfa09": 1, "80d82a58-f3e2-4e86-bdf8-8520558c4bd5": 0, "81732920-4338-427e-8659-4c1a9827cebd": 1, "954f7fc8-8b53-49c5-9cfc-e043d89a22cc": 1, "b2b578b5-2b99-4789-94ab-9f6c45dc9b7e": 1, "c6d918e6-4e5d-4634-a3ce-fad5e8e3d007": 1}
1409	5000	23	7	20	20	0	0.826	1	0.826	19,1,1,1,1	0.9	0.778	0.429	0.0	1.0	1	0.0	9	3	6	0.417	0.5	0.667	0.5	0.0	1.0		{"08c374c7-fa38-454d-a63c-0361c24b2994": 0, "0f2cca52-bc83-4130-926c-fb97c7bd2f1b": -1, "0fefebd6-370d-493a-80f1-43db88e47cf5": 0, "11a40347-ef21-41ec-be18-e4ef2e01df0f": 0, "1f68f48e-b255-4b49-9040-a74039bcad07": 0, "3112115c-7f03-458f-a1fd-8bdd83a7e59e": 0, "4f42f768-3bd2-4ecb-bc99-46fca928b783": 0, "5dd5a799-a2b5-48b3-8e28-3588f9f6cdfd": 0, "62091a4b-7f54-4c57-9d85-a91b12ac4efe": 0, "6a249dce-a30d-4743-8ae7-de5403bf757c": -1, "815c0b8c-ab06-4a49-bf92-6fd1511e4f6f": -1, "8343be14-c521-415b-b8d6-e07dfa33fb42": 0, "89402179-efeb-46d3-8638-a118765e0820": 0, "9f7bbe27-d836-4a70-b91e-67e680d2e116": 0, "a4ffda6e-d234-4a75-b07b-067a2b3329ba": 0, "a6d1cea9-e2ed-4672-b1ff-4f5f69cad2c0": -1, "c35070dd-42fe-4961-b39c-0c0e51f3ac03": 0, "c4707dc3-18b7-4476-b5bf-242aa5ceb2e8": 0, "c5dcba3a-1df5-425d-9377-052f80521923": 0, "cf5cfb0e-c4fe-4919-8c7e-203319b86e11": 0, "dea18e34-53ad-4ebb-82f1-504f07c3f2a3": 0, "ede6621d-fb72-46c2-8260-a45ce1bb35e5": 0, "fa142f05-d068-4225-bbb0-548ebf9c569e": 0}
1423	5000	14	24	4	0	0	0.22	1	0.571	8,1,1,1,1,1,1	0.3	0.8	1.0	0.0	nan	1	0.0	5	1	4	1.0	0.0	0.0	0.6	0.0	1.0		{"1aeb219b-f4a2-417a-b46b-3782c30ee6ba": 0, "2079ba59-ee21-4790-bf6a-d4be487ecaca": -1, "2c66e2b1-3ad5-4dda-9831-5ab58c1ae0e7": -1, "4a6f70ca-03b3-48f9-925e-6a9efda83ad5": 0, "68844038-5ad9-416d-bed0-09279329992a": 0, "6b6e5cf4-c48c-47dc-82bf-e8b926429db0": 0, "789a6de7-a50b-4b35-bf3f-afffa28f4aa4": 0, "a25d4c09-473d-4036-87b2-6a3070f3d0d1": -1, "a7133526-75a1-4b87-8a97-7cc1dd148405": -1, "b0bab528-310b-4074-9bc8-814550fffa48": 0, "bfa6689a-8104-48f7-b4ed-99a7caf46395": 0, "c1d9cc5c-a9f5-4e3e-ba0c-f255c0456a8f": 0, "d710d5ff-6a36-468f-bcd1-d2c6555e40fe": -1, "ded28d02-4789-4e4a-aca8-71ae74bd9222": -1}
1425	5000	11	72	66	11	0	1.0	2	1.0	6,5	0.3	1.0	1.0	0.0	0.0	2	0.633	11	7	6	1.0	0.0	0.0	0.818	0.2	0.167		{"3aea2158-a4ed-4250-85ae-b6d1a05128ec": 0, "4c263ddb-f1f3-490e-a4f5-4069b88e3870": 0, "56cfbb7f-f2df-4c2d-8b70-bff5bed67b2f": 1, "8146442e-36c9-4451-ad64-c99bab7720c0": 0, "8e2787a5-f96f-4706-8d60-57598aa792c8": 1, "960b5a6d-4f37-4a68-9b19-fb1c9a984ae1": 0, "98dae113-7755-4191-8abf-76d67a33702d": 0, "bd4a820b-ea32-4b7d-9a8d-adcc23faf10f": 1, "c870538e-6927-4dec-a54f-4c2e0915d22b": 1, "ed5490ae-37c8-4d76-b155-3264c8d1380b": 0, "f93846cc-ace6-4b13-81a6-425f0413bfcb": 1}
1438	5000	24	139	127	19	0	0.935	2	1.0	15,9	1.2	1.0	1.0	0.0	0.0	2	0.681	23	14	9	1.0	0.0	0.0	0.913	0.102	0.071		{"26c0a358-4c7c-4624-b5aa-bfd9d1f59789": 0, "3b993b93-f182-462c-b69a-38215f875a54": 0, "3c0b862e-f302-4f05-9b7a-ae4d82f7fa4f": 1, "419d1881-bfad-456e-a8ee-3f493f293d73": 0, "4b7a5cb3-b60b-48d1-b2ac-e07dbf441190": 1, "577066d1-6232-4001-8c6e-e83d70a5ee9f": 0, "589104b9-3b3d-40ed-b40d-c061dbe3aebb": 0, "6cd078fc-b6ea-426e-a8c1-4beea99b3a18": 1, "753d4081-c138-4744-bfbf-f787510e61ad": 0, "788de5f5-70ad-4d87-86bd-2f132fa6b21c": 1, "7c7b77ae-a64d-410e-b0a2-81d3f7517fb7": 1, "81e8cb61-f038-4c2f-b1e5-2ebf4bb73714": 0, "949e67b8-bd38-4e50-ba4e-c1901458eb49": 1, "95917ec4-427e-42df-ac7d-1018983451d6": 0, "9db6269c-faed-4d2a-a958-a48d79dcfeda": 1, "a563d7fe-e5dc-487d-a813-61e98d3bc101": 1, "a79220ed-545e-47f0-bd3d-d8dd7a46ba8c": 0, "b211384e-4509-4a21-a323-492b7a73cf4a": 0, "b38631c7-6927-42fe-bcd3-7ab3a297fe21": 1, "b5734ef2-60f5-4f30-a57c-1730a0c98487": 0, "c0c81241-05bd-4f1d-9bb5-2b72552a1b74": 0, "d2d63abf-9223-41b8-ab58-caf3774fae21": 0, "e5347dea-4821-4f8e-a9ae-83f9f5ee6ee3": 0, "f6f92577-0c7c-4122-b912-f8f54db397b2": 0}
1439	5000	23	236	247	20	0	0.988	2	1.0	12,11	0.9	1.0	1.0	0.0	0.0	2	1.0	23	14	12	1.0	0.0	0.0	1.0	0.0	0.0		{"001bde1e-4580-4086-801c-7f95d085c670": 0, "011abe0a-ac8c-4bc8-b914-ec76be778c2b": 0, "28d55fc7-1b18-4de0-b98e-32edfa4c7b22": 1, "2ff68107-4a67-4bea-8a5d-fea9346ad95a": 1, "370a4d9a-05f4-4170-b34e-a5c0bb5b5166": 1, "426a18d5-be66-440e-86c5-9ebc4aac9bac": 0, "4935e75d-fce6-4d2b-8f5f-60ac0fc0bbe6": 1, "52e951d1-f382-4c4a-ba39-9df2a8ee6e0a": 0, "5bc80c25-1cff-4d8a-8eb9-b1d76ceb9ab4": 0, "5d6926fc-f402-40ba-ba90-cbd16774c3c9": 1, "6d91908f-c8e6-47f8-be31-951ab8a8126f": 0, "6e4684e0-528b-4ddb-913a-da220821eb23": 1, "8309490b-ce9b-4aa3-b819-283ca93983ad": 1, "85ae218f-7e67-42d8-8f35-21db49797394": 1, "92a296ce-94f2-4600-a511-304e1ac1865e": 0, "9e644967-97a5-4037-af95-ad4d9c077d78": 1, "b51dcec8-0672-4c29-b716-8def9a461e27": 0, "b84755df-c1d5-4b07-82fd-4340e464ef14": 0, "d1ec66af-eac8-45f1-90f7-1294f2998b0c": 1, "e01b0adb-ba62-43b6-a44b-0c54471754e8": 0, "ec4e749a-4060-403a-bccb-d0b6df49512a": 0, "f074383d-83d4-42e7-b5b9-d804bbdd7d8f": 1, "fd7dc4b8-589c-41f3-8f7f-a9e2e6dadb03": 0}
1440	5000	24	571	536	19	0	0.957	2	1.0	13,11	1.0	1.0	1.0	0.0	0.0	1	0.0	24	12	13	1.0	0.0	0.0	0.482	0.0	1.0		{"09b86698-a671-433d-8d04-460f957dfa3d": 1, "1966611e-0a82-4b44-b47f-d7dcea59188f": 1, "22c6475d-8ee1-4afb-aeab-e0bec3895099": 1, "342d7336-1338-4955-8461-0d7357b864ee": 1, "3466a8bc-0277-4d0f-9a4e-3421629c415d": 0, "37530ab5-8426-41be-935b-9ff2eb3fef96": 0, "3cdbe053-8fc3-4f45-9c39-0a809bdffc68": 0, "4464c195-2568-40df-ad0a-78cd52e5175d": 1, "5e294cc9-5dfb-4b79-81d6-88f97e61f9b6": 0, "64a0cf2e-f4c6-4a67-a614-e63024b01f9e": 0, "6ceb3564-0778-4404-acb7-588cea0210f9": 1, "81bfa970-9f8a-4ce8-b6f6-a5b18b1ab5cd": 0, "8975274a-b137-42ac-a898-d2d4c4396ae6": 0, "8d75ed60-765a-4b56-a632-2483596b9f09": 0, "8e65a213-0ec7-4b7b-a4c4-fce1535145d3": 0, "973e6f22-6b8d-4d14-ba45-e6f8c2aeb3c0": 1, "99188c6b-b41c-416f-ab1d-48d04da1f803": 1, "9d2e65a7-a77e-41ed-9a51-069c791c3acf": 1, "b61931df-4005-4808-8599-500feb6f51ec": 1, "ca0594f9-9b4f-4256-a2aa-2e550700b9eb": 1, "d128b408-ba34-464e-88b7-fc876f739fd4": 0, "d1b92220-c0b0-4912-b405-531dfffd93f4": 0, "e01d670d-cdee-4d09-988c-2db29a7df8eb": 0, "f25fab57-ad32-45c2-8d34-229e37d7dd70": 0}
1441	5000	21	237	259	34	0	0.995	2	1.0	11,10	1.0	1.0	1.0	0.0	0.0	2	1.0	21	10	13	1.0	0.0	0.0	1.0	0.0	0.0		{"121a8033-0bba-4959-beb2-9a927f84e40f": 0, "1a8e269c-095b-46ba-8a20-8277cdc93111": 1, "2c28e064-4948-444b-852d-d263c2978107": 1, "32a3e386-5dfd-4ec9-9ad5-1da6f94471d5": 0, "35a91a28-91ed-431a-9cdf-aeb97fd5be49": 0, "3bf30796-145e-40ce-98c0-1a588125e335": 0, "3d7c280f-a398-4471-958b-1c5a1749afb9": 1, "484bedc1-9778-4d53-bd31-97a3c148b8db": 0, "4f59c1b4-ba6a-44d7-a652-1919b1876591": 1, "51e6d7b0-df25-4887-aa2d-b17a6d5e371a": 0, "5c93ea72-044a-46fb-89f2-acdbe0c4199d": 0, "7e492e31-6026-463b-92f8-90c997d7da0b": 1, "9a927636-0d4d-4bea-a794-71049d8fecc2": 0, "c22d8448-65da-4c3e-83be-d6ac87724dbb": 1, "c51be590-4534-482f-bbb7-d2ddade27f28": 1, "c7af76e5-29d2-44a2-9235-bf66d9c5d6c3": 1, "d406bd0d-2159-4db3-8217-b301709c14b9": 0, "dae5ab9d-b44f-4fc4-a4d4-9142306747ef": 0, "e63ca3e3-8468-453c-af5c-8672e6d31fc3": 1, "f7890eeb-d5b5-4547-9902-0714b600a67c": 1, "fc9e0728-0cbb-4074-864a-2d3ed73b0b76": 0}
1443	5000	18	65	35	13	0	0.83	2	0.889	12,4,1,1	0.7	0.9	0.778	0.222	nan	1	0.0	10	10	1	0.822	0.222	0.0	0.8	0.0	1.0		{"2fa80964-92f2-4865-ba68-ab8cc770a90a": 1, "555ff6ce-7494-4e4e-8b0c-c83071ebf325": 0, "62403a06-b2f3-4c52-bcc6-b19568c64d11": 0, "6b27d0d0-f964-478d-850b-f1a862edf975": 0, "6c493590-7eb2-41fe-b2d7-853769e8e009": 1, "822a8fba-ddfb-4fc8-9ebd-b1e0a26170ee": 0, "836b8b28-e1d2-434a-9273-26850885545f": 1, "950f0f9e-6c83-42e3-b309-3a2779ddda4c": 0, "97355da3-0526-4767-9539-e44ee96cce5f": -1, "9eb76dd5-cc2f-4490-8023-f4f1c57919d7": 0, "a63ab5d0-8dd6-40db-a05d-7afe34593fe4": 0, "b9c96dda-d3a1-4355-af56-667525602f29": 1, "d2a27c32-dfa4-4de2-b3a0-0b3beedf87d4": 0, "d7178ecf-7dba-4707-beb3-bd8cc30fff7a": 0, "d82f959b-89ac-49c4-82fe-054920eddf57": 0, "e4c5e4dc-7a71-4049-aa0e-1d5076471de2": 0, "ff656c42-e0b8-4b17-a4ea-9a9266df542b": 0, "ffc51264-4108-4a50-8947-3ca898fa8372": -1}
1456	5000	23	332	303	20	0	0.976	2	1.0	15,8	1.1	1.0	1.0	0.0	0.0	2	0.826	23	8	17	1.0	0.0	0.0	0.913	0.105	0.067		{"057e5571-04b6-40a7-8a57-afb8d0c5c009": 0, "069a7988-dc12-4b3f-8bc9-ab91a73ed238": 0, "075ef797-5ab8-49f9-8713-2c95785ef646": 0, "08f7bc80-cd5c-463f-abca-676f9561683f": 0, "0fe147fc-4a21-4582-913d-79dc83f70987": 0, "2494caf1-3aaf-44d7-b125-979f71f2df92": 0, "40eec883-bef9-442e-b283-14f2e844e1e0": 0, "553645f7-f101-4b35-a14e-0510f93e12e6": 0, "56d6c8fc-8642-4366-aefd-1c7808c13cdd": 1, "58c55073-0dcd-4b6c-91fa-2633ee2740ca": 0, "5d777b6f-beba-44a8-a65b-00174b3a9912": 1, "73df8993-905e-4b46-8c57-d39169fe21c9": 1, "7aa4f3b8-f04d-479b-b455-90259ffc3d26": 0, "7f3e246c-4e21-4156-9424-d55d0b544747": 0, "82dbab4f-a412-42c6-9e7b-09b7d9c85fb4": 0, "9b54d5b1-1ba9-46fa-832c-2108e966413b": 0, "a8795b2a-ed28-43b7-a11d-b8a022e3da5f": 1, "b47ee972-5ba4-45de-a65f-57174e1bbd3e": 0, "c22bb26a-468d-4c05-b414-5404393833a8": 0, "cab5e4cb-91a8-4fd6-9512-79dc66782b08": 1, "d18b7e1c-112d-4ea4-8098-7e94113d43a5": 1, "d37b85d4-d932-4da0-bc1e-43e68b1edaf8": 1, "fcaa7ba9-ccf5-47a8-b096-e44f18bd0fd4": 1}
1457	5000	24	264	255	34	0	0.975	2	1.0	15,9	1.1	1.0	1.0	0.0	0.0	2	1.0	18	8	10	1.0	0.0	0.0	1.0	0.0	0.0		{"00b90783-b1f5-4f3c-bec6-b931b2638ff1": 0, "0735f4a1-22f9-4f30-b757-438bafdff7ab": 0, "0e3c75d7-fdbb-450d-9df0-be15dc91900d": 0, "1130f7f3-8d5d-463a-8755-67e64a0d8ae0": 1, "22e77531-5678-414b-a43c-3cb7cee4f174": 0, "44a4e2a4-7520-4fe4-bffe-62f49ab10eb4": 1, "4c3e200d-da79-4081-902a-75474a4975d1": 0, "556558f7-e028-45f7-a5bf-aca4ad75de11": 0, "7107e3ac-0282-4c61-ae0c-ddcdca57c3d2": 0, "741e3765-5d80-4361-9102-eea6fca4421e": 0, "768f9027-bb3f-4f05-b647-7a8f70be7a05": 1, "8b0a6786-fb66-4c11-a791-cbb1922a0f44": 0, "9c1d09fd-8be7-4d44-abcb-bdc70408de3f": 1, "a1795e51-17f2-438f-8426-cefa12dec844": 0, "a361a50e-7e94-48bb-b611-27baaea69e0c": 1, "b86f06fa-99d6-42d1-a727-8a06f0a9753f": 0, "baf9f404-b2c6-43c7-9ddb-c1f1699c30c1": 1, "beca2146-2c81-4363-9f51-4ad12d8a51b8": 0, "ce86f3b3-eb6b-4f6d-87b0-8330299e63cc": 1, "d5f1c244-d5ca-40cb-a2bb-8cdbb9e072f9": 0, "d6104ebf-67c6-49c6-9b72-a5875e65f7e0": 1, "e1759c5a-4a4c-4e54-8634-4a786ebda943": 1, "eaf1b349-772a-40f1-8d51-f22f1c259961": 0, "f208731c-591e-4328-ac29-de817c295f37": 0}
1472	5000	27	127	92	23	0	0.915	2	0.963	15,11,1	1.3	1.0	1.0	0.0	0.0	2	0.767	22	9	14	1.0	0.0	0.0	0.909	0.07	0.111		{"07560cd6-b76f-4db9-b9a9-457f991fb9be": 1, "1439e757-193b-47b4-922c-540800f15c70": 0, "2418f36a-76c6-41c6-8f30-57b8bca84968": 1, "2deeadc0-a9d6-4e56-9d77-84c2880959a5": 1, "2fdf9fc2-7c93-4021-9d8d-8ff6647c7b30": 1, "339d0eac-52d6-485a-913e-002d409e5686": 1, "376ce1c1-c0b5-4bf0-aa8d-045e17cd8dfd": -1, "3ba420e6-5f39-4b63-9e57-1a0591d4f7d4": 0, "5be09d0d-3963-4cc7-a7d7-7bbb107ad928": 0, "62391e30-778a-4606-b275-268a3ad07345": 0, "7db1b76d-99f1-4c01-89fc-100e3a365be7": 0, "848cf677-41e7-4996-acbb-30624dea8478": 1, "891a13c1-0dd5-49d3-bd32-3ea39391204a": 1, "8cbca939-5d46-4716-bf9a-a40c3aa8002d": 0, "90293cd0-7365-4589-90a2-baea2cda9b04": 0, "94acfae1-2dc8-4df6-968e-1671d8086627": 0, "9955ba8e-5fcd-4bf6-9c54-d3a015650ecc": 0, "af74aba6-f4ed-47e0-9c3c-8372239059e2": 1, "bb45a81f-c927-48e0-bb15-19a5e6bce791": 0, "c38c2bce-e8a3-481d-9c16-eccf9e1b3a21": 0, "c44d0907-3427-4128-b83f-a8ead565da75": 1, "d62b6235-fca4-403f-8d16-a2516c079948": 1, "da89af80-dee0-41db-bd37-f7e42643821a": 0, "de79f260-e445-4945-9dee-4b821cd8aaaa": 0, "e730fce6-29ea-41ac-9835-9f3a6fa5be19": 0, "f241bd38-8f84-47b4-b900-e4fdd9b0b0a1": 0, "f8421350-b844-42a2-bf34-6e760b1fd353": 1}
1474	5000	16	255	224	28	0	0.967	2	1.0	11,5	1.0	1.0	1.0	0.0	0.0	2	1.0	16	11	6	1.0	0.0	0.0	1.0	0.0	0.0		{"022378d0-37de-4d3e-ba5a-016418829f18": 1, "22b60512-01a3-4f16-9006-31e6c7d25bbf": 0, "22ec66c4-4b49-4b23-8e8b-81cc36c2eccb": 1, "4542d458-1a83-47c2-beca-70fb40069676": 0, "45a4ef5e-cf06-41a8-b3b5-bfe68688a5ca": 1, "49fbd905-9ba9-4961-aa02-9337d9a01f6c": 0, "4d498f69-3f1e-420c-9115-22268b057f76": 1, "64b283fc-8262-4169-9717-71b4ba2de17c": 1, "68938f13-5a17-4d2b-ae91-a1968ddfeaa4": 0, "7d015d26-1813-4da2-8c9d-cd0cdcacedac": 0, "8db6c4bc-a757-4785-9052-f5c5f8534f8c": 0, "9ba89181-12c0-4ae4-83fb-60ed708e54ac": 0, "ad35cbef-b473-4ad5-9f5c-7803332cd4e5": 0, "b99ec2c2-dec0-4118-8f1d-4515ea5f5e09": 0, "dbc2b724-0a1e-42e3-a2ea-53f5e02b5fd8": 0, "dfbd2c9b-9b66-43c8-b15d-bcdb49ce53c6": 0}
1477	5000	28	63	0	0	0	0.0	0	0.0	1,1,1,1,1,1,1,1,1,1,1,1,1,1,1,1,1,1,1,1,1,1,1,1,1,1,1,1	1.6	0.0	nan	nan	nan	1	0.0	13	6	7	0.538	1.0	0.0	0.462	0.0	1.0		{"04db2a11-eea7-425f-8c6e-7c28214d2146": -1, "16b524e1-7589-4494-a7ec-600d8f7174a7": -1, "1d486b2c-2a68-4c0c-a84d-4acdee88c894": -1, "1fb0714c-5154-4cc3-979a-98dd2a7d2699": -1, "35efa6fe-4076-4417-9b87-bcacf3a3ae3e": -1, "4859d18f-9c28-4bcc-a024-a903f2547160": -1, "4ec4b7bc-f0ce-4292-acfc-a34c087657ce": -1, "50df9649-6109-40db-b50c-cb44fa6ed952": -1, "540c200f-b391-4b59-89cf-93b4b46367b4": -1, "627c9026-953e-43ea-b412-9e1a1f78d5b5": -1, "642a7446-3859-492e-b971-2985fde76cfe": -1, "6a5f2d3e-08ad-4317-9216-012e3cc71cad": -1, "9ca7306c-e137-4603-a1f7-f8a212978f9c": -1, "ac412dec-455d-492f-9f5a-9734569bfc64": -1, "bcf01f91-9007-4166-8bf4-6ce3e9c347ea": -1, "bee8e169-c409-4ee3-a6cc-7b3bdc665742": -1, "c9cec09c-84ec-44db-87b4-da3efa3be5ba": -1, "d131e4d1-22ca-4cbe-b117-df42c66ca052": -1, "d841094c-fc0f-433a-ba74-5542a089e30c": -1, "e95dd7aa-40ba-4739-b708-ebae6348717c": -1, "ec1a05b7-aae9-41f8-b3d1-cfefd138c177": -1, "ed15c08d-6682-4856-9373-fc337e05c03c": -1, "eedce1b8-8729-4129-af6d-2da756916003": -1, "eef90186-7319-486a-bca8-9b9dcfd6fb43": -1, "f0444146-e553-41a4-92e7-783c0011aa3a": -1, "fbbfd89a-aa4f-4206-b8dd-fef4d77ecf66": -1, "fc62ed6c-a4db-493a-a319-21681b5b277a": -1, "fda93551-861b-413c-af41-4745a2698070": -1}
1481	5000	36	949	986	58	0	0.987	2	1.0	21,15	5.2	1.0	1.0	0.0	0.0	2	1.0	35	17	22	1.0	0.0	0.0	1.0	0.0	0.0		{"016cbfea-e8db-4f96-afb4-fc3f5dcc5b03": 0, "072b3b90-7b28-4b03-b4ca-2fb8c4a42cc6": 1, "076d65af-4bd7-4c09-a082-7db82db464a9": 0, "076f0261-bf69-4123-9265-4776b3b13e2e": 0, "07f675f1-5319-4856-b20a-30df02557aff": 0, "0a4162b0-0aa5-4473-8ec1-dd827350b1c0": 0, "1873065a-aa07-4afd-84fd-35573f11d725": 0, "203b585f-0a41-4f4b-8547-b0e504a0f49b": 1, "24d7c948-9af9-4b15-84f3-f77ed6dae0bd": 1, "25cc126f-dc98-4fb2-9e45-7100125ce5d0": 0, "2cc89972-0f8f-49d1-b74c-7abfb5e32d14": 1, "2dfc25d7-5f90-4cee-91de-1639d589613b": 0, "3c11ea84-a7ec-4d9a-be87-4d2f353234a7": 1, "44b9c811-f8b5-4c27-bdd2-53c5a5fb4c69": 1, "5ace0edd-d441-4358-b856-cfcbb0232063": 1, "5c9cbba1-62f2-4b6e-b784-4bb3dce3fca9": 1, "616d192f-6647-427a-b3a0-06c93ac9abc0": 0, "6c2309a5-ae08-464b-a435-3e8954a5c436": 1, "7fe55712-5420-4674-993a-9f0e3d8937df": 1, "8f9e5ce8-6ddf-4ed4-a8e0-8ebddf34685c": 1, "8faa2594-43ef-4596-9d32-ccb38aed665b": 0, "90f6c420-0e83-4b3e-809d-79c97a134bbd": 0, "92afa813-de67-4a0a-add6-fe00d1e6ec8a": 0, "93f0eddc-71fd-45e0-929a-ff47d6731591": 0, "94d8ae8f-ec31-4fe5-a9d2-d92fbfb8e018": 0, "ae0afe23-1589-48f8-8342-3eb1ac29267b": 0, "d6c8d164-0007-44a2-8187-a0f2403a59af": 0, "e21aec32-2fe1-44c0-81e0-6ed041f5f48e": 0, "e80f6ead-36bd-4221-b44d-8cabe0791d6e": 0, "e9991b7e-3d68-481f-b4ac-8450487e15a5": 0, "ed1480e0-c7ad-4d5b-b466-a38f5101bcbe": 1, "eddc683f-5dcf-45fa-b5c3-2ac3683904e1": 0, "ee1ff48f-f3ea-45cd-a12f-99eb04e2750a": 1, "f43f27b6-b1cc-4c9f-b018-64bf89ea588e": 1, "fd6c0ab4-f064-45b5-95dd-c85ada30fe87": 1, "fd6ee9d8-7fe0-46c5-a555-6e9ffa9c2c90": 0}
1482	5000	22	179	161	21	0	0.978	2	1.0	13,9	1.3	1.0	1.0	0.0	0.0	2	1.0	21	13	9	1.0	0.0	0.0	1.0	0.0	0.0		{"076f0261-bf69-4123-9265-4776b3b13e2e": 1, "1d876977-d8ab-4828-9683-29e851d783a2": 0, "2287579d-164a-416a-b285-d816577038a6": 1, "2a2c03ae-8f39-42f4-8d1f-764bf4536515": 0, "2bd1efd0-2269-4d31-8069-65e977052140": 0, "3ce7d676-7e4d-4066-8294-f6a804075cd3": 1, "4ab29b77-e4cc-4a68-8e7d-adf9ef28a6dc": 0, "7dc680f2-4a3f-4bd3-ac69-52f935346095": 0, "81634cc3-9946-4845-8c9a-1cb0587bb449": 0, "8eb40a4f-fcee-41f0-a201-b4df1b152f61": 0, "9ac2e4ec-bf7d-4351-bcc0-f525af445ab4": 0, "a185f4b2-207d-44ae-acd1-a07a26cc3876": 1, "a6f578c1-ac68-4dd7-9d87-08ad3703e2be": 0, "a9c49915-07d6-433c-b073-094832f2ddbd": 0, "b8271026-bd01-46c1-a87e-2a04aac10af1": 0, "be5c3cc6-a1e3-42be-a0e1-328334f65f84": 1, "c06239c3-83a2-4fd5-b139-8e6f1b825202": 0, "cb94dc2f-39a6-4ae7-9786-e9f54dbe136b": 1, "e2424ef4-7561-417a-a570-aa4b18d32e1c": 1, "e7abb6de-f85f-4a2f-abab-ba81fe994ec3": 1, "f585162a-b562-429a-8daf-8019fbb66dc6": 0, "fcefd400-adad-4895-8b71-ad77b70dcd82": 1}
1485	5000	23	150	177	54	0	0.953	2	0.957	11,11,1	1.6	1.0	1.0	0.0	0.0	2	0.913	22	11	11	1.0	0.0	0.0	1.0	0.0	0.0		{"138820bf-763f-42d9-ac51-b8b67efb314f": 0, "22865145-2a49-4a14-8583-2fbc799abd1b": 0, "2373f50f-cc9b-4c9b-bff1-ce4661971e6c": 0, "3c984b91-1afe-4794-97b0-37e4d09005f0": 0, "47469fb4-a499-4293-a2b6-06ba241895ca": 1, "4b35a89d-b020-406c-9022-6ed1e0c8bf55": 0, "4b851efd-25be-49c0-abc9-2d59ebe130b2": 0, "4bc796c2-bd56-48bb-8d6a-1021d2cba53a": 1, "54550d1a-da05-4a31-97de-1c33dcc3f245": 0, "5cc54a00-556a-4b45-9a81-cf5afe604ee7": 1, "6056b662-e3b6-4eb4-afb7-542bea510953": 1, "75331f62-8f0d-4e65-af4c-1b62eee69c61": 1, "8dbff6f3-1de3-4c29-8bb8-37e915f51615": 1, "9ea241b2-b24b-4654-b8c1-ff8959257b39": 0, "a4dd3d5e-a920-4b3f-80af-4e3620dedc33": 0, "bf15d1f8-3ec6-4c8f-8629-f0748e207a97": 1, "c1c55441-b7e1-404b-bd69-6ed6f3e07122": 0, "c331e26e-f6c9-4c40-9e46-0f2df1296754": 1, "da6bdfcf-c318-4a2d-9dda-642ddf806e32": 1, "e472a1dc-35dd-401c-89c0-374eae6b1d71": 0, "ecf45e15-efa2-43e7-8c08-46b08df6fa63": 1, "f4aa3a28-8185-44bb-a0b6-56197704f511": 1, "fc94e168-eb12-41ad-8dee-f4d50048c332": -1}
1486	5000	21	109	105	32	0	0.952	2	0.952	11,9,1	1.5	1.0	1.0	0.0	0.0	2	0.466	18	10	10	1.0	0.0	0.0	0.706	0.205	0.375		{"138820bf-763f-42d9-ac51-b8b67efb314f": 1, "2373f50f-cc9b-4c9b-bff1-ce4661971e6c": 1, "3c984b91-1afe-4794-97b0-37e4d09005f0": 1, "47469fb4-a499-4293-a2b6-06ba241895ca": 0, "4b35a89d-b020-406c-9022-6ed1e0c8bf55": 1, "4b851efd-25be-49c0-abc9-2d59ebe130b2": 1, "4bc796c2-bd56-48bb-8d6a-1021d2cba53a": 0, "54550d1a-da05-4a31-97de-1c33dcc3f245": 1, "6056b662-e3b6-4eb4-afb7-542bea510953": 0, "741b8692-1d1f-4fb4-ab4d-9a817f674680": 0, "75331f62-8f0d-4e65-af4c-1b62eee69c61": 0, "8d458257-6517-46bb-98ab-6233144a0f8e": 0, "8dbff6f3-1de3-4c29-8bb8-37e915f51615": 0, "9ea241b2-b24b-4654-b8c1-ff8959257b39": 1, "a4dd3d5e-a920-4b3f-80af-4e3620dedc33": 1, "bd3b417e-8325-4703-b152-43121885de79": 1, "bf15d1f8-3ec6-4c8f-8629-f0748e207a97": 0, "c331e26e-f6c9-4c40-9e46-0f2df1296754": 0, "da6bdfcf-c318-4a2d-9dda-642ddf806e32": 0, "ecf45e15-efa2-43e7-8c08-46b08df6fa63": 0, "fc94e168-eb12-41ad-8dee-f4d50048c332": -1}
1493	5000	27	380	387	23	0	0.983	2	1.0	15,12	1.2	1.0	1.0	0.0	0.0	2	1.0	27	15	15	1.0	0.0	0.0	1.0	0.0	0.0		{"11a1b045-9788-4b6d-9384-98e97e291f8d": 0, "16d3232a-0375-4374-84aa-d67d4680bb13": 1, "1e03f299-925e-4eba-99cd-08d2f5b38662": 0, "27e155ee-3ec4-4172-8828-e887c07b1a6d": 1, "2939cbb7-1f99-4c41-a74a-b6dd72e2eb97": 0, "2a74e1c6-4531-4852-afe8-0ae4c3ee742e": 0, "354f3329-4a94-4d23-990b-ff981ed338dd": 0, "3a61aa87-9b98-4dab-8724-e1bcfe8817d9": 1, "47402441-cff1-48fd-abf7-bfe97befb27f": 0, "5057b2a8-8a45-4414-98ea-a80d7b9ac206": 0, "52e20b02-fa20-4e8b-97cb-8120b5c6a9d2": 1, "5d86c2ae-b4a8-4ca8-9911-fd5b893acbc6": 1, "63fd7ad9-ab24-449f-b536-f7ef1b7008c5": 0, "65a8d7fa-6cfa-4cc6-bd16-cd98961245ac": 0, "8b8ee701-51ec-4188-9037-eb3f99808533": 0, "98d0e5b7-636d-4506-b581-7ad1aea5d10e": 1, "aa1c645e-0143-4ac8-96a1-562a304ea2a3": 1, "bb090794-b2cb-4f0f-969a-1f499ada43b0": 1, "caabc6d0-f359-4193-b55e-bea61c2c4329": 0, "ccbf30e5-1541-4c6f-977b-f6634c528e5a": 0, "d1c7677c-40ac-4f80-94b1-9630d9109078": 1, "d40bbeb7-27ac-49a9-a469-63f99cddfd29": 0, "e02387cc-8a7d-4605-bf50-12524c8d69f3": 0, "e10e0ec4-d354-4a22-bf6f-4dcd665d62ae": 1, "efdf072c-27d7-4b24-b1bc-8b7b412f9d90": 1, "f464a56d-9066-490b-8eb2-fc2afc028261": 1, "f80af310-416e-4d4e-acc8-b229abb29759": 0}
1495	5000	13	40	36	12	0	1.0	2	1.0	7,6	0.4	1.0	1.0	0.0	0.0	2	0.692	13	6	7	1.0	0.0	0.0	0.846	0.139	0.167		{"0abdbddb-dbd7-45bc-8b8d-a126b5629b09": 0, "2ea329f9-e962-4470-8481-c4766ddd0d2b": 0, "354736fa-8cca-4be3-9cdd-1abce5f7fc3b": 1, "712c0fca-8b16-45ce-b301-7768826bb336": 1, "825d9029-4788-4e0a-9398-6e08a0be0948": 1, "9320391a-0dda-46a2-ba46-533128e53ff8": 0, "a48c4179-f4ba-4242-9fcd-dfa023638175": 0, "b6aa7c8e-121b-4af1-b4e6-48167b701ee7": 1, "b8b61e44-f0b4-4fc6-a451-da331153d134": 0, "dd816747-09b8-4ca6-b56b-f0f63f2c3e67": 1, "ee20abbf-f3da-4e36-8ad3-6e6e37e2c563": 1, "f6923d78-3095-4084-978f-39660fe58eef": 0, "fc421f6a-1b4d-422a-959a-ab7e2bb7a244": 0}
1500	5000	19	156	113	0	0	0.871	2	0.947	11,7,1	0.6	1.0	1.0	0.0	0.0	1	0.0	18	8	11	1.0	0.0	0.0	0.497	0.0	1.0		{"0f062694-6682-4b9e-9034-77918bc898a1": 0, "1d3157f7-a415-4bb0-a855-1a28114eabed": 1, "30fbc7d6-e5af-4b27-9028-836d67824310": 1, "367b2c77-7def-4657-acbb-cd3421c7b95e": -1, "40f14366-b340-4d22-ab28-d9f33436ae5c": 1, "430a8eda-e682-48dd-a981-ded2a8c68a59": 0, "51c6ec48-6487-4eff-9e4d-b8e96d46fe53": 0, "53012578-516f-4daf-b1a3-e643053f0e01": 0, "6f42ce09-f4fe-4bbf-b11e-1b36ec35c927": 0, "722091df-794b-417e-b6f6-2ac1d5b9901d": 0, "76bad756-a4ef-4894-b713-e48cc8412a0f": 0, "9c2f7634-829d-4c38-a0e4-e594ef219d24": 0, "a3d64a10-3755-4987-9887-d48c3cf5ad2e": 1, "accfd719-04fd-4ed3-9822-13570723dc91": 0, "aebf8c67-02d7-4b6f-9f0a-88d9a7732829": 0, "c93f46b3-44e9-4a9a-9b16-ce1052313a8a": 1, "cb2ff74c-057c-49d9-b975-23d981a9711b": 1, "cb7f457b-fc1e-40d0-aedd-9285101e977f": 0, "eb4d6511-078a-4690-83c3-5e1d9b3ce0d4": 1}
1506	5000	17	105	41	12	0	0.831	2	0.647	8,3,1,1,1,1,1,1	0.8	nan	nan	nan	nan	1	0.0	0	0	0	nan	nan	nan	nan	nan	nan		{"1d7e675a-f38c-4f9b-a08d-20273cbacdec": -1, "3a7724ab-f65b-41e4-8ba8-8e2313ec884b": 0, "3b404b72-5d45-4049-b258-00179420e196": 0, "432d0beb-3511-4f8e-80f4-cde3aa8b6122": 0, "57bee42d-d655-42a1-b725-e54d793411ec": -1, "6136f5e6-041a-4b1b-a7fc-9fa699d5b268": -1, "6425095e-856a-4b41-9404-c87e17377933": -1, "662ee75f-e396-4e07-87a1-ed2e600a4620": 0, "a629d647-4cd2-4dca-8e4c-8aaeb4dab2d5": 1, "a8253339-be95-4906-b1b9-b5ad6f3364ba": -1, "ae49ddfc-7be7-4eed-a261-5bcad32c4462": 0, "b1bc8a5c-0e1d-418c-b990-9a0ccac97fbe": 0, "cb871f16-45ce-489c-96f0-684c9e734f17": -1, "cbbf396b-19ce-4766-ab7d-1fd43d3187ce": 0, "e00ebef2-1642-4c53-9e52-8d53da3ef258": 0, "eefc801e-c348-4246-81e5-7da6c356d946": 1, "f7b62b89-b545-4715-8890-7ed7f390dde1": 1}
1510	5000	13	188	180	9	0	0.962	2	0.769	5,5,1,1,1	0.5	0.769	1.0	0.0	0.0	2	0.574	13	8	7	0.795	0.444	0.0	1.0	0.0	0.0		{"0217bc29-4d32-44fb-8fc1-7b98bec037bb": 0, "0a42db35-cd75-41e6-a0ec-e14315fe351b": 0, "104ae557-f441-4201-a30b-80620e8bf60d": 1, "25e1e5b2-1d48-451f-8e13-d723e5f727df": 1, "4f84eadf-9e58-4586-b1a7-28c287678e5b": -1, "70f042f3-599f-4f2d-a1c7-1e5f1a34f50a": 1, "7c38fb28-068f-401c-9400-1c3fd9983535": 0, "8024c54d-dc7f-4521-9f96-e3f11ea3b7f7": 1, "8225e6d4-e03b-403a-8bf9-8e72e1ec8383": 0, "84a69404-0b9d-411f-ba09-a6ddf1f8ce39": 0, "872f7ec1-1ad4-47ad-8ade-12442c4f7c28": -1, "8d038d9f-fe1a-4edb-9810-27c5250529f7": 1, "b51017c1-2805-425c-9854-76a6dc939894": -1}
1511	5000	12	142	115	10	0	0.985	2	1.0	8,4	0.5	1.0	1.0	0.0	0.0	2	1.0	11	7	4	1.0	0.0	0.0	1.0	0.0	0.0		{"104ae557-f441-4201-a30b-80620e8bf60d": 0, "25e1e5b2-1d48-451f-8e13-d723e5f727df": 0, "63256390-cb1a-4ff0-b976-6a2410dc44cf": 0, "6fc0d801-2c60-43d8-9c17-a9855fa8d99e": 0, "8225e6d4-e03b-403a-8bf9-8e72e1ec8383": 1, "82c2f00e-3d5b-4eaf-a70f-96dcb8160f32": 1, "84a69404-0b9d-411f-ba09-a6ddf1f8ce39": 1, "872f7ec1-1ad4-47ad-8ade-12442c4f7c28": 0, "8d038d9f-fe1a-4edb-9810-27c5250529f7": 0, "9e78a23f-b1e7-434b-acdd-2009db419cd1": 0, "a8842ad4-f340-4c5f-a5f9-948a1076f676": 0, "f2e34fdd-b40e-4bc7-bf08-988f3c8a7b05": 1}
1516	5000	17	159	96	0	0	0.831	2	0.941	10,6,1	0.7	1.0	1.0	0.0	0.0	1	0.0	14	10	5	1.0	0.0	0.0	0.505	0.0	1.0		{"0687b187-8432-4341-8150-e466e5310067": 1, "1db9beb4-a273-4796-89e3-6aeef6dc26ef": 0, "2fcf3d64-1460-46b0-8e94-e89e21edebc3": 0, "30f1fbe7-9a2b-4e5d-8b8d-bbc30b50a82b": 1, "31f96158-55c8-4b1e-a0ee-d616a2c67745": 1, "39060abb-ec00-438f-a373-439880d79aab": 1, "6c6b9f56-0736-4f60-ae05-d23cf98bc16f": 0, "7221b406-ca5a-478f-aec1-d7237ec8d158": 0, "75e4a581-2f8a-4cd5-8185-07a4792369f6": 0, "7b4354a3-5602-416a-8229-8765b70741f7": 0, "9ea3ef85-0883-4450-9ad9-a7c31035c7a5": 1, "a4198933-44cd-4ece-a18e-89057fc1dbbd": 0, "aa9e61fb-573f-4e50-9739-e50a159be1cf": 1, "cba9d9e1-163c-4e15-97ed-e2217e2021cf": -1, "d0637b9f-0275-4e22-8484-b3df52b2c289": 0, "d75f59a4-ac8a-494e-8465-2ff8f6e79a96": 0, "e7fb1ba5-8374-405e-998d-be7cf5772aac": 0}
1521	5000	24	1168	1213	73	0	0.978	2	1.0	12,12	2.4	1.0	1.0	0.0	0.0	2	1.0	23	12	15	1.0	0.0	0.0	1.0	0.0	0.0		{"0af38185-e469-4cdb-9cde-b7ce4e2548bf": 0, "152ff93d-4527-4d5c-a3c9-7302cdaedc49": 1, "18c47a9a-30c6-4590-a49c-0c186c2ccff4": 0, "1f47f3df-ca5e-4764-b7cb-cd42017a5b8d": 1, "29e5cc90-88f7-4b7a-9647-a5d32933840a": 1, "2a119505-6d30-41de-897b-69e18564c578": 1, "405887bd-df9c-4920-bce7-2b36440e4a9d": 1, "41049e19-db1f-410a-b039-51a2f3f5324b": 0, "4e2db297-1455-4b7b-afdf-68f04cac85f4": 0, "547ab4c1-b6e6-473d-9887-db3e7d7b6417": 1, "666fbd14-1d56-4b18-9bc3-49a9b21af017": 1, "7de16f98-136b-49d6-ad73-7f203a1183a0": 0, "84295326-9d65-4d42-96aa-c7eaa1b80fc5": 0, "9d93ea35-4d9a-43ff-8a62-9fab059dc7c9": 0, "9db60f56-a5d4-4ae2-bcfa-ea9a8285d59b": 0, "a817e8cd-e6a6-4310-8e85-4d842f2e3d0f": 1, "aa0ed5ca-103e-4c04-90d4-9afb96b3818f": 1, "b25abb86-abe8-4696-bf98-935a8aa1cb34": 0, "cdf201d5-2f02-419e-94e9-14ca3464f9ee": 0, "d8d5d9fa-e3d4-4264-9caa-c713a7f25758": 1, "dc9c5ec9-ff88-41d4-bc0e-7ddd9d0bb463": 0, "dcbea223-8e58-42de-b261-2ff65af32287": 1, "e17d0f05-a592-492e-ab0c-ede0438cb2cc": 0, "fb8eb296-6b86-4ef3-85da-4858fa107b01": 1}
1523	5000	13	345	334	35	0	0.987	2	0.846	6,5,1,1	1.2	1.0	1.0	0.0	0.0	2	0.664	9	3	6	1.0	0.0	0.0	1.0	0.0	0.0		{"0add1492-11a3-4301-bf17-81bb681b401e": 0, "117650cf-e0d5-48fa-9700-8a6bd64ae9b7": -1, "2c79036d-3cf8-4edd-bc71-8305b17ce1d1": 1, "311d77ba-5df6-43a1-a400-d1d0edf47f5c": 0, "405887bd-df9c-4920-bce7-2b36440e4a9d": 1, "5eaf25fe-dc66-486e-8119-659e417c3784": 1, "84295326-9d65-4d42-96aa-c7eaa1b80fc5": 0, "ca60f5e5-4790-4901-8302-02f853f578a7": 1, "cdf201d5-2f02-419e-94e9-14ca3464f9ee": 0, "ce77fed5-5d00-41fe-975b-14550159dc68": -1, "dd0ea1c8-086d-4191-b52c-a3d6c539f4cb": 0, "eb6c45a5-e741-4820-966b-eb9576e34b7e": 1, "ed6ba89f-7ec1-4495-ad25-8baed9fb5c2a": 0}
1544	5000	22	462	453	0	0	0.909	2	0.955	12,9,1	1.1	1.0	1.0	0.0	0.0	1	0.0	21	14	11	1.0	0.0	0.0	0.486	0.0	1.0		{"133f5fd9-1b07-4322-a1ad-95f8d3296cd5": 0, "13de9cca-3f76-46e5-baf9-5d0df5c98728": 0, "1552dc78-07fc-44a6-a322-ae0c0522f3cd": 0, "518bc2de-e325-4be8-965b-482b9186682a": 1, "523f9ee0-1f60-4905-a7bc-e490e8e370ca": 0, "57615064-1945-46e4-9cb6-799e1193e7a4": 1, "5e2764b6-1799-41dd-a943-91dfd3acc562": 0, "5f987df0-1ddb-4999-b27b-21a50e7f55da": 1, "638c289a-2635-4137-a633-6b258c24aa9e": 1, "7e846b9c-70bc-4da2-b566-524c9bc82536": 0, "9548e37e-0345-4dd3-ae5f-7bacdf174140": 0, "ab607367-a629-405c-b2f9-44a7f82c3eff": 0, "abee5adb-8e14-4693-99e1-dc432cc2e8d7": 1, "ad12e3fc-d8fa-47fd-b220-323cf084abb4": 1, "cb632a6b-49be-4fc0-8b8f-b25221bb41dc": 1, "d038ef4d-d16b-4a3a-af51-c242f8b13f26": 0, "d42a6f6c-4d4f-4ea4-9f70-df1e0964ebed": 1, "d9f7cbbb-0b5b-4b7d-8122-df80121f46da": 0, "de2cdcbc-800c-495e-8937-954536880939": 0, "e2851bf0-e36d-4fe6-9adb-84a5e4146bb4": 0, "ef0d9b6e-435e-42d9-8259-676654b068ea": 1, "fcd1c2e4-df8d-47c5-adf8-94f678eba00d": -1}
1547	5000	17	55	25	0	0	0.699	1	0.706	12,1,1,1,1,1	0.6	0.692	0.778	0.0	1.0	1	0.0	13	5	8	0.769	0.263	0.2	0.487	0.0	1.0		{"0eefead3-1064-44d5-b90c-26f1ab6dab0a": 0, "2869ee0d-c595-487e-ba44-b7452330b9cf": -1, "3162f1ec-5877-4e95-bd64-830f24b204ee": 0, "4f013f36-0f2e-4051-8f7a-959a78238062": 0, "566b5288-6fa8-40b2-9a2d-0bdf2698082e": 0, "6049b47c-b11a-4ae2-b644-e65cf2d16e3a": 0, "6677c79d-a733-45c5-b677-ba499c7258a9": 0, "81bd6290-a1c2-4f1a-a1e2-6aa6d080b18d": 0, "8336dd19-886e-4762-b527-414980f98a27": 0, "afa79b14-6d98-4bf7-8c0d-03680b866ccd": -1, "bbff4090-7523-4bf3-9ad6-0bc633254189": 0, "c36cebc6-7cee-4723-b5df-4e279a38bd11": -1, "c869a215-f676-40d4-86d1-e5f1c3412401": -1, "daec6ebd-d801-431a-a6ce-a8f242c673b1": 0, "dc860218-13c5-4075-9646-7914911aee50": 0, "eb2b4b4e-cdd1-4bba-9f2f-494d56c188be": -1, "ed63e29f-664e-4793-b916-d707fb224de7": 0}
1554	5000	21	1954	1951	31	0	0.848	2	1.0	11,10	0.9	1.0	1.0	0.0	0.0	2	0.809	21	12	11	1.0	0.0	0.0	0.905	0.09	0.1		{"01783c51-3bb1-4277-9832-6699ccc78483": 0, "2646a9c8-8cab-4398-bc3f-867e11ef61e4": 1, "36cf297b-8f1a-41df-839c-26b9512bf72e": 1, "4101dc9d-2428-4c2f-88cf-073e84385dab": 0, "4a1b7b3d-3b27-4553-811e-22cf4871dda9": 0, "4edc481e-b2a6-488a-a8eb-e7b1e5e98154": 0, "5e0f7662-b458-45f6-a495-3760ab98a6e2": 1, "716ed85b-2070-4a84-b77a-a68335b6667f": 0, "8de153ee-4b8d-441d-bb31-ab179c6566fc": 1, "9d5e80d8-cf2f-4f32-994c-328473e70f00": 0, "ac64f871-4ff7-45f3-8ed1-8c47d043cf02": 0, "b556766b-bad5-40ab-b018-898814eca3ff": 0, "b619fdf2-ff0d-4e81-bf4c-695a4d5bac14": 1, "b6b0669e-999f-4f30-b9f2-8050b2e3d0c0": 0, "be0c25a8-2e83-481a-842e-5b8e4b209118": 1, "c380d7a6-53e1-483e-8a20-53b31c74dd4f": 0, "c7adf923-5b5a-4d25-a9e4-55aff2d5be12": 1, "f67540ae-d924-4f91-8427-cd4528dc74e6": 1, "fd3a531f-81b5-45bb-8f70-e0793608e618": 0, "fdeb9bef-0645-46c4-8ada-3907fa398759": 1, "fe7c25f6-a615-47c7-9e9f-1555cd8f53d4": 1}
1558	5000	22	345	370	52	0	0.991	2	1.0	12,10	2.5	1.0	1.0	0.0	0.0	2	1.0	22	13	10	1.0	0.0	0.0	1.0	0.0	0.0		{"0342d3b3-bbb0-4faa-a664-f2a558ee213a": 0, "046883db-1029-4e50-a627-3538e7e274eb": 1, "09c2b5c1-72fb-438a-bfe5-ee36def01c4a": 0, "14582678-6c3a-41d4-a6dc-79cc212c5527": 0, "177c9f4d-1ca8-439d-9207-606cef4fee54": 0, "1b917afb-b79d-495a-b60c-30b9bf140022": 1, "2aa6fcd4-a7da-4453-9b5a-8194570f266b": 1, "40039326-3c4a-4f7d-a3c5-5709640182ea": 1, "422e97a2-04d1-470d-bd14-cc78456faeb5": 0, "50a3053a-f420-4a1f-aa24-3e9a1b86b578": 0, "5107d8af-abb3-4a20-8bcc-ca8594bd35e1": 1, "59b64d4b-5872-4989-a211-57b397802721": 0, "67411c86-f9b4-4e94-870e-49be63bca8b7": 0, "72a40c6e-600c-4ea2-8a2b-0b49d5bd6456": 1, "81c686c5-294c-405b-8c46-810c1ba7b532": 0, "aef0b0e6-64c1-4298-8b41-6e981bde4d05": 1, "c7ef6e4c-ec6d-47c0-88ab-bb856be64698": 1, "d9c22ac9-e287-4480-8b1f-c5cf73ada70a": 0, "dda6c9c0-8f91-4fcf-b007-d81950b2782d": 1, "deed5318-02b0-4474-8051-3b984532737a": 0, "e1a36acd-cc30-43e1-b973-98562c13e1d2": 1, "e998acf0-3228-41d0-898c-8c8a081ee5b2": 0}
1561	5000	13	100	91	11	0	0.962	2	1.0	9,4	0.4	1.0	1.0	0.0	0.0	2	0.687	12	4	9	1.0	0.0	0.0	0.833	0.051	0.333		{"0ab3b93f-394d-4fc0-b90b-69d7ec80f4b4": 0, "3b376eb5-791d-4af9-92f7-c6d4f13c2f60": 1, "4ca41681-6095-460d-85de-4ebb07a0d922": 0, "5257914d-7407-449b-98be-8b91e37a6a00": 0, "77c9f1fa-9745-45c3-b05e-1619d052550a": 0, "9cb73ad5-db39-4d13-9a3c-bd1de88d1ada": 1, "a633061c-b939-4c66-b19a-546e20420353": 1, "afd703e1-df8e-4ee0-8165-49297b28714b": 0, "c2c840e0-214d-45ab-ac1d-3a98e70afa2a": 0, "c5043e49-a6cd-47fa-aba3-ae32e1aa7de1": 0, "e7d11246-d5fc-46a1-b330-cbee379f9aca": 0, "e8561d13-0e84-4b76-8e17-7c1c05283977": 1, "f80b89bc-429f-4060-a4a7-a42d261809d9": 0}
1564	5000	22	621	630	15	0	1.0	2	1.0	13,9	0.9	1.0	1.0	0.0	0.0	1	0.0	22	9	13	1.0	0.0	0.0	0.494	0.0	1.0		{"067e5322-86f5-4c9b-88f9-ebad7c495f05": 0, "11d1fb7e-d499-447e-b4d4-e244f614e819": 0, "25cb6ec9-5c03-4140-af85-05c15236ac6e": 1, "29838165-7989-40f3-a9c7-4ef0a1265e36": 1, "29d76495-1303-4cca-ba16-edeecaf68904": 1, "2c7b6d82-cda8-4d26-bee6-25c52dcb4fa7": 0, "2eb446f5-58c0-469c-938d-546ff530e8a1": 0, "2fc46124-d709-4d20-8d64-15a47cada778": 0, "3817f092-3a16-454a-a2cc-b372be04083b": 1, "3c0fa1ec-c58d-4baa-9982-bfc8d5e7a434": 1, "520f8c0d-e58b-44e9-be0b-3be934b4a3ee": 0, "67070fa0-f142-40b9-a7d0-2d0f32449358": 0, "68822b9e-cead-432a-bea8-b3691461dc0d": 1, "69ca132f-9423-498b-8c21-f0cfb1a99964": 1, "8eca79e7-62a0-4937-a663-f6f5dbe3b8fd": 0, "92443fae-2358-4c92-8ce3-096f11bed372": 0, "97c3eed3-8464-40d1-bd62-5574bacfa3c9": 0, "9bc7628f-36dd-435e-ad90-4ed069f5768a": 0, "aa6cb3f4-c857-45ff-8291-681ed55c0909": 1, "b820bcb0-0d0a-4646-b0f7-eba713fc60bb": 1, "e843bb8f-30ab-4d5f-8735-11dc557e57e0": 0, "ed8560f0-cb84-4276-a87f-35eb648539ed": 0}
1571	5000	22	193	192	19	0	0.987	2	1.0	11,11	1.0	1.0	1.0	0.0	0.0	2	1.0	21	14	11	1.0	0.0	0.0	1.0	0.0	0.0		{"053e5a16-bec7-4c3b-bd11-3f9cb6a2330f": 0, "08fe99c6-4ce4-4834-a977-79b3274f296d": 0, "26cd4e75-a860-4a16-9480-c958f2745f46": 1, "3b7cc3c0-d7d1-4209-a62e-15a9f5c6eb73": 1, "3d0e0e60-f9d0-4bf3-adc7-47c9559914cf": 0, "46854e72-cc52-47c3-a747-9d363b0d19d1": 1, "4c4d4a36-9e1e-4c38-aad4-4d3e82b71e95": 0, "4de0b90d-eded-4e61-a85c-5aab15e3f31f": 0, "4e020b3f-8b4d-4d57-b762-427b933d77f8": 0, "5206963a-063a-4756-9c1f-1f4615bbc7f8": 0, "60883b19-ff3e-45f1-b656-62b87969ff0b": 1, "6b5a96c1-64cd-4707-92c6-b0633b880f20": 0, "87f1d439-f8b7-4c23-a312-8f7e19e5d7ff": 1, "97061f8d-d306-4266-8fab-b4a0debee580": 1, "9b379ef9-5c22-49ee-8477-e4bed5559c36": 1, "9ef01828-6068-4aaf-959a-6f99d4ac3526": 1, "b81137be-3514-4266-91e7-0fac76b0e0f4": 1, "c033d967-0f7f-4c6b-b55e-0289c95dbdfd": 1, "c3b265f6-de82-4c1d-b2cc-82fd27eb786b": 0, "c43d8e16-e90b-48d3-a012-72316d8f7809": 1, "d4bbabd8-f277-4447-9f60-3bcfcf198792": 0, "f1832bde-192b-472c-9822-5ef3f3e7bc6b": 0}
1572	5000	15	212	199	28	0	0.943	2	1.0	10,5	0.4	1.0	1.0	0.0	0.0	2	0.734	14	9	6	1.0	0.0	0.0	1.0	0.0	0.0		{"08bfc700-78fc-436d-9b25-3264ee76a32d": 1, "148786d3-99c5-4dc7-8266-7f3959d05245": 0, "3b338d54-5eef-4ef3-bbe4-71f01f8701b4": 0, "6c1a84f3-a5cc-4217-a2ac-cba17a046814": 0, "7d326187-5e6f-4c8f-9807-0ea5b54eef91": 1, "825ce100-5989-49e0-b855-cdbc1f4fc586": 1, "8f124548-e9c3-4636-aac8-b79210d72a3a": 0, "b26ae5e0-6276-4c2a-a260-fc79b8747bf2": 0, "b9a2d337-90e7-4b78-b7f7-af79119a8d63": 0, "cb6d760d-cf06-44d1-a141-cc97ef1cc7f5": 0, "ce60af41-ad3c-4919-95f7-4a363d8dea61": 0, "d4450f33-4a9e-4d5c-af6d-2eb329f21f11": 1, "db35d7db-b8ea-49eb-816e-55778da336b7": 0, "dd2820c2-72c1-4e15-bc18-b64f7e02f2ce": 0, "eba3d1ab-3e65-4fb6-a140-fd54f1d2fd7b": 1}
1576	5000	19	515	480	1	0	0.977	2	0.947	13,5,1	0.8	0.944	1.0	0.0	0.0	1	0.0	18	14	7	0.967	0.062	0.0	0.529	0.0	1.0		{"05907244-1f8a-4863-a1ae-0f91fb7f763c": 0, "080c3e65-4554-415d-bb32-efef0057fe28": -1, "0de67f39-21d8-4fc0-a12c-0ea5aae70cf8": 0, "163b7d97-7a42-466c-8e5e-00a38618cecc": 0, "172e050e-e700-4722-a925-398f0c1cae7a": 0, "36c83760-b99c-419f-ad08-9d984b375c31": 0, "55c69fad-a432-47c9-84ff-54f95ee9bf84": 0, "63b3d30a-1b0f-46bc-9c12-f5bcf54d3e17": 1, "7bb6e840-cb0c-4210-87a7-716c2992bfd3": 1, "7d6e1bb4-d134-4314-885f-5128af2e675f": 1, "9234bc52-2739-435a-8802-5ff059bd0e10": 0, "a3032bf0-a6c9-4ae5-9ad3-d27f93f60044": 0, "c1885195-fbbc-4028-8d62-fd08f6734476": 1, "db1664c1-d4e7-42bf-8dc0-5522f1da5a6e": 1, "dd96afda-9296-48c8-bf38-24fa0982e9b1": 0, "df7d03b4-64ad-4193-913a-eead646bc58c": 0, "e6f7e449-a418-4a81-8a2c-d3f4bed1aec1": 0, "eb97bcdb-b10d-4e55-8cef-12315d705d4f": 0, "ee5e8913-d132-40d3-b7e6-82f9f4fad5c8": 0}
1578	5000	15	143	124	13	0	1.0	2	1.0	10,5	0.6	1.0	1.0	0.0	0.0	2	1.0	15	10	5	1.0	0.0	0.0	1.0	0.0	0.0		{"00be5e9b-0bfd-4744-a23b-7b3506a87087": 1, "15839e65-3093-45b3-9737-3b25638d351b": 0, "1a719813-fd3b-4aa2-9d33-e53d668766b2": 0, "1f738acd-0805-414a-84dc-28f8872101f8": 1, "2883f2ff-6f65-4dcd-bdf9-2b9021644eec": 1, "2c4f4030-6d32-42c6-8cb4-500596554179": 1, "4dea1934-e6e6-4f7f-b893-a3a32f5cac40": 0, "5cba3dbf-d5ce-4d96-9792-e352a555e99d": 0, "8778dd33-955b-4142-9be6-39b9d1439352": 0, "a4dc9aeb-96ad-4b3d-9570-281fc6c1d204": 0, "cb54714f-77af-49f1-adb3-abf98583d077": 0, "cdb4e564-472e-4df3-a733-2b1f59df2356": 0, "e1d5f4fa-3f0c-49b5-8cc5-2368643f35e0": 0, "e7fc57d4-4e9a-4c48-89fd-264b063054eb": 1, "eb32e3fc-16e2-4eec-970d-37c8a9bf447c": 0}
1588	5000	28	41	3	1	0	0.074	2	0.5	9,5,1,1,1,1,1,1,1,1,1,1,1,1,1,1	1.4	0.0	nan	nan	nan	1	0.0	5	3	2	0.6	1.0	0.0	0.4	0.0	1.0		{"02cae627-efd3-4f91-bae0-74d007777b18": -1, "0a57ed77-5169-4949-aed7-ac104349559e": 0, "1070272c-a77f-4209-be47-9e1d9ea65ca3": 1, "1992945f-5a2d-42d2-960f-4453c4e4e02a": -1, "1a67c94b-be50-4090-95f5-095d6df2e175": -1, "22ea79df-c389-45d3-ac73-ed1ae67a5f39": -1, "2455593f-5636-43f4-8e64-edbc60e50d10": 1, "27c76d59-78da-4341-b3da-da711417e384": -1, "3955bc17-99ae-4996-8dd4-9ff62216860c": -1, "4b2e54f3-1fcc-4bc5-8a53-7e65609c5f24": 0, "4c03bb72-c24d-4fab-96ea-40e2438395a9": 1, "4ea041aa-1055-4566-b656-109b8a3f0df0": -1, "56dd74f4-736d-4127-b76e-893ba608bb87": 0, "79032a90-892f-4f63-8bfa-f9ad9022edaf": 0, "7d3a144b-6f20-4423-9ecb-8a709f390f20": 0, "7dec63fd-0e95-48c1-ac17-7166ce5e28bc": -1, "b412890f-7d06-46e5-8e67-c113eefefb4c": -1, "b52fa806-0327-4e2f-8d6e-1ff229cfbf14": -1, "ba725ac7-e7f5-48a9-ab4c-ac4f5f3fbcbd": -1, "bdcf32dc-81ac-42f5-a441-5113322cfa43": -1, "c5b03c63-e780-4b54-bbfd-ab7244025093": 0, "cea6af98-432e-4b7b-92f6-193ee46d1cee": 0, "d88e6253-d756-4ed6-81cb-9345615ac18a": 1, "e5cfc62a-4eab-4df1-a753-15c23f59f2fb": 1, "e9f18425-f127-4d9c-86ba-b8d8eaccc719": 0, "ecd5ec62-0b21-49f4-b264-818adb84a50b": -1, "ed65d17a-8e10-499b-9904-d137d880147a": -1, "f821834e-8ce9-4c94-8e12-41a7a3256806": 0}
1592	5000	12	216	202	11	0	1.0	2	1.0	9,3	0.3	1.0	1.0	0.0	0.0	2	1.0	12	9	3	1.0	0.0	0.0	1.0	0.0	0.0		{"0260acfb-8f19-412a-83a2-84cd9dcb5eac": 0, "1df95c5d-32a5-4533-b541-6070114ed30b": 1, "2d118c66-24b4-4056-8be9-b322abccf517": 0, "8635fe66-cc20-46a0-9a80-d4c1a1694814": 0, "9539cd35-a1f9-443b-a14c-91e3e0933fe8": 1, "98638bb7-0c2e-454c-8cc7-e46f8e04485f": 0, "a050386a-f15a-466d-a1e6-a8365e2b7785": 0, "ad0b98e5-5ce1-4d21-8446-9907be26fc15": 0, "d856f085-26c9-41ba-817e-b3ae19f9902e": 0, "e53c4b59-a748-4a19-9a9a-b8710301cf46": 0, "e5c601c3-a410-4e23-b134-41f97b34070f": 0, "fe94c9b5-0300-480f-a6de-5c18787ffefd": 1}
1594	5000	18	123	127	34	0	0.928	2	0.944	11,6,1	0.7	0.929	1.0	0.0	0.0	2	0.857	14	12	4	0.89	0.172	0.0	1.0	0.0	0.0		{"0260acfb-8f19-412a-83a2-84cd9dcb5eac": 0, "1aeaf4a9-1cc7-4974-a472-5b2a67d4629f": 0, "2d118c66-24b4-4056-8be9-b322abccf517": 0, "3133d9ad-7670-436e-8056-d571159e9838": 1, "4b9505c0-4beb-4ceb-bc66-e489a26e51bb": 0, "4b9d6adf-fa4c-4f94-8d48-901aa039af14": 1, "5db9e810-ea2c-4dd2-b73f-68edf49f78b5": 0, "81775c25-ab13-4008-8bde-9e954c1d6d04": 0, "82ebbb14-bad1-4064-9434-e1149d9625a9": 0, "98638bb7-0c2e-454c-8cc7-e46f8e04485f": 0, "a050386a-f15a-466d-a1e6-a8365e2b7785": 0, "ad0b98e5-5ce1-4d21-8446-9907be26fc15": 0, "c840e3b1-0c2e-4970-8b9a-97a9a46cced0": 1, "dab05a23-bf03-4861-9142-d198d7a8e5ce": 1, "dbaadea6-7113-4064-832b-e4a39c7d25f7": 1, "de05801c-c704-4934-9bfd-f4b8943f8153": 0, "e53c4b59-a748-4a19-9a9a-b8710301cf46": -1, "fe94c9b5-0300-480f-a6de-5c18787ffefd": 1}
1597	5000	16	3	0	0	0	0.0	0	0.0	1,1,1,1,1,1,1,1,1,1,1,1,1,1,1,1	0.5	0.0	nan	nan	nan	1	0.0	14	8	7	0.538	1.0	0.0	0.462	0.0	1.0		{"02b2d22f-8918-42b9-a3cb-15791ed468bc": -1, "2056c347-0349-4c70-a940-53d7d6badded": -1, "38a742ab-2a1e-426e-83e6-b7997f406175": -1, "3e694c18-a1be-4b3c-8191-520deb68e38a": -1, "469dd555-30e9-45dc-8389-547662d206dd": -1, "526fb075-f3ca-42b5-87b9-ae76b34c6f2e": -1, "5c913dde-0462-491e-8e4a-3bda50e8e544": -1, "6e94d033-4ed0-4878-879a-7f5f0908a2de": -1, "8e21cb76-04fb-4694-9132-a0d7ab4eee3a": -1, "9628888f-061f-4631-abf5-05c9188bad91": -1, "9706bcdb-5faa-4121-8d14-ca3993ba0dcb": -1, "d162b451-78ab-4bfd-9db9-41c43cbaef16": -1, "d23a2b59-13f6-43cd-850d-d642f276fda6": -1, "e788ecbd-82d4-4acc-a6cd-b781f056007d": -1, "e823b4bc-73e1-471f-b920-bffd5c2a60f9": -1, "ef184356-ab7d-474a-80b4-4796fb2001bd": -1}
1602	5000	18	445	450	17	0	0.895	2	1.0	10,8	0.6	1.0	1.0	0.0	0.0	2	1.0	18	8	11	1.0	0.0	0.0	1.0	0.0	0.0		{"0501d958-3f5f-4002-a27d-2a7c35c59593": 0, "0a95076b-bc3f-493c-a965-08e76429ab81": 0, "17660b02-e1f9-4e66-b28c-1839a2f1dd2c": 1, "1ecb804b-b3a6-4b8a-9cdf-999ab34f1ebb": 1, "294930db-66de-4fa8-a28a-d167bf4138fb": 0, "318a37c5-5b91-4415-b4e1-e11ad962ea54": 0, "32b7ac11-20f3-4bca-98c3-47453b91debf": 1, "43404bf0-b71d-42ca-b8b6-6e29e794f2ad": 0, "59fadc9d-9be8-4295-ba73-cad2285c4b6a": 1, "5ec3a00e-2804-4857-aa2e-b2c6514a92ca": 1, "6f85fe39-815b-466f-9730-a8cdaaefb97b": 0, "73eeb23d-3696-42af-ae3f-ad6babb1a2d9": 0, "7527ceab-81b7-4a84-8b65-7160d4990080": 0, "9d937ecf-b5ac-4b2f-972e-16dba3ffbb42": 1, "bb2ca0ad-26f9-4eae-9778-ce0a36dd4776": 1, "c656af21-ba35-4142-833f-727cc8d30984": 0, "f8d15442-6baa-4584-a784-bf5dcc463f4a": 0, "fd21f9eb-2e74-478e-92e0-5913f75bed44": 1}
1604	5000	21	664	631	16	0	0.976	2	1.0	11,10	0.8	1.0	1.0	0.0	0.0	1	0.0	21	11	12	1.0	0.0	0.0	0.476	0.0	1.0		{"3c4030b7-9200-4e85-86bd-62ad58a84978": 1, "4cb61e44-9d1f-476d-8ad3-0cf7c9b5d5cc": 0, "568df2b6-c9de-4d25-8391-d44581901f52": 1, "6872e6e1-c1ee-4975-83e5-46ea3b05a76a": 0, "6e7b93a3-4a37-403e-893f-b2fdfa0f29a2": 0, "7cb3be30-8f2e-4730-bf88-baca49db5674": 0, "7e00b39a-c940-4295-9861-c5c82d510d7e": 1, "82c17792-8334-48b6-940e-4b0031e61bb6": 1, "82e5a94e-ceb2-43c8-b392-c926aa5f3a4e": 1, "841b4fda-bb45-42e4-91fb-0a18c9c147f1": 0, "882c3a47-a160-4136-a32a-36d545aac308": 0, "882fbd67-75cd-4459-8c60-eb0629162e89": 1, "adab2598-e61b-4a90-9737-3799d93bb418": 0, "b35cb1c1-9ba2-4fd9-9b11-75bcbdf86b99": 0, "b779967d-a519-46cf-b8ae-683e69fab415": 1, "bc19930e-5d10-4e25-944f-380f46dadc9a": 1, "cd63ae1e-58aa-4347-b929-0ccd6ba62bdd": 0, "e4dd4d0d-f8b3-4805-a4e4-376f2ec6765d": 1, "f3ebed98-90a2-40ca-b244-e4884301d57e": 0, "f54a2b7f-4885-4b72-bbe9-62cb25ad9c20": 1, "faf0bd96-ba8a-4643-92b5-031e364f539e": 0}
1610	5000	22	124	111	0	0	0.848	2	0.955	17,4,1	0.8	0.947	1.0	0.0	0.0	1	0.0	19	3	19	0.912	0.122	0.0	0.719	0.0	1.0		{"02abc17f-d895-40d2-a9bd-544cc44f1020": 0, "14b0bc14-070b-494d-b8a2-50e8ae2c5f53": 0, "200be8db-c183-47bf-82c8-8230c60f05b3": 0, "2c9494e9-8cfb-4004-bf90-2eeb5c036ca1": 0, "2ffe3185-706b-4ef6-8905-6affc88fc430": 0, "3e6b6df1-3e65-472d-a671-37232342a2b1": 0, "40266d17-2761-4991-a94f-8941d981ca44": 0, "4cd0a1cb-ffa5-4f3c-8684-bef3a3ec943f": 0, "622a612b-50cd-4dec-948f-00b3fa86f3c0": 0, "64e6aa94-b55e-412c-90bc-241f65bb980b": -1, "6fbfdef3-3390-460f-b691-c825473c7ed8": 0, "7763284d-ce7f-456e-9047-130ffa924f7d": 1, "86adbd4a-ef2d-4f9c-9ca3-952251fad869": 0, "89c15c1c-eb72-44a9-8c74-ae1c49e2ed20": 0, "8d238957-8822-42d4-be63-b0cd8fd8bce3": 1, "bf9d4f73-cf3f-4496-8118-fd9b8a19d1d9": 0, "dc12630b-1dbb-4491-9976-f28337193416": 1, "dd75a21e-275c-4848-b12d-624d23b6d43b": 0, "dea5bc7c-b833-4174-9c0f-0fb6ccc0c04a": 0, "e470a2e6-838e-4ce4-810e-0140dbf2a6ee": 0, "ea3c0300-9422-4e9e-b545-72961e56bbbc": 1, "ef43ad1f-f32e-4792-b543-f880da637f63": 0}
1615	5000	27	35	52	50	0	0.65	2	0.741	13,7,1,1,1,1,1,1,1	2.6	0.8	0.833	0.051	0.333	2	0.566	15	9	7	0.781	0.275	0.167	0.752	0.157	0.333		{"04f6e38a-174f-4a55-8aae-227639e65c0f": 0, "0ab351bf-3983-46b0-b6a0-8b3ce92ea4cd": -1, "15587d8b-aec8-4abc-b11b-ec7b9eea6814": 0, "15d84628-eddc-42c7-99dd-1be2f92b05b3": 0, "1702dadc-00ea-4c03-8060-771baebed6ad": 1, "18229e7e-5b17-478a-9c0c-b00833d25ee4": 0, "1d31a773-cb3c-4f9c-af87-8679cd2188c9": -1, "26988c91-881e-4192-a563-eccb7d6bd4c6": 1, "344f493a-084f-4367-9404-9716ee9e3743": 0, "4893bf09-cbe8-4ccc-8688-32450614221f": -1, "4dc5f94f-4bb4-4fae-a943-2bf6bfabcbd3": 1, "54b0d111-f126-4b3b-a2c1-235d021b64b9": -1, "5574e179-7a5c-4029-80c8-a7e9ffebc229": 0, "5766fb34-5459-4411-a885-fbc5b404d7d3": 1, "6a237e15-a4f0-44fe-81ca-69228963e6d6": -1, "704dec83-6326-4285-964a-57c45fb5ea99": 0, "79b91c63-d255-4f9d-a6c3-2bab71020deb": 1, "96685d4f-7b01-4338-acb6-ac9484e76910": 1, "a218d1ae-c5f8-4ec6-a581-6b8db263327e": 0, "ad655fc3-6a71-4ff6-bfe2-8671bc74d68a": 0, "bc257576-0402-4df1-bb61-914bf1fed354": -1, "bd1d0406-59a8-4eb0-a456-1a12382a6d8e": 0, "c5d295e0-2e1a-458c-a1fe-0aeac1775dcb": 0, "d3c579f7-ea34-444b-9693-b1ea0a4a1efb": 1, "f2bcb599-0596-498c-9f68-832101fd8729": -1, "f48ad860-818a-4155-9bff-0e420f67c890": 0, "f7db4859-d819-4a63-b4db-0103af7f04cc": 0}
1623	5000	22	240	251	39	0	0.991	2	1.0	14,8	2.6	1.0	1.0	0.0	0.0	2	1.0	21	14	9	1.0	0.0	0.0	1.0	0.0	0.0		{"01687718-5973-44bc-8a3b-8914f6b394fb": 1, "02b1205c-f119-4e22-bbc7-f8be243a6ad5": 0, "0fbc920a-36e6-4b80-b934-1c147eea900d": 0, "1cae3a09-2754-4dc1-8aec-957d450ddb71": 0, "1d0c222a-c9d9-45b1-9479-4ff0dca9d1d4": 0, "55d9e75d-4114-4378-a7cd-96a43176e65e": 0, "569df460-ad31-49c8-ad5c-d2138f347b68": 1, "5b51a00f-76e1-4213-b855-a199bfc68a9b": 0, "60193d41-f66e-4d1c-bcb1-a2ebd21b1c31": 1, "78a305b7-5bf5-4ce6-939c-13b64555a782": 1, "88ce70c3-563f-400b-8b9e-1c2b561ffeea": 0, "8dacf848-b967-47d5-b7bf-3bb0bdfa7861": 0, "9b12add2-05bb-43cb-a985-484f92b311d2": 0, "9fa3a557-a8e5-4eff-bbae-5f3b2b0635a9": 1, "a235ab2a-2575-471a-965e-f4bb1ae9c464": 0, "c7970d26-554c-4a13-b574-791e2862e316": 0, "ca325b87-8fdc-4a12-b0af-affe41296ea7": 0, "d235faab-a54e-42b6-878b-04b21855da5a": 1, "d33fa29c-c709-4763-9738-5206013fdc02": 1, "d9c6c25f-9def-49b8-abda-e4afb84f7c11": 0, "e299a159-ea2a-43a1-9859-0d6ac21dd43b": 0, "fc718778-49ae-46b6-ba9e-cfdea722be07": 1}
1630	5000	14	89	65	0	0	0.846	2	0.929	7,6,1	0.4	0.923	1.0	0.0	0.0	1	0.0	13	7	8	0.923	0.167	0.0	0.462	0.0	1.0		{"0b411a4a-e799-46c4-a7bd-81c6eab16c3a": 0, "1dcefa5a-51a7-4623-a2fd-20749e5e5c42": 1, "3e9dc7ee-bb21-4cd4-8b9f-ba519daee69e": 0, "59fca2f8-e085-4519-a44c-c691d27098db": 0, "5e409306-e50f-423d-9271-ded816791edc": 1, "759e7989-52ab-4b63-ad12-d65557058b83": 0, "87574940-1f30-4e06-a6c5-2d2ca57c2e00": 1, "a0b531dc-014b-4a61-9b6a-35dab5173149": 0, "aed62f33-ca12-452c-a31c-e78f21d50c64": 1, "b0bdfd01-371f-47de-901a-ed5e0ba64df8": 1, "b4777404-0c68-4132-adb2-3d6aba704499": 0, "ed6bf3e2-57cd-41ca-a570-5f2ef9593b6c": 0, "f06fec17-7567-4cd8-b801-832074c5c3bf": 1, "f9d97f90-88e0-4a4d-9443-1b3983e90df9": -1}
1632	5000	19	179	189	18	0	1.0	2	1.0	10,9	0.7	1.0	1.0	0.0	0.0	2	1.0	19	11	10	1.0	0.0	0.0	1.0	0.0	0.0		{"08dc0d06-6526-44c6-ab28-c853d003306f": 0, "4a260f50-af48-4a0a-9574-ed64727a2afe": 0, "5367d381-8d1d-4cf6-a47c-c34dd5a76bb5": 1, "6ea14c09-9499-4049-a9ae-c932e8d7bf8a": 0, "8a93a542-47dc-461b-bf38-9830ab03ed84": 1, "8ba31718-a475-4c77-9463-38a56b2f81f6": 0, "8ee035ae-fd74-4393-bcca-94f12949d957": 1, "a57e396d-6817-4b56-81e6-3ff950dde426": 0, "a74a8246-3c45-474b-94ea-c7770fec56b0": 0, "a9235c5d-40b3-4f43-8407-73d150b7dfcb": 1, "ab3060b0-3db7-4dce-b39e-2d8f3a383c04": 0, "b0e3dcb3-f864-4d3e-931a-4323c724fab2": 1, "b99a7e14-33af-45fa-887f-923983994215": 1, "ba38a819-eb24-4c74-83a3-39c5bfe737ae": 1, "c19721d0-84f9-4eae-9eaf-1d9a6cc9816c": 0, "e3beda3b-626b-4dbe-9db4-6dadfcabc2da": 1, "f0678021-5ee4-4105-a9f7-cd5088f2aeb6": 0, "fd054e04-516d-493b-8ba4-ec7e974ef41a": 0, "fd445364-2ca5-4a21-9cc8-c532e2fddb5b": 1}
1633	5000	30	452	409	22	0	0.966	2	1.0	16,14	2.2	1.0	1.0	0.0	0.0	1	0.0	30	17	15	1.0	0.0	0.0	0.485	0.0	1.0		{"11d35fa1-25e9-4d4c-80ca-7f75d6cf08d1": 1, "16166e09-0f68-4589-a997-bde28e2f54e0": 1, "1e458777-a5a1-4463-93d1-e8728924e9b3": 1, "3361c7fb-ad35-48be-9503-646bbd6ee809": 1, "42f3001f-e798-4225-91ec-3d4a09a0d1ad": 0, "4cce08dc-a0db-4ff3-a809-7adafd812624": 0, "5a101edb-00a8-42b8-9660-1140a10c87ef": 1, "5a821bf5-8084-4a46-ae12-9dce224ca689": 0, "5f63f8fa-baf3-4e51-8f18-7e8beb28f73b": 1, "61e16022-0581-4f00-87cf-a867e11329a9": 0, "6413f556-6931-4904-8f70-0fb0a81818b6": 0, "64e41bae-d4e7-435e-bba8-641a5e28e623": 1, "7f93c509-8856-4ea5-a36e-4761dce12f13": 0, "86006c49-a770-49cd-9845-39da4f3f9f26": 0, "863888ea-3943-4215-904e-aa0c67650855": 0, "93d8cf75-a9aa-4608-8459-119f20d30183": 0, "95323007-0328-430f-8ccb-82cb3f1c7308": 0, "9d0897ae-a650-4319-9a89-99d5085aeb81": 0, "9e224e39-2e3a-4c06-a01d-4fb85e942948": 1, "a7f09c3f-cc77-425e-a877-f67e882848b3": 1, "cc5fc8b9-db60-4bec-9697-175fb8ca1ee1": 1, "cf13c53b-ce66-4ce3-bee6-ba7a915cb4f2": 0, "decbf8bd-3688-4d50-89ef-df907de77540": 0, "dfdf49ff-8b4f-4534-8328-6cf68d2b0021": 0, "e0b4ce7a-0649-47d6-a3e6-ae8a7f22f6fe": 0, "e1cb34be-3eae-43d8-9d6e-ec66a30802d0": 1, "e57dac3e-9244-4522-aac9-a47c2ce73066": 0, "e58965c9-a047-4dd4-aa49-baf55e04260b": 1, "f1283002-3b34-45d9-957a-0159c3795de3": 1, "fa1155b3-ff79-4b62-8dcb-ceb76059cbbe": 1}
1635	5000	20	179	150	0	0	1.0	2	1.0	11,9	0.7	1.0	1.0	0.0	0.0	1	0.0	17	8	10	1.0	0.0	0.0	0.471	0.0	1.0		{"0d966bb0-627a-4460-9de7-0dd0132adb83": 1, "31b19ca1-d54a-42d3-a955-00720ac1b81a": 1, "4e6b0896-2511-4f8a-af29-87e86a46054d": 0, "4ee5b9d2-1443-4cbf-9df7-eb8c19e0cb26": 0, "57c7bf0b-e481-4583-a793-9986acc296ad": 1, "5ecde4b2-df32-486c-bb99-13bbb58b9ce1": 1, "60745ce2-d674-42e0-8cd6-e0529deeb5e0": 0, "621e5106-6a42-4e96-8315-e2f51d623349": 0, "77827df2-fb36-4ef5-a4be-8aff0d471d51": 1, "8802c0f5-e325-4c83-9802-80daec764d2e": 0, "995a5c0a-f6bc-4902-93b6-5f85f4be436c": 1, "9e0a2c61-9fed-4d14-b8c1-c1d00e21a486": 1, "a85dae71-8210-4f00-8120-8caa10bd8753": 0, "ae1f0e46-dbdf-4514-a7b5-fa16d0d92859": 0, "c78ecc3d-5988-42d4-b716-ce14c8b77f50": 1, "dd3d3d19-52ee-4266-b05b-78442690b263": 0, "ed0d7a4f-8325-44b7-a6fc-74968a1af5d8": 1, "fbfd976d-df62-4fde-b6d9-62d2cff862c7": 0, "fc475e3f-3fca-43b8-8f01-5717ec105f4c": 0, "fe97fd99-83db-4203-bccd-7e2d4dd07db2": 0}
1642	5000	21	168	126	0	0	0.981	2	1.0	11,10	0.7	1.0	1.0	0.0	0.0	1	0.0	21	11	10	1.0	0.0	0.0	0.474	0.0	1.0		{"02e928c4-46bb-48fe-a0dd-14ba854ad166": 1, "0d447d21-4190-41c3-9234-9d6c0d8c5a89": 0, "0f038b2e-7a1b-4210-bef9-ebd2da8c69ab": 0, "0f8e7384-d8c0-4f38-ab62-a81007de4835": 1, "177b6746-8313-490a-8557-b4c1cc8b7d12": 0, "30122862-a4d9-4065-95c6-95288a703063": 1, "40365fc8-0d13-4e28-814b-78af6c971b34": 0, "449ce9c5-b5a9-4b16-9b4d-9c71c8ab736e": 0, "4b80e34a-30b3-4a4e-a61d-50a3385826df": 1, "55411394-4d69-4186-9f55-0feebb136b67": 1, "5593e4b1-94ab-4e5c-afd1-f3a9a7f5b694": 1, "57adceb3-f76f-4473-bc7d-24ed32b9f6a1": 1, "5eeb13cf-f948-4df9-acdf-f30bc09022a1": 0, "605a0013-ad40-404f-ada7-77a2a577f883": 0, "6488ccf8-5d53-445b-9197-fcfaad158f13": 1, "6537bf29-8361-4791-a8b0-2e86be4c80ff": 0, "6bb3c9bd-36d8-4313-b291-1d117a7657bd": 1, "835d13aa-d533-4208-8bb6-6fe8a6789325": 0, "8ba0165b-bc74-49c5-b5e0-aefd243c4769": 0, "9dd9298b-7b0b-43f2-8fd8-112bba2c4a6d": 0, "ae3e566c-e874-4317-bb60-654990dc22c2": 1}
1643	5000	19	355	332	19	0	0.971	2	0.895	10,7,1,1	0.6	0.889	1.0	0.0	0.0	2	0.755	18	7	11	0.876	0.25	0.0	1.0	0.0	0.0		{"1819aed7-1ef7-46f5-b951-ee3677681bbd": 1, "3eb0ae07-4762-482c-979a-ee1cfd150e07": 0, "52b56ecb-c493-48e2-bb44-cfadd1938ebd": 1, "55411394-4d69-4186-9f55-0feebb136b67": 0, "5659d196-a319-40c0-af58-647f32d3c34b": 0, "57adceb3-f76f-4473-bc7d-24ed32b9f6a1": 0, "605a0013-ad40-404f-ada7-77a2a577f883": 1, "666befbd-0051-4a27-aa2b-6b14709f3ff2": 0, "6a09f2b7-1d4d-4c4b-aede-4a869dfaecc7": 1, "7206336f-0990-4b27-849d-63933ffd7ebb": 0, "8ba1abd7-e40f-4c5f-bcf1-60f2f898a7a8": -1, "8e74ea29-a30f-4837-8418-adbc61b8a951": 1, "9b67181d-5609-4d3f-8651-bcd307627c07": 0, "9dc7d2d3-4c24-4452-9624-e60a94db48e7": 0, "9f6622d8-5a1e-4b72-8c75-5c8926703122": 0, "ad9c5063-374e-43ed-80fd-0854b838bd5c": 1, "cd1411ab-adcb-4712-b836-f18e36df3923": -1, "e7a23cc3-e7ce-4fff-8b0c-ea54c3a3cb03": 1, "f307273e-4af3-4189-918d-3d97ef5b3b05": 0}
1645	5000	35	1397	1438	80	0	0.99	2	1.0	22,13	6.5	1.0	1.0	0.0	0.0	2	0.778	34	22	12	1.0	0.0	0.0	0.886	0.135	0.091		{"063fa92f-127e-4332-867c-ad24d1311bf0": 0, "130ba55f-ef45-4151-95fe-8c5650b67394": 0, "2107774b-f68c-47cc-81e8-cfa4118b4407": 1, "237df156-97f5-4637-8e62-7a90aeb1f58e": 1, "2fe0aece-665f-4e81-938d-6e8b717b7d60": 0, "3010cc50-eb6f-4ab8-9c59-f81ce1e75d43": 0, "3364567c-b1ce-47a7-bd88-80ac7c468c5c": 1, "3a5d9817-5282-4203-bba1-3374dceea703": 1, "3aff374e-ec4d-40e5-92b0-8305de149df2": 0, "431dab6b-c3ff-4405-8207-7997ba783066": 1, "48bd813d-828b-4f25-81c9-bd1eb9ad4503": 0, "4bc94092-076e-48d6-88d3-641f56d3e3a6": 0, "53b0f014-629a-4fde-9026-b5c1f333c806": 0, "56579693-9f5a-43a8-af43-5ea3b401f02f": 0, "589ec452-721a-4347-bfd1-0214af4ef3cf": 0, "6d091b2b-21ad-4d12-9161-a113ae73a511": 0, "6e90b3ad-5022-470c-937a-0961660c26d2": 1, "6f8a64f2-e93b-4f0a-8a85-cea5d35f7849": 1, "71ce9587-f5b8-4433-8a78-f9ae877cd93d": 0, "883be8c4-50c7-4566-bb24-1fa1eec0ffa6": 0, "9b2083b8-eb4b-4e58-b9b2-9841eed3a584": 0, "a7f664f6-2d04-4f8f-ac73-33be586ed757": 0, "ab32e905-3853-4fe0-add3-a2ad85bdd3f7": 1, "b0164c66-987e-4835-bd47-350a232263aa": 1, "bf413794-2e6b-4bb4-9900-3e1855b8d2a4": 0, "c38948b3-e514-462b-b47b-e654e83f949f": 1, "c6b18a82-e007-48b3-964a-d15648c4da6b": 1, "d1b5e876-6123-4c01-873c-9a2a28568c3e": 0, "d223fd55-3587-48b9-a749-564b22d3010f": 0, "d742ffcd-998d-4bff-9678-29d9db6b9bff": 0, "dae5a47d-5b97-4426-a6ed-4b720285c661": 0, "ef06fa63-8ef1-4622-8597-798fb52fdc18": 0, "f549963f-8204-40f1-a38e-42314973b06d": 1, "f6f2bbd7-fc0b-4238-b950-57dca7481e37": 0, "fa028770-3917-468c-8fa5-d5ef23832286": 1}
1647	5000	24	305	294	27	0	0.967	2	1.0	13,11	0.9	1.0	1.0	0.0	0.0	2	0.545	24	13	11	1.0	0.0	0.0	0.772	0.18	0.273		{"08e65e4d-812a-4150-8bc2-759556b87f06": 0, "0a214473-3324-4bb5-8c77-80396e74a89b": 0, "130ba55f-ef45-4151-95fe-8c5650b67394": 0, "3a50f2a4-442c-4339-8320-53326e34ab1c": 1, "3aac4d1b-99b5-4d45-93ed-c5bac1d995c5": 0, "4091ef98-d35c-4303-8003-41662145fa04": 1, "42c60de3-066b-420e-84dc-9d6d3c964df0": 0, "48252acc-172b-4e4d-a031-a77036e915a1": 1, "503ad8ce-784f-4e66-afed-9d08b8f8a841": 0, "5430a586-276a-417d-9814-3205234cba9a": 0, "70f1cfeb-0402-4d56-a867-86b032427912": 1, "7cae7508-663a-4f82-8fa4-a99eba53affc": 1, "80049e84-46bd-47a2-af54-db21946839b3": 1, "883d0de6-627f-4925-ae89-b49d6c3861ea": 0, "8a667eab-78e2-40bc-99f8-dc586994d73b": 0, "902f1442-030a-446c-b26a-e8f2fb72d6fd": 1, "b1c6cb4a-bb15-4786-b8d6-f27e6165d9ec": 0, "b76da8fb-dc40-4496-a457-edab9d3d4769": 1, "caf7a42d-8880-4ce9-945a-e60c75b44a30": 0, "def8c46c-07a4-4afa-ac6f-d4dc74f7f88a": 1, "e0442d1f-8459-4ccb-9393-4c1e2461518d": 1, "ec7eaae0-ee92-4e9b-817b-20f1a94aebca": 0, "f04a1bac-c765-4c3c-b525-e615957119a7": 0, "f549963f-8204-40f1-a38e-42314973b06d": 1}
1657	5000	27	288	297	19	0	0.997	2	1.0	19,8	1.3	1.0	1.0	0.0	0.0	1	0.0	4	1	3	1.0	0.0	0.0	0.5	0.0	1.0		{"04bb4d43-7219-4ebe-9579-5b89b156602f": 1, "14ae437a-0818-48c1-add8-7a887a3099a7": 0, "1767f7f2-b01f-4684-a692-f8bb0e55c128": 1, "207d8b12-686f-425a-ada8-1cae4935cc59": 0, "25cd19a4-64e0-4757-bf35-289f18ba55dc": 0, "261a9926-cce8-40b1-bbac-b445339fc090": 0, "3b6e3135-f7e4-415d-8b56-546a14c85916": 1, "4188e362-59ae-4db4-b713-e7262510b62a": 0, "4de459eb-d581-4a4d-a110-895e81d8002a": 0, "4e18429b-bbcf-41d9-b1b7-5cb72e7449c3": 0, "60657bc8-7ff1-43c8-9cee-9c17895969b8": 0, "62fb8c62-f3b1-40a3-8661-568b2343e343": 0, "6c01521f-44b9-4189-970d-e6f036d0557f": 1, "72a87273-fd89-47f9-b33b-645c4d6886e6": 1, "80093efc-cc70-43bd-ba1d-d8ff453657d6": 0, "8635433f-ef61-46bc-9c24-42e428fa284f": 0, "87685757-7d29-4d85-833d-f026e025e897": 0, "8b4186e7-b623-49a8-abf7-37d19ccfef90": 0, "9a308cca-2d57-4dca-b346-2b0a29e348a1": 1, "9de6ce65-50fe-46ed-919a-4fc4b72740c6": 0, "b2f3a480-ccd5-4bed-b60a-7ef8fba4d3e2": 0, "b616a832-114b-4b6c-9a29-68c2b8a62493": 0, "c1c6da37-3ea5-472f-aa26-c7391af55410": 0, "cf5db3c3-6437-4ed3-87f1-38ffd517d04f": 0, "ea67b52f-6abe-4617-bf06-b006b1ba3a94": 1, "eb4edf94-9dec-449f-a171-ca2d1dfa0141": 0, "f2e9df58-53ef-40b3-a4be-45a44c8a2dd8": 1}
1665	5000	17	78	65	15	0	0.993	2	1.0	10,7	0.5	1.0	1.0	0.0	0.0	2	1.0	13	8	6	1.0	0.0	0.0	1.0	0.0	0.0		{"0143990c-511a-4054-bd05-b306880f2000": 1, "20fe9667-3c04-44ff-8083-2dba478bc4a8": 1, "27a607bc-84ff-41e0-bf0d-a2d6a7b5a205": 1, "5254c9f5-aa78-4b42-a6fc-40e97a6d7c97": 0, "537f1f99-b46f-4436-8603-b028468761da": 1, "594028b4-adfe-4b22-a8e5-77eef14cf26c": 0, "68e5fd36-2943-4fe5-8e58-b63f09e9fff6": 0, "6a4544c9-c1cf-41d9-86c6-768f8779a495": 0, "9c790cf8-afec-4199-a4cf-2c06884a4160": 0, "b16d67af-1de5-4e21-a8ae-8937d9ff5d9a": 1, "c61f8d5f-36cb-43e2-bc57-c837e4c85ea8": 0, "c8855d8b-1f70-4ec2-bbb1-4501721824af": 0, "d477b0de-ee53-4a35-bea9-e253a9ec09b0": 0, "d67044b5-3542-48d6-bf63-d0c7c06d46b5": 1, "e6268726-521c-4a7f-b7a3-5c3f842ad692": 0, "e744eb12-ca68-42cf-9cd1-8fb7e2a1df23": 0, "f9384ab4-7ec8-44b6-97a8-67f5f8e1a26f": 1}
1672	5000	20	246	191	0	0	0.968	2	1.0	12,8	1.0	1.0	1.0	0.0	0.0	1	0.0	20	10	13	1.0	0.0	0.0	0.485	0.0	1.0		{"03eb9b23-e822-4a4c-a990-4173f0ff653d": 0, "0dd98cd7-6631-477a-b58d-29d96bdda180": 1, "2cb41e84-da97-4c68-aa30-9c7dd9aa5d81": 0, "421d1844-54f1-4aa3-8f9f-342224b81cd9": 0, "44474425-52e0-4d66-ad0f-d5a6cfdd822f": 1, "4777bb96-62eb-4e11-8ee4-4a1fc3454ea0": 0, "4bd4ec0f-a7b4-4b4e-a786-f910ceee220b": 1, "628dddb3-add8-40af-9ea3-3d1fa9685d22": 1, "6e48a00b-7bdb-4270-9085-986319cbca1a": 0, "71e0652a-4617-4f82-8d80-7c0e84c7ae45": 0, "86601e09-3fb2-40d4-b993-bdc95f68d873": 1, "929a0560-ce76-419c-81e9-e2dd8e152d38": 0, "94e47028-69b0-48fe-92ac-6e05b2e54267": 0, "9735a674-04dd-4acc-adf4-ca7cacf72142": 0, "9b2e70d2-c158-4a21-9387-45b62041ac46": 1, "a710ed4f-df06-4ebc-8ac6-6371b456a11c": 1, "b1ed7f87-5ef2-4ef5-840b-e1584efcb5da": 0, "bf017819-3280-484d-b4cd-b3311200a08f": 0, "ef5163d4-b982-4b59-a72b-761ff7fca160": 1, "f56f5616-b239-4453-b33a-69d1fba0961f": 0}
1673	5000	23	116	73	0	0	0.822	2	0.957	12,10,1	0.9	0.957	1.0	0.0	0.0	1	0.0	23	12	11	0.96	0.083	0.0	0.478	0.0	1.0		{"005bbfbd-c586-4d8b-abc4-e5433b921b54": 0, "03747299-7122-4fca-b35b-652e7fa35cc2": 0, "0b7073d8-bc89-423b-8270-a6bd7ce48220": 1, "2c5b924d-b7bd-488c-b67f-eb1101581737": 0, "2e5b065d-71de-4b57-883c-ebdd954eda95": 1, "3bcf15ab-7716-4bcf-9a56-cee5fd72d1c8": 1, "3ea95015-5759-4e02-94e4-345a2c475b3f": 1, "45ac8f3e-b618-4566-b9da-5e95ac0f62f7": 1, "4b057e80-bee4-4092-b31a-9b41ff6cd3db": 0, "50ae4d25-8d31-409c-b4b7-d70ae2e0b671": 0, "53751116-7be4-4070-9923-32df20f998fe": 1, "56ec7987-eca3-4766-8ffa-9a59457fcb7d": 1, "7a8164c1-8572-492a-a25d-82c6ae7be758": 1, "7e5a8f12-ced9-49d6-9f29-7482ab3feac1": -1, "80abcbcc-3da5-471e-ad02-bdf1f00d39eb": 1, "924f0af5-2bef-499d-8f64-913f6c49d509": 0, "9a726b5b-2eab-4af4-a90a-90cc3182eb77": 1, "9b377650-d8bb-4ec6-8297-14eedd515c21": 0, "bc03df66-16c0-4d53-9cae-22ba7aebf7e2": 0, "c9ab0dbd-3d6f-4a28-b106-56572c34928a": 0, "e4e40fb4-fad9-4d0f-b2fe-ccfb239b313d": 0, "eec3b593-c3b8-40c4-90b3-eebc6ffadb45": 0, "f6782253-82b2-4eef-86d2-b024f05a03d2": 0}
1680	5000	15	55	66	13	0	0.781	2	0.933	9,5,1	0.4	1.0	1.0	0.0	0.0	2	0.83	12	5	7	1.0	0.0	0.0	1.0	0.0	0.0		{"02628d15-8a9f-4cf4-b627-63947c51cc69": 1, "23812076-0655-420a-ae07-eb0cc577c9f0": 0, "475a63b4-05a0-46b2-8fd1-bd234ff3818f": 0, "49c353f1-927b-41f0-81e9-780aad2f7cd4": 0, "7ec01d63-73af-41f1-a1ae-c8bf4d7f833b": 1, "83d24abb-4ca6-4bba-aa0e-097df35be169": -1, "8515b0ec-36ec-4147-b32b-68f64bb53e02": 0, "8ca1afff-8011-4984-99a5-678ed1df943e": 1, "97332404-aae7-476d-90dd-2f06f500ea78": 0, "a98785c5-e6c4-4d99-8d1f-e7975ce71326": 1, "b0c90bd2-6757-4f0a-a596-ed16b74533b7": 0, "b8176cc8-c424-4a70-a14d-4a88b7806236": 0, "bbe2211c-342c-42ba-a824-86c1fb4893b9": 0, "ca4a2fe7-f7fe-463a-8044-de1b29f86a5c": 1, "e659702d-8fda-46c0-89a6-eaf7f75d7b19": 0}
1698	5000	18	46	10	0	0	0.444	1	0.667	12,1,1,1,1,1,1	0.8	nan	nan	nan	nan	1	0.0	0	0	0	nan	nan	nan	nan	nan	nan		{"029b463a-9948-40f2-b0e3-beb852723257": -1, "06c5b46a-b29c-4af9-a4be-3d8b7394ac8a": -1, "1a279634-55df-4d91-8e9f-751b51347a15": 0, "1f3a9dc3-f796-43c7-89ec-d5c549071a8d": 0, "274d9573-f77d-484c-8b88-d33596d5f13c": 0, "3bccfcf4-47ab-4c2e-9af3-ce3f67a43699": 0, "444ffce2-1059-4b85-9c01-35e5698f195c": -1, "493412ea-7500-4942-bd24-e83c72e6c2de": -1, "5f51fd4d-bb5a-4354-9216-cf5a5fe5d8b0": 0, "67b2bd72-74c3-4a2c-b89a-49bbb78417b7": 0, "8f6bdd52-bd63-4d5e-9e9e-1bbb44989813": 0, "a010eed4-7fc3-4135-ae16-e0946275cd67": 0, "a370bf27-0e1a-4235-9138-390df310b06c": -1, "a3f30ff9-66d7-4c16-a6ba-ca0803a2f4d2": 0, "e5e299c0-a55d-4e5d-83e6-e411bcc3b701": 0, "f479a82a-c57b-4c45-a71b-fd04af1ad1a6": -1, "f63549ca-b745-47df-bc30-d887024049eb": 0, "f7b289c8-9eb7-4ed0-8984-e42d794216a3": 0}
1699	5000	21	296	298	30	0	0.91	2	1.0	12,9	1.0	1.0	1.0	0.0	0.0	2	1.0	17	10	9	1.0	0.0	0.0	1.0	0.0	0.0		{"01944826-a647-4aa1-beb2-96a5b359f8a2": 0, "1222ee69-5baf-4743-8226-9daf1dccd4ab": 0, "124966be-b79b-4c49-b453-bb5938183dd7": 1, "28cac873-704e-4d14-a5e3-de49667bc855": 1, "2ada3013-2038-4b5c-abed-cbb5598207a1": 0, "2b41adcb-09f1-4ca8-85db-e9c82a5a2afa": 0, "3270452f-8cd7-4691-840f-103bf496dcea": 0, "36a92ef2-2ba8-44b7-a1e8-95e48cdedea8": 0, "39fec8a7-0949-4f51-9b8e-1a7597d7eba5": 0, "3bae6e94-526b-4d32-a6d9-f430ba0f23f1": 0, "3eb6b9ff-fc1c-4042-8eef-79c5ee00beb1": 0, "6c278008-eb9a-4f13-a871-336ba312d8d4": 1, "83534888-ebc5-47f1-8ec6-c2ca2a5fa473": 1, "83542cdf-0139-4823-aee7-5cd7885093a9": 1, "8a1c1ef5-6bac-457b-a9ce-781f69e0f43b": 0, "a2ad505a-3a56-4c20-b064-2ab5f2aedd63": 0, "b4c5465b-ffcb-41a3-8d0d-50b46bc325eb": 1, "c7942be4-8677-4da7-b676-5132b90ffc51": 1, "c9879aa8-4ed1-4e7b-9293-3842982f3700": 1, "dc09d0e4-b345-4d64-b569-da6ab1658095": 1, "e9b09701-c8e9-4c5e-ab25-0592cfbc8b38": 0}
1704	5000	18	206	217	18	0	1.0	2	1.0	9,9	0.7	1.0	1.0	0.0	0.0	2	1.0	17	8	9	1.0	0.0	0.0	1.0	0.0	0.0		{"02f21225-d56f-4723-a51c-433fe6edbb9f": 0, "06a80eba-4b30-4c2f-8061-3aa60179adb7": 1, "0a6e1b5b-e236-464a-ab76-34029a4fb2da": 0, "0a71d316-b330-49cc-bac5-fa77573e2eef": 1, "10b69514-37af-4deb-b6db-d9d7267c241e": 1, "16b43123-70f3-45c6-a4c8-967c1c3bb1c2": 0, "1e00e9ac-765f-4e5b-b14d-732693337a53": 1, "391725f2-325e-4eca-b74e-e294823dd6e0": 0, "48f930fc-263d-429d-87e6-d9d61f262165": 0, "56c2dcd6-62d6-40ed-9766-6faf7910d9fe": 1, "72aeeeb1-54e3-46dc-82e6-f6c2c4e6fe30": 1, "8f7af879-e958-4c72-884c-e2e869e1e351": 1, "bead2e2e-d6a7-4978-a958-196bbb9cd121": 1, "c990dfde-f8e2-4bd0-877c-16c45aa47a54": 0, "dd1bcae0-60a5-4b51-8493-0327d8777f7f": 0, "f406b3aa-7445-4cb5-ab61-38fcf4310c07": 0, "f9fa2d97-218d-4072-b88e-d53de7da8d75": 0, "fe4f7013-25ae-452b-a57e-63b1e6ce643a": 1}
1711	5000	27	164	179	25	0	0.994	2	1.0	14,13	1.2	1.0	1.0	0.0	0.0	2	1.0	27	15	15	1.0	0.0	0.0	1.0	0.0	0.0		{"09dd485f-88c5-418d-b542-99492ba285e6": 0, "13502c44-fdfd-41f8-8135-6cae23ba24d3": 0, "2266b3ea-7782-4536-8b9f-7b03d5a871a7": 0, "24faaded-526f-4444-b594-801317f83fff": 1, "36e8fd2c-6a0e-4c9d-8558-7f271fa07ef2": 0, "3aea8370-3c81-491c-9726-7cab2b0cafec": 1, "47e5a814-4fdb-4615-9f3e-03c7336c96a7": 0, "5666392e-1425-4207-acc7-c14ac7d45bab": 1, "5c45e818-9454-4d29-a16a-2cfb120d3fd3": 1, "5d758cc9-3562-4190-91c5-ebaf90b3f00c": 1, "6c399785-28a1-4927-9d30-d1d65a7003b5": 0, "78382201-9207-4296-ae06-19e9202a91ff": 0, "7ac09a46-cb8b-4e5c-bb71-411d56efdbcd": 1, "852165bc-c018-41b0-8d5d-3290a5ac3a54": 0, "85de5db3-9603-4624-ac2a-893e89482a1f": 1, "8691c2dc-0e91-4cf1-8542-33243f8ce9e4": 1, "9e8b1c71-5088-4ec5-8c51-920a78a79342": 1, "a36776b1-2ab4-41ef-888f-a0a20bb3be73": 0, "b3ac8870-28a8-473b-84bd-9e782d8daf7c": 0, "c05cbfe3-e598-470d-8413-191583a63a79": 1, "c3cc77a1-8e94-47a3-bc20-b1644bbbea0b": 0, "c65f3c85-097e-4faa-b5d7-f908ae398750": 1, "cbf526f1-1b9a-4296-924a-f856b4649ea8": 0, "d0bbd3eb-55bf-4f2c-81bd-e4da27367731": 1, "d2fd4d6d-a86f-4102-96ae-ee63892e069e": 0, "feaa8764-e810-408e-bc4a-685b33cf8e70": 0, "ffee1f75-cc6c-44fe-890a-8503f92f8dbb": 1}
1715	5000	24	1674	1690	22	0	0.851	2	0.958	13,10,1	1.3	1.0	1.0	0.0	0.0	2	0.906	23	15	10	1.0	0.0	0.0	1.0	0.0	0.0		{"08ddcbd3-ae12-455f-89db-0b5e2c0b13b5": 0, "19cd385e-5c4a-4237-be95-a5caa7656b6f": 1, "1b2bb116-62d3-460d-939a-94882f36cfa2": 0, "1c997f12-bbac-4f22-b4f5-ba88c4ad3c71": 0, "1e620a85-c4be-41eb-8fcc-0056dcfb2504": 0, "23a7597d-cb13-4101-a5f5-0e961cb649a8": 0, "2a4faefe-82c7-4b63-9a21-dab063a6fec8": 0, "45f10c03-7db8-416f-acec-6e6c46671f72": 1, "4e590416-dfcf-45c4-ba03-bb487a075e11": 1, "6ed993e6-3d3b-4537-ac6b-c45ea8a70876": 0, "86d82810-2d43-4fff-92a0-33b79a785d59": 0, "8ee52ce5-1814-4a27-bf68-b71a061dd4e0": 0, "996eacdd-a7b5-4d6f-a851-b356f9fa480b": 1, "9e2e78f7-2af1-446e-9f29-e5bceb8240d8": 1, "a9881833-e6f2-42e0-8957-5dead725e670": 0, "af961db4-90da-469f-84ed-8475aefae950": 1, "ba8c567b-7743-4598-be22-a358521b0def": 1, "bbc502f2-0eef-40f0-8b2a-4c62414d848f": 1, "c2802faf-4071-4275-b233-59f67679cd35": 0, "c61ad7bf-c739-45af-a211-8b5b64fc1ba6": 1, "d6a4a2ab-1b2d-483d-a82b-f3732993eb44": 0, "dee5675d-69b3-49f8-b3a0-d36edf419787": -1, "e1e3c366-6c00-4106-aa86-623f449ee29a": 0, "ec442458-77f9-4313-aa1f-b802da72fabf": 1}
1717	5000	19	651	639	0	0	0.959	2	1.0	14,5	0.6	1.0	1.0	0.0	0.0	1	0.0	18	5	14	1.0	0.0	0.0	0.575	0.0	1.0		{"0e56988c-675a-4b8b-83c9-58e85cb57ce0": 0, "0ed76f5c-6f66-4586-929f-6d63d0002daf": 1, "1583994b-6bcd-4300-be52-c13f1d45d4fb": 1, "1f80a47f-7be7-4e7a-9e14-2d024fddc00c": 0, "21568ff9-f8ca-4cd6-9ccf-bed57072bc26": 0, "22a6e517-410e-4ae4-821d-496b32df5d6d": 0, "35c996f0-6d6b-4377-8ef1-8f1ba642d60e": 0, "4fd63a1d-fd9e-4c5d-95be-fc12866caab6": 0, "54147836-088b-4056-af88-63d2fb3e5242": 0, "74b024a8-3c24-4d3b-9c00-cfea14005216": 1, "7a40182c-318a-4bc9-8f28-b678f2749545": 1, "7dfab7e4-caae-4ec5-b4ca-3ff9e4fcd0fe": 0, "8a4021d6-58a3-4e72-a644-9a4e0145a1b6": 0, "a28f7b08-871a-4d7e-b005-82938f780999": 0, "a3f5ce41-7377-46fc-9a17-86e60dc6c291": 0, "be3c1230-b81c-4c5f-93c8-9d068a1dda17": 0, "cb89d6f9-c9fa-4d80-8370-d46d7f4fd517": 0, "cc09203d-1570-4ab9-8946-47fe0bef7a3b": 1, "e27ff53c-a5dd-4f08-9dfd-7b4234e5e75a": 0}
1719	5000	18	280	185	14	0	0.974	2	1.0	9,9	0.8	1.0	1.0	0.0	0.0	2	1.0	18	9	11	1.0	0.0	0.0	1.0	0.0	0.0		{"0ab46c7a-8acc-46a2-a54d-7999fe2b59f3": 0, "14f97a31-abd4-43fd-8086-82497016c2b0": 0, "1ab0ede4-b66e-4112-94a1-df8128e6b188": 1, "31858626-9e2c-4a1a-ae6c-ab3eda426652": 1, "34b3b116-5bd5-4a26-86c7-288567f07a98": 0, "478556c3-de94-4a7a-ab65-b63993a7893a": 0, "58b499f7-c3af-452c-9c51-6e65f1f030ad": 0, "6959d55e-9fdf-4a51-b4ac-340dc97271e9": 1, "6cfbbd30-4aec-4f08-a546-1bbefc9f69d9": 1, "73d9cfb3-9eda-4ed0-a292-d1bdf0fdcaf1": 0, "8326fe3a-dfa3-4531-b7d0-3185087b5f4e": 0, "8d163648-22dd-43d4-9933-9fd63fd7a78b": 1, "925b4ca1-e084-4078-bfc4-7d7d47b2458a": 1, "92c01b9d-ad13-4586-830a-36cbb50f38a9": 1, "b3bc6491-cd33-4b9e-94bd-03d9b352cf22": 0, "ba35fc72-5cbd-4370-8f5b-6bd8e175e118": 0, "c63300ce-a1fc-40a1-81ae-f0ad7c13ad2a": 1, "fcb466c6-2fe7-40a4-854c-1b941e18d58c": 1}
1720	5000	20	236	194	10	0	0.984	2	0.95	10,9,1	0.8	0.95	1.0	0.0	0.0	2	0.519	20	11	13	0.953	0.1	0.0	0.732	0.233	0.3		{"057881c5-1078-41df-906a-7a62f6bb23c0": 0, "1ab0ede4-b66e-4112-94a1-df8128e6b188": 1, "1f080131-7b25-4c7e-9974-ad82fe93430a": 0, "31858626-9e2c-4a1a-ae6c-ab3eda426652": 1, "34b3b116-5bd5-4a26-86c7-288567f07a98": 0, "58b499f7-c3af-452c-9c51-6e65f1f030ad": 0, "6cfbbd30-4aec-4f08-a546-1bbefc9f69d9": 1, "73d9cfb3-9eda-4ed0-a292-d1bdf0fdcaf1": 0, "8326fe3a-dfa3-4531-b7d0-3185087b5f4e": 0, "8531480a-65d0-458b-9b03-08a4cb7497a4": 1, "8d163648-22dd-43d4-9933-9fd63fd7a78b": 1, "92c01b9d-ad13-4586-830a-36cbb50f38a9": 1, "98c24287-aa03-49e4-9ae2-248e16f0c1d5": 1, "a073d438-a6f2-4c88-ab37-da5e7849b975": 0, "b3bc6491-cd33-4b9e-94bd-03d9b352cf22": 0, "ba35fc72-5cbd-4370-8f5b-6bd8e175e118": 0, "c63300ce-a1fc-40a1-81ae-f0ad7c13ad2a": 1, "dbbb7df0-a108-45ab-805d-2b0ad4b734c5": 0, "fb8e3146-d1b7-40e3-96af-807d83879571": -1, "fcb466c6-2fe7-40a4-854c-1b941e18d58c": 1}
1723	5000	19	137	112	0	0	1.0	2	1.0	10,9	0.9	1.0	1.0	0.0	0.0	1	0.0	19	12	13	1.0	0.0	0.0	0.474	0.0	1.0		{"173902ab-1e73-46ad-900e-2be3b4693632": 1, "202ba3c7-d9f7-404f-8043-108918dc80b6": 1, "28fb881e-eabf-4038-87cc-99c79be31a81": 1, "2b13156c-d9be-45d2-92a8-34f13324cf14": 0, "2d7a7c3e-197f-4ab8-9e8d-580304f06b21": 0, "31b38d51-15db-4092-b7d7-4d6a45b3ce73": 0, "326bfe1d-b819-40a5-9188-557b1f75ee37": 0, "3f1db25b-b132-42ff-8e63-9e5e199676a1": 1, "5f098889-36a8-4dfc-ae11-ff634ef9eaf4": 0, "66f0fa83-82ce-47c1-94bc-2df8e4c7165d": 1, "71403b46-6186-456b-b8e6-a3a0ce24486f": 1, "91e648ad-15aa-4ea0-92eb-44732be78e9a": 1, "940fa3f0-a057-42c4-b44f-ce72ad6fd56e": 1, "99d06ec5-602b-4ccb-8de2-506769a6056b": 0, "a59e92d0-ba6f-4e5d-9c31-87bf7b3fd66a": 0, "b54e79d2-b6be-4503-8c58-cc484a72e9f7": 0, "c3f4c037-431b-4c05-b7d7-2b39f04b684e": 1, "d1e9d5c8-42f0-4b4c-9b01-fa894ebe4192": 0, "fb7b00b2-c495-4bd7-bbef-838a8b63bef1": 0}
1733	5000	21	346	300	3	0	0.948	2	0.952	10,10,1	0.8	1.0	1.0	0.0	0.0	1	0.0	17	9	8	1.0	0.0	0.0	0.471	0.0	1.0		{"029f17b0-596a-4eb6-99b2-92bd9c814221": 0, "06e2bfda-bf9d-4b82-a45e-4eef71b48c51": 1, "19b81fae-8259-4a02-831d-edbb210ec7e2": 0, "1ce24785-f86e-45db-81a8-33ee96023a02": 0, "4a23a245-c543-49b8-99e4-8525fe546662": 1, "531c532b-8ef6-4afd-8fcd-6ff479029fb8": 1, "5e02143c-709f-4064-9ba6-5efc52d6c270": 1, "70667781-bdaa-4271-b403-5953c5d18899": 1, "8c0d5f41-631c-401d-8c82-d2b78f845dc8": 0, "989aaa2f-8002-4b02-bed0-b77ef25c3a61": 1, "a9370096-24cc-4a4e-be13-5c245bfe34f1": 1, "bbc8d192-283a-480a-b52d-d2109d61ba17": 1, "c0e7c2da-ee81-48fb-87d2-7d32a15213b7": 0, "c4c8e2be-997b-4254-a0d9-421cfa0d465a": 0, "d69ccbdf-5ed5-40c2-821f-f5ce1c0e074b": 0, "e48678fd-6555-4b68-b107-861c490d435a": 0, "e590b186-5549-49cb-a0ce-036b0064d891": 0, "e8c60cd9-5025-4b7b-8388-c07761b69048": 1, "ef04a1e1-9317-47a6-911c-b559620cc116": 0, "f7869c55-1940-4c21-8868-bdf859e69c63": -1, "f984f6d9-30b5-4a91-846b-0a71e9eacd69": 1}
1735	5000	20	207	180	0	0	0.979	2	1.0	12,8	0.7	1.0	1.0	0.0	0.0	1	0.0	19	12	9	1.0	0.0	0.0	0.485	0.0	1.0		{"029f17b0-596a-4eb6-99b2-92bd9c814221": 1, "1dcd9310-1821-48dc-8535-0829b3a08485": 1, "251fe587-94c5-4d01-bb9d-5211fd40b631": 0, "4242e7c9-fe2c-4175-a24d-564d4557df88": 0, "432ea75e-0045-442e-a873-bcd0300a847d": 0, "4a16b192-0311-4545-8b32-cb26064c5c3b": 0, "531c532b-8ef6-4afd-8fcd-6ff479029fb8": 0, "5536b9e4-8fee-4c35-ac6d-0de5aa23379a": 1, "58aa19f2-a1f8-4347-b002-11e8a1c66f82": 1, "5e02143c-709f-4064-9ba6-5efc52d6c270": 0, "70667781-bdaa-4271-b403-5953c5d18899": 0, "8c0d5f41-631c-401d-8c82-d2b78f845dc8": 1, "93796b10-5022-4c66-a17b-aebe6d34116a": 0, "989aaa2f-8002-4b02-bed0-b77ef25c3a61": 0, "b9e0c7c0-35cb-4b19-9ce6-0e26a0ae9582": 0, "bab4eab1-0bb7-4863-8ce5-abb491a29019": 1, "bbc8d192-283a-480a-b52d-d2109d61ba17": 0, "e590b186-5549-49cb-a0ce-036b0064d891": 1, "ee05dc41-0cee-4efc-be16-bb3f13edb95a": 1, "f0d2fa06-1cec-4fac-a6c3-7570c063137b": 0}
1737	5000	21	135	127	17	0	0.962	2	1.0	11,10	0.8	1.0	1.0	0.0	0.0	2	0.809	21	11	10	1.0	0.0	0.0	0.905	0.09	0.1		{"029f17b0-596a-4eb6-99b2-92bd9c814221": 1, "1786d33d-651b-402b-93cc-6b4ed0391013": 0, "1dcd9310-1821-48dc-8535-0829b3a08485": 1, "4242e7c9-fe2c-4175-a24d-564d4557df88": 0, "432ea75e-0045-442e-a873-bcd0300a847d": 0, "4a16b192-0311-4545-8b32-cb26064c5c3b": 0, "5536b9e4-8fee-4c35-ac6d-0de5aa23379a": 1, "58aa19f2-a1f8-4347-b002-11e8a1c66f82": 1, "5e02143c-709f-4064-9ba6-5efc52d6c270": 0, "6626762a-d11a-44e0-be1e-27f9166e3086": 0, "8c0d5f41-631c-401d-8c82-d2b78f845dc8": 1, "93796b10-5022-4c66-a17b-aebe6d34116a": 0, "989aaa2f-8002-4b02-bed0-b77ef25c3a61": 0, "9f848ef1-4f89-4b2f-a382-57c39ece5c01": 0, "a95bf08d-6809-4930-8a1f-126f36786b4d": 1, "b9e0c7c0-35cb-4b19-9ce6-0e26a0ae9582": 0, "bab4eab1-0bb7-4863-8ce5-abb491a29019": 1, "cf48fbc9-beac-400c-9ec5-7f91965bb04b": 1, "e590b186-5549-49cb-a0ce-036b0064d891": 1, "ee05dc41-0cee-4efc-be16-bb3f13edb95a": 1, "f0d2fa06-1cec-4fac-a6c3-7570c063137b": 0}
1743	5000	64	8336	8172	93	0	0.647	3	1.0	27,24,13	7.2	1.0	0.333	0.0	1.0	1	0.0	4	2	2	0.333	0.0	1.0	0.333	0.0	1.0		{"03759185-c2a0-4d5b-8dc7-b10d2b89d8be": 1, "0cfef355-c2fe-47ca-ae3b-bdacfa6211d6": 1, "133d961b-57ab-4f4b-a82c-703ce4d02ee2": 0, "19de2ed9-11c0-4b8c-bcb0-d48b24a21799": 1, "1bc720c5-6e67-4940-9d94-6c51c5d19602": 0, "264725fa-fc9c-4778-b45a-5b807497a9ae": 2, "280c8332-0476-489e-98c8-3ececb810fb3": 0, "387c7f14-a578-4093-9bf3-f82310084002": 1, "3c8d5d00-5a42-4c5d-a5eb-d7e3bc526266": 0, "3cbd8930-8659-4dec-9e54-19dff615b19f": 1, "3d0f6f58-1d54-40f1-927e-db462fb8125b": 0, "3e75c388-f368-4e30-a983-c2c6c0e7ed6b": 2, "46358fe9-261f-49c1-b116-e5d84399c198": 2, "4aace38f-1e6d-4fce-a683-ac1df33293ef": 1, "4b5f579f-a45b-4e93-9265-cadaa20152c5": 2, "4bbf74f9-6958-4568-9aef-883ce8e771d7": 1, "4da02804-8e21-4b21-bbe2-971314fa95c0": 0, "5454ea1a-4bc0-4c7d-a541-0e490924ea7b": 0, "57f40513-203c-4e52-b064-22805a7815f9": 1, "5ab2aa18-3ae8-4e20-9bd4-24aa0f37123a": 1, "5d57a19e-63ef-4359-9a88-fc1f82487401": 0, "611439ed-ae55-48df-92b0-13b9ccda9644": 0, "63546474-0c62-47d8-bf8b-b9e33da20216": 0, "66b886e3-eefc-4e63-befc-4c8bb9431047": 0, "6ac1bc62-e4a6-4216-bcf8-634361295120": 0, "70a0e4c2-7916-43dd-a4d8-90c62fbeab59": 2, "70c0e5cf-838d-4d2f-a9a1-51163c203679": 0, "739e82a1-e403-4720-9cd1-6427b2e340e5": 0, "73a3e883-1aee-4398-a530-e59a23bdaf32": 0, "73ba65a8-ff51-4b84-abc2-9afcad3e57e4": 1, "7819e3d6-dc2e-4996-b1e3-70f4e941358a": 0, "7836e804-fefc-4bf2-965d-1a54a1fa77b7": 2, "7c4c1cfc-133f-443f-bb43-345fdd406cfd": 0, "85357523-3300-45c2-bf21-69af40e207f4": 1, "8a7237ba-f992-485d-b14c-504a96fd78ef": 0, "8aabd98a-8c0a-4a60-a1f1-8805c7df36d7": 1, "8b0012ae-d122-4332-bf98-96302334fccf": 1, "8dccabef-b7cf-4066-8689-361cc9fadba5": 0, "90a51866-a33c-440d-9e35-b1c419b71407": 1, "91bd509a-5894-4e85-a58d-031976f20ce6": 1, "95309748-3806-46ee-9830-c266db7360f1": 1, "96fe605d-b9d7-4555-90f3-ecf23554e057": 1, "9f29c0a7-4d5b-4366-a0d6-d8411f2133da": 2, "a27bc44b-7810-48f8-becc-11bf67264f11": 0, "a6bb47c7-cc12-4d21-907c-0fb11d5de1f8": 2, "a8fedfec-35ea-4192-aa87-2e5d4629e795": 0, "a9dbe9da-a0b6-4a45-811e-4a23be0c7f35": 2, "ab7703d9-bd6d-441f-b9c5-df140bc85a00": 2, "af09620c-01c2-4054-9f46-fe17ea587af6": 1, "af1481ea-4eb3-410d-a850-ead8116470c5": 0, "b7048778-bde2-4321-b4aa-afa9b93a526d": 0, "bca169ac-d443-4dd4-9f18-79029b39bf7c": 2, "bfa1800c-a736-41eb-8e5c-5336342f23f4": 0, "c01e1e25-cbb8-4b1a-9e08-e2e43bf90dc4": 0, "c0fa6ea4-0526-4189-967b-d9db56a25151": 0, "c445f9bd-2119-4995-b728-1d4ee51e1a23": 2, "c652f736-74cf-4bd5-8993-7c0f1d15ab7f": 2, "c8abb60e-e6b2-444e-87e4-3794dcc6b34d": 1, "ce17ab29-0342-4d1e-ae3e-ed4768e70327": 1, "ceeadac7-251d-4c4b-99f3-d874a4bffee3": 0, "dc47ea84-c24b-41cd-acb2-eff36c027684": 1, "dcb9cdf9-8589-42ed-9da3-5195197c4770": 1, "de6753cd-6c2b-40ca-b479-f3047ea0f33b": 1, "ee58b36d-9a4a-4230-be0d-b8a36e0f153c": 1}
1746	5000	21	58	2	0	0	0.076	1	0.19	4,1,1,1,1,1,1,1,1,1,1,1,1,1,1,1,1,1	1.1	0.444	0.5	0.0	1.0	1	0.0	9	6	3	0.5	0.833	0.167	0.5	0.0	1.0		{"17f1dc79-9605-4505-8130-987a5bca4061": -1, "21da4a2c-65ee-4e38-93ae-7822b391850f": 0, "308ee45b-c266-45a2-8b61-22ac54e983a3": -1, "3560ef3a-5d54-4f8f-a215-edb3a09e8ad1": 0, "3906eb7b-531f-40d6-b2da-56219a1ffea1": -1, "3f624b4f-cea5-4143-bd9d-186d6b675d28": -1, "4bb6732d-d234-43f5-b0a7-a6b9e21e0128": -1, "4fdac0a5-c52e-4e33-a95a-923bfcfe86d7": -1, "59c20daf-106a-48aa-ac2d-d0bd06bfe8a3": -1, "6f9d6381-f36c-4d80-91b6-712ab64a2f09": -1, "7aec4012-0ddc-4b0e-abb2-690d14f3343f": -1, "8dcb6ea5-e2d5-4474-85a8-3834e5b552a2": -1, "b727702e-7839-4244-a072-b2782ccbf65a": -1, "ba9289b9-a344-4993-a921-6df2f4c5ff9a": -1, "c1ab0f20-2cfc-41a9-bee2-5d0e36bc2736": -1, "ce0e6fe0-112a-4e33-b823-0ee1590ae43c": -1, "e471e2cc-c1e7-4ff5-8c50-e0b028227f2f": 0, "e9ba678b-6e16-4d7c-9321-10ce2306d5c6": -1, "e9e69fcb-cbbe-4e16-98ae-72d9a75a2e78": -1, "f11b0eb4-77cb-4ae4-8cb2-e93ec57aee15": 0, "f49bf720-b3d9-4255-8e87-6f3a8588748e": -1}
1747	5000	22	76	0	0	0	0.0	0	0.0	1,1,1,1,1,1,1,1,1,1,1,1,1,1,1,1,1,1,1,1,1,1	1.1	0.0	nan	nan	nan	1	0.0	11	7	4	0.509	1.0	0.0	0.491	0.0	1.0		{"09320321-9d79-4369-b832-0c6ebb642ea5": -1, "1335615c-27c7-4df4-915d-b416fda9d0d8": -1, "21da4a2c-65ee-4e38-93ae-7822b391850f": -1, "308ee45b-c266-45a2-8b61-22ac54e983a3": -1, "3560ef3a-5d54-4f8f-a215-edb3a09e8ad1": -1, "3906eb7b-531f-40d6-b2da-56219a1ffea1": -1, "3f624b4f-cea5-4143-bd9d-186d6b675d28": -1, "4bb6732d-d234-43f5-b0a7-a6b9e21e0128": -1, "4fdac0a5-c52e-4e33-a95a-923bfcfe86d7": -1, "59c20daf-106a-48aa-ac2d-d0bd06bfe8a3": -1, "5befe2ee-ec05-42e0-b640-737a8b67ceff": -1, "7aec4012-0ddc-4b0e-abb2-690d14f3343f": -1, "84927826-e23a-4116-b12a-4e4a7493ce75": -1, "b727702e-7839-4244-a072-b2782ccbf65a": -1, "c1ab0f20-2cfc-41a9-bee2-5d0e36bc2736": -1, "ce0e6fe0-112a-4e33-b823-0ee1590ae43c": -1, "d4e329af-801d-44d3-a7ea-bc45e3b64980": -1, "e471e2cc-c1e7-4ff5-8c50-e0b028227f2f": -1, "e9ba678b-6e16-4d7c-9321-10ce2306d5c6": -1, "e9e69fcb-cbbe-4e16-98ae-72d9a75a2e78": -1, "f11b0eb4-77cb-4ae4-8cb2-e93ec57aee15": -1, "f49bf720-b3d9-4255-8e87-6f3a8588748e": -1}
1755	5000	16	267	278	16	0	1.0	2	1.0	9,7	0.8	1.0	1.0	0.0	0.0	2	1.0	16	10	10	1.0	0.0	0.0	1.0	0.0	0.0		{"020eabc8-a67b-4fad-9b1e-47ccb1575f8f": 1, "1068e1ce-37e5-42a2-a597-ba223a83f20b": 0, "26d8c2da-c08b-424e-8f04-a16a1cc1c08a": 1, "2a366ab0-97d3-4201-9702-dfa2a969f12d": 1, "4f278155-121e-4fc6-8f32-13da6374894a": 0, "6ab4f27d-f1fe-4f89-b1fc-3cf56418e5db": 0, "6e9f5ff1-100b-4efa-8c5a-33268c82a41f": 0, "7fe7687b-5cd7-4738-86f3-655d862be866": 1, "8234736c-7d71-4b6f-977a-40fb6a20c000": 1, "8df79d96-ccde-4238-bfa2-f25e5151a4da": 1, "9d65309a-cd5c-4d9e-811b-aa7b07f87921": 0, "a89ce329-36dd-420f-9016-ad062c3dda35": 0, "ae2f607d-4d33-416e-8653-eda8f518428b": 1, "d0139180-bb7b-4abf-8fca-09b44c770cb6": 0, "dfe81ccc-3604-4aaa-b9d3-80be853348fd": 0, "e7cb6b51-4513-4e45-8e16-259644ea60e6": 0}
1759	5000	26	195	140	0	0	0.074	0	0.0	1,1,1,1,1,1,1,1,1,1,1,1,1,1,1,1,1,1,1,1,1,1,1,1,1,1	1.5	0.0	nan	nan	nan	1	0.0	7	1	6	0.286	1.0	0.0	0.714	0.0	1.0		{"145878fd-020d-4bac-86ef-8818d96218da": -1, "15de4d8a-409f-4cbd-9266-00cd13475c41": -1, "166f4a37-d073-4486-adfd-ac468831c201": -1, "2df02d1b-cde6-46d7-b430-d3af8ddcdcdf": -1, "3144d5af-de95-4155-be78-1e09b0331e4d": -1, "33c2fef5-e269-4bb8-9f81-ef1183e1e0b4": -1, "3804902c-7a0d-4b36-936e-c93eecfa400d": -1, "3fa368f1-70bd-4284-8e20-d3b33d22bfe8": -1, "534498e8-20b6-4843-9685-e6628403f586": -1, "602fe0fc-931e-442e-975c-799898e06474": -1, "615e0a88-0d8a-482f-9308-9fd8a6001796": -1, "65157c08-f456-490b-8ded-fa094ab29be6": -1, "80b67994-c046-49ea-ba5b-4aa58b8b78ae": -1, "830acfae-e3cc-480b-b803-6b4b5b94fa0a": -1, "8329d215-aab5-4bba-b186-d96ac68f2b65": -1, "884d3f7a-0c73-40be-a399-56a4a9820779": -1, "8d532d9f-647e-4cc4-b32a-69aff22510dc": -1, "a008168e-9bba-4152-8841-656a590ebff2": -1, "a35b60e3-2ad3-4bc2-9c95-0002c77d7f95": -1, "a45ff30c-e64b-420d-85ec-38f7580e7885": -1, "b8d54163-62cc-40ef-ab7d-e683e72187fd": -1, "bcefaf41-7bb1-433f-b41a-c395bda45d51": -1, "d8708ed1-deab-4f61-8a2b-a1df7022d708": -1, "e226edde-1c02-4f87-b574-e6fbefb0d079": -1, "e78304c4-a8a6-45eb-9f3c-1131e47506a5": -1, "f9a25628-d854-4bb7-868f-3c0cf2c87f04": -1}
1761	5000	32	13	31	31	0	1.0	1	1.0	32	1.5	1.0	0.533	0.0	1.0	2	0.0	10	7	3	0.533	0.0	1.0	1.0	0.0	0.0		{"15d25ae9-7836-418d-957b-8b90a2acc62c": 0, "20a6506f-8aac-4072-8037-71a533590d6a": 0, "21c3485b-4e4b-49e6-b203-1bb0a67533b7": 0, "2565d2e8-bfb5-4aae-9003-16163b3f2df8": 0, "26a26464-ccbd-402b-85e5-ef100b349705": 0, "2b3732ca-be5f-45f3-a280-63dce52f6124": 0, "319de3ab-ad63-407c-be3e-4681abaa50b1": 0, "40a705d3-d4c5-4577-be3e-21c3747a3853": 0, "420c7f8f-036d-4b78-ba6c-cf3ff2eda47f": 0, "50b8489b-ae07-4c97-bb37-387ffcc1de58": 0, "680d4720-c02c-4bf6-9a60-8d05edef036a": 0, "6b0a542f-7842-479b-9d2a-9a634c2572b9": 0, "787ca24b-46a9-42e9-8b09-6db1885bb6f6": 0, "79938654-6a64-4fb0-9558-babb32bb5b5d": 0, "8453ebc9-6e24-444a-8866-33ee26b74d25": 0, "9ea0482e-e200-4873-bab2-8e04f023b5ab": 0, "a3646bd5-79ba-4a7b-8a03-241a24f300b0": 0, "ac298116-9ef6-4073-bc14-cdc440dbb1f0": 0, "ad81645c-5dfc-4475-a226-d08cdf4d5a11": 0, "af7b1e5b-1933-40f0-b368-b5dec4d6e601": 0, "b252e961-0ed1-42c3-9061-4badc3eb090d": 0, "b30291c6-a77f-4ec9-9c9e-ce55537b4a5a": 0, "c02723df-708f-4bc5-9c5d-9ae71f20e8bb": 0, "c0f80277-40bc-457b-afd1-e92f61a630ef": 0, "ca1b5d22-31b3-47e6-91b4-36a684e4fd52": 0, "cdd97bd6-a9c1-4829-baf1-c589bb3cd6ba": 0, "d029926b-3e2b-4a6c-92ab-00cfedbac15f": 0, "d7addd99-00d7-4024-b022-e890a1731ec0": 0, "d83fc811-2f9d-46d1-8038-15eb5f35f550": 0, "e352052d-8b55-426f-8c5d-86abd6ace023": 0, "f10aa1ae-106e-4f14-89b8-6ac183bc214f": 0, "f64f9498-d206-4986-9670-264a9acf96c0": 0}
1763	5000	19	16	4	0	0	0.047	0	0.0	1,1,1,1,1,1,1,1,1,1,1,1,1,1,1,1,1,1,1	0.6	0.0	nan	nan	nan	1	0.0	9	0	10	0.0	1.0	nan	1.0	0.0	nan		{"005b5b05-8d5d-4776-a030-3bfc888c3c59": -1, "09800d77-816e-45fc-ad7e-6325fa15d3d3": -1, "260bbb86-80f8-4a0f-82ee-db84225be963": -1, "2880a601-9017-4644-9d13-83bc0bfbcc64": -1, "2d162d2b-b5e6-4c94-a65e-767b3ea6ef2c": -1, "31f70bf2-5ed7-496c-b49a-af97e6405bbc": -1, "32e07c2d-d2bb-4812-97bf-2b7d08e350d9": -1, "67c0136c-6d5e-43a7-b675-d15feb15c631": -1, "67d84aab-d808-4c75-85a9-40921f84d219": -1, "7873595a-c305-45dd-98e4-da606690bf75": -1, "85ac2478-7bc9-4a29-92a0-48fb6bde760c": -1, "95e8c4df-3fdb-41df-acbf-416c14700c54": -1, "9b97d845-e930-422f-be81-f6c5c11b6094": -1, "a15e894a-1485-48dc-8083-811622c69f6c": -1, "a9df6fd0-6188-4ac3-a290-91ab25019594": -1, "abfc023c-1a6e-40e6-93d7-56dc0ed86319": -1, "e308c4b2-e53b-4347-be19-f23f7d6a7402": -1, "e5ee807b-de23-4e53-9b77-7201b04a9742": -1, "ec91a492-3470-44e6-bfcc-a152f3c9f0d3": -1}
1778	5000	26	247	259	23	0	0.997	2	1.0	14,12	1.3	1.0	1.0	0.0	0.0	2	1.0	26	14	14	1.0	0.0	0.0	1.0	0.0	0.0		{"1dce01b3-93c1-4247-9389-97883253e062": 0, "21a59592-2cb5-4bd8-ba90-67b87427cfff": 0, "32bef038-f339-40e4-96dd-7cd7087d393b": 1, "3893944d-742f-450b-b9ea-861ee81ab4d8": 1, "41bfb303-98fa-49ad-ba90-2ac17075dca2": 0, "4502d293-373b-4de9-8ad1-7a4e2c06ab5d": 0, "4e7fa720-4f2f-44e5-b62a-86a87942649b": 1, "4ff24129-c0ee-4894-bd36-f7d93cee32bd": 0, "591502ad-90bd-4c2d-9ac0-aacfd9044c22": 0, "6e2a7567-4ae0-484b-a96f-36e889c04a3e": 0, "71283cd3-5515-4ffc-bb8b-f92514146775": 0, "8f7a59a7-8076-4d9c-842a-9ef46cd7b369": 0, "af0fcf5c-444d-4cfb-b9aa-3efd630daf85": 1, "b66ebd70-7854-423c-9c12-a84f652b4e72": 0, "c495b601-0c66-40ea-8c27-b44a05aa300b": 0, "c50e31a7-3ca7-4c3f-a297-5bea1b472112": 1, "c89a92f0-5c5a-4e19-9d07-7c7381727fef": 1, "c99ff44a-303f-4fe8-a75e-0ad32ae37348": 1, "cc87e4f1-c4cb-47bf-a53f-bc420dae4906": 1, "d41894a3-37f5-4f48-aeb7-bfa1be6f295e": 0, "d4a4d6ee-1621-456e-ad9d-dd4b87526065": 0, "da010e07-d3cd-4ace-85c7-1eb2083a3e25": 1, "e44fe154-1d89-466b-a4e4-ad459949c46a": 0, "eddf9dc8-58df-45f7-bb69-6ec84c94ff55": 1, "f3545f08-a2c6-4945-9fc7-becc9173bdc1": 1, "fa09d8d1-786a-46c6-a82b-9ebca13e2ca7": 1}
1781	5000	33	1410	1365	50	0	0.958	2	1.0	17,16	1.9	1.0	1.0	0.0	0.0	2	1.0	20	10	12	1.0	0.0	0.0	1.0	0.0	0.0		{"00a10906-19f6-4f95-b3c4-dc3025c651b4": 0, "014eef96-1bef-4032-8203-e2c6de57aba8": 0, "0204ca7b-6725-418c-bfe0-526831ab6fb6": 0, "0216d7d5-3308-4e79-bde0-f166b11e7239": 0, "0777f17b-c464-4f90-a09d-135c5e87633a": 1, "07a47224-3ddc-4da8-a541-b1779f85fb62": 1, "1f39a125-883e-419e-9628-67c2345f1015": 1, "2e6a6bf1-0904-430f-8352-4755874b3b15": 0, "3d155c44-c00d-4742-9883-6b1205752741": 1, "4203b3d2-20e5-4c05-b602-a9e57413b263": 1, "48b00304-020e-4746-a085-fb26a5d00983": 1, "57cdd6ca-1873-4f77-86cb-832dae331eea": 1, "654cac18-70bf-47b1-9d96-517912e70a85": 1, "751302b3-1e9e-4976-a3e5-110f26156c77": 0, "9035162a-dada-4348-9be4-bbe0db8c4f5c": 0, "91b08413-ee45-4c7d-9bb8-8a028fdc15a7": 0, "94385e3d-50c2-46b2-881b-0546b545e03f": 0, "9c6e6015-6da5-4042-8db8-b1ca221323be": 0, "a4346ef9-de4a-4b88-a2b2-848a83355b74": 1, "b32bee6d-6d5e-4f14-b96a-7acf36af4631": 1, "bbfed18c-ffea-405c-9a78-7e2abcfaca1f": 0, "bebf3b93-6786-46f6-9c59-a73473b77a19": 1, "c1831540-e882-4779-a7e0-b6222b119b80": 0, "c195ece7-761f-434f-bd00-d30e588b2fa8": 1, "ca9eea72-173d-4a08-8336-b9f867dc7287": 1, "ccc60536-c40d-4814-b606-eb089c7d12b0": 1, "ce9402da-fe3c-45d3-9e0b-f6e3b5ba44c2": 0, "d3c76d85-a33c-4f78-a59c-a685b69546f0": 1, "dd604541-29e4-4af9-a28d-00c6be1ef2c0": 1, "e60727ab-0308-4cf8-89f2-dc6b92ada0fe": 0, "eb1307ba-fa5c-4365-8d29-cae14fa5ffb5": 0, "ed667aac-ee16-4a50-9218-6d953d3a263d": 0, "f4cad193-91b7-4b2d-8d75-98c6b4aaa741": 0}
1782	5000	19	410	399	31	0	0.971	2	1.0	10,9	0.9	1.0	1.0	0.0	0.0	1	0.0	19	11	12	1.0	0.0	0.0	0.474	0.0	1.0		{"138788d9-aedf-4175-9803-2402b0107738": 1, "31fa84f2-81dc-4c0d-87e5-6b60fe996896": 1, "384f6966-dd12-4eb6-a295-58c6a182d83c": 1, "4495affa-8018-421b-b0ba-56fb9da06449": 1, "45018449-9899-4e43-95cf-f6ae03981a78": 1, "47c3c298-57ed-4337-a774-8f6dacac27eb": 1, "4d3b4ca0-eee9-4cec-9699-8079a2519bf3": 1, "4e0d68c7-35ec-4de7-aae1-cd80b0cffab4": 1, "553f6959-7809-42c9-adcd-d75ee9810d4a": 0, "6c2c659c-341d-4b1c-973e-5c09400a83d3": 0, "73b359eb-003f-4b11-a087-5a4615875409": 0, "8ed50cc5-e4b2-4558-bccc-c2b4d4dde610": 0, "96fa14c7-8c75-4472-98f3-b667fd003981": 0, "9eeda146-02e5-4155-ab64-d5eb06cab3dc": 0, "a58a5e50-f2dd-4371-923c-0f029b76dd19": 0, "b462ec8d-5682-48b3-9f30-9a8ed98f5515": 0, "cfa4a3c6-bd0c-4eee-a0ca-0d717d5e63f4": 0, "f010e584-69a0-4113-9cf6-33d7fc4fa0aa": 0, "f2e13589-65a4-4648-a2e9-5bd88a49c9b6": 1}
1785	5000	23	334	306	21	0	0.976	2	1.0	12,11	1.3	1.0	1.0	0.0	0.0	2	0.826	22	11	11	1.0	0.0	0.0	0.909	0.091	0.091		{"0e695fac-ba66-46e3-86e9-28c6db1836ca": 1, "138788d9-aedf-4175-9803-2402b0107738": 0, "22845beb-a5e3-4280-8ccf-6b85b5c8a9a8": 0, "31fa84f2-81dc-4c0d-87e5-6b60fe996896": 0, "39eae08d-dbd4-413c-a848-3750cefd4f45": 1, "3bc114c3-f258-4868-b92c-5eace51759b6": 0, "4495affa-8018-421b-b0ba-56fb9da06449": 0, "4aba308a-3967-4458-8e8d-67c6c2b91468": 0, "4d3b4ca0-eee9-4cec-9699-8079a2519bf3": 0, "553f6959-7809-42c9-adcd-d75ee9810d4a": 1, "5988c79f-0d14-446c-896e-b0eced04d1f6": 0, "61e4dbb1-9be7-4d8b-8f62-cfd3c844e5b3": 0, "6c2c659c-341d-4b1c-973e-5c09400a83d3": 1, "73b359eb-003f-4b11-a087-5a4615875409": 1, "8ed50cc5-e4b2-4558-bccc-c2b4d4dde610": 1, "9a659546-91e8-4f75-a9ed-9dc0ac876355": 0, "a58a5e50-f2dd-4371-923c-0f029b76dd19": 1, "aefefcc7-e4fb-4180-891d-b414c5f84753": 1, "d14599e9-0c8f-4d0f-b599-530ece415d49": 1, "e1ee5c99-1fe1-470e-84c0-87fcc1f926e2": 0, "e7a70f6d-8120-46cd-962a-4e2ada1403b1": 0, "ef3fff4e-d4d8-48c2-8ab8-aeaed4fe0032": 1, "f010e584-69a0-4113-9cf6-33d7fc4fa0aa": 1}
1787	5000	20	221	237	48	0	0.889	2	0.95	11,8,1	1.1	1.0	1.0	0.0	0.0	2	0.915	17	8	11	1.0	0.0	0.0	1.0	0.0	0.0		{"12abb515-81ef-48c8-ab85-2b1ed7b9cbec": 0, "1c5a6e4d-c4c2-49d6-bde8-988829d1130f": -1, "2dd189d3-be2d-4987-9c09-caffafad488d": 1, "2eabf694-66ff-4ac3-bc81-64f13ad2bd9b": 0, "30f4f532-3bdf-464a-96e3-96b06d990a67": 1, "35771236-876e-4189-8f85-58bd3033ee14": 1, "38ae4ded-5239-4c1f-8021-05bf31d62b0c": 0, "3a2c368f-1282-479e-8c6b-57fbce8d7dd2": 0, "4c6230de-b1f5-494c-8eb8-1abf2753bc26": 0, "79fbd5eb-cf33-4595-9f1c-7c6f0d5b6188": 1, "7cf45058-2f11-4a72-8eb2-12abf7b7348b": 0, "94cbb52e-e757-4270-94d0-46191d955bcc": 0, "aa276873-69a2-4609-9544-c52939b9a9fc": 0, "ae3e6534-bae8-424c-85dc-9ed1fb4db008": 1, "b17de91f-61dc-49bb-bf07-d8b3b825f34d": 0, "b7a5910f-74b8-4d42-a34f-0ca799aaccb4": 0, "d0d1d376-99c0-4a25-8633-24fdeadcaf13": 0, "d3b9a838-8665-4b64-84b0-bc2ca2527942": 1, "e04beb18-4a0d-4dcc-b811-0e1dcc1e8eb8": 1, "ebcf6c95-ded6-4f79-84e1-36fbecb384f9": 1}
1804	5000	16	156	155	16	0	0.975	2	1.0	9,7	0.5	1.0	1.0	0.0	0.0	2	0.749	16	7	10	1.0	0.0	0.0	0.875	0.14	0.111		{"1231958a-edd1-4efe-b1e5-08146a213e21": 0, "2462c63b-661d-44ba-ad95-5d33a398ac40": 1, "31b4b716-6db7-4fa2-a0b1-86f17310c668": 0, "322c899e-ae89-4635-9002-342dd3fa5e86": 1, "3920eab5-8f00-43d3-9865-a5fb3ec5683b": 1, "418b8078-2fce-48f4-85d8-82f9956bf4e7": 1, "4191a744-7fb3-4253-874b-3ad1d7646dbc": 0, "783ca9f3-bb0b-41ad-91bb-c060f6069cfa": 0, "879b9581-af34-47b4-a57e-8a1a57908233": 1, "9fb5ce4a-0c54-4292-841d-23dfc987986c": 0, "c8be0db4-f0ec-497f-9e06-4088ace40d87": 1, "d0a1f581-85d0-488c-a0ab-58f8cd2c5763": 0, "d879dfb9-c413-40eb-924b-c98f81b09ecf": 0, "ed7a60be-6e67-4b73-9d24-1508d8dc8157": 0, "f595f4a2-fdeb-4314-b844-e7bdb58294dc": 0, "ffa1967f-b514-4b90-9f75-e7e773bb24f1": 1}
1805	5000	14	106	80	0	0	0.989	2	1.0	8,6	0.4	1.0	1.0	0.0	0.0	2	1.0	14	8	10	1.0	0.0	0.0	1.0	0.0	0.0		{"322c899e-ae89-4635-9002-342dd3fa5e86": 1, "35b18012-deb6-40b8-86ec-1e21b87b1ae0": 0, "38d1de8a-91ba-4b25-bb97-53eb4ccff1f8": 1, "4ec5b824-123a-4810-81f8-8f5d1175a12c": 0, "523699dd-3c7c-4e1c-8fb0-5fbcf2194d54": 0, "606986fe-3757-43e5-ad42-575d5e31e96e": 1, "62bc2133-a419-43a7-8f42-9afd3f005d36": 0, "67dcaddc-98aa-4e11-955f-601b10ad48ed": 0, "80311fa5-7076-4f22-897d-6f01c6b2404e": 1, "d17108b5-40f7-48ff-b2b5-541240de7e2a": 0, "d879dfb9-c413-40eb-924b-c98f81b09ecf": 0, "dab43f4c-aed8-41e5-a6ee-969ac92c92ed": 1, "ed7a60be-6e67-4b73-9d24-1508d8dc8157": 0, "ffa1967f-b514-4b90-9f75-e7e773bb24f1": 1}
1807	5000	18	467	461	0	0	1.0	2	1.0	13,5	0.6	1.0	1.0	0.0	0.0	1	0.0	18	13	5	1.0	0.0	0.0	0.575	0.0	1.0		{"08fa3663-1a2b-4c8b-8a89-a06f8e288fdb": 0, "1bdcb59c-9351-4df4-90a1-cbcc1039da8b": 0, "1ef0c7ca-5c5e-418a-b93c-64830a43b17f": 0, "3e1d124b-8b44-472e-8d90-9fa85a821c6e": 1, "45c59822-9b49-431c-acf4-781887e6afbf": 0, "4df52fde-f1a8-4e12-adc2-32239e582f52": 1, "515bcc50-7ac7-4d08-bbe6-e71e32970b87": 0, "63bd33ae-500e-4671-b7cf-711eb413ff10": 0, "7017bd34-d9dd-4ef4-93a4-3595c326f9e0": 1, "84789817-18e7-4e66-93a6-22ab8638c45b": 0, "85cc1fe2-ab74-42de-a410-e2de177d1bcc": 1, "8f04339d-c008-45e5-b467-31df3ac26a6b": 1, "a55a8c84-9ce2-4fdb-a408-00ef72076bc4": 0, "a8e2ad4d-f859-4b5a-8fca-a1cf296dbb66": 0, "c6037ead-01d0-4735-9d00-fe7466d48cd9": 0, "c6b6963f-182f-49ae-8db2-2cadb655ccad": 0, "e139e797-6285-45ac-a646-c1a9b5624a22": 0, "fc92fd03-2d62-47c4-9ae0-c61f2a37f2c3": 0}
1813	5000	20	44	2	0	0	0.068	1	0.55	11,1,1,1,1,1,1,1,1,1	0.6	nan	nan	nan	nan	1	0.0	0	0	0	nan	nan	nan	nan	nan	nan		{"0b6a26b1-95b7-450d-9119-d3be1e1ed1a2": 0, "18ae5c98-b2bd-49eb-8cce-2f37f976532b": -1, "1f67d344-48ab-41c1-9b71-69777ab5376c": 0, "2a8d2d35-3af8-4c66-9ed1-679ce906a8ae": -1, "35e1281c-02a7-449b-8658-79b4a4f48157": -1, "363f7cc1-026a-47c9-b90f-0aba85430db8": 0, "38281ada-7683-48f8-b493-eec52ab667c7": 0, "45e2da2a-c980-43aa-8743-c8092568a586": 0, "5e1e35b5-dd5e-4a8d-a0c7-b45ba2f2cb18": 0, "5ecc1d17-0594-47d4-a67b-e8fdcf9c135a": -1, "8a6c6ef4-0eb1-4346-b0b5-f8de5df42a3c": -1, "8fb95b45-f903-48be-bdc5-405711009174": 0, "ab75f8d1-b3c0-4790-ad62-a4a4c382b22b": 0, "b5347542-7b9d-4510-af2e-87984b259584": 0, "ce82c3a6-7b13-483f-a90a-523fdc1409c6": -1, "e583a2ed-b64b-4005-b9d9-d9e3238861e9": 0, "e71c8522-e1a4-4a54-8a33-0cf35efb0821": 0, "efa3eed1-1af5-4bcb-9790-36fd1c695b30": -1, "f3156f3a-5a49-4231-ac8d-09831f3692f8": -1, "fe86b5fc-3668-418a-9b8c-cdfca8495c6f": -1}
1814	5000	17	76	82	12	0	0.978	2	1.0	9,8	0.5	1.0	1.0	0.0	0.0	2	0.764	16	9	8	1.0	0.0	0.0	0.875	0.125	0.125		{"1679f676-92a6-43ff-9e27-0d9ca4d9ff2b": 0, "1958fea8-3c9d-4edb-84a7-96a0a0ecb1b8": 1, "20b3f207-4158-42d8-a5c0-9f5c2569f757": 1, "25cfbe7d-45ab-4c04-911b-39051f704c64": 0, "3c7e5422-4de6-4722-bf80-2f2f791645fb": 0, "5c38b2b7-4fcf-45b8-ab50-a5238c9c1d86": 1, "83e5d1a7-236f-402d-8b50-80f451655404": 0, "8b3e77a2-5d49-4531-98e7-16e6d70286ea": 1, "9d9a8f30-e745-4a2e-898c-266b8432d4aa": 0, "b3988f91-38fc-462e-bb22-f1dca83bfee0": 1, "b747f502-e1bb-42be-9cbc-dd41e576d056": 1, "c6b59b07-f722-4cff-9a8b-3fb88581dd01": 1, "e5874bd3-3c29-438f-a59a-21b74868a38b": 0, "e6e20e3d-3086-41d2-81aa-4501c347a4d7": 0, "f40ba5f1-69b7-4ad1-a9dc-b40fc9aab0e8": 0, "fcec863f-106c-4180-9058-0432c892190d": 1, "fd640ce0-2894-47a7-a75f-be282e2e2db0": 0}
1816	5000	13	64	53	0	0	0.949	2	1.0	7,6	0.3	1.0	1.0	0.0	0.0	1	0.0	10	6	4	1.0	0.0	0.0	0.467	0.0	1.0		{"03d3fb0f-a057-4a1a-89cd-46f75aa3a10f": 0, "16c32316-bf7e-4978-aa7d-ab91811334ff": 1, "1a60fd42-4652-4551-ad9e-9ca0ac9f69dd": 0, "25e769bb-dd31-4919-b7e2-8d3fd6de8a9a": 0, "47a2b8ac-5765-4d07-9c44-b3c7c379e2ae": 1, "5d4c0f93-71ac-422d-aada-bcccc28d2933": 1, "8153f42a-3da8-4a52-847f-f4c2acb21edf": 1, "a821b064-0826-413f-bab6-d6f7a1ae5098": 1, "afc84f88-7b4d-4aca-85e0-cd9b23163b7f": 0, "bf211c28-ec27-4542-8419-4fe9f3ddf357": 1, "d1b88ca3-a9a2-4151-9aec-551f836932e0": 0, "dac4590e-ab16-4e4b-9652-a42de2dfe984": 0, "e808b25d-2f8d-4051-a5ec-0a4130f32af2": 0}
1829	5000	22	80	38	0	0	0.883	2	1.0	11,11	0.8	1.0	1.0	0.0	0.0	1	0.0	18	8	10	1.0	0.0	0.0	0.477	0.0	1.0		{"050cf583-37f4-4bc0-b4f5-8c4f9b974101": 0, "5e743a6a-0ee9-4a8e-9524-b7a8fd330bb0": 0, "71a1255b-50df-4827-8f32-d027b9cfa83d": 1, "729edb9f-4824-4501-ba8a-ee4d285d519c": 1, "7ca7d29f-68c5-4554-a5ab-65600f42b8c4": 1, "833f36cb-9b7c-456d-8168-d44f9a56bf86": 0, "867c11ad-bba0-4881-b7bd-473062ed61a6": 0, "8d57f7c6-d7ae-4c29-830f-d13b21e2eeed": 1, "9a1a942e-d09e-453a-ab07-53da7f351aa6": 1, "9ea64d7d-57f7-45ce-852e-54e3b14c4462": 1, "a3c26cde-3ff1-4a67-97b1-a2d66a55d48a": 1, "cee60187-6e5f-4088-9d55-90dc50943a22": 1, "d14b9f32-eaaf-4bb4-9e35-b1fdd426db88": 0, "d9df2852-e240-4e42-bcb0-5efc4dac33cf": 0, "df927666-d91f-4c46-941f-9c0e4c2f355a": 1, "e211fd35-7421-436c-8fe3-704f23abbafa": 1, "e2899097-2d8b-4c33-97df-f8de63fc46e3": 0, "e74435ef-01e2-4339-847c-017fcf203ddd": 0, "e8456a30-9609-47ea-9220-f30d11b287ce": 0, "eaa129b0-7e59-4e77-a18e-1993bc56f01b": 0, "f5cd90cd-adb9-447f-aedb-9f74a3824322": 0, "fe4f10ac-706d-44d8-be2a-10a09c1caae0": 1}
1834	5000	27	449	423	23	0	0.989	2	1.0	15,12	1.3	1.0	1.0	0.0	0.0	2	0.591	27	13	15	1.0	0.0	0.0	0.795	0.158	0.25		{"00cd1f49-fbab-4fcc-ac91-03da6977a8b5": 0, "016fd4bf-c0d7-4ac5-9bb8-0f67f5e2ec3e": 1, "0966634f-2763-46bb-a7da-8c2c25fc5f07": 0, "0f293641-d896-44ba-82de-3324ca7228e3": 1, "0fe92515-7491-4028-bdf3-a6f5f684fdd0": 0, "198ad8a4-521e-4efa-8a6a-28d7fb45582a": 0, "1dc6fe40-41e9-4576-9b95-f24642faf12d": 1, "24ed4e5f-afc2-4f80-b64d-5a60e355b12c": 1, "2758aa68-495a-408f-8770-2bf1aee12ab5": 1, "385dc215-8599-4559-ac53-266f623998c7": 0, "4159d823-8302-4dd2-b485-163f23f696b1": 1, "443340f5-cc99-4fb6-98b5-1487a3be807a": 1, "44e72f4b-5b09-4b21-bb7f-dff8a14f129c": 1, "457d6265-10ca-4521-8c15-09f1873963b8": 0, "60054e41-58fb-47ef-92ec-9d6f68fc0a4c": 0, "6e187514-a62c-494d-b439-25ac943c2638": 0, "6f0ddca8-993a-403a-9d1d-13c2e8bb686e": 0, "831c0395-4f2b-4d34-bc67-02629d2554cb": 0, "8cc9c5d2-446b-4cd3-94d0-90baf3cc1791": 1, "918f879f-2a76-413b-ad66-888ffe87354c": 0, "968c4374-4cb7-4bc7-9426-7f2d6b4e6e8a": 1, "a88bb20a-0f44-48ef-a02b-9c3ca1431e56": 1, "aa0ed567-c11c-458c-bf9c-e0c37b644069": 0, "d34a8271-74e3-40e2-9727-cdc45f0df8bc": 0, "d5ffd0bc-4aae-4ac0-93c8-2792271a1501": 0, "dea174b5-0c85-4729-99e5-facf9ee9ec6b": 0, "f0845e78-6846-4c45-beda-d49e9f710d5f": 1}
1836	5000	12	155	132	0	0	1.0	2	1.0	7,5	0.3	1.0	1.0	0.0	0.0	1	0.0	12	6	8	1.0	0.0	0.0	0.47	0.0	1.0		{"078ba982-fae3-4561-9980-2da3e8d2a892": 1, "946c96e7-5419-4ec8-95ba-604bb9b430e8": 1, "9aa44c5e-9704-4ce0-af64-97075da7e82d": 0, "a01aa481-8d1c-4959-b84d-80ecba57ccfe": 0, "a679a792-bd14-44c3-b83c-eccf26836dd1": 0, "a8d88e31-0406-4c55-afdf-1f3c0ba4173b": 1, "b01c15e9-4641-44fa-af7a-8ebff1240fd8": 0, "b4c0aec4-7a30-4933-938e-6fda5915b81b": 0, "c37297e6-265c-48ad-8a37-aa9ea553bdd4": 1, "d5ffd0bc-4aae-4ac0-93c8-2792271a1501": 0, "d7c988d1-b9b3-4274-9758-fb8c913ba1a7": 1, "f810147f-f470-41b4-ae54-a9234b56afc8": 0}
1845	5000	30	47	8	0	0	0.161	1	0.167	5,1,1,1,1,1,1,1,1,1,1,1,1,1,1,1,1,1,1,1,1,1,1,1,1,1	1.6	nan	nan	nan	nan	1	0.0	0	0	0	nan	nan	nan	nan	nan	nan		{"04b1ab1a-5880-4def-9034-d5d0ecdf233a": -1, "062b867f-29eb-4484-9a16-b0fa4164f7fe": -1, "094c4acf-c8ae-45d3-be01-539f0d6da4d6": 0, "099551bf-25e2-4c20-8b2c-4eeec04391f3": 0, "23b8a400-0f74-44f8-b20f-0f9f22dd3e2c": -1, "292efee0-5d32-4dec-9518-16547973d750": 0, "2a1e1d86-5818-4696-b062-cfa07ec6e56b": -1, "2a7f01bc-d77f-4651-8264-d6a0588506ce": -1, "2aa6764c-4014-4c42-98ae-01f7013aec21": -1, "2d6288aa-1981-4598-b7a0-a5fa58932770": -1, "2e52457b-9c22-4bbc-842d-86d1df70e85c": -1, "35c48e00-2020-4e2b-86e9-cd53a7d48bb0": -1, "3faacaec-3007-4f31-8f69-61fd17d11ae3": -1, "46704c5a-fe10-4dc2-af40-c5b46d8b42be": -1, "4b111736-e3ec-460f-aacb-e48eb779f296": -1, "4b31c50f-75da-450f-a0b8-919452c0c090": -1, "4d051960-8a94-4548-9c9c-964b67808aa3": 0, "533506bd-aaf7-4eda-9668-72772e31a2c8": -1, "65b2186c-72d1-4ae0-85a1-7172f7dd987d": -1, "670e7814-8be7-448f-8984-4fb1a6514651": 0, "67494924-8954-4bf9-a39e-ee4b43193889": -1, "77b48bba-f70d-42ad-a89a-4597d9799d58": -1, "7a41b42d-5f62-413a-9acd-60bbea9d31bc": -1, "951405fb-9804-4d1c-b3d2-be4d3caa79d4": -1, "a4f34772-4a31-433c-93cf-df613cad6232": -1, "bbdc1ca3-4f09-486b-848b-2ad262702a9c": -1, "bf88904c-4290-48e1-aca7-fd29803f42bb": -1, "d6fcb89d-5975-455c-8dee-f22e5d69eb1f": -1, "ecb2d097-204b-4425-b82e-4c40bb6cc8de": -1, "fec3c52f-510d-4064-9ad5-6ba5bd6dc6cf": -1}
1846	5000	22	38	2	0	0	0.091	1	0.227	5,1,1,1,1,1,1,1,1,1,1,1,1,1,1,1,1,1	2.4	0.0	nan	nan	nan	1	0.0	1	1	0	nan	nan	nan	nan	nan	nan		{"0f296bb0-611a-4941-950f-00160d3234bd": -1, "1a40ebb3-7e4f-4eea-aa57-35f3252847be": -1, "1f41940a-ca8f-4a87-91a0-cd5b0d82d55b": -1, "292efee0-5d32-4dec-9518-16547973d750": 0, "4aebf369-ba13-4fb4-8778-2f967b7fc00e": -1, "52413794-b6ee-4447-87bc-828feeb4db35": -1, "533506bd-aaf7-4eda-9668-72772e31a2c8": -1, "5619fd18-f2c9-4565-9d66-b4265cbbf8f7": -1, "6d5f152a-a040-4f0f-9a6b-be3945f18848": -1, "70d412cb-251d-40f5-9a57-1c8ddae75c94": -1, "813653e6-b930-4fba-bfa4-227e5ff5cf1b": -1, "8aebe08b-d692-470f-9e68-32485a0c8c00": -1, "94e67b51-2a2a-4ecd-a82e-1acaea4096de": -1, "a4d9ffac-33ae-41ef-947a-d211056c374c": -1, "a6a0ee61-081d-4d5a-a426-6c2c204f696e": -1, "acff7aa3-7a91-4f08-8965-645900ad302f": 0, "b2df99d0-16ad-44e7-8b6f-e949979c5b49": -1, "c754f0f3-42c0-4dd0-8325-77977708387f": 0, "cd0ef731-ee79-48de-b705-fe3bfa14797b": -1, "dbf8e1f5-564e-4ed7-8445-dd7657eba92c": 0, "ebe9912e-e844-4bca-9669-b586af750264": -1, "fc462261-22e0-4609-9c5c-baa91609f490": 0}
1849	5000	13	137	125	11	0	0.987	2	1.0	9,4	0.4	1.0	1.0	0.0	0.0	2	0.693	13	5	9	1.0	0.0	0.0	0.846	0.19	0.111		{"01914400-7607-4e48-9bb3-9a1fd0542d08": 1, "0836ff2f-974b-4fb4-a746-bd27ea743134": 1, "137de8ee-82b2-4200-9f27-2ff6e2ebddc9": 0, "5a574bb3-ac23-4bdb-9d06-1cc6bf1e0ca4": 0, "68161e3c-5347-49dd-93aa-71058e296209": 0, "6a630806-3677-485f-9012-966a550300db": 0, "98059939-d16d-402b-bf52-c3c4a40f07a2": 0, "980f34f2-5737-4ac2-8356-a774bdf20526": 0, "b9ab6774-8ad3-42e2-9955-ddbe994870ac": 0, "c3edb297-22c2-4ce9-87f4-4fca7277e25e": 1, "cc687c17-65ae-4c76-951a-e93714f0ac7f": 1, "e1afe6ae-16be-455b-a433-35d5d4137cf6": 0, "ebf2ee38-0f90-463c-9a14-acd87cac7285": 0}
1864	5000	17	406	379	0	0	0.993	2	1.0	9,8	0.7	1.0	1.0	0.0	0.0	1	0.0	17	8	13	1.0	0.0	0.0	0.471	0.0	1.0		{"01f707e6-ef93-4bd7-beab-a5df29e66f72": 1, "0caf7ece-18c1-415f-b7ae-e6600bc1746d": 0, "14383e76-3caa-49d2-99c6-47d3e849d965": 0, "1531fd50-c7de-49f3-9177-992f08ef8202": 1, "1cdb987b-49ab-4bf1-bb04-c913d5a1e2d6": 0, "2ee250b0-39f2-4afc-825f-44356b92441d": 1, "39feee64-841d-4868-bd2f-4b69af44f86d": 0, "49ea2598-0e84-4d2c-8ffe-f0afe3f064f5": 0, "4c2cdbb6-7b7d-4415-ae76-9c0fbc7e79c0": 0, "53acb3d3-1545-4b76-a760-614aa9ef9891": 1, "5475e903-68bb-43ad-9ad9-498bad0b1a7f": 1, "79b673e2-34d2-4822-9f5c-183a33095beb": 1, "bc1be364-5125-4c49-9590-3e3ac1063c47": 0, "d074567e-0ace-4bee-b24f-dec679ae9cec": 0, "e0d20c8d-7735-4ed7-b1e9-5a0f8074241f": 0, "e138cd03-4b41-415d-8afc-b223d418b286": 1, "f45793e7-b113-47bc-a13a-8807c73cbcf9": 1}
1876	5000	26	268	250	39	0	0.994	2	1.0	13,13	1.1	1.0	1.0	0.0	0.0	2	1.0	26	13	15	1.0	0.0	0.0	1.0	0.0	0.0		{"02b89a7f-3e49-4701-bd0c-dc6875f37976": 0, "100ddee8-fa83-4266-be6c-602db5a373d1": 0, "1a08b9ae-eb06-43bd-a7de-645df11972bc": 0, "223d0fee-3d87-4209-b773-bd636df8cad6": 0, "2caa6e12-7048-4f77-97ab-36f6f3c8d349": 0, "385f0451-9add-4b29-a997-5035fb4145d1": 1, "5608f648-5820-4d38-a3f8-5d9afaf4c137": 1, "562bdd65-96b5-4d4e-a15b-962d1fba2d3b": 0, "58261042-2cfd-4177-bf1b-e6613c6883b5": 1, "5e1edd0c-4b91-4ab9-9b60-48e384835ff0": 0, "64cba860-6fbc-49b8-a142-82865ed69764": 1, "655ed937-c682-467b-9a11-a9451faf2d9f": 0, "6c555fa0-6283-49a7-a88b-8c8d70896118": 1, "8bf5d04f-34e1-40ce-b44d-be6f1406c237": 0, "a0b23853-a4db-4956-955f-634c919a2c95": 0, "a6554de0-687b-4974-a54a-f3bd7f6cc03d": 1, "b433abc2-ddb8-44b4-b9f5-37e1ea5a3550": 1, "ba3482e0-8f58-4fc6-bae5-e67eb1843ba2": 1, "bbe765f3-43e3-4c70-b686-4cffb8eeb8de": 1, "bc646168-a76e-4924-9a0a-7e518c182884": 0, "bd0934fb-e037-40d3-810f-e86e3e464652": 0, "be9e72b4-60ea-4824-bd36-1669cb7dbb49": 1, "cf2fa9e6-006f-40bd-8aee-20c6294536cb": 0, "d118cbfc-398f-40ea-80e3-17b96483ea08": 1, "d260b877-292a-4c31-81a3-cfa70280cefe": 1, "e65e8d1f-9e2f-4655-a340-58ee1b0e53df": 1}
1884	5000	23	174	135	19	0	0.901	2	0.913	13,8,1,1	1.0	0.95	1.0	0.0	0.0	2	0.788	20	16	9	0.937	0.121	0.0	1.0	0.0	0.0		{"01ff8edc-d84b-475a-8831-70e335cded63": 1, "07866185-2bc2-424d-af1d-8c73a8f03e3c": 0, "1018a8bb-29fb-456c-abd8-8e02d014e917": 1, "18bd82d3-2f99-4d7c-abdc-b0e7a24d5305": 0, "1db15581-2dba-4628-b7c2-2024cc5f7255": 1, "1fef4f85-7f06-4760-a09d-21f7c850a4d8": 1, "25d34678-25be-4a1c-90a3-8b75a315e05f": 0, "45872d77-ca65-402d-9dd4-a57ddc386e49": -1, "4b5dfa9d-f572-44a2-8d98-17d9ad5bf0aa": 0, "51688df9-623d-4239-bf76-d5081b7d57a0": 1, "5c8e7db4-3072-4e04-8fa7-ce199610ad1f": -1, "6a5b3f8d-8fbf-4a60-a56b-3b9cce44466d": 0, "70f394c8-bea7-4c28-842d-d841df6ebf6c": 0, "7672cb29-04ac-438e-bc46-715fec6bcae9": 0, "77a2841f-59a7-4950-925b-3d154a626388": 1, "8faf64d8-435b-456a-b38a-145d8740cf7e": 0, "a12ccd75-66c3-488c-b210-46af05364d1e": 0, "b7d61ff7-ad40-47f7-b274-db663ab45f2f": 0, "bf2afeb3-8510-4602-b88f-a634fc881af9": 1, "f0f6e419-0e36-4e70-bf64-81c37cb17da4": 0, "f7a48529-a3ce-4cc1-af80-0308724e2b29": 0, "fb7b8cbc-4149-4711-9547-4e2b4722add1": 1, "feeacfe6-b27e-49d5-bec0-5a07033d70d3": 0}
1885	5000	26	115	47	24	0	0.883	2	0.923	20,4,1,1	1.7	1.0	0.444	0.417	0.714	2	0.274	10	3	8	0.444	0.417	0.714	0.467	0.25	0.857		{"15f0aae8-667f-464f-98e2-8ca02b05febb": 0, "2a0d8ae6-8074-413c-93e9-0a6aaf611167": 1, "2c488668-f77c-48bf-9644-3524b2ca72e2": 0, "2c9db89c-e4e0-45d5-abd3-2867e5e5e209": 0, "2fc8e2e5-cfcc-4767-aba2-449a4e41ed86": -1, "32f6c738-8ae2-4d94-9588-a5fe1ddd1605": 0, "3a1e8ed0-47ce-44dd-80e7-3e436ab3df9d": 0, "427c15b5-f848-4d7f-8725-cf7f82b69935": 0, "4327639c-8cd4-4041-96b6-08135cbf9269": 0, "4982f987-c86e-408f-8c23-1dd203e5614c": 0, "4d08db4e-fdb7-497b-a7c6-b5f09e6b24d3": 1, "4fdb4011-7988-4dc1-bb43-dd2459f7586f": 0, "570459d5-42bb-44d7-9f4d-6cf676c5d62d": 0, "77c772c6-388f-498f-9763-4834616aaf45": -1, "7d09b18c-a30b-4023-9efb-9ec976f4a811": 0, "8e0b1288-39f3-4a40-9488-ab10f2079a80": 0, "a3a5af6c-50c7-4864-8d36-8484ae602053": 0, "a82f4efa-bcd0-4443-beb9-59fe8c1d54e8": 1, "b2a6277b-b94e-47dd-ac65-8923d5d9a520": 0, "c0b21593-d8bc-4484-9f24-335c22e3b4e2": 0, "c209ea32-dd5e-4bc2-9d76-7e44eb70fc7f": 0, "d9918b05-525b-41c6-8ed7-7c23bbce1fcf": 0, "e0d7b70f-0096-452e-8d63-0b03a6908979": 0, "e2cae379-f587-4a09-8567-7d2a0fccc005": 1, "ed8d0376-4aae-4fd4-95c6-8e505c37d2ff": 0, "ef79495f-5e46-4582-a88b-6e6560aeb7ae": 0}
1888	5000	28	9	0	0	0	0.0	0	0.0	1,1,1,1,1,1,1,1,1,1,1,1,1,1,1,1,1,1,1,1,1,1,1,1,1,1,1,1	1.5	0.0	nan	nan	nan	1	0.0	19	8	13	0.515	1.0	0.0	0.485	0.0	1.0		{"0e97bd9c-10bb-49fd-b5a3-bb4e96f82cdc": -1, "2ef11bf1-284c-4088-901a-8f5bfa21e861": -1, "307ce795-077d-4327-a967-e58f47f7b762": -1, "3d6c3f26-1d3c-445c-9e29-1f61676203f5": -1, "3fe08ad6-90d4-4b19-ad31-19fa131f76ab": -1, "3fe3f5f5-423b-449c-bc9d-860849667590": -1, "416378cb-ec44-45ab-aa3c-47408cf7fb41": -1, "42580d43-4682-4fb0-9759-a5a8efd041a8": -1, "46ea6b10-eb8b-4798-b254-3a4e3b8566ec": -1, "488040ab-82b7-46fd-8094-ba584fea13e1": -1, "5b0be9c4-b8fa-4aac-b844-3e61880cb558": -1, "7c83cb1d-cf40-4e2d-bc7f-88e037fcaa2b": -1, "851cbfab-ce37-484c-b178-3193d8fac3b7": -1, "966b3685-0951-496f-96cb-608cb44dea27": -1, "b8e91004-dbef-4eaa-b69b-0a261a182223": -1, "bb6df2e3-e9a6-4610-b5a6-637595edfaad": -1, "be2258c3-0395-43ba-83a9-b08dba1dc507": -1, "c61aeec8-1e50-40b3-b4f5-1c5beb9303bf": -1, "ca71e3c9-b2ae-4947-8b32-8bb1d2d480d5": -1, "d61a9de7-4f60-41c3-b303-a60de46d6bd6": -1, "d7cad1bf-0c0f-4263-a67d-4c641b9ae5fc": -1, "db63f67f-e159-45ee-a1ff-5f96fa74c009": -1, "debf3d21-921b-42b5-a065-3881a50dfa89": -1, "e5ec2be0-7689-4f5c-be63-ae44a590e584": -1, "ec87c54d-1d50-460a-bc84-c311f893a7f2": -1, "f8ef313b-ca89-4049-bc5a-185aa518ba17": -1, "fef9bbdd-ff19-4a28-ad8b-0b75a1d4eab9": -1, "fefea3b1-047d-4693-add1-e8c5547cf22d": -1}
1893	5000	15	52	35	12	0	0.857	2	0.733	6,5,1,1,1,1	0.5	0.75	1.0	0.0	0.0	2	0.497	12	7	5	0.773	0.484	0.0	1.0	0.0	0.0		{"062c004c-8e9e-481a-b330-43b412b0500a": 1, "0fae7f7f-09dc-4547-9aab-de8d7f37eb6f": -1, "0fcb8601-12bd-4825-a99f-c4f7200b49d2": 1, "50e4c96e-13fc-4038-8731-47cda6851708": 0, "5489c075-37ef-4892-a87d-8f1436117226": 1, "5b1edd10-e743-4adc-b5d4-3ce835b3de4c": 0, "666172b0-31fa-40a0-ada6-d5ac4e8ec78d": 0, "690108c9-844d-4a4f-bc57-70468c64843e": -1, "7461d360-d585-4512-a7c4-923c3109d8d8": -1, "8f984b7b-afc2-432f-b271-7d087939981d": 0, "93af73c7-42b7-4d58-af8d-b4a7a0f46dca": -1, "ad4db7dd-51a8-45ef-9e47-6caf4906816a": 1, "c4c742cb-045b-449c-9f30-a4ac0aab59f2": 0, "cbdc0c08-6b82-430c-a662-65df3c0d9d1b": 0, "f189335f-e0c7-42f1-b49c-0ca56f882479": 1}
1895	5000	16	100	44	2	0	0.8	2	0.688	8,3,1,1,1,1,1	1.8	0.571	1.0	0.0	0.0	1	0.0	7	3	4	0.667	0.778	0.0	0.429	0.0	1.0		{"2eea2612-9f44-499d-8b40-6e79834d812a": 0, "306b5615-14cf-483f-bb38-58eafd532665": -1, "3ad8f9da-d918-434f-9feb-346588734e1a": 0, "56a6bd57-f5cb-40a2-b3a4-13182f1d551f": 1, "61eee488-75e5-41b9-8dcd-aeb6453d257d": 1, "6971d449-e160-48ed-a116-94a501f51aee": 0, "6b03cc43-ba2b-4174-80bb-4f2cc1ec1270": 0, "881821a1-3fd7-4ec8-8453-f9a1d33ecf56": 1, "8fdd52ac-4a13-46bb-8f47-97eb01616986": 0, "ab0552f4-5400-40e2-a0cf-ccbcfa7d89d6": 0, "acdf0638-1136-44aa-b511-4f9a208e7376": 0, "b05c702e-3b44-4285-ad04-1bb8aede99ed": -1, "b9bb0a83-2fb8-41d6-a78e-8d02049adc40": -1, "c78e2b5c-165f-4a86-96b2-0265a866112c": 0, "c8622a16-89f2-4cd6-80a7-e40146e1ffbf": -1, "ee2df13b-46d2-4c57-86dd-0d27a13548c2": -1}
1896	5000	12	202	176	0	0	0.803	2	0.917	6,5,1	0.5	1.0	1.0	0.0	0.0	1	0.0	6	3	3	1.0	0.0	0.0	0.4	0.0	1.0		{"306b5615-14cf-483f-bb38-58eafd532665": 0, "37a4cc88-5088-475e-b3be-33fb41967865": -1, "3ad8f9da-d918-434f-9feb-346588734e1a": 0, "4237ac40-12a4-4a4e-bf82-6b2bc1ee2d47": 1, "60fe8601-0292-4236-896f-ab23d18b009c": 0, "61eee488-75e5-41b9-8dcd-aeb6453d257d": 1, "6e484a2a-a83c-46fd-ae6e-40c3b4af799a": 0, "881821a1-3fd7-4ec8-8453-f9a1d33ecf56": 1, "b05c702e-3b44-4285-ad04-1bb8aede99ed": 0, "b9bb0a83-2fb8-41d6-a78e-8d02049adc40": 1, "c8622a16-89f2-4cd6-80a7-e40146e1ffbf": 0, "ee2df13b-46d2-4c57-86dd-0d27a13548c2": 1}
1897	5000	12	55	33	7	0	0.742	2	0.667	5,3,1,1,1,1	0.3	nan	nan	nan	nan	2	0.455	0	0	0	nan	nan	nan	nan	nan	nan		{"2da9b8ad-441a-4e87-9758-0b6722093d36": 1, "47eab8d3-ec40-45cb-896b-141a7c6f361a": 0, "678a712a-52ea-4fec-941f-cee65741133c": -1, "7fcfcc82-5b11-48fc-a37b-fbd486e6a893": -1, "879c96e7-76ea-41e7-8f31-a8a0ff86ff01": 0, "9d2b950d-6f31-4bbb-b568-e0bbf4ae7248": 1, "b01d9cf8-fe8e-4823-86ee-9a103925d361": 0, "b9bb0a83-2fb8-41d6-a78e-8d02049adc40": 0, "c5a9c205-4373-4892-8e26-5d34155e60ce": -1, "d81ca477-d300-4d4b-9f78-e8a6e7a7b745": 1, "e1c5aa12-a64e-4242-8067-879a0004b1c1": 0, "f25c6445-1bdd-4a25-88a7-6dbd676e2866": -1}
1898	5000	4	0	0	0	0	0.0	0	0.0	1,1,1,1	0.2	0.0	nan	nan	nan	1	0.0	1	0	1	nan	nan	nan	nan	nan	nan		{"028991af-8449-4baa-b9f2-bf08ea5377a7": -1, "264f2cb4-eb14-4d43-8cf0-73571d65bdba": -1, "c5fe6489-723f-461d-8888-0fedbf2f63c6": -1, "f5227571-a2ba-4316-8153-7d6b50b56ffc": -1}
1902	5000	16	468	496	47	0	0.775	2	0.938	8,7,1	2.8	0.933	1.0	0.0	0.0	2	0.617	15	9	9	0.943	0.122	0.0	0.752	0.204	0.286		{"14047887-9300-4afc-8bee-363373d1aeb6": 1, "25051094-569e-44a7-a6b8-e09c44a3fc4c": 0, "44699d68-3221-4e42-b338-80e14c7e3a93": 0, "46cfc3bb-6ad5-4f5b-a368-e1c5a9ce317d": 0, "5c44f4e9-26ca-489d-88e3-39670804c688": 0, "64c8cb33-7ed0-4e2c-b4b3-8a61a95f40b1": 1, "67ae83c8-cdd5-404b-8fc6-3772dc6e04ca": 0, "99107cdb-cefa-4614-bb77-91c3d432786a": 1, "b7fac3fa-bb27-45ab-8e28-5e670e15eb1d": 0, "befd7eb4-6b11-4c28-af64-9a0a3a60aeed": 1, "c603aa8f-a912-4267-8675-1afc06baafe1": -1, "c8e6d34d-f2ad-470a-aed7-053037502f48": 1, "cc0bdd23-4c9d-485d-bfcb-9cdc8f86e10d": 1, "e3ef14e3-3a75-4a62-b384-a22e25275ca4": 0, "ef1eee50-e73c-4a0d-8c06-3928f75fd1af": 1, "ef2a07ce-abad-4a00-8f94-aac1f0efe158": 0}
1906	5000	16	306	295	26	0	0.992	2	1.0	10,6	1.1	1.0	1.0	0.0	0.0	2	1.0	16	8	11	1.0	0.0	0.0	1.0	0.0	0.0		{"37a43c6c-1e39-4891-94a4-ddadeb84163c": 1, "3f0559de-72aa-4514-a413-2fe545af22d9": 1, "4727bbb6-ac20-473a-b9ad-ff3dda1d8d7e": 0, "4a54b66c-1c76-4f54-8d62-a8f738a9d1a3": 1, "56d79628-c2b6-45a6-8626-e15047179129": 0, "5806dba3-b00f-4542-a36d-acaff6ebd605": 0, "595b5b96-3c0c-40dd-9197-bbd25e111772": 1, "6b1655dc-f445-4348-95f1-5e11663a0dec": 0, "80ca592e-17f5-440d-a317-6831b1b6a91d": 0, "9947a1b9-5009-49dc-8c02-287f0d7024c2": 0, "bd565751-9821-4473-ad48-f51a225a11d7": 0, "c1e993d0-38e1-4903-af42-84cb61fb42d1": 1, "c8e6d34d-f2ad-470a-aed7-053037502f48": 0, "d77cc550-bb40-44ba-83fe-b00f30d01f99": 0, "dff57ba5-92e5-4c1e-852b-e7c20b28e855": 1, "f6b6bd2a-f4ab-48a6-aa9a-92403698a320": 0}
1910	5000	17	464	453	13	0	0.971	2	1.0	9,8	0.6	1.0	1.0	0.0	0.0	2	1.0	17	9	10	1.0	0.0	0.0	1.0	0.0	0.0		{"0346cd44-9a0a-4327-9678-e12a43e0b1ce": 1, "0e4efb14-132b-472f-b6c8-02b8c9016a66": 1, "1461512b-f528-47a3-a594-338103a37d44": 0, "20ef1208-47e7-45dc-a587-b1cb59647a0e": 1, "236b6463-d038-448c-b06b-401701979a39": 0, "322160b3-7d77-42bc-b726-88995e3b878b": 0, "4d1ba61d-ba94-40ea-97a5-a3c718e14d52": 1, "4e69d1cd-4743-48d0-9d34-359578b44e24": 0, "5b191729-870b-4b9e-9999-d521a7944104": 0, "83ddddac-d117-42ef-85ce-0f7c8e38773b": 1, "83eff341-ffc8-40b3-a346-1cd9e4591f95": 1, "8b43e146-6b01-422f-b0a4-bdd0b4f7c591": 1, "94f58a84-9f61-41f2-b184-2236bb5d4e5f": 0, "a46ceb2a-585f-4b8c-a084-94520baa8cfc": 0, "b842b2d0-f347-4cf3-b186-96538e0bdccf": 0, "bd565751-9821-4473-ad48-f51a225a11d7": 0, "dfcfa529-3bed-436c-8209-34005af3c889": 1}
1920	5000	31	51	20	1	0	0.383	2	0.839	16,10,1,1,1,1,1	1.8	1.0	1.0	0.0	0.0	2	0.115	17	7	10	1.0	0.0	0.0	0.471	0.136	0.9		{"0431158e-d8ec-4bd3-be2a-9abec75c0ea1": 1, "04da20b8-9b8d-415d-b2ff-2b01b888cb10": 1, "0c39c4bf-dc0f-4bef-b7d1-56eaf4fb0027": 1, "105cc25b-09bf-4d8c-ae0d-d3984c3609d3": -1, "1cd522d7-1927-4dad-ab88-cc0807ee6c76": 1, "1fca4c7c-e9eb-4215-a3dc-0ad91e3b92d4": 1, "26f59722-c518-4cdb-a7de-6da5b07205f6": 0, "2a71c9b8-b56d-403b-a8c1-fa4470aef889": -1, "41b9a76d-6c8e-4591-a285-7dc68af3fa41": 0, "45f0908f-2f30-4cb7-ab22-9196b478574a": 0, "575694f5-e178-4708-bda8-97d5e110b456": 1, "6513035a-47a5-452d-ae09-5287a8dcf15c": 1, "71bdcadb-ce00-4de6-9121-4e5d40a402fb": 0, "76eae502-c7ab-48b9-900d-f2bb8c79dadc": 1, "8ba24578-3337-488c-86eb-2a5802115cb6": 0, "8caef06a-5a5f-44e4-bfc1-f6e999a12982": 0, "93b06e10-37dd-454c-8e59-61f6186688be": 0, "98a7a484-dee2-48a9-b752-5c1a1443847c": 0, "a5120b0c-6ac3-496e-9d6f-d18970662ed6": 0, "aa2b1961-d01f-4a8b-bfc3-7ecf56e54395": 0, "aef52403-e355-45ef-9641-7202619c6bd9": 0, "ba76b3a4-aef9-4397-a6f6-99a84a49504f": 0, "cbe99103-04e5-42ae-b0e5-bce4ad960e0e": 0, "cfbf2597-63d5-4e95-aa72-46d590071413": -1, "d1a2f2d1-528a-448b-8dd3-0d4dd8b66677": 0, "d4ec4754-0745-44f8-9d96-525df012c98a": 0, "ddc7ce0d-fc62-495b-83a3-2496afb25575": -1, "de083ae0-73f0-4ff8-a6f0-91e92f3d4219": 1, "f7eee5d0-1798-423e-8dc1-eaa3a5b6133c": 0, "f9f0cee4-33f5-44bc-8c3b-4f11a05c0fdc": -1, "fce27f06-b109-4a66-8a43-cd1577eaba07": 1}
1923	5000	23	171	134	0	0	0.715	2	0.913	16,5,1,1	1.1	1.0	1.0	0.0	0.0	1	0.0	9	1	8	1.0	0.0	0.0	0.778	0.0	1.0		{"0e367cb1-7d4c-48bb-96b0-e071a24ae6e8": 0, "117f4100-79ff-44b5-99f9-058b85200a39": 0, "12754b7b-d067-4dbc-90d2-c286ee7dac68": 0, "257c1e34-42dc-4a9c-ab32-d21f27947f71": 0, "4658eaee-9b62-4ae8-a01a-9f550c47afb2": 0, "51eabf1c-9399-4bce-a151-e9eac2e56938": 1, "572a0a98-465a-47e3-9e2d-6ea360e1ce46": 0, "7bff67f0-17c1-4491-9a4c-bd35a4d6327f": -1, "82a36238-eba4-4b6c-bd37-6866a24491da": 0, "8a73fdbd-805b-4562-b4ba-9ed0255d775e": 0, "8d50c110-dc06-4e0f-b2cd-9cf15ac19c14": 0, "8faf6d32-654f-4c34-bb77-176ac498ad10": 1, "94958454-a4a9-4d63-a90a-1cd2a1cfa4f1": 0, "a7303f73-83a0-41c7-bc80-943361d54dde": 0, "adaf5c57-06db-4fa6-b680-1d6102267502": 0, "b7681b84-cc60-42b9-8041-7db28cb6cab8": 1, "c11a8e05-2a96-4cc7-a4cb-5a86a20ceb5e": 0, "c4508e90-488c-46c0-acd7-3791b3da3d70": 1, "c4556f5e-5a1a-49af-a1ac-5a4b2d3baede": 1, "cd7e430f-1080-4d30-9583-806671cf7972": 0, "de1f251a-bbbc-4c3e-a643-28c628412470": 0, "e4186ca6-99a5-4142-b84b-fcafae4220cb": -1, "fe2ac3a2-fdb3-4c26-96d2-062e7063d44d": 0}
1924	5000	25	71	26	0	0	0.15	1	0.28	7,1,1,1,1,1,1,1,1,1,1,1,1,1,1,1,1,1,1	1.4	nan	nan	nan	nan	1	0.0	0	0	0	nan	nan	nan	nan	nan	nan		{"0e6d0bea-cf7f-4601-aab8-b9774e7fc267": -1, "0f89485a-580f-454d-8317-f9961d7c9b44": -1, "1a8677af-7bb6-4e36-9792-96b333395ea2": 0, "3c7fbb72-739f-4c90-aee5-cc24a0d63b76": -1, "3f0aa52a-448a-4dd5-8ded-b69d77fa9f52": 0, "40681574-30c5-4c0e-bf4f-9b7e87fc65bb": -1, "4d31e881-d4ab-4f48-94a0-50040ae5fad1": 0, "65924f53-cddf-4748-b8e3-bc26ebd85247": -1, "6699498f-cea8-4364-a2e8-3cf2519228f8": -1, "6bf769d8-d0d0-461b-8531-2f6da2e8583d": 0, "7bf5210a-349b-483a-a86e-d6c3182e5083": -1, "7c4be399-322d-4772-8c49-9d24883fac1a": 0, "822b6954-7db1-4bf8-b49b-34a6e52b70e7": -1, "876173c0-a65e-458f-9f08-5c3b8b7bc803": -1, "8ca96eae-334f-4256-8ac7-f0896ce31422": -1, "93169998-90e8-481a-b5f4-67f498940f03": -1, "97967a32-e4a6-40f5-9771-cf0b30956510": 0, "a75283de-2d13-415c-915e-76639ceeea6b": -1, "a858de75-6675-43cd-bca2-8cc0f688ae79": -1, "b260864f-f7a9-4b96-919c-d40f863acefe": -1, "e0362e9c-4e64-4c8c-9636-bd6805aa74a1": -1, "e3f4eec8-9071-4d3a-945b-e1965e3e0006": -1, "f31952ee-ea9c-4a5d-a6ac-4849c5d87bb1": -1, "f50d3d89-f8f5-4710-96cd-4621cb8aae23": -1, "f8e007b0-6324-4fa2-a6c3-24eda668f418": 0}
1934	5000	19	321	236	15	0	0.877	2	1.0	12,7	1.2	1.0	1.0	0.0	0.0	2	0.789	19	13	7	1.0	0.0	0.0	0.895	0.069	0.143		{"26883ac3-589c-4d95-9890-db553fcc578e": 0, "296e937b-0f99-4660-8c1d-78da45ff67bf": 1, "2cb70e3f-00df-4076-949e-5dd048072b29": 0, "3f1a52f3-a68c-4d0e-a4ff-338372353fd2": 1, "48c741f8-77fe-4b1d-98c5-56538ed3e9e2": 1, "50923372-c2b7-4ea2-9ca2-be1479eeddb0": 0, "7df15422-4937-4f03-8284-816dd891f4b1": 0, "83b4b152-6506-498b-93be-ed4d56a067e6": 0, "8e5a63f9-3b89-4165-a8a8-11a294a57102": 0, "9940af2a-3c73-4474-83de-5796e910f392": 1, "99a5dde4-8464-4029-b47c-2938870696c7": 0, "c2e8c530-e2e6-4c7f-a370-82282e378f73": 1, "c51f73ef-e194-4732-ac8c-98d2fa9fc7a5": 1, "d383f9e7-b925-4a52-9319-9b0770c35289": 0, "d899ccfb-405a-4c3d-9bb2-5312a2442a35": 0, "ded380b9-06c6-4bd1-bf4d-ce16ea49d25e": 1, "f0367f50-6993-4fee-b7e1-381b93a4d7aa": 0, "f13e9a6f-acfc-44f3-b904-974f214fb85e": 0, "f7ee7cfd-a4df-4fc1-9808-4f88666d6e15": 0}
1935	5000	11	72	45	0	0	0.891	3	0.818	3,3,3,1,1	0.4	0.667	1.0	nan	0.0	2	-0.005	3	2	1	0.667	1.0	0.0	0.333	0.0	1.0		{"01c85e6a-2a35-400c-9655-9b36466a993a": 0, "0643d157-b650-430e-9cf7-6a3a5c868d4e": 1, "16bf7a9c-7fa5-44c0-99cb-ad6faaaae1eb": 1, "2070fb61-bf66-44c3-99eb-700f514327ac": -1, "60e91463-55b0-466e-baf1-6701d79505cf": 2, "9a7e879a-0c84-44eb-9c4a-1845e3ffe0d9": 2, "a6d657cc-2f34-4166-97f7-41628ec92135": -1, "e1cd1b8b-3880-48b7-8266-f59904e9be87": 0, "e3a7f206-d6f9-401c-a6ad-cf2215fc1a05": 0, "feda12bf-e464-444b-8ae4-fe3e7c1f625f": 2, "ffd6f997-2129-4cdc-b196-f3ab8e663ea5": 1}
1938	5000	18	48	10	0	0	0.281	1	0.167	3,1,1,1,1,1,1,1,1,1,1,1,1,1,1,1	0.6	0.0	nan	nan	nan	1	0.0	5	1	4	0.4	1.0	0.0	0.6	0.0	1.0		{"0897b95d-9e27-42b5-8ed9-5e811ad013fa": -1, "0fa068cd-5729-40bb-81c3-12368818e8c7": -1, "278b6587-a398-41c0-a450-0de6b574020f": 0, "2dfe4053-774c-469b-891d-cbb8fb24dc4e": -1, "2f14dd30-1a9c-4097-92e2-f3b95245377c": -1, "2f608720-97c9-4675-ab04-0cef4d7eeeca": -1, "327f2725-0fc8-4cc0-8210-2f30a0a729a9": -1, "44e17cc0-2c54-4049-a83b-3904c2c4f817": -1, "4c990725-3239-424c-9582-7a8e960b5abd": 0, "6874d031-31b8-4424-b07c-35edf17beeb6": -1, "68a13094-07bd-4e13-8079-1c95cdb5003c": -1, "782dba0c-c4ac-4b57-8a1d-33fda9ee4bfd": -1, "84f65e96-0ae9-4f64-80df-cc57e84fb4a7": -1, "97a11c07-ab8d-4fc4-abce-ad5594b9fd34": 0, "b068b1e2-17af-4543-8678-2e19a4c4259f": -1, "b1f4ce64-6d1a-48b3-a449-80f18e6966d5": -1, "bb4df8a6-1a14-4ba6-87f3-b1d73bc41c56": -1, "c1476e55-2c93-47a4-870c-5f295c43fed9": -1}
1951	5000	41	373	339	36	0	0.361	2	0.61	17,8,1,1,1,1,1,1,1,1,1,1,1,1,1,1,1,1	2.1	1.0	1.0	0.0	0.0	2	0.147	25	8	19	1.0	0.0	0.0	0.72	0.317	0.235		{"064f85db-c61c-4834-a1d5-5426981c928b": -1, "1d1fd7cf-b4f6-420e-80a3-b4912cd84e4c": -1, "1e9332f4-c02e-4f9b-9e0a-2382ecdeabfa": -1, "287a1706-e73c-4c46-a69a-6d229cd886f2": -1, "2c6753bd-719f-4504-8653-755ec75dbde8": -1, "30c3bed9-5e29-4485-a61c-2554152acbca": 0, "324f696c-7020-4468-84a2-e802d7ac4dfd": 0, "34b242d3-8b04-4e3c-bfbf-9392323c809c": -1, "4ca235ab-4986-4f85-a60c-850bf0d793c8": 0, "4d89d636-cba5-4420-9288-372047498b1e": 0, "558560f3-7828-4011-bc85-cc0aa5bece8f": -1, "5c2936d6-2cc5-472c-b497-a02322cec95a": -1, "60699089-87a9-48a7-a5b8-6532d4003730": 0, "621279d1-975b-42ef-9f1b-5e0cb6c3548b": -1, "62764bf9-2ee1-4aca-b01e-57e465a52482": -1, "6dad8148-e19b-4519-9d61-bc33093550e2": -1, "6ea3bd6b-38d8-4fd4-9aeb-7d40229493a2": 0, "6fd4c18f-ffc7-4845-bdb1-fb4fea88166f": 0, "70a61482-4a02-436c-8a84-3785f1147927": 0, "7d61694f-e2fc-4f75-8246-a7b2e7267c2f": 1, "7fb6bfa2-6e24-4b1d-9a4f-85fba06a6e02": -1, "8908c5e2-6372-4d35-a9b9-0bb9b2fa3351": 1, "9440f581-98bd-4820-8b69-0e7aa6933c61": 0, "97aa8ac8-0186-4739-afb3-585873fccd19": -1, "98fe7aaf-6f03-4939-b992-cfcbd0ff0076": -1, "99ef3d04-fee9-4c79-b22c-992b5f275cce": 1, "9a057fc0-0cb0-490a-ab2a-425455f7532e": 1, "9a0c2352-3bb1-4801-933a-e521ef99154a": 1, "9faec02f-5e6d-4653-8b5e-f0d2d33e3940": 0, "a238181e-fe0e-47f6-8df7-45c39cbf9835": 0, "a54b097f-9b76-4171-a43e-60ccb47441b7": 0, "a9be2566-1c6a-4864-b3c6-8df433c3b966": 0, "ac7e83f0-01e7-4a35-a3c4-a6dac405da55": 1, "aff7f06b-dcd6-4142-94ab-a2426e5d6882": 0, "ba371aa0-48f7-4865-9984-783b060275bf": 1, "bb221c3e-437e-46e8-8952-49dbabd6e0e4": 0, "cd95feae-4bfe-4f46-99e3-5df13335ead6": -1, "d302ef29-3aea-498d-b72c-522feb7819f0": 0, "d5d22323-88f6-46b7-b6b4-5ac3029c1023": 1, "dbe3a5b0-211e-4803-8725-be7587db34b9": 0, "f68e707d-c680-4c79-b654-56eb1e43c61f": -1}
1954	5000	32	99	81	0	0	0.98	2	1.0	17,15	3.2	1.0	1.0	0.0	0.0	1	0.0	30	13	17	1.0	0.0	0.0	0.492	0.0	1.0		{"02a37b2c-68bd-4a47-9718-25cbf6bb0b92": 1, "060895d0-1379-424d-ac61-22e07ad7312a": 0, "06b669a2-15e5-4633-a288-b405691e5b18": 0, "0bf3625f-977c-405e-a6c1-a23e3f2798ac": 0, "111992a6-7189-455a-bf8c-dd6508cbb9a0": 0, "15d328f5-78ce-4303-a868-ba233f136115": 1, "1be5939a-7080-4ae6-b5b0-8dc49517ae8b": 1, "228db0ea-0e6c-4cf6-8c6c-4d3678c1b551": 0, "34cb0efb-659f-4d90-b578-9f46b681a5a1": 1, "37d93c23-dc80-47d2-b6bf-a12085949ae7": 0, "3e0e0e9e-78d6-43a9-b923-b290afabfbf5": 1, "51fb5fa6-323f-47a8-9450-0a015215a828": 0, "52abd13c-89db-4a74-8aa7-314a6bcee172": 0, "5324eb6e-c18f-4c5a-90ec-ed78ad0fcf97": 1, "586160e7-76f1-463a-b1a6-02501a4fc71d": 1, "6bbe1261-a042-4bad-b768-02ee2db1041d": 1, "7e699d4e-3752-462b-b8b5-1f5920eefac4": 0, "80f5dd75-2c43-4663-9d92-5c2e97c316b4": 1, "82f7a35b-943d-438b-af95-7a693f707945": 1, "887e8f17-29fa-421b-9c47-22619045e103": 0, "8a94e079-c59d-44de-8c6f-6ec22c459543": 0, "92a0115b-ccc1-43ad-be93-829995b53746": 0, "97bc2004-2038-493f-a2ca-0b88c94cad04": 0, "9a38027f-5458-4218-8fd6-1adf46507690": 0, "c48cacd2-ee31-4f94-8e87-121c860540d7": 0, "d4dfa0ee-1418-4620-b067-9688f56e5c65": 1, "d68f2622-aa17-414e-9194-d14a20f34f7d": 0, "e384269b-631a-45c4-bfb4-eda920438f7e": 1, "ecfefcfa-ce9c-46c5-8293-cc20973c9f42": 1, "f559a4b7-9c06-460f-bc95-15c7da2447aa": 1, "f75135ca-598c-4f5c-b445-5e821961775e": 1, "fa6c741b-fef6-41d6-a0ec-8e7d4085f069": 0}
1959	5000	19	678	625	16	0	0.977	2	1.0	11,8	1.1	1.0	1.0	0.0	0.0	2	0.79	19	9	12	1.0	0.0	0.0	0.895	0.084	0.125		{"034ba77e-7bc6-4596-8552-4fb680e12859": 0, "0dd7035e-9613-4098-8b28-db3460dfeea2": 0, "10045e87-017a-42f7-83e4-2cca367cf16b": 0, "1a523ae3-e12a-4423-95d6-c3fca8edb4e8": 1, "288cd1a3-d399-4c26-bd16-1bb19d5ff829": 0, "29d754af-688d-465c-91c3-57f8c28f8fba": 0, "3848037d-b622-41a0-81b2-16be6a37c95a": 0, "3be1b276-b9a4-4967-9bf5-1105a94553d8": 1, "6dfbb900-4e5a-4b46-8ec7-b9ae1338c25f": 1, "70c9dc3f-5d99-4a6b-b34c-66f67e179352": 1, "790bd5ee-8595-4098-aed5-0d41cad6f5a3": 0, "80606be9-e046-4734-a824-905462be8b3f": 0, "96c83a90-d5d5-4ff2-80af-5c1bf9d57395": 0, "9e1dfc4b-91b7-44b4-b48f-e2a193ff7e24": 1, "ad61d282-c675-4429-bde5-e31c5b4920d5": 1, "ad664339-b455-4014-9313-f6b7008fd520": 0, "be2e1c48-2d5c-4fe9-9297-597856bfa42a": 1, "c7946961-ee11-45c2-b657-fc74763e71a6": 0, "f0e0c541-7c44-4a78-8a3f-9c8508cd2e30": 1}
1965	5000	17	198	158	0	0	0.978	2	1.0	9,8	0.7	1.0	1.0	0.0	0.0	1	0.0	17	9	10	1.0	0.0	0.0	0.471	0.0	1.0		{"15f23a4e-27a6-4c35-9630-461085d3d57f": 1, "1cdf0581-560a-47a7-8054-05373bfb873e": 0, "606a7021-13fb-465a-bb2e-1cf0dcd815be": 0, "6d09aec9-cce9-4ac2-96c9-6e85d77ef23a": 1, "923ca0f2-ca45-4ca4-92df-d0a9cc8c9e64": 0, "a67bedfa-0df5-41aa-94d2-56e78bcec02c": 0, "ae65ca5b-51e3-4b57-97b8-d333da57969a": 0, "b8e3ef32-ed3c-437f-b258-0e3a47a1a603": 0, "c199266d-3597-494a-969e-b94b6656ae22": 1, "c7132cc6-fdbd-47de-9529-c1e54130cb1b": 0, "c74705a2-0cc3-4c33-8acd-f7907f2374e4": 1, "da8d9119-1ab6-4699-b95c-7e5812c30b30": 1, "ddb50745-d7b4-4ffb-ba12-42566efc77bd": 1, "e20edfea-389b-4def-8e68-7e840cbd3015": 1, "e84ea456-ef85-4fc4-af04-00126de91511": 0, "ec726665-188a-4f11-a077-820f0b17de01": 1, "f75668a3-6ac8-4b7c-b453-f650c0492be2": 0}
1973	5000	26	187	192	25	0	0.991	2	1.0	14,12	1.2	1.0	1.0	0.0	0.0	1	0.0	25	12	14	1.0	0.0	0.0	0.48	0.0	1.0		{"064e5f12-d8a7-42c6-b39d-2b9d530ad8b7": 1, "1dde360c-e08a-4169-a756-472f45fe4972": 0, "21a5627c-9ff0-4f0d-a438-8f746be23c3f": 0, "250e4d5d-ddab-4f00-aeb8-61547505ea29": 1, "2ba1125b-3cba-4c64-9c8e-7c5db86eac99": 1, "2d99343b-2e9b-46b8-acea-d3149a7fc9b5": 0, "3420d113-5135-4aa7-a3cb-6da780be993a": 0, "47de5bf2-09b5-4ad3-b3b9-7d7ce6b20dae": 1, "60b405ef-f824-4f1b-ad54-5b41beed423d": 0, "796c5ec1-9e60-450a-b06f-181a06123795": 0, "8dd33458-3f52-40f7-aea1-ffc2bd169d88": 0, "99669fc5-f22e-4586-ac34-41e4a88cf958": 0, "a18a9491-6902-49c0-a2d3-185ad27c8a40": 0, "ae2411ba-dfe7-4fd9-90ec-8abd524eb5df": 1, "b0359ce9-a98d-4fb5-a28a-19b36ed7349f": 1, "b8be92ed-7f4b-402a-b86a-ddd6e8b8a260": 1, "be3ad82f-4da4-4f8c-851e-a38c93e6b360": 1, "c56ef556-df35-4724-83dd-56c265ecff7d": 0, "cb5e8bee-22e6-4fe7-9efb-aa42f94ec860": 1, "cc54e316-4d38-4166-be9f-609771e0d96d": 1, "cd5df25d-b941-433a-baed-4dabadae95a2": 0, "dbd02253-dfa0-4b13-80e1-57b65228c8c2": 1, "dde827ce-c6ec-49bf-bf9f-57760c6223ba": 0, "e2271e21-6cd5-4da0-bc92-c054b99057f2": 0, "e274aed9-3124-4886-9314-b97d233ffea3": 0, "ed2dc51b-4caf-488a-a1eb-95bc52eec487": 1}
1974	5000	29	66	35	24	0	0.82	1	0.897	26,1,1,1	1.3	0.938	0.467	0.0	1.0	2	0.032	16	8	11	0.475	0.125	0.875	0.875	0.125	0.125		{"09074c37-8e89-4a2c-a531-2454ac8863b7": 0, "10a85c83-8e77-413c-89b3-e03cfaaa0e99": 0, "1561321e-c7ef-49d4-8f3c-ca45bdfeaa5f": 0, "20891db6-a093-4f5c-82d4-54e2a8627962": -1, "20de45db-e79c-4433-ba2e-37a4b247058d": 0, "27096dbc-1683-4686-a45b-d075629984f9": 0, "2ba1125b-3cba-4c64-9c8e-7c5db86eac99": 0, "2d99343b-2e9b-46b8-acea-d3149a7fc9b5": 0, "47de5bf2-09b5-4ad3-b3b9-7d7ce6b20dae": 0, "4913b39e-54e1-483e-9ce3-2a633c0f4fee": 0, "4a978a02-9e46-40d7-8324-9f91027b01d0": 0, "4e5f9505-d2e4-4838-b7c7-17143df06b38": 0, "60113a64-e8f2-4079-8f5b-5e6dfa33c980": 0, "8b262692-15d6-4b64-8c5d-47bbccece38a": 0, "a4753989-f54e-4935-a189-ebec60f01b94": 0, "a619303a-dcf6-4d15-bd5a-c128ebfc0a70": 0, "ad2c66e4-6b97-4c5c-bccf-ddbefebca07c": 0, "ae2411ba-dfe7-4fd9-90ec-8abd524eb5df": 0, "b81d7ad6-e50f-4754-93f2-bd9ee5cf9e62": 0, "b9e6e9e8-3780-4f85-a4b2-2757227b2ead": -1, "c59cdfd6-631c-4b32-b0d8-d2ad81cd010d": -1, "cabeea2f-34b3-4958-9988-baafbf200719": 0, "cd06bbff-7c95-45e6-9e70-5694383bf8c5": 0, "d4385cd5-19ea-4e84-a1b1-8c4078ec031f": 0, "d6c5fd54-506a-4ee2-ba92-866dd12d097c": 0, "df145657-de32-4ced-aebc-fa5588e7c4ee": 0, "e274aed9-3124-4886-9314-b97d233ffea3": 0, "ee805e56-d182-4be5-ac8a-90876c6ac0e7": 0, "fb16e49c-b111-496a-83fb-b44110685373": 0}
1975	5000	13	58	34	1	0	0.628	2	0.769	7,3,1,1,1	0.5	1.0	nan	nan	nan	1	0.0	1	1	0	nan	nan	nan	nan	nan	nan		{"27096dbc-1683-4686-a45b-d075629984f9": 0, "2824472a-34f6-4503-a8f5-0a37887771c7": 0, "2ce148bc-b312-4abb-b6b1-359058a997f8": 0, "39b8394b-29b6-42a6-82ed-d3aede1c9420": -1, "61024d77-ff16-49c2-938b-158929252dfa": 1, "62f06d34-5f45-49f2-9358-708533bfcfec": 1, "a027d719-8dbf-45f1-baf7-4622448c262c": 0, "bb3938fa-97f4-46bd-8599-084b68e218e3": 0, "c59cdfd6-631c-4b32-b0d8-d2ad81cd010d": 0, "cabeea2f-34b3-4958-9988-baafbf200719": 0, "dd0463b8-05b9-4c8b-b290-c91ce7788c61": 1, "e059e715-5cab-4faf-986b-6da52ea6e085": -1, "f6913751-ee20-4869-83eb-7cc6c25f35c5": -1}
1981	5000	14	111	98	19	0	0.956	2	1.0	7,7	1.4	1.0	1.0	0.0	0.0	2	1.0	13	7	7	1.0	0.0	0.0	1.0	0.0	0.0		{"06b69c89-9fef-48e5-b28b-70dc21fc3db2": 0, "2dcfccf1-8ea7-4c55-b4ed-a252b9f5dfdc": 0, "3bfc8d9a-021f-4192-b8fb-3fd67a14a0ea": 1, "510b71ef-3535-43bf-94fc-5b85741b6679": 1, "5121682c-7a10-46ff-abf9-7099262bba58": 1, "57ddee79-2a89-4beb-9739-2e41e4a579d2": 1, "68b748f4-931e-4547-8281-dfe6c6e025cd": 1, "72c818f3-cada-4fba-9a74-ab99545496ed": 0, "75e7bb0b-77f5-4f39-a65e-4a0132454f75": 0, "76736c3f-917e-4174-9e12-9be1f5260ea9": 0, "ac7b5829-2763-44b9-9f62-e97b26b5c4b1": 0, "bbde3280-920e-4771-afce-7f6354667b48": 1, "c73db1d6-ae3b-43d3-a310-398a42557006": 1, "e4f170ea-434a-4b82-8b40-5f9f248593cc": 0}
1982	5000	20	411	379	0	0	1.0	2	1.0	11,9	1.3	1.0	1.0	0.0	0.0	2	-0.037	18	13	8	1.0	0.0	0.0	0.471	0.395	0.662		{"0a5f0fb1-6503-48a8-aa5c-42a5a8d3d8e5": 1, "47848ad3-de99-46fe-aa75-69a4e656bb8f": 0, "4abbf23a-5847-4e12-bbc4-14aa27d00674": 0, "4e5e5b1b-eda6-4cbb-9494-09774e7b2c96": 1, "532fd732-fa0b-4c4e-affd-60c13b146f4b": 0, "559757ed-efa3-4515-81ba-88ce9d58b200": 1, "73348f5c-6c3e-413c-84c3-23cccfad8932": 0, "7cd6cf76-79c2-4fdd-bff0-9b2b745edf2d": 1, "97333d14-4905-4c0d-8b4c-27513f88a32b": 0, "a17e6de0-0e56-4677-8dab-dfa128d354a4": 0, "abdd19ed-7338-49b0-83af-02f257f08b51": 1, "afac8fbb-516a-4f08-bde5-2a8209700dbc": 1, "b5c3a044-7d23-4e23-ab6d-0026be7ed084": 1, "c089d3f2-faec-4311-88b9-fe1a3c9e3183": 0, "c3a8941d-fc05-479f-8d5d-2138997498e0": 0, "d4a538b7-d957-4d04-9514-5a712110112c": 0, "e0ad541d-9cb6-4732-a72b-911dad02572e": 0, "f44db272-e33b-49c7-a99b-39eaf072a8c6": 1, "f63fe5d4-adae-41a8-8cd8-2b9d4c0001f9": 1, "fa7dab2e-b196-4fa7-9fd3-4ee65b527823": 0}
1994	5000	21	419	389	0	0	0.99	2	1.0	11,10	0.7	1.0	1.0	0.0	0.0	1	0.0	20	11	11	1.0	0.0	0.0	0.479	0.0	1.0		{"026a14c5-e95d-4243-81a3-4bad9555f8df": 1, "07103ef2-456f-4a7a-95c3-5da18b547938": 1, "30a6c1f6-0f8c-4508-a4a1-304e0c400752": 1, "4065c2e9-203a-487a-9160-bf0432769d2d": 0, "407ab5d5-3642-43f8-8342-ac6c83fbad99": 0, "4b52dc28-b71c-457e-bb5a-9273e8352bd7": 0, "4c7b5d0b-65ec-4b67-b9b3-c41d3e40d2f6": 1, "519d49e6-cf9d-4fcf-bd76-c06cf65e9e51": 1, "53fefb15-fe37-4844-a048-18d58147c464": 1, "5bbaef55-b5f5-47d7-8ab8-210a2ee3afea": 0, "69261c0f-a3c3-41ea-969b-768e2476140c": 0, "6b6ef118-3710-4f7f-99c1-dd19c623ee03": 0, "71159877-c0b0-4231-a4e8-32c8749fd176": 0, "769320d4-a92c-4ba9-acf3-aec60b7bb4fc": 0, "abb18965-a957-4bd2-b251-a28c7982b5dc": 1, "b32a95b7-aa53-401c-8d03-4726524d3651": 0, "cd2a4bf5-2412-40ac-bd23-72be8c8ba081": 1, "d231b94c-8f52-46d2-8d5a-24ab9b411977": 0, "d2ac71ea-ce74-4b70-a9bf-c8a30c6828cf": 1, "e16ddf83-1463-413f-8875-5f0d13d5570d": 0, "ef34e0c9-418d-4d89-95a8-3968929d8495": 1}
1997	5000	28	12	26	26	0	0.997	1	1.0	28	1.8	1.0	0.499	0.0	1.0	2	0.0	27	16	13	0.499	0.0	1.0	1.0	0.0	0.0		{"06bf8e60-55ca-44af-80cc-f5b9d2a9e0a7": 0, "14fff13f-12e8-4dbd-9ca0-045f11becfd1": 0, "18088e9d-8fff-490c-90d9-3afd9ca9a7b5": 0, "1dc1a399-30c8-4bf9-b7e5-c674392f41b7": 0, "3576f24b-28c5-4b29-9b01-878bc7121ed2": 0, "4bd2354d-cd7f-47e5-9c4d-27383b61430c": 0, "4da54ef2-b644-4a41-9480-5c579fc027aa": 0, "58dd4cb5-1f5d-4249-b015-45d4985e1930": 0, "6066e63c-affc-45a5-bf54-43b1b5046da8": 0, "6c8aa0d8-3201-4cdc-be1e-5357fdccd83c": 0, "8254747e-a541-47a1-9268-e926b83ad930": 0, "837dc58b-130c-47d6-a6fc-cfd772442220": 0, "89139165-be5d-446d-86ec-e101bf7b7485": 0, "8f39e8ee-dd68-4a28-8f9a-218be38cf561": 0, "92446fcf-134c-40a0-abaa-b4c8527c614d": 0, "9db6d2c9-a1be-48d8-9e72-db1105419076": 0, "a2439598-bc28-438c-888a-5bd8b64d23fe": 0, "b69d911f-f380-4b90-b9a2-9a2fa7fd2308": 0, "b9858c4d-83f9-43a6-b9e3-534bb1430e21": 0, "c85d14a9-85a0-4a2b-a2d6-0dfe18a5b3f8": 0, "cc67c901-8c31-4da1-aaf1-f121d41838db": 0, "cd2ec528-c6f7-4a3a-98dc-579424cee8d8": 0, "ce2a56ab-50a2-4301-bc18-9a0d3aac5363": 0, "d2bfa1d7-d0fb-4f8e-b6bb-d7d899395f27": 0, "e0dbc314-9c30-40a2-bcc1-fa3fcc584148": 0, "f74e1f21-a6a5-4a4d-beb2-4b812c960b74": 0, "f8944940-9ebf-4a8a-a098-98cf55e5e412": 0, "fa034b0a-03ce-45ee-9180-4d1c32d695f9": 0}
1998	5000	26	100	64	0	0	0.972	2	1.0	16,10	1.5	1.0	1.0	0.0	0.0	1	0.0	25	17	10	1.0	0.0	0.0	0.52	0.0	1.0		{"0904fb2e-0fe0-4cd4-a45f-82338f9303d7": 0, "0b2e8259-75f8-4da0-8f5e-e0fc9e284bd3": 0, "0ba4eeaa-8a0f-4a07-acac-2d67b12023b8": 0, "155482b6-6bb3-43fa-b299-32598a2368ac": 1, "2955e379-90d5-432b-9e60-cc5a324e0ab0": 0, "2d1bfb63-6b4e-4695-957f-cc1c2e0f47dd": 0, "33e75661-7337-43a0-b4b6-1523b01a5873": 0, "3d010458-c86a-4840-bf80-313f2f76e074": 1, "48cd9060-9ffc-4406-933e-153509ceebb5": 1, "49179372-980c-418c-aa08-8ec14002eb33": 0, "4eacee00-c471-4159-b832-c533a4edfe41": 0, "5721b317-e5a4-4ff6-8ad4-b3e383ff9033": 0, "706a6fc4-a41b-47b2-bd89-a0b4143d1e05": 0, "7b3c82de-8c0a-4a64-8b59-6774c5cdd17e": 0, "81f3f3bc-6399-4fee-8624-e9e208f01016": 1, "88a2731d-306b-4375-89e9-cd832952733c": 0, "8a42d589-e053-4234-afe6-db1360d0ed69": 1, "8b25c987-9274-451d-97a1-7e7a5f9d5bdc": 0, "8e304c84-a43e-469b-bcbd-4ff3c2bb378e": 1, "a1d5e761-41fd-4e58-8acb-195e9f7766bb": 1, "a4755545-3f09-4c38-b393-131ba38bf866": 1, "da4fcf53-64d0-46b3-a9c4-24730ccfb726": 0, "daf8453f-ae77-4d0f-b253-92a3f9e52a62": 0, "deb05d68-f39c-4ca6-ba33-23e7e8a35274": 0, "f5ed9e63-1f7e-460c-bd19-cc2af0f45bd8": 1, "f66741ec-4782-4aa4-9092-17209d643124": 1}
1999	5000	24	91	52	0	0	0.931	2	1.0	13,11	1.0	1.0	1.0	0.0	0.0	1	0.0	23	13	10	1.0	0.0	0.0	0.486	0.0	1.0		{"0b2e8259-75f8-4da0-8f5e-e0fc9e284bd3": 0, "0ba4eeaa-8a0f-4a07-acac-2d67b12023b8": 0, "155482b6-6bb3-43fa-b299-32598a2368ac": 1, "2760a699-8c0c-4d73-a080-02c8d6170b2d": 1, "2955e379-90d5-432b-9e60-cc5a324e0ab0": 0, "2d1bfb63-6b4e-4695-957f-cc1c2e0f47dd": 0, "3d010458-c86a-4840-bf80-313f2f76e074": 1, "4eacee00-c471-4159-b832-c533a4edfe41": 0, "5721b317-e5a4-4ff6-8ad4-b3e383ff9033": 0, "5c44b9a7-a286-4084-852f-aba4885cf4c6": 1, "7b3c82de-8c0a-4a64-8b59-6774c5cdd17e": 0, "81f3f3bc-6399-4fee-8624-e9e208f01016": 1, "88a2731d-306b-4375-89e9-cd832952733c": 0, "8a42d589-e053-4234-afe6-db1360d0ed69": 1, "8b25c987-9274-451d-97a1-7e7a5f9d5bdc": 0, "8e304c84-a43e-469b-bcbd-4ff3c2bb378e": 1, "a175b835-afc0-4396-8836-7a5014ad8c6e": 0, "a1d5e761-41fd-4e58-8acb-195e9f7766bb": 1, "a4755545-3f09-4c38-b393-131ba38bf866": 1, "da4fcf53-64d0-46b3-a9c4-24730ccfb726": 0, "daf8453f-ae77-4d0f-b253-92a3f9e52a62": 0, "deb05d68-f39c-4ca6-ba33-23e7e8a35274": 0, "f5ed9e63-1f7e-460c-bd19-cc2af0f45bd8": 1, "f66741ec-4782-4aa4-9092-17209d643124": 1}
2001	5000	26	331	309	0	0	0.898	2	0.962	16,9,1	1.0	1.0	1.0	0.0	0.0	1	0.0	25	17	10	1.0	0.0	0.0	0.52	0.0	1.0		{"0defd3e9-c422-4a51-a6f0-a8a6d0b23101": 1, "1fe75f08-6e7b-4883-80e5-d51b900f76a9": 1, "20b0c5dd-1719-4fa6-962d-d4cae277ce36": 1, "262aebfe-3dd0-4241-9540-5bee8aab0fbb": 0, "2760a699-8c0c-4d73-a080-02c8d6170b2d": 1, "2dea5aac-6199-47f4-b169-670c162efce7": 0, "573fbab1-1a34-4684-b231-7c771faeb500": 0, "58b857fe-3502-4843-9726-10195640ffb8": 0, "597ab9e5-83df-49a6-9821-c1f28c6b071c": 0, "65ccc1e8-ac0f-4bdc-ba45-663609d18703": 0, "73787585-5f54-46c9-9e28-e04e30c758e2": 1, "8187e06c-37ba-4b15-8181-450ef03d4407": 0, "89581822-0787-4b8c-b41b-f60b0bfb3f5b": 0, "8b25c987-9274-451d-97a1-7e7a5f9d5bdc": 0, "90739286-fae0-4c83-acb9-86beddd8239f": 1, "a4f9cd6b-9c6e-4254-ae83-dbe61812f5a5": 0, "aa8c40d8-74d8-46be-91d8-93fe9ff4214e": 0, "af9e924d-7114-455b-94d5-e121fd3fa471": 0, "d02eb55f-d391-4356-99f7-982373373ee4": 1, "d0d92f37-1b44-4ef5-891c-68028a060bdd": 0, "d807081b-9828-41f6-b6e1-57ddc34a9bde": 0, "dc5237aa-5ad5-405b-8a3c-ef8664afd80d": -1, "dc68c442-b54b-45e7-b666-ac6118c49cd1": 0, "e1a8a5e6-45ad-40f2-ab0d-cb6be087d4ff": 1, "e97b31e8-12de-435c-9721-95de2ee0f139": 0, "ed1dd1fe-b74d-4aea-a0e3-0c7e44f2976c": 1}
