crID	chr	start	end	span_len	locus_start	locus_end	n_crs	n_sv_signals	n_signal_reads	n_reads	trf	trf_merged_bp	trf_frac_span	cn_raw	cn	cn_log	n_aln_primary	frac_mapq_lt10	segdup_proxy	T2T_cat	T2T_n_alleles	T2T_cpx_sub	T2T_max_abs_net	T2T_hap1	T2T_hap2	T2T_net	T2T_net_all	T2T_hap_missing	T2T_bench_frac	V5_cat	V5_n_alleles	V5_cpx_sub	V5_max_abs_net	V5_hap1	V5_hap2	V5_net	V5_net_all	V5_hap_missing	V5_bench_frac	n_consensus	cons_ids	reads_per_cons	n_reads_in_cons	cons_net	n_cons_unaligned_locus	n_cons_covering_locus	n_cons_split_aln	n_distinct_cons_alleles	cluster_method	kmeans_k	n_size_outliers	n_asm_failed	asm_rescue	ava_timeout	no_consensus	cn_skipped	T2T_alleles_recovered	V5_alleles_recovered	n_calls_pass	calls	n_calls_from_container	n_calls_gt_wrong_T2T	truv_V5_TP	truv_V5_FN	truv_V5_FP	truv_V5_base	truv_T2T_TP	truv_T2T_FN	truv_T2T_FP	truv_T2T_base	cluster_vs_truth_T2T	cluster_vs_truth_V5	cluster_vs_truth
0	chr1	233016914	233017414	500	233016714	233017614	1	9	9	21	False	0	0.0	2	2	2	21	0.0	False	het	2	-	32	+32@233017164	-	32,0	31,-1	False	1.0	het	2	-	32	+32@233017164	-	32,0	31,-1	False	1.0	2	0.0,0.1	11,10	21	32,0	0	2	0	2	kmeans	2	5	0	0	0	False	False	2	2	1	INS+32:0/1:PASS:DV10/TC19:V5ref:T2Tref:hapGT0/1	1	0	0	0	0	-	0	0	0	-	equal	equal	equal
1	chr1	233513616	233514116	500	233513416	233514316	1	14	14	26	False	0	0.0	2	2	2	26	0.0	False	het	2	-	341	+341@233513863	-	341,0	341,0	False	1.0	het	2	-	341	+341@233513863	-	341,0	341,0	False	1.0	2	1.0,1.1	12,14	26	0,332	0	2	0	2	kmeans	2	1	0	0	0	False	False	2	2	1	INS+332:0/1:PASS:DV14/TC25:V5TP:T2TTP:hapGT0/1	1	0	1	0	0	+341:1/0:TP	1	0	0	+341:1/0:TP	equal	equal	equal
2	chr1	233594306	233594806	500	233594106	233595006	1	15	15	18	True	534	0.816	2	2	2	17	0.0	False	cpx_het	2	opposite_sign	105	+35@233594482	-105@233594482	35,-105	31,-105	False	1.0	cpx_het	2	opposite_sign	105	+35@233594482	-105@233594482	35,-105	31,-105	False	1.0	2	2.0,2.1	9,9	18	-105,35	0	2	0	2	kmeans	2	3	0	0	0	False	False	2	2	2	INS+35:0/1:PASS:DV8/TC18:V5ref:T2Tref:hapGT0/1;DEL-105:0/1:PASS:DV9/TC18:V5TP:T2TTP:hapGT0/1	2	0	1	0	0	-105:0/1:TP	1	0	0	-105:0/1:TP	equal	equal	equal
3	chr1	233665337	233665837	500	233665137	233666037	1	11	11	21	False	0	0.0	2	2	2	21	0.0	False	het	2	-	36	-	-36@233665569	0,-36	0,-36	False	1.0	het	2	-	36	-	-36@233665569	0,-36	0,-36	False	1.0	2	3.0,3.1	10,11	21	0,-36	0	2	0	2	kmeans	2	0	0	0	0	False	False	2	2	1	DEL-36:0/1:PASS:DV11/TC21:V5ref:T2Tref:hapGT0/1	1	0	0	0	0	-	0	0	0	-	equal	equal	equal
4	chr1	233672375	233672875	500	233672175	233673075	1	11	10	24	True	117	0.234	2	2	2	24	0.0	False	het	2	-	100	-	+100@233672637	0,100	4,100	False	1.0	het	2	-	100	-	+100@233672637	0,100	4,100	False	1.0	2	4.0,4.1	14,10	24	0,100	0	2	0	2	kmeans	2	2	0	0	0	False	False	2	2	1	INS+100:0/1:PASS:DV10/TC23:V5TP:T2TTP:hapGT0/1	1	0	1	0	0	+100:0/1:TP	1	0	0	+100:0/1:TP	equal	equal	equal
5	chr1	233729324	233729824	500	233729124	233730098	1	15	15	22	True	655	0.862	2	2	2	22	0.0	False	het	2	-	331	-331@233729393	-	-331,0	-337,-5	False	1.0	het	2	-	331	-331@233729393	-	-331,0	-331,-5	False	1.0	2	5.0,5.1	7,15	22	-7,-330	0	2	0	2	kmeans	2	0	0	0	0	False	False	2	2	1	DEL-330:0/1:PASS:DV15/TC22:V5TP:T2TTP:hapGT0/1	1	0	1	0	0	-331:1/0:TP	1	0	0	-331:1/0:TP	equal	equal	equal
6	chr1	233826413	233827856	1443	233826213	233828056	1	18	18	23	False	0	0.0	2	2	2	23	0.0	False	hom	1	-	1343	-1343@233826463	-1343@233826463	-1343,-1343	-1345,-1345	False	1.0	hom	1	-	1343	-1343@233826463	-1343@233826463	-1343,-1343	-1345,-1345	False	1.0	2	6.0,6.1	21,2	23	-1343,-1525	0	2	0	2	kmeans	2	3	0	0	0	False	False	1	1	1	DEL-1343:0/1:PASS:DV23/TC25:V5TP:T2TTP:hapGT1/1;DEL-86:0/0:LowQual:DV1/TC20:V5-:T2T-	3	1	1	0	0	-1343:1/1:TP	1	0	0	-1343:1/1:TP	over	over	over
7	chr1	233934748	233935248	500	233934548	233935448	1	14	13	19	False	0	0.0	2	2	2	18	0.0	False	het	2	-	312	-	+312@233934806	0,312	0,318	False	1.0	het	2	-	312	-	+312@233934806	0,312	0,318	False	1.0	2	7.0,7.1	14,5	19	314,0	0	2	0	2	kmeans	2	1	0	0	0	False	False	2	2	1	INS+314:0/1:PASS:DV13/TC18:V5TP:T2TTP:hapGT0/1	1	0	1	0	0	+312:0/1:TP	1	0	0	+312:0/1:TP	equal	equal	equal
8	chr1	233947288	233948309	1021	233947088	233948591	1	14	11	23	True	1254	1.0	2	2	2	23	0.0	False	het	2	-	417	-	-417@233947555	0,-417	1,-417	False	0.906	het	2	-	417	-	-417@233947555	0,-417	1,-417	False	0.906	2	8.0,8.1	13,10	23	-417,0	0	2	0	2	kmeans	2	3	0	0	0	False	False	2	2	1	DEL-417:0/1:PASS:DV11/TC22:V5TP:T2TTP:hapGT0/1	1	0	1	0	0	-417:0/1:TP	1	0	0	-417:0/1:TP	equal	equal	equal
9	chr1	234066557	234067057	500	234066357	234067257	1	3	2	28	True	215	0.43	2	2	2	28	0.0	False	ref	1	-	0	-	-	0,0	-12,-12	False	1.0	ref	1	-	0	-	-	0,0	-12,-12	False	1.0	1	9.0	28	28	-12	0	1	0	1	kmeans	1	0	0	0	0	False	False	1	1	0	-	0	0	0	0	0	-	0	0	0	-	equal	equal	equal
10	chr1	234068652	234069152	500	234068452	234069352	1	31	28	29	True	442	0.662	2	2	2	29	0.0	False	hom	1	-	32	-32@234068926	-32@234068926	-32,-32	-38,-20	False	1.0	hom	1	-	32	-32@234068926	-32@234068926	-32,-32	-38,-20	False	1.0	1	10.0	29	29	-24	0	1	0	1	kmeans	1	1	0	0	0	False	False	1	1	1	DEL-32:1/1:PASS:DV28/TC28:V5ref:T2Tref:hapGT1/1	1	0	0	0	0	-	0	0	0	-	equal	equal	equal
11	chr1	234207160	234207660	500	234206960	234207860	1	21	20	25	False	0	0.0	2	2	2	25	0.0	False	hom	1	-	2965	+2719@234207442	+2965@234207442	2719,2965	2719,2965	False	1.0	hom	1	-	2965	+2719@234207442	+2965@234207442	2719,2965	2719,2965	False	1.0	2	11.0,11.1	9,16	25	2973,2721	0	2	0	1	other	0	4	0	0	0	False	False	1	1	1	INS+2721:0/1:PASS:DV23/TC24:V5TP:T2Tref:hapGT1/1	2	1	1	0	0	+2965:1/1:TP	1	1	0	+2719:1/0:TP;+2965:0/1:FN	over	over	over
12	chr1	234248053	234248553	500	234247249	234248753	1	22	16	18	True	1261	1.0	2	2	2	17	0.0	False	hom	1	-	364	+364@234248309	+364@234248309	364,364	364,364	False	1.0	hom	1	-	364	+364@234248309	+364@234248309	364,364	364,364	False	1.0	1	12.0	18	18	364	0	0	0	1	kmeans	1	1	0	0	0	False	False	1	1	1	INS+364:1/1:PASS:DV16/TC16:V5TP:T2TTP:hapGT1/1	1	0	1	0	0	+364:1/1:TP	1	0	0	+364:1/1:TP	equal	equal	equal
13	chr1	234267676	234268176	500	234267345	234268376	1	17	17	20	True	674	0.786	2	2	2	18	0.0	False	hom	1	-	40	+40@234267912	+40@234267912	40,40	42,42	False	1.0	hom	1	-	40	+40@234267912	+40@234267912	40,40	42,42	False	1.0	1	13.0	20	20	35	0	1	0	1	kmeans	1	1	0	0	0	False	False	1	1	1	INS+40:1/1:PASS:DV17/TC17:V5ref:T2Tref:hapGT1/1	1	0	0	0	0	-	0	0	0	-	equal	equal	equal
14	chr1	234308353	234308853	500	234308153	234309053	1	22	20	25	True	156	0.312	2	2	2	25	0.0	False	hom	1	-	102	+102@234308625	+102@234308625	102,102	106,106	False	1.0	hom	1	-	102	+102@234308625	+102@234308625	102,102	106,106	False	1.0	2	14.0,14.1	23,2	25	102,0	0	1	0	2	kmeans	2	1	0	0	0	False	False	1	1	1	INS+102:1/1:PASS:DV20/TC23:V5TP:T2TTP:hapGT1/1	1	0	1	0	0	+102:1/1:TP	1	0	0	+102:1/1:TP	over	over	over
15	chr1	234325775	234326275	500	234325575	234326475	1	3	3	27	True	191	0.382	2	2	2	27	0.0	False	hom	1	-	33	-33@234326031	-33@234326031	-33,-33	-19,-19	False	1.0	hom	1	-	33	-33@234326031	-33@234326031	-33,-33	-19,-19	False	1.0	1	15.0	27	27	-15	0	1	0	1	kmeans	1	1	0	0	0	False	False	0	0	0	-	0	0	0	0	0	-	0	0	0	-	equal	equal	equal
16	chr1	234397349	234398211	862	234397149	234398411	1	27	13	18	True	663	0.595	2	2	2	16	0.0	False	hom	1	-	194	+194@234397802	+194@234397802	194,194	195,214	False	1.0	hom	1	-	194	+194@234397802	+194@234397802	194,194	195,214	False	1.0	1	16.0	18	18	204	0	1	0	1	kmeans	2	2	1	0	0	False	False	1	1	1	INS+191:1/1:PASS:DV14/TC15:V5TP:T2TTP:hapGT1/1	1	0	1	0	0	+194:1/1:TP	2	0	0	+194:0/1:TP;+194:1/0:TP	equal	equal	equal
17	chr1	234451361	234451861	500	234451161	234452061	1	23	23	23	False	0	0.0	2	2	2	23	0.0	False	hom	1	-	310	-310@234451456	-310@234451456	-310,-310	-310,-310	False	1.0	hom	1	-	310	-310@234451456	-310@234451456	-310,-310	-310,-310	False	1.0	1	17.0	23	23	-310	0	1	0	1	kmeans	1	0	0	0	0	False	False	1	1	1	DEL-310:1/1:PASS:DV23/TC23:V5TP:T2TTP:hapGT1/1	1	0	1	0	0	-310:1/1:TP	1	0	0	-310:1/1:TP	equal	equal	equal
18	chr1	234495624	234496124	500	234495424	234496324	1	9	9	23	True	174	0.348	2	2	2	23	0.0	False	het	2	-	47	-	+47@234495882	0,47	3,45	False	1.0	het	2	-	47	-	+47@234495882	0,47	3,46	False	1.0	2	18.0,18.1	15,8	23	0,47	0	2	0	2	kmeans	2	1	0	0	0	False	False	2	2	1	INS+47:0/1:PASS:DV8/TC20:V5ref:T2Tref:hapGT0/1	1	0	0	0	0	-	0	0	0	-	equal	equal	equal
19	chr1	234650850	234651350	500	234650650	234651550	1	3	3	21	False	0	0.0	2	2	2	21	0.0	False	hom	1	-	29	-29@234651085	-29@234651085	-29,-29	-29,-29	False	1.0	hom	1	-	29	-29@234651085	-29@234651085	-29,-29	-29,-29	False	1.0	1	19.0	20	20	-29	0	1	0	1	kmeans	1	2	0	0	0	False	False	1	1	0	-	0	0	0	0	0	-	0	0	0	-	equal	equal	equal
20	chr1	234663057	234663557	500	234662857	234663757	1	22	16	21	True	439	0.762	2	2	2	20	0.05	False	hom	1	-	83	-83@234663175	-83@234663175	-83,-83	-91,-91	False	1.0	hom	1	-	83	-83@234663175	-83@234663175	-83,-83	-91,-91	False	1.0	1	20.0	19	19	-88	0	1	0	1	kmeans	2	5	1	0	0	False	False	1	1	1	DEL-88:1/1:PASS:DV16/TC18:V5TP:T2TTP:hapGT1/1	1	0	1	0	0	-83:1/1:TP	1	0	0	-83:1/1:TP	equal	equal	equal
21	chr1	234669727	234670227	500	234669527	234670427	1	16	16	21	False	0	0.0	2	2	2	21	0.0	False	hom	1	-	331	+331@234669966	+330@234669966	331,330	331,330	False	1.0	hom	1	-	331	+331@234669966	+330@234669966	331,330	331,330	False	1.0	2	21.0,21.1	18,3	21	326,0	0	1	0	2	kmeans	2	1	0	0	0	False	False	1	1	1	INS+326:1/1:PASS:DV18/TC21:V5TP:T2TTP:hapGT1/1	1	0	1	0	0	+331:1/1:TP	2	0	0	+330:0/1:TP;+331:1/0:TP	over	over	over
22	chr1	234776195	234776695	500	234775995	234776895	1	51	51	87	False	0	0.0	2	2	2	59	0.0	True	ref	1	-	0	-	-	0,0	0,0	False	1.0	ref	1	-	0	-	-	0,0	0,0	False	1.0	1	22.0	86	86	69	0	1	0	1	kmeans	1	8	0	0	0	False	False	0	0	0	INS+30:0/0:LowQual:DV0/TC25:V5-:T2T-	1	0	0	0	0	-	0	0	0	-	equal	equal	equal
23	chr1	234783857	234784357	500	234783657	234784557	1	8	8	71	True	135	0.27	2	2	2	59	0.0	True	ref	1	-	0	-	-	0,0	-19,0	False	1.0	ref	1	-	0	-	-	0,0	-19,0	False	1.0	1	23.0	71	71	0	0	1	0	1	kmeans	1	2	0	0	0	False	False	1	1	0	-	0	0	0	0	0	-	0	0	0	-	equal	equal	equal
24	chr1	234837917	234838417	500	234837717	234838617	1	4	4	16	True	316	0.632	2	2	2	16	0.0	False	het	2	-	30	+30@234838165	-	30,0	30,15	False	1.0	het	2	-	30	+30@234838165	-	30,0	30,15	False	1.0	1	24.0	16	16	27	0	1	0	1	kmeans	1	0	0	0	0	False	False	1	1	0	-	0	0	0	0	0	-	0	0	0	-	under	under	under
25	chr1	234995465	234995972	507	234995265	234996390	1	47	16	19	True	880	1.0	2	2	2	19	0.0	False	cpx_het	2	size_diff	86	+34@234995517,+52@234995625	+54@234995679	86,54	84,80	False	1.0	cpx_het	2	size_diff	86	+34@234995517,+52@234995625	+54@234995679	86,54	84,80	False	1.0	1	25.0	19	19	82	0	1	0	1	kmeans	1	5	0	0	0	False	False	1	1	1	INS+54:1/1:PASS:DV16/TC18:V5TP:T2TTP:hapGT0/1	1	1	1	0	0	+52:1/1:TP	2	0	0	+52:1/0:TP;+54:0/1:TP	under	under	under
26	chr1	235025744	235026244	500	235025544	235026444	1	17	10	12	True	277	0.554	2	2	2	11	0.0	False	cpx_het	2	size_diff	1190	+236@235026031	+651@235025953,+539@235026000	236,1190	236,1198	False	1.0	cpx_het	2	size_diff	1190	+236@235026031	+651@235025953,+539@235026000	236,1190	236,1198	False	1.0	2	26.0,26.1	6,6	12	236,1194	0	2	0	2	other	0	1	0	0	0	False	False	2	2	3	INS+651:0/1:PASS:DV5/TC12:V5TP:T2TTP:hapGT0/0;INS+236:0/1:PASS:DV6/TC11:V5TP:T2TTP:hapGT0/1;INS+538:0/1:PASS:DV5/TC11:V5TP:T2TTP:hapGT0/0	3	0	3	0	0	+651:0/1:TP;+539:0/1:TP;+236:1/0:TP	3	0	0	+651:0/1:TP;+539:0/1:TP;+236:1/0:TP	equal	equal	equal
27	chr1	235078453	235078953	500	235078103	235079153	1	16	15	16	True	616	0.632	2	2	2	16	0.0	False	hom	1	-	685	+685@235078642	+685@235078642	685,685	685,685	False	1.0	hom	1	-	685	+685@235078642	+685@235078642	685,685	685,685	False	1.0	1	27.0	16	16	685	0	1	0	1	kmeans	1	1	0	0	0	False	False	1	1	1	INS+685:1/1:PASS:DV15/TC15:V5TP:T2TTP:hapGT1/1	1	0	1	0	0	+685:1/1:TP	1	0	0	+685:1/1:TP	equal	equal	equal
28	chr1	235155625	235156125	500	235155293	235156333	1	1	1	32	True	940	1.0	2	2	2	31	0.0	False	het	2	-	20	-	+20@235155822	0,20	0,20	False	1.0	het	2	-	20	-	+20@235155822	0,20	0,20	False	1.0	1	28.0	32	32	22	0	1	0	1	kmeans	1	4	0	0	0	False	False	0	0	0	-	0	0	0	0	0	-	0	0	0	-	under	under	under
29	chr1	235296598	235297098	500	235296398	235297298	1	22	22	25	True	56	0.112	2	2	2	23	0.0	False	hom	1	-	42	+42@235296842	+42@235296842	42,42	42,42	False	1.0	hom	1	-	42	+42@235296842	+42@235296842	42,42	42,42	False	1.0	1	29.0	25	25	38	0	1	0	1	kmeans	1	1	0	0	0	False	False	1	1	1	INS+38:1/1:PASS:DV23/TC24:V5ref:T2Tref:hapGT1/1	1	0	0	0	0	-	0	0	0	-	equal	equal	equal
30	chr1	235409661	235410161	500	235409461	235410361	1	19	18	21	True	383	0.578	2	2	2	18	0.0	False	hom	1	-	3836	+3836@235409824	+3836@235409824	3836,3836	3836,3836	False	1.0	hom	1	-	3836	+3836@235409824	+3836@235409824	3836,3836	3836,3836	False	1.0	2	30.0,30.1	17,4	21	3832,3876	0	2	1	1	kmeans	2	4	0	0	0	False	False	1	1	1	INS+3832:1/1:PASS:DV15/TC19:V5TP:T2TTP:hapGT1/1	1	0	1	0	0	+3836:1/1:TP	1	0	0	+3836:1/1:TP	over	over	over
31	chr1	235411912	235412412	500	235411712	235412656	1	34	14	16	True	514	0.64	2	2	2	13	0.0	False	hom	1	-	347	+32@235412092,+315@235412163	+32@235412092,+311@235412163	347,343	343,339	False	1.0	hom	1	-	347	+32@235412092,+315@235412163	+32@235412092,+311@235412163	347,343	343,339	False	1.0	1	31.0	16	16	344	0	1	0	1	kmeans	2	0	1	0	0	False	False	1	1	2	INS+32:1/1:PASS:DV14/TC14:V5ref:T2Tref:hapGT0/0;INS+317:1/1:PASS:DV14/TC14:V5TP:T2TTP:hapGT1/1	2	0	1	0	0	+315:1/1:TP	2	0	0	+315:1/0:TP;+311:0/1:TP	equal	equal	equal
32	chr1	235587163	235587969	806	235586963	235588169	1	66	25	25	True	917	0.993	2	2	2	25	0.0	False	cpx_het	2	size_diff	536	+536@235587634	+400@235587634	536,400	562,414	False	1.0	cpx_het	2	size_diff	536	+536@235587634	+400@235587634	536,400	562,414	False	1.0	2	32.0,32.1	14,11	25	408,556	0	2	0	2	kmeans	2	0	0	0	0	False	False	2	2	2	INS+400:0/1:PASS:DV14/TC25:V5TP:T2TTP:hapGT1/1;INS+536:0/1:PASS:DV11/TC25:V5TP:T2TTP:hapGT1/1	2	2	2	0	0	+400:0/1:TP;+536:1/0:TP	2	0	0	+400:0/1:TP;+536:1/0:TP	equal	equal	equal
33	chr1	235635322	235635822	500	235635122	235636022	1	15	15	18	False	0	0.0	2	2	2	18	0.0	False	hom	1	-	169	+169@235635572	+169@235635572	169,169	169,169	False	1.0	hom	1	-	169	+169@235635572	+169@235635572	169,169	169,169	False	1.0	1	33.0	18	18	169	0	1	0	1	kmeans	1	1	0	0	0	False	False	1	1	1	INS+169:1/1:PASS:DV15/TC15:V5TP:T2TTP:hapGT1/1	1	0	1	0	0	+169:1/1:TP	1	0	0	+169:1/1:TP	equal	equal	equal
34	chr1	235650013	235650513	500	235649813	235650713	1	19	19	23	True	174	0.348	2	2	2	23	0.0	False	hom	1	-	36	+35@235650265	+36@235650265	35,36	35,36	False	1.0	hom	1	-	36	+35@235650265	+36@235650265	35,36	35,36	False	1.0	1	34.0	23	23	36	0	1	0	1	kmeans	1	0	0	0	0	False	False	1	1	1	INS+36:1/1:PASS:DV21/TC21:V5ref:T2Tref:hapGT1/1	1	0	0	0	0	-	0	0	0	-	equal	equal	equal
35	chr1	235891199	235891699	500	235890999	235891899	1	11	11	17	False	0	0.0	2	2	2	16	0.0	False	het	2	-	338	-338@235891275	-	-338,0	-339,0	False	1.0	het	2	-	338	-338@235891275	-	-338,0	-339,0	False	1.0	2	35.0,35.1	11,6	17	-338,0	0	2	0	2	kmeans	2	0	0	0	0	False	False	2	2	1	DEL-338:0/1:PASS:DV11/TC17:V5TP:T2TTP:hapGT0/1	1	0	1	0	0	-338:1/0:TP	1	0	0	-338:1/0:TP	equal	equal	equal
36	chr1	236002897	236003397	500	236002697	236003597	1	4	4	24	True	153	0.306	2	2	2	22	0.0	False	het	2	-	54	+54@236003080	-	54,0	54,0	False	1.0	het	2	-	54	+54@236003080	-	54,0	54,0	False	1.0	2	36.0,36.1	19,5	24	0,50	0	2	1	2	kmeans	2	2	0	0	0	False	False	2	2	1	INS+50:0/0:PASS:DV4/TC23:V5ref:T2Tref:hapGT0/1	1	1	0	1	0	+54:1/0:FN	0	1	0	+54:1/0:FN	equal	equal	equal
37	chr1	236096874	236097821	947	236096674	236098021	1	107	19	21	True	395	0.417	2	2	2	20	0.0	False	cpx_het	2	size_diff	5216	+4030@236097257	+29@236097112,+5187@236097315	4030,5216	4030,5216	False	1.0	cpx_het	2	size_diff	5216	+4030@236097257	+29@236097112,+5187@236097315	4030,5216	4030,5216	False	1.0	2	37.0,37.1	4,17	21	4036,5216	0	2	1	2	other	0	2	0	0	0	False	False	2	2	3	INS+379:0/0:PASS:DV4/TC19:V5ref:T2Tref:hapGT0/0;INS+3657:0/0:PASS:DV4/TC19:V5ref:T2Tref:hapGT1/1;INS+5187:0/1:PASS:DV15/TC19:V5ref:T2Tref:hapGT1/1	3	2	3	3	0	+3103:1/0:FN;+4118:0/1:TP;+171:0/1:FN;+174:1/0:TP;+753:1/0:TP;+898:0/1:FN	3	3	0	+3103:1/0:FN;+4118:0/1:TP;+171:0/1:FN;+174:1/0:TP;+753:1/0:TP;+898:0/1:FN	equal	equal	equal
38	chr1	236142014	236142514	500	236141814	236142714	1	27	26	26	True	424	0.848	2	2	2	26	0.0	False	hom	1	-	40	-40@236142389	-40@236142389	-40,-40	-40,-40	False	1.0	hom	1	-	40	-40@236142389	-40@236142389	-40,-40	-40,-40	False	1.0	1	38.0	26	26	-40	0	1	0	1	kmeans	1	0	0	0	0	False	False	1	1	1	DEL-40:1/1:PASS:DV26/TC26:V5ref:T2Tref:hapGT1/1	1	0	0	0	0	-	0	0	0	-	equal	equal	equal
39	chr1	236186031	236186531	500	236185831	236186731	1	26	20	26	True	151	0.302	2	2	2	26	0.0	False	cpx_het	2	size_diff	182	+103@236186262	+182@236186262	103,182	103,177	False	1.0	cpx_het	2	size_diff	182	+103@236186262	+182@236186262	103,182	103,177	False	1.0	2	39.0,39.1	12,14	26	181,103	0	2	0	2	other	0	1	0	0	0	False	False	2	2	2	INS+103:0/1:PASS:DV12/TC23:V5TP:T2TTP:hapGT0/1;INS+153:0/1:PASS:DV8/TC23:V5TP:T2TTP:hapGT0/1	2	0	2	0	0	+182:0/1:TP;+103:1/0:TP	2	0	0	+182:0/1:TP;+103:1/0:TP	equal	equal	equal
40	chr1	236239580	236240080	500	236239380	236240280	1	4	4	18	True	135	0.27	2	2	2	18	0.0	False	het	2	-	60	+60@236239861	-	60,0	58,-4	False	1.0	het	2	-	60	+60@236239861	-	60,0	58,-4	False	1.0	2	40.0,40.1	4,14	18	63,0	0	2	0	2	kmeans	2	3	0	0	0	False	False	2	2	1	INS+58:0/1:PASS:DV4/TC18:V5TP:T2TTP:hapGT0/1	1	0	1	0	0	+60:1/0:TP	1	0	0	+60:1/0:TP	equal	equal	equal
41	chr1	236244943	236245610	667	236244743	236245810	1	33	17	17	True	306	0.459	2	2	2	17	0.0	False	cpx_het	2	opposite_sign	106	-34@236245526	+54@236245314,+86@236245515,-34@236245526	-34,106	-38,103	False	1.0	cpx_het	2	opposite_sign	140	-34@236245526	+54@236245314,+86@236245515	-34,140	-38,137	False	1.0	2	41.0,41.1	12,5	17	132,-34	0	2	0	2	kmeans	2	0	0	0	0	False	False	2	2	3	INS+54:0/1:PASS:DV12/TC17:V5TP:T2TTP:hapGT0/0;INS+72:0/1:PASS:DV12/TC17:V5TP:T2TTP:hapGT0/0;DEL-34:0/1:PASS:DV5/TC17:V5ref:T2Tref:hapGT0/1	3	0	2	0	0	+54:0/1:TP;+86:0/1:TP	2	0	0	+54:0/1:TP;+86:0/1:TP	equal	equal	equal
42	chr1	236361385	236361885	500	236361185	236362085	1	17	17	27	False	0	0.0	2	2	2	26	0.0	False	het	2	-	32	-	+32@236361635	0,32	0,37	False	1.0	het	2	-	32	-	+32@236361635	0,32	0,37	False	1.0	2	42.0,42.1	17,10	27	38,0	0	2	0	2	kmeans	2	1	0	0	0	False	False	2	2	1	INS+33:0/1:PASS:DV17/TC26:V5ref:T2Tref:hapGT0/1	1	0	0	0	0	-	0	0	0	-	equal	equal	equal
43	chr1	236374645	236375145	500	236374445	236375345	1	11	11	24	False	0	0.0	2	2	2	24	0.0	False	het	2	-	2104	-	+2104@236374895	0,2104	0,2104	False	1.0	het	2	-	2104	-	+2104@236374895	0,2104	0,2104	False	1.0	2	43.0,43.1	11,13	24	0,2104	0	2	0	2	kmeans	2	2	0	0	0	False	False	2	2	1	INS+2104:0/1:PASS:DV13/TC24:V5TP:T2TTP:hapGT0/1	1	0	1	0	0	+2104:0/1:TP	1	0	0	+2104:0/1:TP	equal	equal	equal
44	chr1	236385372	236388085	2713	236384363	236388285	1	53	22	24	True	3084	0.783	2	2	2	24	0.0	False	cpx_het	2	opposite_sign	2295	-2243@236385786,-52@236385846	-52@236385846,+277@236387194	-2295,225	-2299,226	False	0.846	cpx_het	2	opposite_sign	2243	-2243@236385786	-52@236385846,+277@236387194	-2243,225	-2247,226	False	0.846	2	44.0,44.1	16,8	24	224,-2240	0	2	0	2	kmeans	2	2	0	0	0	False	False	2	2	3	DEL-2243:0/1:PASS:DV8/TC24:V5TP:T2TTP:hapGT0/1;DEL-52:0/1:PASS:DV14/TC23:V5TP:T2TTP:hapGT0/0;INS+276:0/1:PASS:DV15/TC23:V5TP:T2TTP:hapGT0/1	3	0	3	0	0	-2243:1/0:TP;-52:0/1:TP;+277:0/1:TP	3	0	0	-2243:1/0:TP;-52:0/1:TP;+277:0/1:TP	equal	equal	equal
45	chr1	236405534	236406034	500	236405334	236406234	1	1	1	25	True	208	0.416	2	2	2	25	0.0	False	ref	1	-	0	-	-	0,0	-41,-25	False	1.0	ref	1	-	0	-	-	0,0	-28,-25	False	1.0	1	45.0	25	25	-22	0	1	1	1	kmeans	1	3	0	0	0	False	False	0	0	0	-	0	0	0	0	0	-	0	0	0	-	equal	equal	equal
46	chr1	236431540	236432040	500	236431340	236432240	1	18	18	28	False	0	0.0	2	2	2	28	0.0	False	het	2	-	325	-325@236431625	-	-325,0	-325,5	False	1.0	het	2	-	325	-325@236431625	-	-325,0	-325,5	False	1.0	2	46.0,46.1	18,10	28	-325,0	0	2	0	2	kmeans	2	1	0	0	0	False	False	2	2	1	DEL-325:0/1:PASS:DV18/TC27:V5TP:T2TTP:hapGT0/1	1	0	1	0	0	-325:1/0:TP	1	0	0	-325:1/0:TP	equal	equal	equal
47	chr1	236493297	236493797	500	236493097	236493997	1	5	5	20	True	390	0.78	2	2	2	20	0.0	False	het	2	-	76	-	-76@236493496	0,-76	-2,-80	False	1.0	het	2	-	76	-	-76@236493496	0,-76	-2,-80	False	1.0	2	47.0,47.1	15,5	20	0,-76	0	2	0	2	kmeans	2	1	0	0	0	False	False	2	2	1	DEL-76:0/1:PASS:DV5/TC20:V5TP:T2TTP:hapGT0/1	1	0	1	0	0	-76:0/1:TP	1	0	0	-76:0/1:TP	equal	equal	equal
48	chr1	236494955	236495455	500	236494755	236495655	1	4	3	19	True	78	0.156	2	2	2	19	0.0	False	het	2	-	32	-	+32@236495181	0,32	0,32	False	1.0	het	2	-	32	-	+32@236495181	0,32	0,32	False	1.0	1	48.0	19	19	0	0	1	0	1	kmeans	1	0	0	0	0	False	False	1	1	0	-	0	0	0	0	0	-	0	0	0	-	under	under	under
49	chr1	236497951	236498451	500	236497751	236498651	1	6	6	23	False	0	0.0	2	2	2	23	0.0	False	het	2	-	1106	-	+1106@236498201	0,1106	0,1108	False	1.0	het	2	-	1106	-	+1106@236498201	0,1106	0,1108	False	1.0	2	49.0,49.1	17,6	23	0,1110	0	2	0	2	kmeans	2	1	0	0	0	False	False	2	2	1	INS+1110:0/1:PASS:DV6/TC23:V5TP:T2TTP:hapGT0/1	1	0	1	0	0	+1106:0/1:TP	1	0	0	+1106:0/1:TP	equal	equal	equal
50	chr1	236632771	236633293	522	236632571	236633493	1	31	21	21	True	446	0.854	2	2	2	21	0.0	False	cpx_het	2	size_diff	82	+40@236632908,-72@236633147,-50@236633149	-50@236633149	-82,-50	-85,-41	False	1.0	cpx_het	2	size_diff	50	+40@236632908,-72@236633147	-50@236633149	-32,-50	-35,-41	False	1.0	1	50.0	21	21	-26	0	1	0	1	kmeans	2	1	1	0	0	False	False	0	1	1	DEL-52:1/1:PASS:DV21/TC21:V5TP:T2TTP:hapGT0/1	1	1	2	0	0	-72:1/0:TP;-50:0/1:TP	2	0	0	-72:1/0:TP;-50:0/1:TP	under	under	under
51	chr1	236646746	236647246	500	236646546	236647446	1	4	4	20	True	63	0.126	2	2	2	20	0.0	False	hom	1	-	29	-29@236646972	-29@236646972	-29,-29	-29,-29	False	1.0	hom	1	-	29	-29@236646972	-29@236646972	-29,-29	-29,-29	False	1.0	1	51.0	20	20	-29	0	1	0	1	kmeans	1	1	0	0	0	False	False	1	1	0	-	0	0	0	0	0	-	0	0	0	-	equal	equal	equal
52	chr1	236654642	236655142	500	236654442	236655342	1	14	14	26	True	179	0.358	2	2	2	26	0.0	False	het	2	-	48	-48@236654853	-	-48,0	-48,0	False	1.0	het	2	-	48	-48@236654853	-	-48,0	-48,0	False	1.0	2	52.0,52.1	17,9	26	-47,0	0	2	0	2	kmeans	2	4	0	0	0	False	False	2	2	1	DEL-47:0/1:PASS:DV16/TC25:V5ref:T2Tref:hapGT0/1	1	0	0	0	0	-	0	0	0	-	equal	equal	equal
53	chr1	236713543	236715115	1572	236713343	236715315	1	84	16	19	True	1472	0.936	2	2	2	19	0.053	False	cpx_het	2	size_diff	5844	+68@236714069,+201@236714744,+5575@236715026	+806@236713952,+1686@236714890	5844,2492	5846,2492	False	1.0	cpx_het	2	size_diff	5844	+68@236714069,+201@236714744,+5575@236715026	+806@236713952,+1686@236714890	5844,2492	5846,2492	False	1.0	2	53.0,53.1	8,11	19	5848,2492	0	2	0	2	other	0	4	0	0	0	False	False	2	2	5	INS+67:0/1:PASS:DV17/TC17:V5ref:T2Tref:hapGT0/0;INS+136:0/1:PASS:DV9/TC17:V5ref:T2Tref:hapGT0/0;INS+201:0/1:PASS:DV8/TC17:V5ref:T2Tref:hapGT0/0;INS+5442:0/1:PASS:DV8/TC18:V5ref:T2Tref:hapGT0/1;INS+2289:0/1:PASS:DV9/TC18:V5ref:T2Tref:hapGT0/1	6	0	3	3	2	+335:1/0:TP;-67:1/1:TP;+3020:1/0:FN;+471:0/1:FN;+1081:0/1:TP;+1081:1/0:FN	3	3	2	+335:1/0:TP;-67:1/1:TP;+3020:1/0:FN;+471:0/1:FN;+1081:0/1:TP;+1081:1/0:FN	equal	equal	equal
54	chr1	236737058	236737558	500	236736858	236737758	1	10	10	23	False	0	0.0	2	2	2	23	0.0	False	het	2	-	36	+36@236737297	-	36,0	37,0	False	1.0	het	2	-	36	+36@236737297	-	36,0	37,0	False	1.0	2	54.0,54.1	12,10	22	0,36	0	2	0	2	kmeans	2	2	0	0	0	False	False	2	2	1	INS+36:0/1:PASS:DV10/TC21:V5ref:T2Tref:hapGT0/1	1	0	0	0	0	-	0	0	0	-	equal	equal	equal
55	chr1	236755618	236757220	1602	236755418	236757420	1	37	21	22	True	1734	1.0	2	2	2	20	0.0	False	cpx_het	2	size_diff	931	-245@236755707,-196@236755756,-490@236756344	-196@236755756	-931,-196	-931,-196	False	1.0	cpx_het	2	size_diff	735	-245@236755707,-490@236756344	-196@236755756	-735,-196	-735,-196	False	1.0	2	55.0,55.1	12,10	22	-735,-196	0	2	0	2	kmeans	2	2	0	0	0	False	False	2	2	3	DEL-245:0/1:PASS:DV12/TC21:V5TP:T2TTP:hapGT0/1;DEL-196:0/1:PASS:DV9/TC21:V5TP:T2TTP:hapGT0/1;DEL-490:0/1:PASS:DV12/TC21:V5TP:T2TTP:hapGT0/0	3	0	3	0	0	-245:1/0:TP;-196:0/1:TP;-490:1/0:TP	3	0	0	-245:1/0:TP;-196:0/1:TP;-490:1/0:TP	equal	equal	equal
56	chr1	237025244	237025744	500	237025044	237025944	1	3	3	26	False	0	0.0	2	2	2	22	0.0	False	ref	1	-	0	-	-	0,0	0,0	False	1.0	ref	1	-	0	-	-	0,0	0,0	False	1.0	1	56.0	26	26	0	0	1	0	1	kmeans	1	1	0	0	0	False	False	1	1	0	-	0	0	0	0	0	-	0	0	0	-	equal	equal	equal
57	chr1	237237681	237238181	500	237237481	237238381	1	10	10	18	True	122	0.244	2	2	2	18	0.0	False	cpx_het	2	size_diff	60	+60@237237926	+20@237237945	60,20	75,20	False	1.0	cpx_het	2	size_diff	60	+60@237237926	+20@237237945	60,20	75,20	False	1.0	2	57.0,57.1	10,8	18	75,20	0	2	0	2	kmeans	2	0	0	0	0	False	False	2	2	1	INS+75:0/1:PASS:DV10/TC18:V5TP:T2TTP:hapGT0/1	1	0	1	0	0	+60:1/0:TP	1	0	0	+60:1/0:TP	equal	equal	equal
58	chr1	237284341	237284841	500	237284141	237285041	1	12	6	21	True	311	0.622	2	2	2	20	0.0	False	het	2	-	34	-	+34@237284505	0,34	10,49	False	0.701	het	2	-	34	-	+34@237284505	0,34	10,49	False	0.701	2	58.0,58.1	6,15	21	42,10	0	2	0	2	kmeans	2	3	0	0	0	False	False	2	2	1	INS+34:0/1:PASS:DV6/TC19:V5ref:T2Tref:hapGT0/1	1	0	0	0	0	-	0	0	0	-	equal	equal	equal
59	chr1	237286306	237286806	500	237286106	237287006	1	20	20	20	False	0	0.0	2	2	2	20	0.0	False	hom	1	-	205	+205@237286556	+205@237286556	205,205	205,204	False	1.0	hom	1	-	205	+205@237286556	+205@237286556	205,205	205,204	False	1.0	1	59.0	20	20	205	0	1	0	1	kmeans	1	0	0	0	0	False	False	1	1	1	INS+205:1/1:PASS:DV20/TC20:V5TP:T2TTP:hapGT1/1	1	0	1	0	0	+205:1/1:TP	2	0	0	+205:1/0:TP;+205:0/1:TP	equal	equal	equal
60	chr1	237405790	237406290	500	237405590	237406490	1	34	17	31	True	92	0.184	2	2	2	30	0.0	False	het	2	-	347	-	+322@237405894,+25@237406157	0,347	0,347	False	1.0	het	2	-	347	-	+322@237405894,+25@237406157	0,347	0,347	False	1.0	2	60.0,60.1	19,12	31	345,0	0	2	0	2	kmeans	2	3	0	0	0	False	False	2	2	1	INS+320:0/1:PASS:DV19/TC29:V5TP:T2TTP:hapGT0/1	1	0	1	0	0	+322:0/1:TP	1	0	0	+322:0/1:TP	equal	equal	equal
61	chr1	237473186	237473686	500	237472986	237473886	1	12	12	25	True	59	0.118	2	2	2	24	0.0	False	het	2	-	50	-	+50@237473442	0,50	0,50	False	1.0	het	2	-	50	-	+50@237473442	0,50	0,50	False	1.0	2	61.0,61.1	12,13	25	50,0	0	2	0	2	kmeans	2	1	0	0	0	False	False	2	2	1	INS+50:0/1:PASS:DV12/TC25:V5TP:T2TTP:hapGT0/1	1	0	1	0	0	+50:0/1:TP	1	0	0	+50:0/1:TP	equal	equal	equal
62	chr1	237515515	237516015	500	237515315	237516215	1	28	19	21	True	542	0.822	2	2	2	21	0.0	False	hom	1	-	150	+150@237515730	+150@237515730	150,150	150,169	False	1.0	hom	1	-	150	+150@237515730	+150@237515730	150,150	150,169	False	1.0	1	62.0	21	21	162	0	1	0	1	kmeans	1	0	0	0	0	False	False	1	1	1	INS+150:1/1:PASS:DV19/TC19:V5TP:T2TTP:hapGT1/1	1	0	1	0	0	+150:1/1:TP	2	0	0	+150:1/0:TP;+150:0/1:TP	equal	equal	equal
63	chr1	237590904	237591404	500	237590704	237591604	1	19	18	19	True	156	0.312	2	2	2	19	0.0	False	cpx_het	2	size_diff	120	-45@237591137	-75@237591114,-45@237591137	-45,-120	-45,-120	False	1.0	cpx_het	2	size_diff	75	-45@237591137	-75@237591114	-45,-75	-45,-75	False	1.0	2	63.0,63.1	11,8	19	-75,-45	0	2	0	2	kmeans	2	1	0	0	0	False	False	1	2	2	DEL-75:0/1:PASS:DV11/TC19:V5TP:T2TTP:hapGT0/0;DEL-45:0/1:PASS:DV8/TC19:V5ref:T2Tref:hapGT0/1	2	0	1	0	0	-75:0/1:TP	1	0	0	-75:0/1:TP	equal	equal	equal
64	chr1	237608939	237609439	500	237608739	237609639	1	27	27	27	True	461	0.908	2	2	2	27	0.0	False	hom	1	-	156	-156@237609110	-156@237609110	-156,-156	-155,-158	False	1.0	hom	1	-	156	-156@237609110	-156@237609110	-156,-156	-155,-158	False	1.0	1	64.0	27	27	-156	0	1	0	1	kmeans	1	0	0	0	0	False	False	1	1	1	DEL-156:1/1:PASS:DV27/TC27:V5TP:T2TTP:hapGT1/1	1	0	1	0	0	-156:1/1:TP	1	0	0	-156:1/1:TP	equal	equal	equal
65	chr1	237883578	237884115	537	237883378	237884315	1	44	18	19	True	463	0.862	2	2	2	18	0.0	False	cpx_het	2	size_diff	122	-31@237883633,-21@237883642,-30@237884003,-40@237884013	-21@237883642,-40@237884013	-122,-61	-132,-71	False	0.748	hom	1	-	61	-31@237883633,-30@237884003	-21@237883642,-40@237884013	-61,-61	-71,-71	False	0.748	1	65.0	19	19	-60	0	1	0	1	kmeans	1	1	0	0	0	False	False	0	1	2	DEL-30:1/1:PASS:DV19/TC19:V5ref:T2Tref:hapGT0/0;DEL-30:1/1:PASS:DV19/TC19:V5ref:T2Tref:hapGT0/0	2	0	0	0	0	-	0	0	0	-	under	equal	under
66	chr1	237946343	237947006	663	237946143	237947206	1	48	24	29	True	202	0.154	2	2	2	28	0.0	False	hom	1	-	54	-26@237946393,-28@237946904	-26@237946393,-28@237946904	-54,-54	-54,-54	False	1.0	hom	1	-	54	-26@237946393,-28@237946904	-26@237946393,-28@237946904	-54,-54	-54,-54	False	1.0	2	66.0,66.1	5,24	29	-54,-54	0	2	0	1	kmeans	2	1	0	0	0	False	False	1	1	0	-	0	0	0	0	0	-	0	0	0	-	over	over	over
67	chr1	238051419	238051919	500	238051219	238052119	1	26	26	26	True	390	0.78	2	2	2	26	0.0	False	hom	1	-	273	+273@238051672	+273@238051672	273,273	273,273	False	1.0	hom	1	-	273	+273@238051672	+273@238051672	273,273	273,273	False	1.0	1	67.0	26	26	273	0	1	0	1	kmeans	1	0	0	0	0	False	False	1	1	1	INS+273:1/1:PASS:DV26/TC26:V5TP:T2TTP:hapGT1/1	1	0	1	0	0	+273:1/1:TP	2	0	0	+273:0/1:TP;+273:1/0:TP	equal	equal	equal
68	chr1	238627312	238627812	500	238627112	238628012	1	14	14	29	True	297	0.594	2	2	2	29	0.0	False	het	2	-	59	+169@238627495,-110@238627502	-	59,0	59,10	False	1.0	het	2	-	59	+169@238627495,-110@238627502	-	59,0	59,10	False	1.0	2	68.0,68.1	14,15	29	45,10	0	2	0	2	kmeans	2	0	0	0	0	False	False	2	2	1	INS+45:0/1:PASS:DV14/TC29:V5ref:T2Tref:hapGT0/1	1	0	0	2	0	+169:1/0:FN;-110:1/0:FN	0	2	0	+169:1/0:FN;-110:1/0:FN	equal	equal	equal
69	chr1	238641712	238642241	529	238641181	238642441	1	50	26	29	True	1064	1.0	2	2	2	29	0.034	False	cpx_het	2	size_diff	1001	+441@238641843,+258@238641898	+814@238641762,+187@238641898	699,1001	699,998	False	1.0	cpx_het	2	size_diff	1001	+441@238641843,+258@238641898	+814@238641762,+187@238641898	699,1001	699,998	False	1.0	2	69.0,69.1	14,15	29	1001,699	0	2	0	2	other	0	1	0	0	0	False	False	2	2	4	INS+814:0/1:PASS:DV13/TC28:V5TP:T2TTP:hapGT1/1;INS+441:0/1:PASS:DV14/TC28:V5TP:T2TTP:hapGT0/0;INS+258:0/1:PASS:DV14/TC28:V5TP:T2TTP:hapGT0/0;INS+187:0/1:PASS:DV13/TC28:V5TP:T2TTP:hapGT0/0	4	1	4	0	0	+814:0/1:TP;+441:1/0:TP;+258:1/0:TP;+187:0/1:TP	4	0	0	+814:0/1:TP;+441:1/0:TP;+258:1/0:TP;+187:0/1:TP	equal	equal	equal
70	chr1	238688957	238690011	1054	238688757	238690211	1	15	15	23	True	64	0.061	2	2	2	22	0.0	False	het	2	-	943	-943@238689007	-	-943,0	-945,1	False	1.0	het	2	-	943	-943@238689007	-	-943,0	-943,1	False	1.0	2	70.0,70.1	8,15	23	0,-943	0	2	0	2	kmeans	2	0	0	0	0	False	False	2	2	1	DEL-943:0/1:PASS:DV15/TC23:V5TP:T2TTP:hapGT0/1	1	0	1	0	0	-943:1/0:TP	1	0	0	-943:1/0:TP	equal	equal	equal
71	chr1	238794329	238794829	500	238794129	238795029	1	11	11	31	True	102	0.204	2	2	2	31	0.0	False	het	2	-	36	-	-36@238794557	0,-36	-4,-36	False	1.0	het	2	-	36	-	-36@238794557	0,-36	-4,-36	False	1.0	2	71.0,71.1	19,12	31	0,-35	0	2	0	2	kmeans	2	4	0	0	0	False	False	2	2	1	DEL-35:0/1:PASS:DV12/TC31:V5ref:T2Tref:hapGT0/1	1	0	0	0	0	-	0	0	0	-	equal	equal	equal
72	chr1	238836759	238837259	500	238836559	238837459	1	11	11	27	True	163	0.326	2	2	2	26	0.0	False	het	2	-	36	-	-36@238836991	0,-36	0,-38	False	1.0	het	2	-	36	-	-36@238836991	0,-36	0,-38	False	1.0	2	72.0,72.1	15,12	27	0,-36	0	2	0	2	kmeans	2	1	0	0	0	False	False	2	2	1	DEL-36:0/1:PASS:DV11/TC27:V5ref:T2Tref:hapGT0/1	1	0	0	0	0	-	0	0	0	-	equal	equal	equal
73	chr1	238962701	238963201	500	238962501	238963401	1	12	12	25	False	0	0.0	2	2	2	25	0.0	False	het	2	-	334	+334@238962945	-	334,0	334,0	False	1.0	het	2	-	334	+334@238962945	-	334,0	334,0	False	1.0	2	73.0,73.1	13,12	25	326,0	0	2	0	2	kmeans	2	0	0	0	0	False	False	2	2	1	INS+326:0/1:PASS:DV12/TC24:V5TP:T2TTP:hapGT0/1	1	0	1	0	0	+334:1/0:TP	1	0	0	+334:1/0:TP	equal	equal	equal
74	chr1	238969854	238970354	500	238969654	238970654	1	13	13	24	True	643	0.786	2	2	2	24	0.0	False	cpx_het	2	one_net_small	64	+30@238969981,-44@238970144	-64@238970070	-14,-64	-21,-53	False	1.0	cpx_het	2	one_net_small	64	+30@238969981,-44@238970144	-64@238970070	-14,-64	-20,-53	False	1.0	2	74.0,74.1	13,11	24	-47,0	0	2	0	2	kmeans	2	1	0	0	0	False	False	2	2	1	DEL-47:0/1:PASS:DV13/TC24:V5TP:T2TTP:hapGT0/1	1	0	1	0	0	-64:0/1:TP	1	0	0	-64:0/1:TP	equal	equal	equal
75	chr1	239142171	239142671	500	239141971	239142871	1	12	12	22	False	0	0.0	2	2	2	21	0.0	False	het	2	-	36	-	-36@239142403	0,-36	0,-35	False	1.0	het	2	-	36	-	-36@239142403	0,-36	0,-35	False	1.0	2	75.0,75.1	10,12	22	0,-36	0	2	0	2	kmeans	2	0	0	0	0	False	False	2	2	1	DEL-36:0/1:PASS:DV12/TC22:V5ref:T2Tref:hapGT0/1	1	0	0	0	0	-	0	0	0	-	equal	equal	equal
76	chr1	239412042	239412542	500	239411842	239412742	1	25	25	28	False	0	0.0	2	2	2	28	0.0	False	cpx_het	2	size_diff	2109	+2109@239412305	+1163@239412305	2109,1163	2109,1163	False	1.0	cpx_het	2	size_diff	2109	+2109@239412305	+1163@239412305	2109,1163	2109,1163	False	1.0	2	76.0,76.1	15,13	28	1175,2111	0	2	0	2	other	0	4	0	0	0	False	False	2	2	2	INS+1175:0/1:PASS:DV14/TC28:V5TP:T2TTP:hapGT0/1;INS+2111:0/1:PASS:DV13/TC28:V5TP:T2TTP:hapGT0/1	2	0	2	0	0	+1163:0/1:TP;+2109:1/0:TP	2	0	0	+1163:0/1:TP;+2109:1/0:TP	equal	equal	equal
77	chr1	239684564	239685064	500	239684364	239685264	1	26	25	29	True	156	0.312	2	2	2	29	0.0	False	hom	1	-	34	+34@239684770	+34@239684770	34,34	34,34	False	1.0	hom	1	-	34	+34@239684770	+34@239684770	34,34	34,34	False	1.0	1	77.0	29	29	34	0	1	0	1	kmeans	1	0	0	0	0	False	False	1	1	1	INS+34:1/1:PASS:DV28/TC28:V5ref:T2Tref:hapGT1/1	1	0	0	0	0	-	0	0	0	-	equal	equal	equal
78	chr1	239732122	239732911	789	239731922	239733111	1	72	27	29	True	870	0.943	2	2	2	29	0.0	False	cpx_het	2	size_diff	336	+77@239732274,+259@239732803	+25@239732310,+259@239732803	336,284	336,284	False	1.0	cpx_het	2	size_diff	336	+77@239732274,+259@239732803	+25@239732310,+259@239732803	336,284	336,284	False	1.0	1	78.0	29	29	336	0	1	0	1	kmeans	2	3	1	0	0	False	False	1	1	1	INS+336:1/1:PASS:DV27/TC28:V5ref:T2Tref:hapGT1/1	1	0	0	0	0	-	0	0	0	-	under	under	under
79	chr1	239874025	239874525	500	239873825	239874725	1	12	12	21	True	189	0.378	2	2	2	19	0.0	False	het	2	-	37	+37@239874285	-	37,0	37,15	False	1.0	het	2	-	37	+37@239874285	-	37,0	37,15	False	1.0	2	79.0,79.1	12,9	21	37,15	0	2	0	2	kmeans	2	1	0	0	0	False	False	2	2	1	INS+37:0/1:PASS:DV11/TC20:V5ref:T2Tref:hapGT0/1	1	0	0	0	0	-	0	0	0	-	equal	equal	equal
80	chr1	239975142	239975823	681	239974859	239976023	1	26	18	21	True	720	0.715	2	2	2	21	0.0	False	hom	1	-	27	+27@239975514	+27@239975514	27,27	30,12	False	0.363	hom	1	-	27	+27@239975514	+27@239975514	27,27	30,20	False	0.363	1	80.0	20	20	21	0	1	0	1	kmeans	1	1	0	0	0	False	False	1	1	1	INS+33:1/1:PASS:DV20/TC20:V5ref:T2Tref:hapGT1/1	1	0	0	0	0	-	0	0	0	-	equal	equal	equal
81	chr1	240041177	240041677	500	240040977	240041877	1	6	6	18	False	0	0.0	2	2	2	18	0.0	False	het	2	-	46	-	-46@240041405	0,-46	0,-46	False	0.936	het	2	-	46	-	-46@240041405	0,-46	0,-46	False	0.936	2	81.0,81.1	8,10	18	-44,0	0	2	0	2	kmeans	2	1	0	0	0	False	False	2	2	1	DEL-44:0/1:PASS:DV6/TC16:V5ref:T2Tref:hapGT0/1	1	0	0	0	0	-	0	0	0	-	equal	equal	equal
82	chr1	240082817	240083317	500	240082617	240083517	1	31	22	24	True	402	0.79	2	2	2	24	0.0	False	cpx_het	2	size_diff	193	-60@240082989,-133@240083021	-133@240083021	-193,-133	-195,-137	False	1.0	cpx_het	2	size_diff	133	-60@240082989	-133@240083021	-60,-133	-62,-137	False	1.0	2	82.0,82.1	9,15	24	-54,-133	0	2	0	2	kmeans	2	1	0	0	0	False	False	1	2	2	DEL-133:0/1:PASS:DV15/TC24:V5ref:T2Tref:hapGT0/1;DEL-30:0/1:PASS:DV8/TC24:V5ref:T2Tref:hapGT0/0	2	0	1	1	0	-116:0/1:TP;-56:1/0:FN	1	1	0	-116:0/1:TP;-56:1/0:FN	equal	equal	equal
83	chr1	240139067	240139567	500	240138867	240139767	1	12	12	24	False	0	0.0	2	2	2	24	0.0	False	het	2	-	93	-	-93@240139270	0,-93	0,-93	False	1.0	het	2	-	93	-	-93@240139270	0,-93	0,-93	False	1.0	2	83.0,83.1	12,12	24	0,-93	0	2	0	2	kmeans	2	0	0	0	0	False	False	2	2	1	DEL-93:0/1:PASS:DV12/TC24:V5TP:T2TTP:hapGT0/1	1	0	1	0	0	-93:0/1:TP	1	0	0	-93:0/1:TP	equal	equal	equal
84	chr1	240184819	240185319	500	240184619	240185519	1	84	22	25	True	393	0.782	2	2	2	24	0.0	False	cpx_het	2	size_diff	3197	+1434@240185119	+2040@240184937,+1157@240185119	1434,3197	1436,3197	False	1.0	cpx_het	2	size_diff	3197	+1434@240185119	+2040@240184937,+1157@240185119	1434,3197	1436,3197	False	1.0	2	84.0,84.1	14,11	25	5192,1434	0	2	0	2	other	0	2	0	0	0	False	False	1	1	3	INS+113:0/1:PASS:DV10/TC23:V5ref:T2Tref:hapGT0/0;INS+3084:0/1:PASS:DV12/TC23:V5ref:T2Tref:hapGT0/1;INS+1434:0/1:PASS:DV11/TC23:V5ref:T2Tref:hapGT0/1	5	0	1	2	1	+58:0/1:TP;+3139:0/1:FN;+1434:1/0:FN	1	2	1	+58:0/1:TP;+3139:0/1:FN;+1434:1/0:FN	equal	equal	equal
85	chr1	240207552	240208276	724	240207339	240208572	1	27	13	15	True	1133	1.0	2	2	2	15	0.0	False	cpx_het	2	opposite_sign	132	+132@240208028	-33@240207613,-33@240207779,-33@240208142	132,-99	132,-99	False	1.0	cpx_het	2	opposite_sign	132	+132@240208028	-33@240207613,-33@240207779,-33@240208142	132,-99	132,-99	False	1.0	2	85.0,85.1	9,6	15	-99,133	0	2	0	2	kmeans	2	0	0	0	0	False	False	2	2	4	DEL-33:0/1:PASS:DV7/TC13:V5ref:T2Tref:hapGT0/0;INS+133:0/1:PASS:DV6/TC13:V5TP:T2TTP:hapGT0/1;DEL-33:0/1:PASS:DV7/TC13:V5ref:T2Tref:hapGT0/0;DEL-33:0/1:PASS:DV7/TC13:V5ref:T2Tref:hapGT0/0	4	0	1	0	0	+132:1/0:TP	1	0	0	+132:1/0:TP	equal	equal	equal
86	chr1	240229646	240231527	1881	240229446	240231727	1	9	9	15	False	0	0.0	2	2	2	15	0.0	False	het	2	-	1783	-	-1783@240229699	0,-1783	3,-1783	False	1.0	het	2	-	1783	-	-1783@240229699	0,-1783	3,-1783	False	1.0	2	86.0,86.1	9,6	15	-1778,0	0	2	0	2	kmeans	2	0	0	0	0	False	False	2	2	1	DEL-1778:0/1:PASS:DV9/TC15:V5TP:T2TTP:hapGT0/1	1	0	1	0	0	-1783:0/1:TP	1	0	0	-1783:0/1:TP	equal	equal	equal
87	chr1	240364989	240365489	500	240364789	240365689	1	18	17	18	True	181	0.362	2	2	2	18	0.0	False	hom	1	-	86	-86@240365236	-84@240365146	-86,-84	-86,-84	False	1.0	hom	1	-	86	-86@240365236	-84@240365146	-86,-84	-86,-84	False	1.0	1	87.0	18	18	-84	0	1	0	1	kmeans	1	2	0	0	0	False	False	1	1	1	DEL-84:1/1:PASS:DV17/TC18:V5TP:T2TTP:hapGT1/1	1	0	1	0	0	-84:1/1:TP	2	0	0	-84:0/1:TP;-86:1/0:TP	equal	equal	equal
88	chr1	240453600	240454100	500	240453400	240454300	1	16	16	17	False	0	0.0	2	2	2	16	0.0	False	hom	1	-	324	-324@240453690	-324@240453690	-324,-324	-322,-322	False	1.0	hom	1	-	324	-324@240453690	-324@240453690	-324,-324	-322,-322	False	1.0	1	88.0	17	17	-324	0	1	0	1	kmeans	1	0	0	0	0	False	False	1	1	1	DEL-324:1/1:PASS:DV16/TC16:V5TP:T2TTP:hapGT1/1	1	0	1	0	0	-324:1/1:TP	1	0	0	-324:1/1:TP	equal	equal	equal
89	chr1	240467978	240468478	500	240467778	240468678	1	6	3	26	True	144	0.288	2	2	2	26	0.0	False	het	2	-	20	-	+20@240468249	0,20	0,28	False	1.0	het	2	-	20	-	+20@240468249	0,20	0,28	False	1.0	1	89.0	26	26	28	0	1	0	1	kmeans	1	1	0	0	0	False	False	0	0	0	-	0	0	0	0	0	-	0	0	0	-	under	under	under
90	chr1	240512253	240512753	500	240512053	240512953	1	14	14	22	False	0	0.0	2	2	2	21	0.0	False	het	2	-	177	+177@240512504	-	177,0	177,0	False	1.0	het	2	-	177	+177@240512504	-	177,0	177,0	False	1.0	2	90.0,90.1	15,6	21	177,0	0	2	0	2	kmeans	2	1	0	0	0	False	False	2	2	1	INS+177:0/1:PASS:DV15/TC21:V5TP:T2TTP:hapGT0/1	1	0	1	0	0	+177:1/0:TP	1	0	0	+177:1/0:TP	equal	equal	equal
91	chr1	240536386	240536886	500	240536186	240537086	1	11	11	25	True	200	0.4	2	2	2	25	0.0	False	het	2	-	51	+51@240536567	-	51,0	51,0	False	1.0	het	2	-	51	+51@240536567	-	51,0	51,0	False	1.0	2	91.0,91.1	14,11	25	0,51	0	2	0	2	kmeans	2	1	0	0	0	False	False	2	2	1	INS+51:0/1:PASS:DV11/TC24:V5TP:T2TTP:hapGT0/1	1	0	1	0	0	+51:1/0:TP	1	0	0	+51:1/0:TP	equal	equal	equal
92	chr1	240545250	240545750	500	240545050	240545950	1	13	13	27	False	0	0.0	2	2	2	26	0.0	False	het	2	-	42	-42@240545475	-	-42,0	-36,0	False	1.0	het	2	-	42	-42@240545475	-	-42,0	-36,0	False	1.0	2	92.0,92.1	14,13	27	0,-36	0	2	0	2	kmeans	2	1	0	0	0	False	False	2	2	1	DEL-36:0/1:PASS:DV13/TC27:V5ref:T2Tref:hapGT0/1	1	0	0	0	0	-	0	0	0	-	equal	equal	equal
93	chr1	240651978	240652478	500	240651778	240652678	1	35	34	37	False	0	0.0	2	2	2	36	0.0	False	hom	1	-	65	+65@240652224	+65@240652224	65,65	65,65	False	1.0	hom	1	-	65	+65@240652224	+65@240652224	65,65	65,65	False	1.0	1	93.0	37	37	57	0	1	0	1	kmeans	1	3	0	0	0	False	False	1	1	1	INS+57:1/1:PASS:DV34/TC35:V5TP:T2TTP:hapGT1/1	1	0	1	0	0	+65:1/1:TP	1	0	0	+65:1/1:TP	equal	equal	equal
94	chr1	240675281	240675980	699	240675081	240676180	1	13	13	32	False	0	0.0	2	2	2	32	0.0	False	het	2	-	597	-	-597@240675331	0,-597	0,-597	False	1.0	het	2	-	597	-	-597@240675331	0,-597	0,-597	False	1.0	2	94.0,94.1	19,13	32	0,-597	0	2	0	2	kmeans	2	2	0	0	0	False	False	2	2	1	DEL-597:0/1:PASS:DV13/TC31:V5TP:T2TTP:hapGT0/1	1	0	1	0	0	-597:0/1:TP	1	0	0	-597:0/1:TP	equal	equal	equal
95	chr1	240777746	240778246	500	240777546	240779523	1	24	21	23	True	1674	0.894	2	2	2	23	0.0	False	hom	1	-	98	+98@240777885	+98@240777885	98,98	94,94	False	1.0	hom	1	-	98	+98@240777885	+98@240777885	98,98	94,94	False	1.0	1	95.0	23	23	98	0	1	0	1	kmeans	1	1	0	0	0	False	False	1	1	1	INS+98:1/1:PASS:DV21/TC22:V5TP:T2TTP:hapGT1/1	1	0	1	0	0	+98:1/1:TP	1	0	0	+98:1/1:TP	equal	equal	equal
96	chr1	240986469	240986969	500	240986269	240987169	1	16	16	16	False	0	0.0	2	2	2	16	0.0	False	hom	1	-	325	-325@240986556	-325@240986556	-325,-325	-325,-325	False	1.0	hom	1	-	325	-325@240986556	-325@240986556	-325,-325	-325,-325	False	1.0	1	96.0	16	16	-325	0	1	0	1	kmeans	1	0	0	0	0	False	False	1	1	1	DEL-325:1/1:PASS:DV16/TC16:V5TP:T2TTP:hapGT1/1	1	0	1	0	0	-325:1/1:TP	1	0	0	-325:1/1:TP	equal	equal	equal
97	chr1	241022828	241023328	500	241022628	241023528	1	9	9	21	True	196	0.392	2	2	2	21	0.0	False	het	2	-	123	-	-123@241023004	0,-123	0,-123	False	1.0	het	2	-	123	-	-123@241023004	0,-123	0,-123	False	1.0	2	97.0,97.1	10,11	21	-123,0	0	2	0	2	kmeans	2	1	0	0	0	False	False	2	2	1	DEL-123:0/1:PASS:DV9/TC20:V5TP:T2TTP:hapGT0/1	1	0	1	0	0	-123:0/1:TP	1	0	0	-123:0/1:TP	equal	equal	equal
98	chr1	241030183	241030683	500	241029983	241030883	1	10	5	18	False	0	0.0	2	2	2	17	0.0	False	het	2	-	24	-	+24@241030373	0,24	0,40	False	1.0	het	2	-	24	-	+24@241030373	0,24	0,40	False	1.0	2	98.0,98.1	6,12	18	42,0	0	2	0	2	kmeans	2	0	0	0	0	False	False	1	1	0	-	0	0	0	0	0	-	0	0	0	-	equal	equal	equal
99	chr1	241067988	241068488	500	241067788	241068688	1	21	21	25	False	0	0.0	2	2	2	24	0.0	False	cpx_het	2	near_hom_le10bp	40	+34@241068238	+40@241068238	34,40	34,40	False	1.0	cpx_het	2	near_hom_le10bp	40	+34@241068238	+40@241068238	34,40	34,40	False	1.0	1	99.0	25	25	38	0	1	0	1	kmeans	1	2	0	0	0	False	False	1	1	1	INS+38:1/1:PASS:DV22/TC23:V5ref:T2Tref:hapGT1/1	1	0	0	0	0	-	0	0	0	-	under	under	under
100	chr1	241187977	241188477	500	241187777	241188677	1	8	8	21	False	0	0.0	2	2	2	21	0.0	False	het	2	-	47	-	+47@241188220	0,47	0,37	False	1.0	het	2	-	47	-	+47@241188220	0,47	0,37	False	1.0	2	100.0,100.1	10,10	20	37,0	0	2	0	2	kmeans	2	3	0	0	0	False	False	2	2	1	INS+47:0/1:PASS:DV8/TC19:V5ref:T2Tref:hapGT0/1	1	0	0	0	0	-	0	0	0	-	equal	equal	equal
101	chr1	241197151	241197651	500	241196951	241197851	1	23	23	26	False	0	0.0	2	2	2	25	0.0	False	hom	1	-	315	-315@241197237	-315@241197237	-315,-315	-316,-317	False	1.0	hom	1	-	315	-315@241197237	-315@241197237	-315,-315	-316,-317	False	1.0	1	101.0	25	25	-315	0	1	0	1	kmeans	1	2	0	0	0	False	False	1	1	1	DEL-315:1/1:PASS:DV23/TC25:V5TP:T2TTP:hapGT1/1	1	0	1	0	0	-315:1/1:TP	1	0	0	-315:1/1:TP	equal	equal	equal
102	chr1	241306104	241306604	500	241305904	241306906	1	5	2	26	True	730	0.956	2	2	2	25	0.0	False	ref	1	-	0	-	-	0,0	2,2	False	1.0	ref	1	-	0	-	-	0,0	2,2	False	1.0	1	102.0	25	25	0	0	1	0	1	kmeans	1	3	0	0	0	False	False	1	1	0	-	0	0	0	0	0	-	0	0	0	-	equal	equal	equal
103	chr1	241310199	241310699	500	241309999	241310899	1	22	22	22	True	204	0.408	2	2	2	21	0.0	False	hom	1	-	46	-46@241310422	-46@241310422	-46,-46	-46,-46	False	1.0	hom	1	-	46	-46@241310422	-46@241310422	-46,-46	-46,-46	False	1.0	1	103.0	22	22	-46	0	1	0	1	kmeans	1	0	0	0	0	False	False	1	1	1	DEL-46:1/1:PASS:DV22/TC22:V5ref:T2Tref:hapGT1/1	1	0	0	0	0	-	0	0	0	-	equal	equal	equal
104	chr1	241326780	241327280	500	241326580	241327480	1	24	24	26	True	235	0.47	2	2	2	25	0.0	False	hom	1	-	36	+36@241327024	+36@241327024	36,36	32,36	False	1.0	hom	1	-	36	+36@241327024	+36@241327024	36,36	32,36	False	1.0	1	104.0	26	26	35	0	1	0	1	kmeans	1	2	0	0	0	False	False	1	1	1	INS+35:1/1:PASS:DV24/TC25:V5ref:T2Tref:hapGT1/1	1	0	0	0	0	-	0	0	0	-	equal	equal	equal
105	chr1	241422807	241423307	500	241422607	241423507	1	4	4	21	False	0	0.0	2	2	2	21	0.0	False	het	2	-	263	-263@241422925	-	-263,0	-263,0	False	1.0	het	2	-	263	-263@241422925	-	-263,0	-263,0	False	1.0	2	105.0,105.1	15,6	21	0,-263	0	2	0	2	kmeans	2	1	0	0	0	False	False	2	2	1	DEL-263:0/1:PASS:DV4/TC18:V5TP:T2TTP:hapGT0/1	1	0	1	0	0	-263:1/0:TP	1	0	0	-263:1/0:TP	equal	equal	equal
106	chr1	241456526	241457026	500	241456326	241457226	1	7	7	20	False	0	0.0	2	2	2	20	0.0	False	het	2	-	324	+324@241456776	-	324,0	324,0	False	1.0	het	2	-	324	+324@241456776	-	324,0	324,0	False	1.0	2	106.0,106.1	13,7	20	0,323	0	2	0	2	kmeans	2	0	0	0	0	False	False	2	2	1	INS+323:0/1:PASS:DV7/TC20:V5TP:T2TTP:hapGT0/1	1	0	1	0	0	+324:1/0:TP	1	0	0	+324:1/0:TP	equal	equal	equal
107	chr1	241528332	241528832	500	241528132	241529032	1	25	13	20	True	462	0.836	2	2	2	20	0.0	False	het	2	-	354	-354@241528390	-	-354,0	-364,-10	False	1.0	het	2	-	354	-354@241528390	-	-354,0	-354,-10	False	1.0	2	107.0,107.1	8,12	20	-18,-354	0	2	0	2	kmeans	2	1	0	0	0	False	False	2	2	1	DEL-354:0/1:PASS:DV12/TC19:V5TP:T2TTP:hapGT0/1	1	0	1	0	0	-354:1/0:TP	1	0	0	-354:1/0:TP	equal	equal	equal
108	chr1	241614512	241615012	500	241614312	241615212	1	23	22	22	True	179	0.358	2	2	2	22	0.0	False	cpx_het	2	size_diff	135	+135@241614778	+90@241614778	135,90	135,87	False	1.0	cpx_het	2	size_diff	135	+135@241614778	+90@241614778	135,90	135,87	False	1.0	2	108.0,108.1	13,9	22	90,135	0	2	0	2	kmeans	2	0	0	0	0	False	False	2	2	2	INS+90:0/1:PASS:DV13/TC22:V5TP:T2TTP:hapGT0/1;INS+135:0/1:PASS:DV9/TC22:V5TP:T2TTP:hapGT0/1	2	0	2	0	0	+90:0/1:TP;+135:1/0:TP	2	0	0	+90:0/1:TP;+135:1/0:TP	equal	equal	equal
109	chr1	241623992	241624492	500	241623792	241624692	1	16	16	29	True	385	0.69	2	2	2	29	0.0	False	het	2	-	64	-64@241624202	-	-64,0	-64,0	False	1.0	het	2	-	64	-64@241624202	-	-64,0	-64,0	False	1.0	2	109.0,109.1	16,13	29	-64,0	0	2	0	2	kmeans	2	0	0	0	0	False	False	2	2	1	DEL-64:0/1:PASS:DV16/TC29:V5TP:T2TTP:hapGT0/1	1	0	1	0	0	-64:1/0:TP	1	0	0	-64:1/0:TP	equal	equal	equal
110	chr1	241674711	241675336	625	241674511	241675536	1	77	25	29	True	569	0.91	2	2	2	27	0.0	False	cpx_het	2	size_diff	496	-74@241674837,+227@241675133,+22@241675223	+496@241675123	175,496	178,496	False	1.0	cpx_het	2	size_diff	496	-74@241674837,+227@241675133,+22@241675223	+496@241675123	175,496	178,496	False	1.0	2	110.0,110.1	14,15	29	496,157	0	2	0	2	other	0	3	0	0	0	False	False	2	2	3	INS+81:0/1:PASS:DV13/TC26:V5ref:T2Tref:hapGT0/0;INS+370:0/1:PASS:DV12/TC26:V5ref:T2Tref:hapGT0/1;INS+126:0/1:PASS:DV12/TC26:V5ref:T2Tref:hapGT0/1	3	0	0	1	1	-74:1/0:FN	0	1	1	-74:1/0:FN	equal	equal	equal
111	chr1	241771877	241772513	636	241771677	241772713	1	13	7	17	True	209	0.176	2	2	2	17	0.0	False	het	2	-	32	-	-32@241771933	0,-32	7,-42	False	0.91	het	2	-	32	-	-32@241771933	0,-32	7,-40	False	0.91	2	111.0,111.1	10,7	17	-41,0	0	2	0	2	kmeans	2	0	0	0	0	False	False	2	2	1	DEL-32:0/1:PASS:DV7/TC15:V5ref:T2Tref:hapGT0/1	1	0	0	0	0	-	0	0	0	-	equal	equal	equal
112	chr1	242194337	242194837	500	242194137	242195037	1	8	8	17	True	111	0.222	2	2	2	17	0.0	False	het	2	-	52	-	-52@242194566	0,-52	8,-52	False	1.0	het	2	-	52	-	-52@242194566	0,-52	8,-52	False	1.0	2	112.0,112.1	7,10	17	8,-52	0	2	0	2	kmeans	2	1	0	0	0	False	False	2	2	1	DEL-52:0/1:PASS:DV8/TC15:V5TP:T2TTP:hapGT0/1	1	0	1	0	0	-52:0/1:TP	1	0	0	-52:0/1:TP	equal	equal	equal
113	chr1	242241815	242242387	572	242241615	242242587	1	6	5	21	True	176	0.308	2	2	2	20	0.0	False	het	2	-	28	-	-28@242241868	0,-28	0,-32	False	1.0	het	2	-	28	-	-28@242241868	0,-28	0,-22	False	1.0	1	113.0	21	21	-22	0	1	0	1	kmeans	1	1	0	0	0	False	False	0	0	0	-	0	0	0	0	0	-	0	0	0	-	under	under	under
114	chr1	242300351	242300851	500	242300151	242301051	1	48	24	26	False	0	0.0	2	2	2	25	0.0	False	ref	1	-	0	-	-	0,0	-33,-33	False	1.0	ref	1	-	0	-	-	0,0	-33,-33	False	1.0	1	114.0	26	26	-33	0	1	0	1	kmeans	1	0	0	0	0	False	False	0	0	0	-	0	0	0	0	0	-	0	0	0	-	equal	equal	equal
115	chr1	242337208	242337709	501	242337008	242337909	1	28	27	30	False	0	0.0	2	2	2	29	0.034	False	hom	1	-	32	+32@242337258	+32@242337258	32,32	32,32	False	1.0	hom	1	-	32	+32@242337258	+32@242337258	32,32	32,32	False	1.0	1	115.0	30	30	32	0	1	0	1	kmeans	1	3	0	0	0	False	False	1	1	1	INS+32:1/1:PASS:DV28/TC30:V5ref:T2Tref:hapGT1/1	1	0	0	0	0	-	0	0	0	-	equal	equal	equal
116	chr1	242389822	242390322	500	242389622	242390522	1	4	4	13	True	81	0.162	2	2	2	13	0.0	False	het	2	-	38	-	-38@242390047	0,-38	0,-41	False	1.0	het	2	-	38	-	-38@242390047	0,-38	0,-41	False	1.0	2	116.0,116.1	9,4	13	0,-38	0	2	0	2	kmeans	2	0	0	0	0	False	False	2	2	1	DEL-38:0/1:PASS:DV4/TC13:V5ref:T2Tref:hapGT0/1	1	0	0	0	0	-	0	0	0	-	equal	equal	equal
117	chr1	242393164	242394873	1709	242392964	242395269	1	50	12	17	True	2007	0.972	2	2	2	17	0.0	False	cpx_het	2	one_net_small	853	-864@242393430,-22@242394294,+84@242394541,-64@242394685,-22@242394749,+35@242394931	+48@242393214,-22@242394294,-22@242394749	-853,4	-846,0	False	1.0	cpx_het	2	one_net_small	809	-864@242393430,+84@242394541,-64@242394685,+35@242394931	+48@242393214,-22@242394294,-22@242394749	-809,4	-798,0	False	1.0	2	117.0,117.1	7,10	17	-760,-2	0	2	0	2	other	0	1	0	0	0	False	False	2	2	5	DEL-52:0/1:PASS:DV7/TC12:V5ref:T2Tref:hapGT0/0;DEL-120:0/1:PASS:DV7/TC12:V5ref:T2Tref:hapGT0/0;INS+42:0/1:PASS:DV5/TC12:V5ref:T2Tref:hapGT0/0;DEL-324:0/1:PASS:DV7/TC12:V5ref:T2Tref:hapGT0/0;DEL-258:0/1:PASS:DV7/TC13:V5ref:T2Tref:hapGT0/0	5	0	0	0	1	-	0	0	1	-	equal	equal	equal
118	chr1	242444442	242444942	500	242444242	242445142	1	18	18	18	True	128	0.256	2	2	2	18	0.0	False	hom	1	-	70	+70@242444692	+65@242444692	70,65	70,65	False	1.0	hom	1	-	70	+70@242444692	+65@242444692	70,65	70,65	False	1.0	1	118.0	18	18	70	0	1	0	1	kmeans	1	0	0	0	0	False	False	1	1	1	INS+70:1/1:PASS:DV18/TC18:V5TP:T2TTP:hapGT1/1	1	0	1	0	0	+70:1/1:TP	2	0	0	+65:0/1:TP;+70:1/0:TP	equal	equal	equal
119	chr1	242521392	242521892	500	242521192	242522092	1	12	12	22	False	0	0.0	2	2	2	22	0.0	False	het	2	-	53	+53@242521617	-	53,0	50,0	False	1.0	het	2	-	53	+53@242521617	-	53,0	50,0	False	1.0	2	119.0,119.1	13,9	22	53,0	0	2	0	2	kmeans	2	0	0	0	0	False	False	2	2	1	INS+53:0/1:PASS:DV12/TC21:V5TP:T2TTP:hapGT0/1	1	0	1	0	0	+53:1/0:TP	1	0	0	+53:1/0:TP	equal	equal	equal
120	chr1	242544521	242545021	500	242544321	242545221	1	7	7	16	True	71	0.142	2	2	2	16	0.0	False	het	2	-	38	+38@242544771	-	38,0	38,8	False	1.0	het	2	-	38	+38@242544771	-	38,0	38,8	False	1.0	2	120.0,120.1	9,7	16	10,38	0	2	0	2	kmeans	2	1	0	0	0	False	False	2	2	1	INS+38:0/1:PASS:DV7/TC15:V5ref:T2Tref:hapGT0/1	1	0	0	0	0	-	0	0	0	-	equal	equal	equal
121	chr1	242646436	242646936	500	242646236	242647136	1	22	22	22	False	0	0.0	2	2	2	21	0.0	False	hom	1	-	36	+36@242646691	+36@242646691	36,36	35,35	False	1.0	hom	1	-	36	+36@242646691	+36@242646691	36,36	35,35	False	1.0	1	121.0	22	22	36	0	1	0	1	kmeans	1	1	0	0	0	False	False	1	1	1	INS+36:1/1:PASS:DV22/TC22:V5ref:T2Tref:hapGT1/1	1	0	0	0	0	-	0	0	0	-	equal	equal	equal
122	chr1	242684070	242684570	500	242683870	242684770	1	10	10	23	True	128	0.256	2	2	2	23	0.0	False	het	2	-	30	-	-30@242684308	0,-30	-23,-39	False	1.0	het	2	-	30	-	-30@242684308	0,-30	-23,-30	False	1.0	2	122.0,122.1	11,12	23	-30,-21	0	2	0	2	kmeans	2	1	0	0	0	False	False	1	1	1	DEL-30:0/1:PASS:DV11/TC23:V5ref:T2Tref:hapGT0/1	1	0	0	0	0	-	0	0	0	-	equal	equal	equal
123	chr1	242694840	242695340	500	242694640	242695540	1	29	17	17	True	414	0.698	2	2	2	16	0.0	False	cpx_het	2	size_diff	94	+44@242695143	+20@242695016,+74@242695143	44,94	15,71	False	1.0	cpx_het	2	size_diff	94	+44@242695143	+20@242695016,+74@242695143	44,94	15,71	False	1.0	2	123.0,123.1	12,5	17	80,27	0	2	0	2	kmeans	2	0	0	0	0	False	False	1	1	2	INS+65:0/1:PASS:DV12/TC17:V5TP:T2TTP:hapGT0/0;INS+32:0/1:PASS:DV5/TC17:V5ref:T2Tref:hapGT0/1	2	0	1	0	0	+74:0/1:TP	1	0	0	+74:0/1:TP	equal	equal	equal
124	chr1	242696773	242697273	500	242696573	242697473	1	6	6	21	True	255	0.51	2	2	2	20	0.0	False	het	2	-	81	-81@242696963	-	-81,0	-81,0	False	1.0	het	2	-	81	-81@242696963	-	-81,0	-81,0	False	1.0	2	124.0,124.1	6,14	20	-81,0	0	2	0	2	kmeans	2	1	0	0	0	False	False	2	2	1	DEL-81:0/1:PASS:DV6/TC21:V5TP:T2TTP:hapGT0/1	1	0	1	0	0	-81:1/0:TP	1	0	0	-81:1/0:TP	equal	equal	equal
125	chr1	242919466	242919966	500	242918988	242920166	1	11	11	22	False	0	0.0	2	2	2	19	0.0	False	het	2	-	53	-	+53@242919720	0,53	0,53	False	1.0	het	2	-	53	-	+53@242919720	0,53	0,53	False	1.0	2	125.0,125.1	12,10	22	53,0	0	2	0	2	kmeans	2	1	0	0	0	False	False	2	2	1	INS+53:0/1:PASS:DV11/TC21:V5TP:T2TTP:hapGT0/1	1	0	1	0	0	+53:0/1:TP	1	0	0	+53:0/1:TP	equal	equal	equal
126	chr1	242951417	242951917	500	242951217	242952117	1	27	20	21	True	75	0.15	2	2	2	19	0.0	False	cpx_het	2	size_diff	534	+372@242951671	+534@242951666	372,534	377,539	False	0.882	cpx_het	2	size_diff	534	+372@242951671	+534@242951666	372,534	377,539	False	0.882	2	126.0,126.1	10,11	21	369,540	0	2	0	2	kmeans	2	1	0	0	0	False	False	2	2	2	INS+535:0/1:PASS:DV11/TC21:V5ref:T2Tref:hapGT0/1;INS+364:0/1:PASS:DV10/TC21:V5ref:T2Tref:hapGT0/1	2	0	0	0	0	-	0	0	0	-	equal	equal	equal
127	chr1	242956337	242956837	500	242956137	242957062	1	8	8	21	True	666	0.982	2	2	2	20	0.0	False	het	2	-	759	+759@242956587	-	759,0	759,0	False	1.0	het	2	-	759	+759@242956587	-	759,0	759,0	False	1.0	2	127.0,127.1	9,12	21	759,0	0	2	0	2	kmeans	2	1	0	0	0	False	False	2	2	1	INS+759:0/1:PASS:DV9/TC21:V5TP:T2TTP:hapGT0/1	1	0	1	0	0	+759:1/0:TP	1	0	0	+759:1/0:TP	equal	equal	equal
128	chr1	242974966	242975466	500	242974766	242975666	1	9	9	24	False	0	0.0	2	2	2	22	0.0	False	het	2	-	44	-	-44@242975190	0,-44	-1,-44	False	1.0	het	2	-	44	-	-44@242975190	0,-44	-1,-44	False	1.0	2	128.0,128.1	9,15	24	-42,0	0	2	0	2	kmeans	2	0	0	0	0	False	False	2	2	1	DEL-42:0/1:PASS:DV9/TC24:V5ref:T2Tref:hapGT0/1	1	0	0	0	0	-	0	0	0	-	equal	equal	equal
129	chr1	243907773	243908273	500	243907573	243908473	1	12	10	23	True	162	0.324	2	2	2	23	0.0	False	het	2	-	30	+30@243908061	-	30,0	38,8	False	1.0	het	2	-	30	+30@243908061	-	30,0	38,8	False	1.0	2	129.0,129.1	11,12	23	36,8	0	2	0	2	kmeans	2	1	0	0	0	False	False	2	2	1	INS+36:0/1:PASS:DV10/TC21:V5ref:T2Tref:hapGT0/1	1	0	0	0	0	-	0	0	0	-	equal	equal	equal
130	chr1	243928065	243928565	500	243927865	243928765	1	11	11	25	False	0	0.0	2	2	2	24	0.0	False	het	2	-	47	+47@243928315	-	47,0	47,12	False	1.0	het	2	-	47	+47@243928315	-	47,0	47,12	False	1.0	2	130.0,130.1	12,13	25	50,12	0	2	0	2	kmeans	2	2	0	0	0	False	False	2	2	1	INS+50:0/1:PASS:DV11/TC24:V5FP:T2TFP:hapGT0/1	1	0	0	0	1	-	0	0	1	-	equal	equal	equal
131	chr1	243979380	243979880	500	243979180	243980330	1	14	10	13	True	754	0.708	2	2	2	13	0.0	False	cpx_het	2	size_diff	972	+732@243979636	+972@243979636	732,972	732,972	False	1.0	cpx_het	2	size_diff	972	+732@243979636	+972@243979636	732,972	732,972	False	1.0	2	131.0,131.1	5,8	13	739,974	0	2	0	2	other	0	1	0	0	0	False	False	2	2	2	INS+739:0/1:PASS:DV4/TC12:V5TP:T2TTP:hapGT1/1;INS+974:0/1:PASS:DV8/TC12:V5TP:T2TTP:hapGT1/1	2	2	2	0	0	+732:1/0:TP;+972:0/1:TP	2	0	0	+732:1/0:TP;+972:0/1:TP	equal	equal	equal
132	chr1	243998471	243998971	500	243998271	243999197	1	5	5	15	True	438	0.524	2	2	2	15	0.0	False	het	2	-	50	+50@243998721	-	50,0	42,-4	False	1.0	het	2	-	50	+50@243998721	-	50,0	42,-4	False	1.0	2	132.0,132.1	7,8	15	44,0	0	2	0	2	kmeans	2	1	0	0	0	False	False	2	2	1	INS+50:0/1:PASS:DV5/TC14:V5TP:T2TTP:hapGT0/1	1	0	1	0	0	+50:1/0:TP	1	0	0	+50:1/0:TP	equal	equal	equal
133	chr1	244156380	244156880	500	244156180	244157080	1	21	20	21	True	465	0.706	2	2	2	20	0.0	False	cpx_het	2	size_diff	110	-63@244156617	-47@244156570,-63@244156617	-63,-110	-73,-120	False	1.0	cpx_het	2	size_diff	63	-63@244156617	-47@244156570	-63,-47	-65,-55	False	1.0	1	133.0	21	21	-47	0	1	0	1	kmeans	1	1	0	0	0	False	False	1	1	1	DEL-47:1/1:PASS:DV20/TC21:V5TP:T2TTP:hapGT0/1	1	1	1	0	0	-63:1/0:TP	1	0	0	-63:1/0:TP	under	under	under
134	chr1	244190481	244190981	500	244190281	244191181	1	17	17	29	True	252	0.504	2	2	2	27	0.0	False	het	2	-	50	-50@244190661	-	-50,0	-46,-2	False	1.0	het	2	-	50	-50@244190661	-	-50,0	-46,-2	False	1.0	2	134.0,134.1	10,19	29	0,-50	0	2	0	2	kmeans	2	2	0	0	0	False	False	2	2	1	DEL-50:0/1:PASS:DV18/TC28:V5TP:T2TTP:hapGT0/1	1	0	1	0	0	-50:1/0:TP	1	0	0	-50:1/0:TP	equal	equal	equal
135	chr1	244263203	244263703	500	244263003	244263903	1	34	16	21	True	84	0.168	2	2	2	21	0.0	False	hom	1	-	121	+121@244263483	+121@244263483	121,121	121,121	False	1.0	hom	1	-	121	+121@244263483	+121@244263483	121,121	121,121	False	1.0	1	135.0	21	21	119	0	1	0	1	kmeans	1	3	0	0	0	False	False	1	1	1	INS+119:1/1:PASS:DV17/TC18:V5TP:T2TTP:hapGT1/1	1	0	1	0	0	+121:1/1:TP	1	0	0	+121:1/1:TP	equal	equal	equal
136	chr1	244275103	244276235	1132	244274903	244276623	1	41	13	20	True	1448	0.981	2	2	2	20	0.0	False	hom	1	-	271	-36@244275153,-197@244275810,-38@244276115	-36@244275153,-197@244275810,-38@244276115	-271,-271	-273,-273	False	1.0	hom	1	-	271	-36@244275153,-197@244275810,-38@244276115	-36@244275153,-197@244275810,-38@244276115	-271,-271	-273,-273	False	1.0	1	136.0	20	20	-271	0	1	0	1	kmeans	1	6	0	0	0	False	False	1	1	3	DEL-36:1/1:PASS:DV14/TC14:V5ref:T2Tref:hapGT0/0;DEL-197:1/1:PASS:DV15/TC15:V5TP:T2TTP:hapGT1/1;DEL-38:1/1:PASS:DV15/TC16:V5ref:T2Tref:hapGT0/0	3	0	1	0	0	-197:1/1:TP	1	0	0	-197:1/1:TP	equal	equal	equal
137	chr1	244373081	244373581	500	244372881	244373781	1	19	19	23	False	0	0.0	2	2	2	23	0.0	False	cpx_het	2	size_diff	46	+30@244373332	+46@244373332	30,46	30,46	False	0.919	cpx_het	2	size_diff	46	+30@244373332	+46@244373332	30,46	30,46	False	0.919	1	137.0	23	23	44	0	1	0	1	kmeans	1	0	0	0	0	False	False	0	0	1	INS+44:1/1:PASS:DV21/TC21:V5ref:T2Tref:hapGT0/1	1	1	0	0	0	-	0	0	0	-	under	under	under
138	chr1	244397724	244398224	500	244397524	244398424	1	15	11	20	True	128	0.256	2	2	2	20	0.0	False	het	2	-	30	-	-30@244397821	0,-30	0,-34	False	1.0	het	2	-	30	-	-30@244397821	0,-30	0,-34	False	1.0	1	138.0	20	20	-34	0	1	0	1	kmeans	1	0	0	0	0	False	False	0	0	0	-	0	0	0	0	0	-	0	0	0	-	under	under	under
139	chr1	244435350	244435850	500	244435150	244436050	1	7	7	15	True	162	0.324	2	2	2	15	0.0	False	het	2	-	38	-	+38@244435553	0,38	-9,38	False	1.0	het	2	-	38	-	+38@244435553	0,38	-9,38	False	1.0	2	139.0,139.1	7,8	15	38,-9	0	2	0	2	kmeans	2	0	0	0	0	False	False	2	2	1	INS+38:0/1:PASS:DV7/TC15:V5ref:T2Tref:hapGT0/1	1	0	0	0	0	-	0	0	0	-	equal	equal	equal
140	chr1	244480383	244480883	500	244480183	244481083	1	32	16	32	False	0	0.0	2	2	2	32	0.0	False	het	2	-	60	+60@244480641	-	60,0	48,0	False	1.0	het	2	-	60	+60@244480641	-	60,0	48,0	False	1.0	2	140.0,140.1	18,14	32	46,0	0	2	0	2	kmeans	2	2	0	0	0	False	False	2	2	1	INS+46:0/1:PASS:DV16/TC30:V5TP:T2TTP:hapGT0/1	1	0	1	0	0	+60:1/0:TP	1	0	0	+60:1/0:TP	equal	equal	equal
141	chr1	244486224	244486774	550	244486024	244487357	1	18	17	30	True	1053	0.945	2	2	2	29	0.0	False	het	2	-	59	-59@244486490	-	-59,0	-59,0	False	1.0	het	2	-	59	-59@244486490	-	-59,0	-59,0	False	1.0	2	141.0,141.1	11,18	29	0,-59	0	2	0	2	kmeans	2	1	0	0	0	False	False	2	2	1	DEL-59:0/1:PASS:DV16/TC28:V5TP:T2TTP:hapGT0/1	1	0	1	0	0	-59:1/0:TP	1	0	0	-59:1/0:TP	equal	equal	equal
142	chr1	244582690	244583190	500	244582490	244583390	1	20	20	23	True	67	0.134	2	2	2	23	0.0	False	hom	1	-	52	-52@244582910	-52@244582910	-52,-52	-52,-52	False	1.0	hom	1	-	52	-52@244582910	-52@244582910	-52,-52	-52,-52	False	1.0	1	142.0	23	23	-52	0	1	0	1	kmeans	1	2	0	0	0	False	False	1	1	1	DEL-52:1/1:PASS:DV20/TC22:V5TP:T2TTP:hapGT1/1	1	0	1	0	0	-52:1/1:TP	1	0	0	-52:1/1:TP	equal	equal	equal
143	chr1	244718431	244718931	500	244718231	244719131	1	11	10	20	False	0	0.0	2	2	2	20	0.0	False	het	2	-	64	-	+64@244718679	0,64	0,64	False	1.0	het	2	-	64	-	+64@244718679	0,64	0,64	False	1.0	2	143.0,143.1	11,9	20	62,0	0	2	0	2	kmeans	2	2	0	0	0	False	False	2	2	1	INS+62:0/1:PASS:DV10/TC20:V5TP:T2TTP:hapGT0/1	1	0	1	0	0	+64:0/1:TP	1	0	0	+64:0/1:TP	equal	equal	equal
144	chr1	244792929	244793700	771	244792729	244793900	1	24	11	29	True	722	0.921	2	2	2	29	0.0	False	het	2	-	2938	-	+1022@244792982,+1916@244793518	0,2938	0,2931	False	1.0	het	2	-	2938	-	+1022@244792982,+1916@244793518	0,2938	0,2931	False	1.0	2	144.0,144.1	18,10	28	1912,2921	0	2	0	2	kmeans	2	5	0	0	0	False	False	1	1	2	INS+1011:0/1:PASS:DV7/TC25:V5TP:T2TTP:hapGT0/0;INS+1912:0/1:PASS:DV24/TC26:V5TP:T2TTP:hapGT0/0	3	0	2	0	0	+1022:0/1:TP;+1916:0/1:TP	2	0	0	+1022:0/1:TP;+1916:0/1:TP	equal	equal	equal
145	chr1	244936958	244937458	500	244936758	244937658	1	35	20	22	True	201	0.402	2	2	2	22	0.0	False	cpx_het	2	opposite_sign	53	+53@244937064	-45@244937044	53,-45	53,-37	False	1.0	cpx_het	2	opposite_sign	53	+53@244937064	-45@244937044	53,-45	53,-37	False	1.0	2	145.0,145.1	11,11	22	-37,53	0	2	0	2	kmeans	2	2	0	0	0	False	False	2	2	1	INS+53:0/1:PASS:DV10/TC21:V5TP:T2TTP:hapGT0/1	1	0	1	0	0	+53:1/0:TP	1	0	0	+53:1/0:TP	equal	equal	equal
146	chr1	244941175	244941675	500	244940975	244942252	1	9	9	22	True	608	0.162	2	2	2	22	0.0	False	het	2	-	134	-	+134@244941425	0,134	0,136	False	1.0	het	2	-	134	-	+134@244941425	0,134	0,136	False	1.0	2	146.0,146.1	13,9	22	0,134	0	2	0	2	kmeans	2	1	0	0	0	False	False	2	2	1	INS+134:0/1:PASS:DV9/TC21:V5TP:T2TTP:hapGT0/1	1	0	1	0	0	+134:0/1:TP	1	0	0	+134:0/1:TP	equal	equal	equal
147	chr1	245102804	245103720	916	245102604	245103920	1	55	26	27	True	877	0.953	2	2	2	27	0.0	False	hom	1	-	710	+89@245102856,+621@245103338	+89@245102856,+621@245103285	710,710	710,710	False	1.0	hom	1	-	710	+89@245102856,+621@245103338	+89@245102856,+621@245103285	710,710	710,710	False	1.0	2	147.0,147.1	25,2	27	709,742	0	2	0	1	other	0	0	0	0	0	False	False	1	1	2	INS+89:0/1:PASS:DV26/TC26:V5TP:T2Tref:hapGT0/0;INS+620:0/1:PASS:DV26/TC26:V5TP:T2Tref:hapGT1/1	4	1	2	0	0	+89:1/1:TP;+621:1/1:TP	0	0	0	-	over	over	over
148	chr1	245198716	245199216	500	245198516	245199416	1	20	20	20	False	0	0.0	2	2	2	20	0.0	False	hom	1	-	154	+154@245198946	+154@245198946	154,154	154,154	False	1.0	hom	1	-	154	+154@245198946	+154@245198946	154,154	154,154	False	1.0	1	148.0	20	20	154	0	1	0	1	kmeans	1	0	0	0	0	False	False	1	1	1	INS+154:1/1:PASS:DV20/TC20:V5TP:T2TTP:hapGT1/1	1	0	1	0	0	+154:1/1:TP	1	0	0	+154:1/1:TP	equal	equal	equal
149	chr1	245269225	245270379	1154	245269025	245270579	1	15	14	19	True	437	0.288	2	2	2	18	0.0	False	cpx_het	2	opposite_sign	82	+31@245269244	+22@245270161,-104@245270225	31,-82	31,-81	False	1.0	cpx_het	2	opposite_sign	82	+31@245269244	+22@245270161,-104@245270225	31,-82	31,-81	False	1.0	2	149.0,149.1	11,8	19	-75,31	0	2	0	2	kmeans	2	0	0	0	0	False	False	2	2	2	INS+31:0/1:PASS:DV8/TC18:V5ref:T2Tref:hapGT0/1;DEL-70:0/1:PASS:DV10/TC18:V5ref:T2Tref:hapGT0/1	2	0	1	0	0	-70:0/1:TP	1	0	0	-70:0/1:TP	equal	equal	equal
150	chr1	245618626	245619330	704	245618198	245620002	1	9	2	6	True	1704	1.0	2	2	2	6	1.0	True	het	2	-	488	+85@245618676,+85@245618902,+318@245619165	-	488,0	512,-1	False	1.0	het	2	-	488	+85@245618676,+85@245618902,+318@245619165	-	488,0	512,-1	False	1.0	2	150.0,150.1	3,3	6	NA,566	1	1	0	1	kmeans	2	0	0	0	0	False	False	1	1	0	INS+98:1/1:LowQual:DV2/TC2:V5-:T2T-;INS+102:1/1:LowQual:DV2/TC2:V5-:T2T-;INS+344:1/1:LowQual:DV2/TC2:V5-:T2T-	3	0	0	3	0	+85:1/0:FN;+85:1/0:FN;+318:1/0:FN	0	3	0	+85:1/0:FN;+85:1/0:FN;+318:1/0:FN	equal	equal	equal
151	chr1	245639999	245640499	500	245639799	245640699	1	13	12	14	False	0	0.0	2	2	2	14	0.5	True	cpx_het	2	size_diff	66	+40@245640143	+66@245640143	40,66	40,66	False	1.0	cpx_het	2	size_diff	66	+40@245640143	+66@245640143	40,66	40,66	False	1.0	1	151.0	14	14	60	0	1	0	1	kmeans	1	0	0	0	0	False	False	0	0	1	INS+60:1/1:PASS:DV12/TC12:V5TP:T2TTP:hapGT0/1	1	1	1	0	0	+66:0/1:TP	1	0	0	+66:0/1:TP	under	under	under
152	chr1	245682318	245682818	500	245682118	245683018	1	11	11	13	True	353	0.706	2	2	2	13	0.154	False	het	2	-	61	-61@245682399	-	-61,0	-61,0	False	1.0	het	2	-	61	-61@245682399	-	-61,0	-61,0	False	1.0	1	152.0	13	13	-61	0	1	0	1	kmeans	1	0	0	0	0	False	False	1	1	1	DEL-61:1/1:PASS:DV11/TC11:V5TP:T2TTP:hapGT0/1	1	1	1	0	0	-61:1/0:TP	1	0	0	-61:1/0:TP	under	under	under
153	chr1	245695616	245696116	500	245695416	245696316	1	6	6	8	True	302	0.604	2	2	2	8	0.125	False	het	2	-	134	-134@245695746	-	-134,0	-134,0	False	1.0	het	2	-	134	-134@245695746	-	-134,0	-134,0	False	1.0	1	153.0	8	8	-134	0	1	0	1	kmeans	2	1	1	0	0	False	False	1	1	1	DEL-134:1/1:PASS:DV7/TC7:V5TP:T2TTP:hapGT0/1	1	1	1	0	0	-134:1/0:TP	1	0	0	-134:1/0:TP	under	under	under
154	chr1	245774489	245774989	500	245774289	245775189	1	19	18	19	True	123	0.246	2	2	2	19	0.0	False	cpx_het	2	opposite_sign	68	-68@245774634	+46@245774699	-68,46	-68,46	False	1.0	cpx_het	2	opposite_sign	68	-68@245774634	+46@245774699	-68,46	-68,46	False	1.0	2	154.0,154.1	12,7	19	-68,46	0	2	0	2	kmeans	2	0	0	0	0	False	False	2	2	2	DEL-68:0/1:PASS:DV11/TC18:V5TP:T2TTP:hapGT0/1;INS+46:0/1:PASS:DV7/TC18:V5ref:T2Tref:hapGT0/1	2	0	1	0	0	-68:1/0:TP	1	0	0	-68:1/0:TP	equal	equal	equal
155	chr1	245798148	245798648	500	245797948	245798848	1	16	16	18	True	128	0.256	2	2	2	17	0.0	False	hom	1	-	444	+444@245798398	+441@245798398	444,441	444,439	False	1.0	hom	1	-	444	+444@245798398	+441@245798398	444,441	444,439	False	1.0	1	155.0	18	18	453	0	1	0	1	kmeans	1	2	0	0	0	False	False	1	1	1	INS+453:1/1:PASS:DV18/TC18:V5TP:T2TTP:hapGT1/1	1	0	1	0	0	+444:1/1:TP	2	0	0	+444:1/0:TP;+441:0/1:TP	equal	equal	equal
156	chr1	245825759	245826259	500	245825559	245826459	1	17	17	21	False	0	0.0	2	2	2	20	0.0	False	hom	1	-	325	+325@245826010	+325@245826010	325,325	325,325	False	1.0	hom	1	-	325	+325@245826010	+325@245826010	325,325	325,325	False	1.0	1	156.0	21	21	324	0	1	0	1	kmeans	1	4	0	0	0	False	False	1	1	1	INS+324:1/1:PASS:DV17/TC19:V5TP:T2TTP:hapGT1/1	1	0	1	0	0	+325:1/1:TP	1	0	0	+325:1/1:TP	equal	equal	equal
157	chr1	245974579	245977119	2540	245974379	245977319	1	116	21	21	True	2611	0.983	2	2	2	21	0.0	False	cpx_het	2	size_diff	2328	-432@245974701,-528@245975013,-312@245975493,-48@245975565,-72@245976045,-168@245976209,-504@245976545	-528@245975013,-312@245975493,-48@245975565,-240@245975829,-72@245976045,-624@245976429,-504@245976545	-2064,-2328	-2064,-2328	False	1.0	hom	1	-	1488	-432@245974701,-312@245975493,-72@245976045,-168@245976209,-504@245976545	-528@245975013,-48@245975565,-240@245975829,-624@245976429	-1488,-1440	-1488,-1440	False	1.0	1	157.0	21	21	-1438	0	1	0	1	kmeans	2	0	1	0	0	False	False	0	1	5	DEL-430:1/1:PASS:DV21/TC21:V5ref:T2Tref:hapGT0/0;DEL-144:1/1:PASS:DV21/TC21:V5ref:T2Tref:hapGT0/0;DEL-192:1/1:PASS:DV21/TC21:V5ref:T2Tref:hapGT0/0;DEL-168:1/1:PASS:DV21/TC21:V5ref:T2Tref:hapGT0/0;DEL-504:1/1:PASS:DV21/TC21:V5ref:T2Tref:hapGT0/0	5	0	0	0	0	-	0	0	0	-	under	equal	under
158	chr1	245991701	245993047	1346	245991501	245993247	1	58	29	30	True	1256	0.933	2	2	2	29	0.0	False	hom	1	-	664	-335@245991751,-329@245992515	-335@245991751,-329@245992515	-664,-664	-664,-664	False	1.0	hom	1	-	664	-335@245991751,-329@245992515	-335@245991751,-329@245992515	-664,-664	-664,-664	False	1.0	1	158.0	30	30	-664	0	1	0	1	kmeans	1	1	0	0	0	False	False	1	1	2	DEL-335:1/1:PASS:DV29/TC29:V5TP:T2TTP:hapGT0/0;DEL-329:1/1:PASS:DV29/TC29:V5TP:T2TTP:hapGT0/0	2	0	2	0	0	-335:1/1:TP;-329:1/1:TP	2	0	0	-335:1/1:TP;-329:1/1:TP	equal	equal	equal
159	chr1	246002272	246004131	1859	246002072	246004331	1	41	23	24	True	447	0.24	2	2	2	24	0.0	False	hom	1	-	231	-134@246002322,-97@246003980	-134@246002322,-97@246003980	-231,-231	-231,-231	False	1.0	hom	1	-	231	-134@246002322,-97@246003980	-134@246002322,-97@246003980	-231,-231	-231,-231	False	1.0	2	159.0,159.1	22,2	24	-231,-134	0	1	0	2	kmeans	2	4	0	0	0	False	False	1	1	2	DEL-134:0/1:PASS:DV22/TC22:V5TP:T2TTP:hapGT0/0;DEL-97:0/1:PASS:DV19/TC20:V5TP:T2TTP:hapGT0/0	3	0	2	0	0	-134:1/1:TP;-97:1/1:TP	2	0	0	-134:1/1:TP;-97:1/1:TP	over	over	over
160	chr1	246009727	246010227	500	246009527	246010427	1	18	18	19	False	0	0.0	2	2	2	19	0.0	False	hom	1	-	389	+389@246009972	+389@246009972	389,389	391,391	False	1.0	hom	1	-	389	+389@246009972	+389@246009972	389,389	391,391	False	1.0	1	160.0	19	19	389	0	1	0	1	kmeans	1	1	0	0	0	False	False	1	1	1	INS+389:1/1:PASS:DV18/TC18:V5TP:T2TTP:hapGT1/1	1	0	1	0	0	+389:1/1:TP	1	0	0	+389:1/1:TP	equal	equal	equal
161	chr1	246024256	246025293	1037	246024056	246025493	1	52	19	24	True	1049	0.964	2	2	2	24	0.0	False	hom	1	-	608	+608@246024354	+608@246024354	608,608	608,608	False	1.0	hom	1	-	608	+608@246024354	+608@246024354	608,608	608,608	False	1.0	2	161.0,161.1	22,2	24	608,256	0	1	0	2	kmeans	2	3	0	0	0	False	False	1	1	1	INS+608:0/1:PASS:DV20/TC24:V5TP:T2TTP:hapGT1/1;INS+256:0/0:LowQual:DV2/TC24:V5-:T2T-	2	1	1	0	0	+608:1/1:TP	1	0	0	+608:1/1:TP	over	over	over
162	chr10	122603164	122616610	13446	122602964	122616810	1	21	10	25	True	684	0.051	2	2	2	25	0.0	False	hom	1	-	8118	-8118@122602824	-8118@122602824	-8118,-8118	-8118,-8118	False	1.0	hom	1	-	8118	-8118@122602824	-8118@122602824	-8118,-8118	-8118,-8118	False	1.0	2	162.0,162.1	20,5	25	-7946,-6372	0	2	0	2	kmeans	2	9	0	0	0	False	False	1	1	1	DEL-6372:0/0:PASS:DV3/TC16:V5ref:T2Tref:hapGT1/1	1	1	0	1	0	-8118:1/1:FN	0	1	0	-8118:1/1:FN	over	over	over
163	chr10	122680697	122682125	1428	122680497	122682325	1	68	21	23	True	1410	0.985	2	2	2	23	0.0	False	hom	1	-	591	+236@122680924,+119@122681385,+236@122681810	+236@122680924,+119@122681385,+236@122681810	591,591	590,590	False	1.0	hom	1	-	591	+236@122680924,+119@122681385,+236@122681810	+236@122680924,+119@122681385,+236@122681810	591,591	590,590	False	1.0	1	163.0	23	23	591	0	1	0	1	kmeans	2	3	1	0	0	False	False	1	1	3	INS+236:1/1:PASS:DV21/TC21:V5TP:T2TTP:hapGT0/0;INS+119:1/1:PASS:DV21/TC21:V5TP:T2TTP:hapGT0/0;INS+236:1/1:PASS:DV21/TC21:V5TP:T2TTP:hapGT0/0	3	0	3	0	0	+236:1/1:TP;+119:1/1:TP;+236:1/1:TP	3	0	0	+236:1/1:TP;+119:1/1:TP;+236:1/1:TP	equal	equal	equal
164	chr10	122689624	122690124	500	122689424	122690324	1	16	16	17	False	0	0.0	2	2	2	17	0.0	False	hom	1	-	31	+31@122689864	+31@122689864	31,31	31,31	False	1.0	hom	1	-	31	+31@122689864	+31@122689864	31,31	31,31	False	1.0	1	164.0	17	17	31	0	1	0	1	kmeans	1	1	0	0	0	False	False	1	1	1	INS+31:1/1:PASS:DV17/TC17:V5ref:T2Tref:hapGT1/1	1	0	0	0	0	-	0	0	0	-	equal	equal	equal
165	chr10	122815134	122815634	500	122814934	122815834	1	3	3	20	True	160	0.32	2	2	2	19	0.0	False	hom	1	-	28	-28@122815367	-28@122815367	-28,-28	-28,-28	False	1.0	hom	1	-	28	-28@122815367	-28@122815367	-28,-28	-28,-28	False	1.0	1	165.0	20	20	-28	0	1	0	1	kmeans	1	1	0	0	0	False	False	1	1	0	-	0	0	0	0	0	-	0	0	0	-	equal	equal	equal
166	chr10	122976231	122976731	500	122976031	122976931	1	12	12	21	False	0	0.0	2	2	2	21	0.0	False	het	2	-	319	+319@122976474	-	319,0	319,0	False	1.0	het	2	-	319	+319@122976474	-	319,0	319,0	False	1.0	2	166.0,166.1	12,8	20	318,0	0	2	0	2	kmeans	2	1	0	0	0	False	False	2	2	1	INS+318:0/1:PASS:DV12/TC21:V5TP:T2TTP:hapGT0/1	1	0	1	0	0	+319:1/0:TP	1	0	0	+319:1/0:TP	equal	equal	equal
167	chr10	123044910	123045410	500	123044710	123045610	1	6	6	19	True	65	0.13	2	2	2	19	0.0	False	het	2	-	29	-29@123045143	-	-29,0	-30,2	False	1.0	het	2	-	29	-29@123045143	-	-29,0	-30,2	False	1.0	1	167.0	19	19	0	0	1	0	1	kmeans	1	0	0	0	0	False	False	0	0	0	-	0	0	0	0	0	-	0	0	0	-	under	under	under
168	chr10	123232955	123233455	500	123232475	123233655	1	23	12	22	True	870	0.88	2	2	2	22	0.0	False	cpx_het	2	size_diff	57	-25@123233160,-32@123233252	-20@123233109	-57,-20	-57,-20	False	1.0	cpx_het	2	size_diff	57	-25@123233160,-32@123233252	-20@123233109	-57,-20	-57,-20	False	1.0	2	168.0,168.1	12,10	22	-56,-20	0	2	0	2	kmeans	2	0	0	0	0	False	False	2	2	1	DEL-31:0/1:PASS:DV12/TC22:V5ref:T2Tref:hapGT0/0	1	0	0	0	0	-	0	0	0	-	equal	equal	equal
169	chr10	123254278	123255712	1434	123254078	123255996	1	144	24	28	True	1602	0.954	2	2	2	26	0.0	False	cpx_het	2	size_diff	3134	+750@123254813,+1083@123254959,+224@123255020,+156@123255104,+221@123255166	+802@123254813,+1153@123254942,+1015@123255166,+128@123255220,+36@123255327	2434,3134	2449,3131	False	1.0	cpx_het	2	size_diff	3134	+750@123254813,+1083@123254959,+224@123255020,+156@123255104,+221@123255166	+802@123254813,+1153@123254942,+1015@123255166,+128@123255220,+36@123255327	2434,3134	2449,3131	False	1.0	2	169.0,169.1	13,15	28	3128,2440	0	2	0	2	other	0	4	0	0	0	False	False	2	2	6	INS+750:0/1:PASS:DV24/TC25:V5ref:T2Tref:hapGT0/0;INS+1153:0/1:PASS:DV10/TC25:V5ref:T2Tref:hapGT0/0;INS+1296:0/1:PASS:DV13/TC25:V5ref:T2Tref:hapGT0/0;INS+156:0/1:PASS:DV13/TC26:V5ref:T2Tref:hapGT0/0;INS+221:0/1:PASS:DV12/TC26:V5ref:T2Tref:hapGT0/0;INS+477:0/1:PASS:DV10/TC26:V5ref:T2Tref:hapGT0/0	7	0	4	5	2	+802:1/1:TP;+1266:1/0:FN;+1586:0/1:TP;+111:1/0:FN;+204:0/1:TP;+156:1/0:FN;+180:0/1:FN;+221:1/0:FN;+313:0/1:TP	5	6	2	+750:1/0:TP;+802:0/1:FN;+1066:0/1:FN;+1083:1/0:FN;+224:1/0:TP;+224:0/1:FN;+177:0/1:FN;+156:1/0:TP;+268:0/1:FN;+221:1/0:TP;+548:0/1:TP	equal	equal	equal
170	chr10	123292167	123293581	1414	123291967	123293781	1	17	17	23	True	1414	0.965	2	2	2	23	0.0	False	cpx_het	2	opposite_sign	575	-575@123292217	+575@123292217	-575,575	-575,575	False	1.0	cpx_het	2	opposite_sign	575	-575@123292217	+575@123292217	-575,575	-575,575	False	1.0	2	170.0,170.1	15,8	23	-575,577	0	2	0	2	other	0	2	0	0	0	False	False	2	2	2	DEL-575:0/1:PASS:DV12/TC20:V5ref:T2Tref:hapGT0/1;INS+577:0/1:PASS:DV8/TC20:V5ref:T2Tref:hapGT0/1	2	0	0	1	0	-575:1/0:FN	0	1	0	-575:1/0:FN	equal	equal	equal
171	chr10	123572415	123572915	500	123572215	123573115	1	24	19	22	True	448	0.896	2	2	2	20	0.0	False	hom	1	-	342	+342@123572810	+322@123572810	342,322	337,317	False	1.0	hom	1	-	342	+342@123572810	+322@123572810	342,322	337,317	False	1.0	1	171.0	22	22	337	0	1	0	1	kmeans	2	1	1	0	0	False	False	1	1	1	INS+342:1/1:PASS:DV22/TC22:V5TP:T2TTP:hapGT1/1	1	0	1	0	0	+342:1/1:TP	2	0	0	+342:1/0:TP;+322:0/1:TP	equal	equal	equal
172	chr10	123593046	123593546	500	123592434	123593746	1	11	11	18	True	906	0.688	2	2	2	18	0.0	False	het	2	-	44	-44@123593269	-	-44,0	-54,-10	False	1.0	het	2	-	44	-44@123593269	-	-44,0	-44,-10	False	1.0	2	172.0,172.1	7,11	18	-10,-44	0	2	0	2	kmeans	2	1	0	0	0	False	False	2	2	1	DEL-44:0/1:PASS:DV11/TC18:V5ref:T2Tref:hapGT0/1	1	0	0	0	0	-	0	0	0	-	equal	equal	equal
173	chr10	123619215	123619715	500	123619015	123619915	1	6	6	14	False	0	0.0	2	2	2	14	0.0	False	het	2	-	73	-	-73@123619425	0,-73	0,-73	False	1.0	het	2	-	73	-	-73@123619425	0,-73	0,-73	False	1.0	2	173.0,173.1	8,6	14	0,-59	0	2	0	2	kmeans	2	0	0	0	0	False	False	2	2	1	DEL-59:0/1:PASS:DV6/TC14:V5TP:T2TTP:hapGT0/1	1	0	1	0	0	-73:0/1:TP	1	0	0	-73:0/1:TP	equal	equal	equal
174	chr10	123682894	123683394	500	123682694	123683594	1	5	5	12	False	0	0.0	2	2	2	12	0.0	False	het	2	-	61	-61@123683113	-	-61,0	-63,-2	False	1.0	het	2	-	61	-61@123683113	-	-61,0	-63,-2	False	1.0	2	174.0,174.1	5,7	12	-61,0	0	2	0	2	kmeans	2	0	0	0	0	False	False	2	2	1	DEL-61:0/1:PASS:DV5/TC12:V5TP:T2TTP:hapGT0/1	1	0	1	0	0	-61:1/0:TP	1	0	0	-61:1/0:TP	equal	equal	equal
175	chr10	123880979	123881479	500	123880779	123881679	1	9	8	16	False	0	0.0	2	2	2	16	0.0	False	het	2	-	99	-	+99@123881229	0,99	0,101	False	1.0	het	2	-	99	-	+99@123881229	0,99	0,101	False	1.0	2	175.0,175.1	6,10	16	0,94	0	2	0	2	kmeans	2	2	0	0	0	False	False	2	2	1	INS+94:0/1:PASS:DV8/TC15:V5TP:T2TTP:hapGT0/1	1	0	1	0	0	+99:0/1:TP	1	0	0	+99:0/1:TP	equal	equal	equal
176	chr10	123935823	123936323	500	123935623	123936523	1	22	21	21	True	370	0.568	2	2	2	21	0.0	False	hom	1	-	150	+150@123936097	+150@123936097	150,150	150,150	False	1.0	hom	1	-	150	+150@123936097	+150@123936097	150,150	150,150	False	1.0	1	176.0	21	21	150	0	1	0	1	kmeans	1	0	0	0	0	False	False	1	1	1	INS+150:1/1:PASS:DV21/TC21:V5TP:T2TTP:hapGT1/1	1	0	1	0	0	+150:1/1:TP	1	0	0	+150:1/1:TP	equal	equal	equal
177	chr10	123999601	124000101	500	123999401	124000301	1	11	11	15	True	510	0.786	2	2	2	15	0.0	False	het	2	-	46	-46@123999790	-	-46,0	-46,0	False	1.0	het	2	-	46	-46@123999790	-	-46,0	-46,0	False	1.0	2	177.0,177.1	4,11	15	0,-45	0	2	0	2	kmeans	2	0	0	0	0	False	False	2	2	1	DEL-45:0/1:PASS:DV11/TC15:V5ref:T2Tref:hapGT0/1	1	0	0	0	0	-	0	0	0	-	equal	equal	equal
178	chr10	124120974	124121474	500	124120097	124121674	1	21	21	24	True	1052	0.45	2	2	2	24	0.0	False	ref	1	-	0	-	-	0,0	0,0	False	0.0	ref	1	-	0	-	-	0,0	0,0	False	0.0	1	178.0	24	24	-32	0	1	0	1	kmeans	1	0	0	0	0	False	False	0	0	1	DEL-32:1/1:PASS:DV24/TC24:V5ref:T2Tref:hapGT0/0	1	0	0	0	0	-	0	0	0	-	equal	equal	equal
179	chr10	124154632	124155649	1017	124153484	124155849	1	51	23	34	True	2220	1.0	2	2	2	34	0.0	False	het	2	-	106	-55@124154611,+196@124154819,-26@124155077,+26@124155337,-35@124155559	-	106,0	139,2	False	1.0	het	2	-	106	-55@124154611,+196@124154819,-26@124155077,+26@124155337,-35@124155559	-	106,0	139,2	False	1.0	2	179.0,179.1	23,11	34	115,0	0	2	0	2	kmeans	2	5	0	0	0	False	False	2	2	2	INS+154:0/1:PASS:DV20/TC31:V5ref:T2Tref:hapGT0/0;DEL-35:0/1:PASS:DV22/TC32:V5ref:T2Tref:hapGT0/0	2	0	1	0	0	+154:1/0:TP	1	0	0	+154:1/0:TP	equal	equal	equal
180	chr10	124158527	124159027	500	124158327	124159227	1	4	4	33	True	112	0.224	2	2	2	33	0.0	False	cpx_het	2	opposite_sign	29	-29@124158737	+29@124158715	-29,29	-29,29	False	1.0	cpx_het	2	opposite_sign	29	-29@124158737	+29@124158715	-29,29	-29,29	False	1.0	1	180.0	32	32	4	0	1	0	1	kmeans	1	1	0	0	0	False	False	0	0	0	-	0	0	0	0	0	-	0	0	0	-	under	under	under
181	chr10	124187605	124188105	500	124187405	124188305	1	10	10	19	True	115	0.23	2	2	2	19	0.0	False	cpx_het	2	size_diff	58	-38@124187836,-20@124187850	-20@124187850	-58,-20	-54,-20	False	1.0	cpx_het	2	size_diff	38	-38@124187836	-20@124187850	-38,-20	-34,-20	False	1.0	2	181.0,181.1	11,8	19	-38,-18	0	2	0	2	kmeans	2	2	0	0	0	False	False	1	2	1	DEL-38:0/1:PASS:DV10/TC18:V5ref:T2Tref:hapGT0/0	1	0	0	0	0	-	0	0	0	-	equal	equal	equal
182	chr10	124226175	124230299	4124	124225975	124231234	1	61	27	30	True	5157	1.0	2	2	2	28	0.0	False	hom	1	-	782	+842@124227034,-60@124230185	+842@124227034,-60@124230185	782,782	794,794	False	1.0	hom	1	-	782	+842@124227034,-60@124230185	+842@124227034,-60@124230185	782,782	794,794	False	1.0	1	182.0	30	30	794	0	1	0	1	other	0	4	1	0	0	False	False	1	1	2	INS+842:1/1:PASS:DV26/TC26:V5TP:T2TTP:hapGT1/1;DEL-60:1/1:PASS:DV23/TC23:V5TP:T2TTP:hapGT0/0	2	0	2	0	0	+842:1/1:TP;-60:1/1:TP	2	0	0	+842:1/1:TP;-60:1/1:TP	equal	equal	equal
183	chr10	124263395	124263895	500	124263195	124264095	1	9	9	24	False	0	0.0	2	2	2	23	0.0	False	het	2	-	36	-	+36@124263624	0,36	0,36	False	1.0	het	2	-	36	-	+36@124263624	0,36	0,36	False	1.0	2	183.0,183.1	10,14	24	33,0	0	2	0	2	kmeans	2	1	0	0	0	False	False	2	2	1	INS+33:0/1:PASS:DV9/TC22:V5ref:T2Tref:hapGT0/1	1	0	0	0	0	-	0	0	0	-	equal	equal	equal
184	chr10	124330697	124331197	500	124330497	124331397	1	19	19	19	False	0	0.0	2	2	2	19	0.0	False	hom	1	-	95	+95@124330938	+95@124330938	95,95	79,79	False	1.0	hom	1	-	95	+95@124330938	+95@124330938	95,95	79,79	False	1.0	1	184.0	19	19	79	0	1	0	1	kmeans	1	2	0	0	0	False	False	1	1	1	INS+95:1/1:PASS:DV19/TC19:V5TP:T2TTP:hapGT1/1	1	0	1	0	0	+95:1/1:TP	1	0	0	+95:1/1:TP	equal	equal	equal
185	chr10	124367379	124367879	500	124367179	124368079	1	13	12	19	True	128	0.256	2	2	2	19	0.0	False	cpx_het	2	size_diff	60	+30@124367575	+60@124367575	30,60	30,60	False	1.0	cpx_het	2	size_diff	60	+30@124367575	+60@124367575	30,60	30,60	False	1.0	2	185.0,185.1	10,9	19	29,59	0	2	0	2	kmeans	2	0	0	0	0	False	False	2	2	1	INS+59:0/1:PASS:DV9/TC18:V5TP:T2TTP:hapGT0/1	1	0	1	0	0	+60:0/1:TP	1	0	0	+60:0/1:TP	equal	equal	equal
186	chr10	124380352	124380852	500	124379887	124381052	1	15	14	24	True	924	1.0	2	2	2	24	0.0	False	het	2	-	106	+106@124380639	-	106,0	106,0	False	1.0	het	2	-	106	+106@124380639	-	106,0	106,0	False	1.0	2	186.0,186.1	16,8	24	106,0	0	2	0	2	kmeans	2	2	0	0	0	False	False	2	2	1	INS+106:0/1:PASS:DV14/TC23:V5TP:T2TTP:hapGT0/1	1	0	1	0	0	+106:1/0:TP	1	0	0	+106:1/0:TP	equal	equal	equal
187	chr10	124426812	124427312	500	124426169	124427518	1	11	11	11	True	1249	1.0	2	2	2	11	0.0	False	hom	1	-	38	+38@124427061	+38@124427061	38,38	37,37	False	1.0	hom	1	-	38	+38@124427061	+38@124427061	38,38	37,37	False	1.0	1	187.0	11	11	39	0	1	0	1	kmeans	1	1	0	0	0	False	False	1	1	1	INS+39:1/1:PASS:DV11/TC11:V5ref:T2Tref:hapGT1/1	1	0	0	0	0	-	0	0	0	-	equal	equal	equal
188	chr10	124471272	124471772	500	124471072	124471972	1	23	11	15	True	397	0.772	2	2	2	13	0.0	False	cpx_het	2	size_diff	1558	+160@124471471,+1289@124471507,-61@124471566,+170@124471657	-68@124471439,+1298@124471657	1558,1230	1544,1231	False	1.0	cpx_het	2	size_diff	1558	+160@124471471,+1289@124471507,-61@124471566,+170@124471657	-68@124471439,+1298@124471657	1558,1230	1544,1231	False	1.0	2	188.0,188.1	9,5	14	1217,1530	0	2	0	2	other	0	1	0	0	0	False	False	2	2	4	INS+122:0/1:PASS:DV3/TC12:V5ref:T2Tref:hapGT0/0;INS+674:0/1:PASS:DV9/TC12:V5ref:T2Tref:hapGT0/0;INS+531:0/1:PASS:DV11/TC12:V5ref:T2Tref:hapGT0/0;INS+865:0/1:PASS:DV3/TC11:V5ref:T2Tref:hapGT0/1	5	0	0	1	0	-225:0/1:FN	1	3	1	-68:0/1:FN;+138:1/0:FN;+83:0/1:TP;+1403:1/0:FN	equal	equal	equal
189	chr10	124506745	124507968	1223	124506545	124508168	1	124	21	23	True	1326	0.971	2	2	2	23	0.0	False	cpx_het	2	size_diff	1421	+24@124507234,+1324@124507284,+73@124507825	-96@124506843,-48@124507036,+48@124507252,+24@124507319,+171@124507442,+317@124507611,+24@124507673,+24@124507795,+49@124507825	1421,513	1421,510	False	1.0	cpx_het	2	size_diff	1421	+24@124507234,+1324@124507284,+73@124507825	-96@124506843,-48@124507036,+48@124507252,+24@124507319,+171@124507442,+317@124507611,+24@124507673,+24@124507795,+49@124507825	1421,513	1421,510	False	1.0	2	189.0,189.1	12,11	23	511,1420	0	2	0	2	other	0	1	0	0	0	False	False	2	2	4	INS+1347:0/1:PASS:DV11/TC21:V5ref:T2Tref:hapGT0/1;INS+170:0/1:PASS:DV10/TC21:V5ref:T2Tref:hapGT0/0;INS+318:0/1:PASS:DV10/TC21:V5ref:T2Tref:hapGT0/0;INS+73:0/1:PASS:DV8/TC21:V5ref:T2Tref:hapGT0/0	4	0	5	3	1	-96:0/1:FN;+418:1/0:TP;+98:0/1:FN;+170:1/0:TP;+662:1/0:TP;+391:0/1:TP;+74:1/0:TP;+73:1/0:FN	5	3	1	-96:0/1:FN;+418:1/0:TP;+98:0/1:FN;+170:1/0:TP;+662:1/0:TP;+391:0/1:TP;+74:1/0:TP;+73:1/0:FN	equal	equal	equal
190	chr10	124610249	124611039	790	124610049	124611239	1	69	31	33	True	754	0.938	2	2	2	28	0.0	False	cpx_het	2	size_diff	639	+396@124610422,+78@124610513,+165@124610594	+396@124610422,-33@124610504,+93@124610594	639,456	633,450	False	1.0	cpx_het	2	size_diff	639	+396@124610422,+78@124610513,+165@124610594	+396@124610422,-33@124610504,+93@124610594	639,456	633,450	False	1.0	2	190.0,190.1	21,10	31	456,639	0	2	0	2	other	0	0	0	0	0	False	False	2	2	4	INS+396:0/1:PASS:DV30/TC31:V5ref:T2Tref:hapGT0/1;INS+78:0/1:PASS:DV9/TC31:V5ref:T2Tref:hapGT0/0;INS+54:0/1:PASS:DV21/TC31:V5ref:T2Tref:hapGT0/0;INS+165:0/1:PASS:DV9/TC31:V5ref:T2Tref:hapGT0/0	5	0	1	0	1	+78:1/0:TP	1	0	1	+78:1/0:TP	equal	equal	equal
191	chr10	124986046	124986546	500	124985846	124986746	1	11	11	26	False	0	0.0	2	2	2	26	0.0	False	cpx_het	2	near_hom_le10bp	30	-26@124986281	-30@124986281	-26,-30	-26,-30	False	1.0	cpx_het	2	near_hom_le10bp	30	-26@124986281	-30@124986281	-26,-30	-26,-30	False	1.0	2	191.0,191.1	12,14	26	-30,-26	0	2	0	2	kmeans	2	1	0	0	0	False	False	2	2	1	DEL-30:0/1:PASS:DV11/TC24:V5ref:T2Tref:hapGT1/1	1	1	0	0	0	-	0	0	0	-	equal	equal	equal
192	chr10	125227931	125228608	677	125227731	125228827	1	27	21	22	True	928	1.0	2	2	2	22	0.0	False	hom	1	-	132	+132@125228293	+66@125228053,+66@125228293	132,132	132,132	False	1.0	hom	1	-	132	+132@125228293	+66@125228053,+66@125228293	132,132	132,132	False	1.0	1	192.0	22	22	132	0	1	0	1	kmeans	1	1	0	0	0	False	False	1	1	1	INS+132:1/1:PASS:DV22/TC22:V5ref:T2Tref:hapGT1/1	1	0	1	0	0	+132:1/1:TP	1	0	0	+132:1/1:TP	equal	equal	equal
193	chr10	125369527	125370027	500	125369327	125370227	1	13	13	21	False	0	0.0	2	2	2	20	0.0	False	het	2	-	33	-	+33@125369775	0,33	0,33	False	1.0	het	2	-	33	-	+33@125369775	0,33	0,33	False	1.0	2	193.0,193.1	13,8	21	33,0	0	2	0	2	kmeans	2	0	0	0	0	False	False	2	2	1	INS+33:0/1:PASS:DV13/TC21:V5ref:T2Tref:hapGT0/1	1	0	0	0	0	-	0	0	0	-	equal	equal	equal
194	chr10	125508413	125508913	500	125508213	125509113	1	3	3	11	False	0	0.0	2	2	2	10	0.0	False	het	2	-	1227	+1227@125508658	-	1227,0	1227,0	False	1.0	het	2	-	1227	+1227@125508658	-	1227,0	1227,0	False	1.0	2	194.0,194.1	6,5	11	0,1222	0	2	0	2	kmeans	2	2	0	0	0	False	False	2	2	1	INS+1222:0/1:PASS:DV3/TC9:V5TP:T2TTP:hapGT0/1	1	0	1	0	0	+1227:1/0:TP	1	0	0	+1227:1/0:TP	equal	equal	equal
195	chr10	125518128	125518628	500	125517928	125518828	1	18	9	18	True	590	0.914	2	2	2	16	0.0	False	het	2	-	40	+40@125518310	-	40,0	57,0	False	1.0	het	2	-	40	+40@125518310	-	40,0	57,0	False	1.0	2	195.0,195.1	11,7	18	58,0	0	2	0	2	kmeans	2	1	0	0	0	False	False	1	1	1	INS+41:0/1:PASS:DV9/TC16:V5ref:T2Tref:hapGT0/1	1	0	0	0	0	-	0	0	0	-	equal	equal	equal
196	chr10	125697360	125697860	500	125697160	125698060	1	11	9	27	True	410	0.78	2	2	2	27	0.0	False	het	2	-	40	-	+40@125697625	0,40	-5,47	False	1.0	het	2	-	40	-	+40@125697625	0,40	-5,47	False	1.0	2	196.0,196.1	15,12	27	-8,39	0	2	0	2	kmeans	2	3	0	0	0	False	False	2	2	1	INS+34:0/1:PASS:DV11/TC26:V5ref:T2Tref:hapGT0/1	1	0	0	0	0	-	0	0	0	-	equal	equal	equal
197	chr10	125824711	125825235	524	125824511	125825435	1	26	26	28	False	0	0.0	2	2	2	28	0.0	False	hom	1	-	419	+419@125824766	+419@125824766	419,419	419,419	False	1.0	hom	1	-	419	+419@125824766	+419@125824766	419,419	419,419	False	1.0	1	197.0	28	28	419	0	1	0	1	kmeans	1	0	0	0	0	False	False	1	1	1	INS+419:1/1:PASS:DV26/TC26:V5TP:T2TTP:hapGT1/1	1	0	1	0	0	+419:1/1:TP	1	0	0	+419:1/1:TP	equal	equal	equal
198	chr10	125885633	125886133	500	125885433	125886333	1	6	6	17	False	0	0.0	2	2	2	11	0.0	False	ref	1	-	0	-	-	0,0	0,0	False	1.0	ref	1	-	0	-	-	0,0	0,0	False	1.0	1	198.0	17	17	107	0	1	0	1	kmeans	1	2	0	0	0	False	False	0	0	0	-	0	0	0	0	0	-	0	0	0	-	equal	equal	equal
199	chr10	125890669	125891169	500	125890469	125891369	1	6	6	19	False	0	0.0	2	2	2	13	0.0	False	ref	1	-	0	-	-	0,0	0,0	False	1.0	ref	1	-	0	-	-	0,0	0,0	False	1.0	2	199.0,199.1	13,6	19	0,-37	0	2	0	2	kmeans	2	1	0	0	0	False	False	1	1	1	DEL-37:0/1:PASS:DV6/TC18:V5ref:T2Tref:hapGT0/0	1	0	0	0	0	-	0	0	0	-	over	over	over
200	chr10	125895765	125896380	615	125895565	125896580	1	11	6	23	False	0	0.0	2	2	2	17	0.0	False	ref	1	-	0	-	-	0,0	0,0	False	1.0	ref	1	-	0	-	-	0,0	0,0	False	1.0	1	200.0	23	23	0	0	1	0	1	kmeans	1	1	0	0	0	False	False	1	1	0	-	0	0	0	0	0	-	0	0	0	-	equal	equal	equal
201	chr10	125900328	125900828	500	125900128	125901028	1	6	4	25	False	0	0.0	2	2	2	19	0.0	False	ref	1	-	0	-	-	0,0	0,0	False	1.0	ref	1	-	0	-	-	0,0	0,0	False	1.0	2	201.0,201.1	21,4	25	0,51	0	2	0	2	kmeans	2	3	0	0	0	False	False	1	1	1	INS+91:0/0:PASS:DV4/TC22:V5ref:T2Tref:hapGT0/0	1	0	0	0	0	-	0	0	0	-	over	over	over
202	chr10	125953860	125954360	500	125953660	125954560	1	12	12	17	False	0	0.0	2	2	2	17	0.0	False	hom	1	-	31	+31@125954092	+31@125954092	31,31	31,31	False	1.0	hom	1	-	31	+31@125954092	+31@125954092	31,31	31,31	False	1.0	1	202.0	17	17	31	0	1	0	1	kmeans	1	0	0	0	0	False	False	1	1	1	INS+31:1/1:PASS:DV16/TC16:V5ref:T2Tref:hapGT1/1	1	0	0	0	0	-	0	0	0	-	equal	equal	equal
203	chr10	126120794	126121294	500	126120594	126121636	1	60	21	24	True	722	0.86	2	2	2	23	0.0	False	cpx_het	2	size_diff	64	+30@126120925	+30@126120925,+34@126121113	30,64	47,56	False	1.0	cpx_het	2	size_diff	64	+30@126120925	+30@126120925,+34@126121113	30,64	47,56	False	1.0	1	203.0	24	24	52	0	1	0	1	kmeans	1	1	0	0	0	False	False	0	0	1	INS+30:1/1:PASS:DV22/TC22:V5ref:T2Tref:hapGT0/1	1	1	0	0	0	-	0	0	0	-	under	under	under
204	chr10	126158058	126158558	500	126157858	126159019	1	13	12	14	True	814	0.806	2	2	2	14	0.0	False	hom	1	-	84	+84@126158314	+84@126158314	84,84	84,84	False	1.0	hom	1	-	84	+84@126158314	+84@126158314	84,84	84,84	False	1.0	1	204.0	14	14	84	0	1	0	1	kmeans	1	1	0	0	0	False	False	1	1	1	INS+84:1/1:PASS:DV13/TC13:V5TP:T2TTP:hapGT1/1	1	0	1	0	0	+84:1/1:TP	1	0	0	+84:1/1:TP	equal	equal	equal
205	chr10	126248418	126248918	500	126248218	126249118	1	20	19	32	True	78	0.156	2	2	2	32	0.0	False	cpx_het	2	size_diff	60	-32@126248673	-28@126248669,-32@126248673	-32,-60	-32,-60	False	1.0	cpx_het	2	near_hom_le10bp	32	-32@126248673	-28@126248669	-32,-28	-32,-28	False	1.0	2	205.0,205.1	20,12	32	-32,-28	0	2	0	2	kmeans	2	2	0	0	0	False	False	1	2	1	DEL-32:0/1:PASS:DV18/TC31:V5ref:T2Tref:hapGT0/1	1	0	0	0	0	-	0	0	0	-	equal	equal	equal
206	chr10	126251482	126252004	522	126251282	126252372	1	42	28	30	True	882	1.0	2	2	2	30	0.0	False	hom	1	-	768	+766@126251636,-22@126251885	+768@126251636	744,768	744,756	False	1.0	hom	1	-	768	+766@126251636,-22@126251885	+768@126251636	744,768	744,756	False	1.0	2	206.0,206.1	27,3	30	781,969	0	2	0	2	kmeans	2	3	0	0	0	False	False	1	1	2	INS+781:0/1:PASS:DV25/TC29:V5TP:T2Tref:hapGT1/1;INS+959:0/0:PASS:DV3/TC28:V5ref:T2Tref:hapGT1/1	2	2	1	0	0	+768:1/1:TP	0	0	0	-	over	over	over
207	chr10	126417818	126418318	500	126417618	126418518	1	19	19	21	False	0	0.0	2	2	2	21	0.0	False	hom	1	-	314	-314@126417903	-314@126417903	-314,-314	-314,-314	False	1.0	hom	1	-	314	-314@126417903	-314@126417903	-314,-314	-314,-314	False	1.0	1	207.0	21	21	-314	0	1	0	1	kmeans	1	1	0	0	0	False	False	1	1	1	DEL-314:1/1:PASS:DV20/TC20:V5TP:T2TTP:hapGT1/1	1	0	1	0	0	-314:1/1:TP	1	0	0	-314:1/1:TP	equal	equal	equal
208	chr10	126442400	126442900	500	126442200	126443100	1	15	15	26	True	54	0.108	2	2	2	26	0.0	False	cpx_het	2	opposite_sign	32	+24@126442478	-32@126442633	24,-32	8,-14	False	1.0	cpx_het	2	opposite_sign	32	+24@126442478	-32@126442633	24,-32	8,-14	False	1.0	2	208.0,208.1	11,15	26	8,-14	0	2	0	1	kmeans	2	1	0	0	0	False	False	0	0	1	DEL-32:0/1:PASS:DV14/TC25:V5ref:T2Tref:hapGT0/1	1	0	0	0	0	-	0	0	0	-	equal	equal	equal
209	chr10	126489812	126490312	500	126489612	126490559	1	24	12	23	True	545	0.696	2	2	2	21	0.0	False	het	2	-	35	+35@126490110	-	35,0	42,0	False	1.0	het	2	-	35	+35@126490110	-	35,0	42,0	False	1.0	2	209.0,209.1	11,12	23	0,42	0	2	0	2	kmeans	2	0	0	0	0	False	False	2	2	1	INS+35:0/1:PASS:DV12/TC22:V5ref:T2Tref:hapGT0/1	1	0	0	0	0	-	0	0	0	-	equal	equal	equal
210	chr10	126564782	126565476	694	126564582	126565676	1	39	14	18	True	606	0.873	2	2	2	18	0.0	False	cpx_het	2	size_diff	416	+139@126564832,+88@126565028,+167@126565175,+22@126565417	+282@126564835,+30@126564998	416,312	413,303	False	1.0	cpx_het	2	size_diff	416	+139@126564832,+88@126565028,+167@126565175,+22@126565417	+282@126564835,+30@126564998	416,312	413,303	False	1.0	1	210.1	18	18	411	0	1	0	1	other	0	2	1	0	0	False	False	1	1	3	INS+310:1/1:PASS:DV16/TC17:V5ref:T2Tref:hapGT1/1;INS+41:1/1:PASS:DV16/TC16:V5ref:T2Tref:hapGT0/0;INS+31:1/1:PASS:DV16/TC16:V5ref:T2Tref:hapGT0/0	3	0	2	1	0	+282:0/1:TP;+312:1/0:TP;+87:1/0:FN	2	1	0	+282:0/1:TP;+312:1/0:TP;+87:1/0:FN	under	under	under
211	chr10	126576409	126576909	500	126576209	126577109	1	9	9	11	True	143	0.286	2	2	2	11	0.0	False	hom	1	-	82	+172@126576659,-90@126576668	+172@126576659,-90@126576668	82,82	82,82	False	1.0	hom	1	-	82	+172@126576659,-90@126576668	+172@126576659,-90@126576668	82,82	82,82	False	1.0	1	211.0	11	11	71	0	1	0	1	kmeans	1	1	0	0	0	False	False	1	1	1	INS+66:1/1:PASS:DV10/TC10:V5ref:T2Tref:hapGT1/1	1	0	1	0	0	+66:1/1:TP	1	0	0	+66:1/1:TP	equal	equal	equal
212	chr10	126672384	126672950	566	126672184	126673150	1	45	19	22	True	479	0.846	2	2	2	22	0.0	False	cpx_het	2	size_diff	532	+532@126672826	+224@126672434	532,224	532,224	False	1.0	cpx_het	2	size_diff	532	+532@126672826	+224@126672434	532,224	532,224	False	1.0	2	212.0,212.1	10,12	22	533,224	0	2	0	2	kmeans	2	2	0	0	0	False	False	2	2	2	INS+224:0/1:PASS:DV11/TC21:V5TP:T2TTP:hapGT0/1;INS+533:0/1:PASS:DV10/TC21:V5TP:T2TTP:hapGT0/1	2	0	2	0	0	+224:0/1:TP;+532:1/0:TP	2	0	0	+224:0/1:TP;+532:1/0:TP	equal	equal	equal
213	chr10	126721160	126721660	500	126720960	126721860	1	9	9	25	True	125	0.25	2	2	2	25	0.0	False	het	2	-	32	-	+32@126721407	0,32	9,32	False	1.0	het	2	-	32	-	+32@126721407	0,32	9,32	False	1.0	2	213.0,213.1	14,11	25	5,32	0	2	0	2	kmeans	2	2	0	0	0	False	False	2	2	1	INS+32:0/1:PASS:DV9/TC24:V5ref:T2Tref:hapGT0/1	1	0	0	0	0	-	0	0	0	-	equal	equal	equal
214	chr10	126759341	126759841	500	126759141	126760041	1	16	16	23	False	0	0.0	2	2	2	22	0.0	False	cpx_het	2	near_hom_le10bp	34	+34@126759591	+24@126759591	34,24	34,17	False	1.0	cpx_het	2	near_hom_le10bp	34	+34@126759591	+24@126759591	34,24	34,17	False	1.0	1	214.0	23	23	34	0	1	0	1	kmeans	1	0	0	0	0	False	False	1	1	1	INS+34:1/1:PASS:DV23/TC23:V5ref:T2Tref:hapGT1/1	1	0	0	0	0	-	0	0	0	-	under	under	under
215	chr10	126777066	126777566	500	126776866	126777766	1	9	9	20	True	54	0.108	2	2	2	20	0.0	False	het	2	-	49	-	+49@126777316	0,49	7,49	False	1.0	het	2	-	49	-	+49@126777316	0,49	7,49	False	1.0	2	215.0,215.1	10,10	20	42,0	0	2	0	2	kmeans	2	0	0	0	0	False	False	2	2	1	INS+42:0/1:PASS:DV9/TC19:V5ref:T2Tref:hapGT0/1	1	0	0	0	0	-	0	0	0	-	equal	equal	equal
216	chr10	126891908	126892408	500	126891708	126892608	1	36	23	29	True	452	0.792	2	2	2	28	0.0	False	hom	1	-	699	+699@126892074	+699@126892074	699,699	709,707	False	1.0	hom	1	-	699	+699@126892074	+699@126892074	699,699	709,707	False	1.0	1	216.0	29	29	709	0	1	0	1	kmeans	1	6	0	0	0	False	False	1	1	1	INS+702:1/1:PASS:DV26/TC28:V5TP:T2TTP:hapGT1/1	1	0	1	0	0	+699:1/1:TP	2	0	0	+699:1/0:TP;+699:0/1:TP	equal	equal	equal
217	chr10	126938554	126939054	500	126938354	126939254	1	13	13	14	True	427	0.634	2	2	2	12	0.0	False	hom	1	-	64	-64@126938768	-64@126938768	-64,-64	-64,-64	False	1.0	hom	1	-	64	-64@126938768	-64@126938768	-64,-64	-64,-64	False	1.0	1	217.0	13	13	-64	0	1	0	1	kmeans	1	0	0	0	0	False	False	1	1	1	DEL-64:1/1:PASS:DV13/TC13:V5TP:T2TTP:hapGT1/1	1	0	1	0	0	-64:1/1:TP	1	0	0	-64:1/1:TP	equal	equal	equal
218	chr10	126946810	126948556	1746	126946610	126948756	1	462	18	22	True	1288	0.738	2	2	2	18	0.0	False	cpx_het	2	size_diff	14497	+3485@126947513,+3333@126947779,+65@126948076,+37@126948419	+473@126947513,+10360@126947606,+3562@126947816,+65@126948076,+37@126948419	6920,14497	6926,14494	False	1.0	cpx_het	2	size_diff	14497	+3485@126947513,+3333@126947779,+65@126948076,+37@126948419	+473@126947513,+10360@126947606,+3562@126947816,+65@126948076,+37@126948419	6920,14497	6926,14494	False	1.0	2	218.0,218.1	9,13	22	6927,14503	0	2	0	2	other	0	3	0	0	0	False	False	2	2	7	INS+168:0/1:PASS:DV4/TC18:V5ref:T2Tref:hapGT0/0;INS+200:0/1:PASS:DV6/TC18:V5ref:T2Tref:hapGT0/0;INS+37:0/1:PASS:DV4/TC18:V5ref:T2Tref:hapGT0/0;INS+31:0/1:PASS:DV10/TC18:V5ref:T2Tref:hapGT0/0;INS+201:0/1:PASS:DV10/TC18:V5ref:T2Tref:hapGT0/0;INS+14064:0/1:PASS:DV10/TC18:V5ref:T2Tref:hapGT0/1;INS+6495:0/1:PASS:DV6/TC18:V5ref:T2Tref:hapGT0/1	10	0	5	5	5	+1073:0/1:FN;+201:1/0:TP;+906:0/1:FN;+266:0/1:TP;+1144:0/1:FN;+68:1/0:FN;+1181:0/1:FN;+9748:0/1:TP;+6515:1/0:TP;+65:1/1:TP	3	3	3	+3045:0/1:TP;+201:1/0:FN;+170:0/1:TP;-269:1/1:TP;+6951:1/0:FN;+11508:0/1:FN	equal	equal	equal
219	chr10	126952403	126952903	500	126950807	126953675	1	12	11	12	True	2768	1.0	2	2	2	11	0.0	False	hom	1	-	166	+166@126952746	+166@126952746	166,166	170,170	False	1.0	hom	1	-	166	+166@126952746	+166@126952746	166,166	170,170	False	1.0	1	219.0	12	12	166	0	1	0	1	kmeans	2	0	1	0	0	False	False	1	1	1	INS+166:0/1:PASS:DV12/TC12:V5TP:T2TTP:hapGT1/1	1	1	1	0	0	+166:1/1:TP	1	0	0	+166:1/1:TP	equal	equal	equal
220	chr10	127016911	127017411	500	127016586	127017656	1	16	8	22	True	970	1.0	2	2	2	22	0.0	False	het	2	-	140	+140@127017042	-	140,0	142,8	False	1.0	het	2	-	140	+140@127017042	-	140,0	142,8	False	1.0	2	220.0,220.1	13,9	22	6,136	0	2	0	2	kmeans	2	2	0	0	0	False	False	2	2	1	INS+140:0/1:PASS:DV8/TC21:V5TP:T2TTP:hapGT0/1	1	0	1	0	0	+140:1/0:TP	1	0	0	+140:1/0:TP	equal	equal	equal
221	chr10	127222492	127222992	500	127222292	127223192	1	18	9	21	True	55	0.11	2	2	2	21	0.0	False	het	2	-	80	-80@127222775	-	-80,0	-90,-5	False	1.0	het	2	-	80	-80@127222775	-	-80,0	-90,-5	False	1.0	2	221.0,221.1	11,10	21	-5,-90	0	2	0	2	kmeans	2	0	0	0	0	False	False	2	2	1	DEL-80:0/1:PASS:DV9/TC20:V5TP:T2TTP:hapGT0/1	1	0	1	0	0	-80:1/0:TP	1	0	0	-80:1/0:TP	equal	equal	equal
222	chr10	127263116	127263616	500	127262916	127263816	1	7	7	19	False	0	0.0	2	2	2	19	0.0	False	het	2	-	294	-	+294@127263366	0,294	0,294	False	1.0	het	2	-	294	-	+294@127263366	0,294	0,294	False	1.0	2	222.0,222.1	12,7	19	0,294	0	2	0	2	kmeans	2	1	0	0	0	False	False	2	2	1	INS+294:0/1:PASS:DV7/TC19:V5TP:T2TTP:hapGT0/1	1	0	1	0	0	+294:0/1:TP	1	0	0	+294:0/1:TP	equal	equal	equal
223	chr10	127362611	127363111	500	127362411	127363311	1	18	17	19	True	283	0.566	2	2	2	18	0.0	False	hom	1	-	276	+276@127362839	+276@127362839	276,276	278,278	False	1.0	hom	1	-	276	+276@127362839	+276@127362839	276,276	278,278	False	1.0	1	223.0	19	19	278	0	1	0	1	kmeans	1	1	0	0	0	False	False	1	1	1	INS+278:1/1:PASS:DV17/TC17:V5TP:T2TTP:hapGT1/1	1	0	1	0	0	+276:1/1:TP	1	0	0	+276:1/1:TP	equal	equal	equal
224	chr10	127391785	127392285	500	127391585	127392485	1	11	11	23	False	0	0.0	2	2	2	23	0.0	False	het	2	-	313	+313@127392028	-	313,0	311,-2	False	1.0	het	2	-	313	+313@127392028	-	313,0	311,-2	False	1.0	2	224.0,224.1	11,11	22	313,0	0	2	0	2	kmeans	2	1	0	0	0	False	False	2	2	1	INS+313:0/1:PASS:DV11/TC23:V5TP:T2TTP:hapGT0/1	1	0	1	0	0	+313:1/0:TP	1	0	0	+313:1/0:TP	equal	equal	equal
225	chr10	127396026	127397384	1358	127395826	127398000	1	35	15	26	True	1306	0.545	2	2	2	26	0.0	False	het	2	-	578	-	+46@127396092,+532@127396892	0,578	0,576	False	1.0	het	2	-	578	-	+46@127396092,+532@127396892	0,578	0,576	False	1.0	2	225.0,225.1	13,13	26	0,579	0	2	0	2	kmeans	2	2	0	0	0	False	False	2	2	2	INS+46:0/1:PASS:DV11/TC24:V5ref:T2Tref:hapGT0/0;INS+533:0/1:PASS:DV12/TC25:V5TP:T2TTP:hapGT0/1	2	0	1	0	0	+532:0/1:TP	1	0	0	+532:0/1:TP	equal	equal	equal
226	chr10	127399312	127399812	500	127399112	127400012	1	10	10	21	False	0	0.0	2	2	2	21	0.0	False	het	2	-	32	-	-32@127399545	0,-32	0,-32	False	1.0	het	2	-	32	-	-32@127399545	0,-32	0,-32	False	1.0	2	226.0,226.1	10,11	21	0,-31	0	2	0	2	kmeans	2	1	0	0	0	False	False	2	2	1	DEL-31:0/1:PASS:DV10/TC20:V5ref:T2Tref:hapGT0/1	1	0	0	0	0	-	0	0	0	-	equal	equal	equal
227	chr10	127428743	127429243	500	127428328	127429443	1	9	9	17	True	736	0.742	2	2	2	17	0.0	False	het	2	-	51	+51@127428974	-	51,0	51,17	False	1.0	het	2	-	51	+51@127428974	-	51,0	51,17	False	1.0	2	227.0,227.1	7,9	16	17,51	0	2	0	2	kmeans	2	0	0	0	0	False	False	2	2	1	INS+51:0/1:PASS:DV9/TC17:V5TP:T2TTP:hapGT0/1	1	0	1	0	0	+51:1/0:TP	1	0	0	+51:1/0:TP	equal	equal	equal
228	chr10	127482098	127482598	500	127481898	127482798	1	7	7	19	False	0	0.0	2	2	2	16	0.0	False	het	2	-	33	-	+33@127482341	0,33	0,33	False	1.0	het	2	-	33	-	+33@127482341	0,33	0,33	False	1.0	2	228.0,228.1	8,11	19	33,0	0	2	0	2	kmeans	2	0	0	0	0	False	False	2	2	1	INS+33:0/1:PASS:DV7/TC18:V5ref:T2Tref:hapGT0/1	1	0	0	0	0	-	0	0	0	-	equal	equal	equal
229	chr10	127502262	127502762	500	127502062	127502962	1	12	12	23	True	195	0.39	2	2	2	23	0.0	False	het	2	-	97	+97@127502449	-	97,0	97,0	False	1.0	het	2	-	97	+97@127502449	-	97,0	97,0	False	1.0	2	229.0,229.1	12,11	23	97,0	0	2	0	2	kmeans	2	1	0	0	0	False	False	2	2	1	INS+97:0/1:PASS:DV12/TC22:V5TP:T2TTP:hapGT0/1	1	0	1	0	0	+97:1/0:TP	1	0	0	+97:1/0:TP	equal	equal	equal
230	chr10	127542637	127543137	500	127542437	127543337	1	7	7	19	True	58	0.116	2	2	2	19	0.0	False	het	2	-	24	-24@127542865	-	-24,0	-32,14	False	1.0	het	2	-	24	-24@127542865	-	-24,0	-32,14	False	1.0	1	230.0	19	19	14	0	1	0	1	kmeans	1	0	0	0	0	False	False	0	0	0	-	0	0	0	0	0	-	0	0	0	-	under	under	under
231	chr10	127665584	127666084	500	127665384	127666284	1	44	22	22	True	176	0.352	2	2	2	20	0.0	False	cpx_het	2	size_diff	66	+46@127665811,+20@127665879	+32@127665791,+22@127665869	66,54	66,54	False	1.0	cpx_het	2	size_diff	66	+46@127665811,+20@127665879	+32@127665791,+22@127665869	66,54	66,54	False	1.0	1	231.0	22	22	68	0	1	0	1	kmeans	1	1	0	0	0	False	False	1	1	1	INS+46:1/1:PASS:DV22/TC22:V5ref:T2Tref:hapGT0/1	1	1	0	0	0	-	0	0	0	-	under	under	under
232	chr10	127704568	127705068	500	127704368	127705268	1	30	15	28	True	97	0.194	2	2	2	28	0.0	False	cpx_het	2	size_diff	119	+119@127704667	+20@127704671	119,20	128,20	False	1.0	cpx_het	2	size_diff	119	+119@127704667	+20@127704671	119,20	128,20	False	1.0	2	232.0,232.1	15,13	28	125,20	0	2	0	2	kmeans	2	2	0	0	0	False	False	2	2	1	INS+117:0/1:PASS:DV15/TC26:V5TP:T2TTP:hapGT0/1	1	0	1	0	0	+119:1/0:TP	1	0	0	+119:1/0:TP	equal	equal	equal
233	chr10	127714156	127714656	500	127713956	127714856	1	45	17	33	False	0	0.0	2	2	2	33	0.0	False	het	2	-	1142	+1208@127714373,-66@127714374	-	1142,0	1142,0	False	1.0	het	2	-	1142	+1208@127714373,-66@127714374	-	1142,0	1142,0	False	1.0	2	233.0,233.1	18,15	33	0,1132	0	2	0	2	kmeans	2	1	0	0	0	False	False	2	2	2	INS+539:0/1:PASS:DV14/TC33:V5ref:T2Tref:hapGT0/0;INS+593:0/1:PASS:DV15/TC33:V5ref:T2Tref:hapGT0/0	2	0	1	0	0	+1136:1/0:TP	1	0	0	+1136:1/0:TP	equal	equal	equal
234	chr10	127739632	127740132	500	127739432	127740332	1	13	7	24	True	458	0.726	2	2	2	24	0.0	False	het	2	-	62	-	-36@127739803,-26@127739945	0,-62	13,-56	False	1.0	het	2	-	62	-	-36@127739803,-26@127739945	0,-62	13,-50	False	1.0	2	234.0,234.1	16,8	24	18,-45	0	2	0	2	kmeans	2	2	0	0	0	False	False	2	2	1	DEL-35:0/1:PASS:DV7/TC24:V5ref:T2Tref:hapGT0/0	1	0	0	0	0	-	0	0	0	-	equal	equal	equal
235	chr10	127766945	127767445	500	127766745	127767645	1	10	10	20	False	0	0.0	2	2	2	19	0.0	False	het	2	-	306	-306@127767038	-	-306,0	-306,17	False	1.0	het	2	-	306	-306@127767038	-	-306,0	-306,17	False	1.0	2	235.0,235.1	11,8	19	-306,11	0	2	0	2	kmeans	2	2	0	0	0	False	False	2	2	1	DEL-306:0/1:PASS:DV11/TC20:V5TP:T2TTP:hapGT0/1	1	0	1	0	0	-306:1/0:TP	1	0	0	-306:1/0:TP	equal	equal	equal
236	chr10	127797280	127797990	710	127797080	127798190	1	24	19	20	True	680	0.935	2	2	2	19	0.0	False	cpx_het	2	size_diff	2410	+2410@127797459	+989@127797486	2410,989	2410,989	False	1.0	cpx_het	2	size_diff	2410	+2410@127797459	+989@127797486	2410,989	2410,989	False	1.0	2	236.0,236.1	7,13	20	990,2412	0	2	0	2	other	0	1	0	0	0	False	False	2	2	2	INS+2412:0/1:PASS:DV13/TC20:V5TP:T2TTP:hapGT0/1;INS+990:0/1:PASS:DV7/TC20:V5TP:T2TTP:hapGT0/1	2	0	2	0	0	+2410:1/0:TP;+989:0/1:TP	2	0	0	+2410:1/0:TP;+989:0/1:TP	equal	equal	equal
237	chr10	127847815	127848315	500	127847615	127848515	1	34	20	24	True	441	0.836	2	2	2	22	0.0	False	hom	1	-	55	-31@127847949,-40@127848067,-24@127848083,+44@127848193	-31@127847949,-24@127848083	-51,-55	-53,-60	False	1.0	cpx_het	2	size_diff	55	-31@127847949,-40@127848067,+44@127848193	-31@127847949,-24@127848083	-27,-55	-29,-60	False	1.0	2	237.0,237.1	21,3	24	-24,-7	0	2	0	2	kmeans	2	2	0	0	0	False	False	0	1	1	DEL-30:1/1:PASS:DV20/TC24:V5ref:T2Tref:hapGT0/0	1	0	0	0	0	-	0	0	0	-	over	equal	over
238	chr10	128010316	128010816	500	128010116	128011016	1	9	9	25	False	0	0.0	2	2	2	24	0.0	False	het	2	-	55	+55@128010545	-	55,0	55,10	False	1.0	het	2	-	55	+55@128010545	-	55,0	55,10	False	1.0	2	238.0,238.1	12,13	25	55,10	0	2	0	2	kmeans	2	1	0	0	0	False	False	2	2	1	INS+55:0/1:PASS:DV10/TC23:V5TP:T2TTP:hapGT0/1	1	0	1	0	0	+55:1/0:TP	1	0	0	+55:1/0:TP	equal	equal	equal
239	chr10	128019790	128020290	500	128019590	128020490	1	6	6	19	True	54	0.108	2	2	2	19	0.0	False	het	2	-	16	+20@128019633,-36@128020022	-	-16,0	-16,2	False	1.0	het	2	-	16	+20@128019633,-36@128020022	-	-16,0	-16,2	False	1.0	2	239.0,239.1	9,10	19	0,-16	0	2	0	1	kmeans	2	3	0	0	0	False	False	2	2	1	DEL-36:0/1:PASS:DV6/TC15:V5ref:T2Tref:hapGT0/0	1	0	0	0	0	-	0	0	0	-	equal	equal	equal
240	chr10	128124666	128125166	500	128124466	128125366	1	11	11	27	True	60	0.12	2	2	2	26	0.0	False	het	2	-	30	-30@128124891	-	-30,0	-30,0	False	1.0	het	2	-	30	-30@128124891	-	-30,0	-30,0	False	1.0	2	240.0,240.1	15,12	27	0,-30	0	2	0	2	kmeans	2	1	0	0	0	False	False	2	2	1	DEL-30:0/1:PASS:DV11/TC26:V5ref:T2Tref:hapGT0/1	1	0	0	0	0	-	0	0	0	-	equal	equal	equal
241	chr10	128198482	128198982	500	128198282	128199182	1	52	16	31	True	214	0.428	2	2	2	30	0.0	False	het	2	-	20	-	-20@128198785	0,-20	46,-14	False	1.0	het	2	-	20	-	-20@128198785	0,-20	46,-14	False	1.0	2	241.0,241.1	9,22	31	44,40	0	2	0	1	kmeans	2	2	0	0	0	False	False	0	0	1	INS+30:0/1:PASS:DV8/TC29:V5ref:T2Tref:hapGT0/0	1	0	0	0	0	-	0	0	0	-	equal	equal	equal
242	chr10	128219250	128219873	623	128219050	128220073	1	42	23	26	True	482	0.597	2	2	2	25	0.0	False	cpx_het	2	size_diff	340	+340@128219405	+184@128219405,-20@128219572	340,164	348,164	False	1.0	cpx_het	2	size_diff	340	+340@128219405	+184@128219405,-20@128219572	340,164	348,164	False	1.0	2	242.0,242.1	8,18	26	164,348	0	2	0	2	other	0	0	0	0	0	False	False	2	2	2	INS+184:0/1:PASS:DV7/TC23:V5TP:T2TTP:hapGT0/1;INS+340:0/1:PASS:DV16/TC23:V5TP:T2TTP:hapGT0/1	2	0	2	0	0	+184:0/1:TP;+340:1/0:TP	2	0	0	+184:0/1:TP;+340:1/0:TP	equal	equal	equal
243	chr10	128464311	128465111	800	128464111	128465311	1	68	30	32	True	264	0.33	2	2	2	30	0.0	False	hom	1	-	3212	+3212@128464470	+3212@128464470	3212,3212	3214,3214	False	1.0	hom	1	-	3212	+3212@128464470	+3212@128464470	3212,3212	3214,3214	False	1.0	2	243.0,243.1	30,2	32	3213,-8	0	1	0	2	other	0	5	0	0	0	False	False	1	1	2	INS+190:1/1:PASS:DV25/TC30:V5ref:T2Tref:hapGT0/0;INS+3023:1/1:PASS:DV28/TC32:V5ref:T2Tref:hapGT1/1	2	0	1	0	0	+3212:1/1:TP	2	0	0	+3212:1/0:TP;+3212:0/1:TP	over	over	over
244	chr10	128583170	128583729	559	128582970	128583929	1	41	14	16	True	507	0.794	2	2	2	16	0.0	False	cpx_het	2	size_diff	922	+28@128583220,+293@128583284,+366@128583311,+241@128583486,-30@128583582,+24@128583679	+264@128583486	922,264	934,268	False	1.0	cpx_het	2	size_diff	922	+28@128583220,+293@128583284,+366@128583311,+241@128583486,-30@128583582,+24@128583679	+264@128583486	922,264	934,268	False	1.0	2	244.0,244.1	10,6	16	272,913	0	2	0	2	other	0	1	0	0	0	False	False	2	2	3	INS+659:0/1:PASS:DV5/TC16:V5ref:T2Tref:hapGT0/1;INS+264:0/1:PASS:DV10/TC16:V5ref:T2Tref:hapGT0/1;INS+191:0/1:PASS:DV6/TC16:V5ref:T2Tref:hapGT0/1	3	0	2	1	0	+52:1/1:TP;+228:1/0:TP;+243:0/1:FN	2	1	0	+52:1/0:TP;+839:1/0:TP;+270:0/1:FN	equal	equal	equal
245	chr10	128648556	128649056	500	128648356	128649256	1	5	5	18	True	118	0.236	2	2	2	18	0.0	False	cpx_het	2	opposite_sign	36	+24@128648776	-36@128648776	24,-36	24,-36	False	1.0	cpx_het	2	opposite_sign	36	+24@128648776	-36@128648776	24,-36	24,-36	False	1.0	2	245.0,245.1	12,6	18	24,-35	0	2	0	2	kmeans	2	0	0	0	0	False	False	2	2	1	DEL-35:0/1:PASS:DV5/TC17:V5ref:T2Tref:hapGT0/1	1	0	0	0	0	-	0	0	0	-	equal	equal	equal
246	chr10	128732365	128732865	500	128732165	128733065	1	5	5	21	True	189	0.378	2	2	2	20	0.0	False	het	2	-	28	+28@128732601	-	28,0	33,6	False	1.0	het	2	-	28	+28@128732601	-	28,0	33,6	False	1.0	1	246.0	21	21	28	0	1	0	1	kmeans	1	2	0	0	0	False	False	1	1	0	-	0	0	0	0	0	-	0	0	0	-	under	under	under
247	chr10	128886923	128887423	500	128886723	128887623	1	18	17	17	True	551	0.868	2	2	2	17	0.0	False	hom	1	-	58	+58@128887108	+58@128887108	58,58	58,58	False	1.0	hom	1	-	58	+58@128887108	+58@128887108	58,58	58,58	False	1.0	1	247.0	17	17	57	0	1	0	1	kmeans	1	0	0	0	0	False	False	1	1	1	INS+57:1/1:PASS:DV17/TC17:V5TP:T2TTP:hapGT1/1	1	0	1	0	0	+58:1/1:TP	1	0	0	+58:1/1:TP	equal	equal	equal
248	chr10	128943945	128944445	500	128943745	128944754	1	6	6	16	True	806	1.0	2	2	2	16	0.0	False	het	2	-	40	+40@128944210	-	40,0	40,0	False	1.0	het	2	-	40	+40@128944210	-	40,0	40,0	False	1.0	2	248.0,248.1	9,7	16	0,40	0	2	0	2	kmeans	2	3	0	0	0	False	False	2	2	1	INS+40:0/1:PASS:DV6/TC11:V5ref:T2Tref:hapGT0/1	1	0	0	0	0	-	0	0	0	-	equal	equal	equal
249	chr10	129038557	129039060	503	129038357	129039260	1	6	6	12	False	0	0.0	2	2	2	12	0.0	False	het	2	-	403	-403@129038607	-	-403,0	-403,0	False	1.0	het	2	-	403	-403@129038607	-	-403,0	-403,0	False	1.0	2	249.0,249.1	5,7	12	0,-403	0	2	0	2	kmeans	2	0	0	0	0	False	False	2	2	1	DEL-403:0/1:PASS:DV6/TC11:V5TP:T2TTP:hapGT0/1	1	0	1	0	0	-403:1/0:TP	1	0	0	-403:1/0:TP	equal	equal	equal
250	chr10	129223690	129224190	500	129223345	129224484	1	9	9	20	True	1039	1.0	2	2	2	20	0.0	False	cpx_het	2	opposite_sign	51	-71@129223819,+20@129223969	+20@129223969	-51,20	-51,20	False	1.0	cpx_het	2	opposite_sign	51	-71@129223819,+20@129223969	+20@129223969	-51,20	-51,20	False	1.0	2	250.0,250.1	10,10	20	20,-50	0	2	0	2	kmeans	2	1	0	0	0	False	False	2	2	1	DEL-42:0/1:PASS:DV9/TC20:V5ref:T2Tref:hapGT0/1	1	0	0	1	0	-71:1/0:FN	0	1	0	-71:1/0:FN	equal	equal	equal
251	chr10	129249348	129249848	500	129249148	129250048	1	31	12	21	True	330	0.66	2	2	2	21	0.0	False	het	2	-	110	+31@129249491,+79@129249719	-	110,0	109,3	False	1.0	het	2	-	110	+31@129249491,+79@129249719	-	110,0	109,3	False	1.0	2	251.0,251.1	12,9	21	106,3	0	2	0	2	kmeans	2	0	0	0	0	False	False	2	2	1	INS+79:0/1:PASS:DV12/TC20:V5TP:T2TTP:hapGT0/1	1	0	1	0	0	+79:1/0:TP	1	0	0	+79:1/0:TP	equal	equal	equal
252	chr10	129414558	129415058	500	129414358	129415258	1	17	15	17	True	361	0.722	2	2	2	16	0.0	False	cpx_het	2	size_diff	350	+350@129414915	+50@129414674	350,50	350,50	False	1.0	cpx_het	2	size_diff	350	+350@129414915	+50@129414674	350,50	350,50	False	1.0	2	252.0,252.1	8,9	17	50,350	0	2	0	2	kmeans	2	2	0	0	0	False	False	2	2	2	INS+50:0/1:PASS:DV7/TC16:V5TP:T2TTP:hapGT0/1;INS+350:0/1:PASS:DV9/TC17:V5TP:T2TTP:hapGT0/1	2	0	2	0	0	+50:0/1:TP;+350:1/0:TP	2	0	0	+50:0/1:TP;+350:1/0:TP	equal	equal	equal
253	chr10	129518203	129518703	500	129518003	129518903	1	51	28	31	True	113	0.226	2	2	2	30	0.0	False	cpx_het	2	size_diff	1765	+1765@129518568	+49@129518497,+1135@129518568	1765,1184	1779,1184	False	1.0	cpx_het	2	size_diff	1765	+1765@129518568	+49@129518497,+1135@129518568	1765,1184	1779,1184	False	1.0	2	253.0,253.1	18,13	31	1195,1786	0	2	0	2	other	0	1	0	0	0	False	False	2	2	2	INS+1772:0/1:PASS:DV13/TC30:V5TP:T2TTP:hapGT0/1;INS+1195:0/1:PASS:DV16/TC30:V5TP:T2TTP:hapGT0/1	2	0	2	0	0	+1135:0/1:TP;+1765:1/0:TP	2	0	0	+1135:0/1:TP;+1765:1/0:TP	equal	equal	equal
254	chr10	129520390	129520890	500	129520190	129521090	1	17	16	31	True	600	0.954	2	2	2	30	0.0	False	het	2	-	46	+68@129520507,-22@129520955	-	46,0	46,0	False	1.0	het	2	-	46	+68@129520507,-22@129520955	-	46,0	46,0	False	1.0	2	254.0,254.1	17,13	30	46,0	0	2	0	2	kmeans	2	2	0	0	0	False	False	2	2	1	INS+68:0/1:PASS:DV16/TC30:V5TP:T2TTP:hapGT0/0	1	0	1	0	0	+68:1/0:TP	1	0	0	+68:1/0:TP	equal	equal	equal
255	chr10	129564113	129564729	616	129563913	129564929	1	44	20	22	True	672	0.989	2	2	2	22	0.0	False	hom	1	-	36	+36@129564668	+36@129564649	36,36	48,66	False	1.0	hom	1	-	36	+36@129564668	+36@129564649	36,36	48,66	False	1.0	1	255.0	22	22	67	0	1	0	1	kmeans	1	0	0	0	0	False	False	0	0	1	INS+36:1/1:PASS:DV21/TC21:V5ref:T2Tref:hapGT1/1	1	0	0	0	0	-	0	0	0	-	equal	equal	equal
256	chr11	62009862	62010534	672	62009472	62010760	1	16	16	23	True	1188	1.0	2	2	2	23	0.0	False	het	2	-	771	+771@62010162	-	771,0	763,-9	False	0.416	het	2	-	771	+771@62010162	-	771,0	763,-9	False	0.416	1	256.0	23	23	770	0	1	0	1	kmeans	1	6	0	0	0	False	False	1	1	1	INS+773:1/1:PASS:DV20/TC20:V5ref:T2Tref:hapGT0/1	1	1	0	0	0	-	0	0	0	-	under	under	under
257	chr11	62096222	62099803	3581	62096022	62100003	1	34	11	26	True	472	0.132	2	2	2	26	0.0	False	cpx_het	2	one_net_small	30	+264@62096264,-99@62096265,+206@62097832,-206@62097833,+99@62099512,-262@62099513	+263@62096264,-99@62096265,+206@62097832,-206@62097833,+68@62099512,-262@62099513	2,-30	12,-14	False	0.0	cpx_het	2	one_net_small	30	+264@62096264,-99@62096265,+206@62097832,-206@62097833,+99@62099512,-262@62099513	+263@62096264,-99@62096265,+206@62097832,-206@62097833,+68@62099512,-262@62099513	2,-30	12,-14	False	0.0	2	257.0,257.1	20,6	26	27,29	0	2	2	1	other	0	5	0	0	0	False	False	0	0	3	INV-DUP+0:0/1:PASS:DV13/TC21:V5ref:T2Tref;INS+127:0/1:PASS:DV12/TC12:V5ref:T2Tref:hapGT0/0;DEL-127:0/1:PASS:DV9/TC9:V5ref:T2Tref:hapGT0/0	4	0	0	0	0	-	0	0	0	-	equal	equal	equal
258	chr11	62102749	62103249	500	62102032	62103449	1	3	3	24	False	0	0.0	2	2	2	21	0.0	False	ref	1	-	0	-	-	0,0	0,0	False	0.282	ref	1	-	0	-	-	0,0	0,0	False	0.282	1	258.0	24	24	5	0	1	1	1	kmeans	1	0	0	0	0	False	False	1	1	1	INV-DUP+0:0/1:PASS:DV13/TC21:V5ref:T2Tref	3	0	0	0	0	-	0	0	0	-	equal	equal	equal
259	chr11	62122635	62123135	500	62122435	62123335	1	25	25	30	False	0	0.0	2	2	2	30	0.0	False	hom	1	-	90	-90@62122832	-90@62122832	-90,-90	-90,-93	False	1.0	hom	1	-	90	-90@62122832	-90@62122832	-90,-90	-90,-93	False	1.0	1	259.0	30	30	-90	0	1	0	1	kmeans	1	0	0	0	0	False	False	1	1	1	DEL-90:1/1:PASS:DV25/TC25:V5TP:T2TTP:hapGT1/1	1	0	1	0	0	-90:1/1:TP	1	0	0	-90:1/1:TP	equal	equal	equal
260	chr11	62142870	62143370	500	62142670	62143570	1	17	17	32	True	213	0.426	2	2	2	30	0.0	False	het	2	-	219	+219@62143052	-	219,0	219,0	False	1.0	het	2	-	219	+219@62143052	-	219,0	219,0	False	1.0	2	260.0,260.1	14,18	32	0,219	0	2	0	2	kmeans	2	0	0	0	0	False	False	2	2	1	INS+219:0/1:PASS:DV17/TC29:V5TP:T2TTP:hapGT0/1	1	0	1	0	0	+219:1/0:TP	1	0	0	+219:1/0:TP	equal	equal	equal
261	chr11	62177214	62177714	500	62177014	62177914	1	9	9	24	False	0	0.0	2	2	2	24	0.0	False	het	2	-	298	-	-298@62177315	0,-298	0,-298	False	1.0	het	2	-	298	-	-298@62177315	0,-298	0,-298	False	1.0	2	261.0,261.1	14,10	24	0,-298	0	2	0	2	kmeans	2	1	0	0	0	False	False	2	2	1	DEL-298:0/1:PASS:DV9/TC23:V5TP:T2TTP:hapGT0/1	1	0	1	0	0	-298:0/1:TP	1	0	0	-298:0/1:TP	equal	equal	equal
262	chr11	62277791	62279741	1950	62277591	62279941	1	85	25	28	True	1952	0.974	2	2	2	26	0.038	False	cpx_het	2	one_net_small	38	+50@62277853,-119@62277897,-49@62279139,-49@62279169,+129@62279557	+144@62277841,-40@62278713,-49@62279169,-49@62279444	-38,6	-34,11	False	1.0	cpx_het	2	one_net_small	11	+50@62277853,-119@62277897,-49@62279139,+129@62279557	+144@62277841,-40@62278713,-49@62279169,-49@62279444	11,6	15,11	False	1.0	1	262.0	27	27	238	0	1	0	1	kmeans	2	4	1	0	0	False	False	0	0	3	INS+142:1/1:PASS:DV24/TC26:V5ref:T2Tref:hapGT0/0;DEL-49:1/1:PASS:DV24/TC24:V5ref:T2Tref:hapGT0/1;INS+145:1/1:PASS:DV24/TC24:V5TP:T2TTP:hapGT0/0	3	1	2	1	0	+144:0/1:TP;-69:1/0:FN;+129:1/0:TP	2	1	0	+144:0/1:TP;-69:1/0:FN;+129:1/0:TP	under	under	under
263	chr11	62362407	62362916	509	62362207	62363116	1	32	15	17	True	568	1.0	2	2	2	17	0.0	False	cpx_het	2	size_diff	64	+44@62362606	+44@62362606,+20@62362813	44,64	32,34	False	1.0	cpx_het	2	size_diff	64	+44@62362606	+44@62362606,+20@62362813	44,64	32,34	False	1.0	2	263.0,263.1	13,4	17	30,19	0	2	0	2	kmeans	2	0	0	0	0	False	False	0	0	0	-	0	0	0	0	0	-	0	0	0	-	equal	equal	equal
264	chr11	62386389	62386943	554	62385550	62387143	1	23	22	24	False	0	0.0	2	2	2	24	0.0	False	cpx_het	2	size_diff	121	+121@62386439	+104@62386439	121,104	120,103	False	1.0	cpx_het	2	size_diff	121	+121@62386439	+104@62386439	121,104	120,103	False	1.0	1	264.0	24	24	121	0	1	0	1	kmeans	1	1	0	0	0	False	False	1	1	1	INS+121:1/1:PASS:DV22/TC22:V5TP:T2TTP:hapGT1/1	1	0	2	0	0	+104:0/1:TP;+121:1/0:TP	2	0	0	+104:0/1:TP;+121:1/0:TP	under	under	under
265	chr11	62447481	62447981	500	62447281	62448181	1	8	8	20	False	0	0.0	2	2	2	20	0.0	False	het	2	-	37	+37@62447708	-	37,0	37,0	False	1.0	het	2	-	37	+37@62447708	-	37,0	37,0	False	1.0	2	265.0,265.1	8,12	20	37,0	0	2	0	2	kmeans	2	3	0	0	0	False	False	2	2	1	INS+37:0/1:PASS:DV8/TC20:V5ref:T2Tref:hapGT0/1	1	0	0	0	0	-	0	0	0	-	equal	equal	equal
266	chr11	62757023	62757569	546	62756740	62757769	1	7	4	13	True	877	1.0	2	2	2	13	0.0	False	het	2	-	56	-	-36@62757073,-20@62757499	0,-56	-4,-56	False	1.0	het	2	-	56	-	-36@62757073,-20@62757499	0,-56	-4,-56	False	1.0	2	266.0,266.1	8,5	13	0,-55	0	2	0	2	kmeans	2	1	0	0	0	False	False	2	2	1	DEL-35:0/1:PASS:DV4/TC12:V5ref:T2Tref:hapGT0/0	1	0	0	0	0	-	0	0	0	-	equal	equal	equal
267	chr11	62783759	62784259	500	62783519	62785966	1	10	10	10	True	2347	1.0	2	2	2	10	0.0	False	hom	1	-	69	+69@62784008	+69@62784008	69,69	69,69	False	1.0	hom	1	-	69	+69@62784008	+69@62784008	69,69	69,69	False	1.0	1	267.0	10	10	78	0	1	0	1	kmeans	1	0	0	0	0	False	False	1	1	1	INS+68:1/1:PASS:DV10/TC10:V5TP:T2TTP:hapGT1/1	1	0	1	0	0	+69:1/1:TP	1	0	0	+69:1/1:TP	equal	equal	equal
268	chr11	62951489	62951989	500	62951289	62952189	1	41	28	28	True	337	0.674	2	2	2	28	0.0	False	cpx_het	2	size_diff	222	-56@62951703,-166@62951705	-166@62951705	-222,-166	-256,-174	False	1.0	cpx_het	2	size_diff	166	-56@62951703	-166@62951705	-56,-166	-90,-160	False	1.0	2	268.0,268.1	15,13	28	-156,-80	0	2	0	2	kmeans	2	0	0	0	0	False	False	1	2	2	DEL-164:0/1:PASS:DV15/TC28:V5TP:T2TTP:hapGT1/1;DEL-52:0/1:PASS:DV13/TC28:V5TP:T2TTP:hapGT0/0	2	1	2	0	0	-56:1/0:TP;-166:0/1:TP	2	0	0	-56:1/0:TP;-166:0/1:TP	equal	equal	equal
269	chr11	63092283	63092783	500	63092083	63092983	1	22	22	25	False	0	0.0	2	2	2	23	0.0	False	cpx_het	2	near_hom_le10bp	90	+80@63092529	+90@63092529	80,90	81,91	False	1.0	cpx_het	2	near_hom_le10bp	90	+80@63092529	+90@63092529	80,90	81,91	False	1.0	1	269.0	25	25	90	0	1	0	1	kmeans	1	1	0	0	0	False	False	1	1	1	INS+90:1/1:PASS:DV22/TC24:V5TP:T2TTP:hapGT1/1	1	0	2	0	0	+90:0/1:TP;+80:1/0:TP	2	0	0	+90:0/1:TP;+80:1/0:TP	under	under	under
270	chr11	63112885	63113385	500	63112685	63113585	1	21	21	22	True	252	0.504	2	2	2	22	0.0	False	cpx_het	2	size_diff	380	-190@63113039	-190@63113033,-190@63113039	-190,-380	-189,-379	False	1.0	hom	1	-	190	-190@63113039	-190@63113033	-190,-190	-189,-189	False	1.0	1	270.0	22	22	-188	0	1	0	1	kmeans	1	1	0	0	0	False	False	1	1	1	DEL-188:1/1:PASS:DV21/TC21:V5TP:T2TTP:hapGT0/1	1	1	1	0	0	-190:1/1:TP	2	0	0	-190:0/1:TP;-190:1/0:TP	under	equal	under
271	chr11	63257474	63257974	500	63257274	63258174	1	16	15	16	True	342	0.646	2	2	2	15	0.0	False	cpx_het	2	size_diff	80	+65@63257658	+80@63257658	65,80	70,69	False	1.0	cpx_het	2	size_diff	80	+65@63257658	+80@63257658	65,80	70,69	False	1.0	1	271.0	16	16	67	0	1	0	1	kmeans	1	2	0	0	0	False	False	1	1	1	INS+67:1/1:PASS:DV15/TC15:V5TP:T2TTP:hapGT1/1	1	0	2	0	0	+65:1/0:TP;+80:0/1:TP	2	0	0	+65:1/0:TP;+80:0/1:TP	under	under	under
272	chr11	63319139	63319639	500	63318939	63319839	1	14	12	24	True	212	0.424	2	2	2	22	0.0	False	cpx_het	2	size_diff	54	-54@63319320,+32@63319472	-54@63319320	-22,-54	-21,-36	False	1.0	cpx_het	2	size_diff	54	-54@63319320,+32@63319472	-54@63319320	-22,-54	-21,-36	False	1.0	2	272.0,272.1	12,12	24	-38,-21	0	2	0	2	kmeans	2	0	0	0	0	False	False	2	2	1	DEL-54:0/1:PASS:DV12/TC24:V5TP:T2TTP:hapGT0/1	1	0	1	0	0	-54:1/1:TP	1	0	0	-54:1/1:TP	equal	equal	equal
273	chr11	63571702	63572202	500	63571502	63573081	1	26	24	27	True	1274	0.89	2	2	2	27	0.0	False	cpx_het	2	one_net_small	39	+39@63571808,-20@63572958	+39@63571808	19,39	18,24	False	1.0	cpx_het	2	one_net_small	39	+39@63571808,-20@63572958	+39@63571808	19,39	18,24	False	1.0	1	273.0	27	27	17	0	1	0	1	kmeans	1	0	0	0	0	False	False	1	1	1	INS+40:1/1:PASS:DV26/TC26:V5ref:T2Tref:hapGT0/1	1	1	0	0	0	-	0	0	0	-	under	under	under
274	chr11	63614855	63615355	500	63614655	63615555	1	25	16	22	True	419	0.676	2	2	2	21	0.0	False	hom	1	-	50	+50@63615022	+50@63615018	50,50	38,42	False	0.474	hom	1	-	50	+50@63615022	+50@63615018	50,50	40,42	False	0.474	2	274.0,274.1	13,9	22	22,48	0	2	0	2	kmeans	2	3	0	0	0	False	False	1	1	1	INS+50:0/1:PASS:DV9/TC22:V5ref:T2Tref:hapGT1/1	1	1	0	0	0	-	0	0	0	-	over	over	over
275	chr11	63871429	63871929	500	63871229	63872129	1	11	11	22	True	630	0.966	2	2	2	21	0.0	False	het	2	-	150	-	-150@63871603	0,-150	0,-150	False	1.0	het	2	-	150	-	-150@63871603	0,-150	0,-150	False	1.0	2	275.0,275.1	12,10	22	-150,0	0	2	0	2	kmeans	2	2	0	0	0	False	False	2	2	1	DEL-150:0/1:PASS:DV11/TC21:V5TP:T2TTP:hapGT0/1	1	0	1	0	0	-150:0/1:TP	1	0	0	-150:0/1:TP	equal	equal	equal
276	chr11	63893107	63893607	500	63892675	63893807	1	6	6	24	True	546	0.328	2	2	2	24	0.0	False	het	2	-	260	-	+260@63893357	0,260	1,263	False	1.0	het	2	-	260	-	+260@63893357	0,260	1,263	False	1.0	2	276.0,276.1	15,9	24	7,260	0	2	0	2	kmeans	2	4	0	0	0	False	False	2	2	1	INS+260:0/1:PASS:DV8/TC23:V5TP:T2TTP:hapGT0/1	1	0	1	0	0	+260:0/1:TP	1	0	0	+260:0/1:TP	equal	equal	equal
277	chr11	63927558	63928058	500	63926742	63928258	1	18	18	21	True	1044	0.556	2	2	2	21	0.0	False	hom	1	-	41	+41@63927776	+41@63927776	41,41	42,43	False	1.0	hom	1	-	41	+41@63927776	+41@63927776	41,41	42,43	False	1.0	1	277.0	21	21	30	0	1	0	1	kmeans	1	1	0	0	0	False	False	1	1	1	INS+41:1/1:PASS:DV18/TC18:V5ref:T2Tref:hapGT1/1	1	0	0	0	0	-	0	0	0	-	equal	equal	equal
278	chr11	63931184	63931684	500	63930984	63931884	1	13	13	17	False	0	0.0	2	2	2	17	0.0	False	hom	1	-	309	+309@63931434	+309@63931434	309,309	309,310	False	1.0	hom	1	-	309	+309@63931434	+309@63931434	309,309	309,310	False	1.0	1	278.0	17	17	309	0	1	0	1	kmeans	1	2	0	0	0	False	False	1	1	1	INS+309:1/1:PASS:DV13/TC13:V5TP:T2TTP:hapGT1/1	1	0	1	0	0	+309:1/1:TP	1	0	0	+309:1/1:TP	equal	equal	equal
279	chr11	64035463	64035963	500	64035263	64036163	1	10	10	10	True	117	0.234	2	2	2	10	0.0	False	hom	1	-	38	+38@64035713	+38@64035713	38,38	38,38	False	1.0	hom	1	-	38	+38@64035713	+38@64035713	38,38	38,38	False	1.0	1	279.0	10	10	38	0	1	0	1	kmeans	1	1	0	0	0	False	False	1	1	1	INS+38:1/1:PASS:DV10/TC10:V5ref:T2Tref:hapGT1/1	1	0	0	0	0	-	0	0	0	-	equal	equal	equal
280	chr11	64113823	64114394	571	64113299	64114867	1	57	19	25	True	1468	1.0	2	2	2	25	0.0	False	ref	1	-	0	-	-	0,0	27,27	False	1.0	ref	1	-	0	-	-	0,0	27,27	False	1.0	1	280.0	25	25	27	0	1	0	1	kmeans	1	2	0	0	0	False	False	0	0	0	-	0	0	0	0	0	-	0	0	0	-	equal	equal	equal
281	chr11	64173233	64173733	500	64171218	64173933	1	4	4	23	True	2215	0.5	2	2	2	20	0.05	False	ref	1	-	0	-	-	0,0	-15,-15	False	1.0	ref	1	-	0	-	-	0,0	-15,-15	False	1.0	1	281.0	23	23	-25	0	1	0	1	kmeans	1	1	0	0	0	False	False	0	0	0	-	0	0	0	0	0	-	0	0	0	-	equal	equal	equal
282	chr11	64415904	64416404	500	64415704	64416604	1	11	11	24	True	463	0.926	2	2	2	23	0.0	False	het	2	-	40	-	-40@64416108	0,-40	0,-40	False	1.0	het	2	-	40	-	-40@64416108	0,-40	0,-40	False	1.0	2	282.0,282.1	11,12	23	-40,0	0	2	0	2	kmeans	2	0	0	0	0	False	False	2	2	1	DEL-40:0/1:PASS:DV11/TC24:V5ref:T2Tref:hapGT0/1	1	0	0	0	0	-	0	0	0	-	equal	equal	equal
283	chr11	64500746	64501246	500	64500546	64501446	1	21	21	21	False	0	0.0	2	2	2	21	0.0	False	hom	1	-	60	-60@64500967	-60@64500967	-60,-60	-60,-60	False	1.0	hom	1	-	60	-60@64500967	-60@64500967	-60,-60	-60,-60	False	1.0	1	283.0	21	21	-60	0	1	0	1	kmeans	1	1	0	0	0	False	False	1	1	1	DEL-60:1/1:PASS:DV21/TC21:V5TP:T2TTP:hapGT1/1	1	0	1	0	0	-60:1/1:TP	1	0	0	-60:1/1:TP	equal	equal	equal
284	chr11	64552915	64553415	500	64552715	64553615	1	21	17	20	True	134	0.268	2	2	2	18	0.0	False	hom	1	-	3021	+2848@64553153,+24@64553202	+3021@64553153	2872,3021	2872,3021	False	1.0	hom	1	-	3021	+2848@64553153,+24@64553202	+3021@64553153	2872,3021	2872,3021	False	1.0	2	284.0,284.1	6,14	20	2872,3021	0	2	0	1	other	0	3	0	0	0	False	False	1	1	1	INS+3021:0/1:PASS:DV19/TC19:V5TP:T2Tref:hapGT1/1	2	1	1	0	0	+3021:1/1:TP	1	1	0	+3021:0/1:TP;+2848:1/0:FN	over	over	over
285	chr11	64581829	64582329	500	64581629	64582529	1	14	12	26	True	568	0.94	2	2	2	25	0.0	False	cpx_het	2	opposite_sign	287	+287@64582046	-21@64582333	287,-21	287,-22	False	1.0	cpx_het	2	opposite_sign	287	+287@64582046	-21@64582333	287,-21	287,-22	False	1.0	2	285.0,285.1	14,12	26	-21,287	0	2	0	2	kmeans	2	1	0	0	0	False	False	2	2	1	INS+287:0/1:PASS:DV12/TC25:V5TP:T2TTP:hapGT0/1	1	0	1	0	0	+287:1/0:TP	1	0	0	+287:1/0:TP	equal	equal	equal
286	chr11	64594919	64596333	1414	64594427	64596533	1	115	27	27	True	1990	1.0	2	2	2	22	0.0	False	hom	1	-	319	+44@64594969,-20@64595350,-25@64595518,-20@64595922,+316@64596249	+44@64594969,-25@64595518,+300@64596249	295,319	287,315	False	0.044	hom	1	-	319	+44@64594969,-20@64595350,-25@64595518,-20@64595922,+316@64596249	+44@64594969,-25@64595518,+300@64596249	295,319	287,315	False	0.044	2	286.0,286.1	16,11	27	307,287	0	2	0	1	other	0	0	0	0	0	False	False	1	1	2	INS+44:0/1:PASS:DV23/TC26:V5ref:T2Tref:hapGT0/0;INS+300:0/1:PASS:DV21/TC21:V5ref:T2Tref:hapGT1/1	4	1	0	0	0	-	0	0	0	-	over	over	over
287	chr11	64705912	64706412	500	64705712	64706612	1	8	8	12	True	120	0.24	2	2	2	12	0.0	False	cpx_het	2	size_diff	312	+236@64706150	+312@64706150	236,312	234,310	False	1.0	cpx_het	2	size_diff	312	+236@64706150	+312@64706150	236,312	234,310	False	1.0	2	287.0,287.1	3,9	12	0,311	0	1	0	2	kmeans	2	0	0	0	0	False	False	1	1	1	INS+311:0/1:PASS:DV9/TC12:V5ref:T2Tref:hapGT1/1	1	1	1	1	0	+307:0/1:TP;+231:1/0:FN	1	1	0	+307:0/1:TP;+231:1/0:FN	equal	equal	equal
288	chr11	64758765	64759265	500	64758565	64759465	1	17	17	18	False	0	0.0	2	2	2	18	0.0	False	hom	1	-	75	+75@64759013	+75@64759013	75,75	75,75	False	1.0	hom	1	-	75	+75@64759013	+75@64759013	75,75	75,75	False	1.0	1	288.0	18	18	75	0	1	0	1	kmeans	1	2	0	0	0	False	False	1	1	1	INS+75:1/1:PASS:DV17/TC18:V5TP:T2TTP:hapGT1/1	1	0	1	0	0	+75:1/1:TP	1	0	0	+75:1/1:TP	equal	equal	equal
289	chr11	64855695	64856195	500	64855495	64856395	1	18	18	18	True	216	0.432	2	2	2	18	0.0	False	hom	1	-	96	-96@64855856	-96@64855856	-96,-96	-96,-96	False	1.0	hom	1	-	96	-96@64855856	-96@64855856	-96,-96	-96,-96	False	1.0	1	289.0	18	18	-96	0	1	0	1	kmeans	1	0	0	0	0	False	False	1	1	1	DEL-96:1/1:PASS:DV18/TC18:V5TP:T2TTP:hapGT1/1	1	0	1	0	0	-96:1/1:TP	1	0	0	-96:1/1:TP	equal	equal	equal
290	chr11	64983290	64983790	500	64982762	64985942	1	11	11	22	True	3080	1.0	2	2	2	22	0.0	False	het	2	-	38	-38@64983522	-	-38,0	-43,8	False	1.0	het	2	-	38	-38@64983522	-	-38,0	-43,8	False	1.0	2	290.0,290.1	11,11	22	5,-45	0	2	0	2	kmeans	2	2	0	0	0	False	False	2	2	1	DEL-38:0/1:PASS:DV11/TC21:V5ref:T2Tref:hapGT0/1	1	0	0	0	0	-	0	0	0	-	equal	equal	equal
291	chr11	65215716	65216967	1251	65215516	65217167	1	18	5	26	True	1205	0.963	2	2	2	23	0.043	False	ref	1	-	0	-	-	0,0	-4,-20	False	1.0	ref	1	-	0	-	-	0,0	-4,-16	False	1.0	2	291.0,291.1	10,16	26	-16,0	0	2	0	1	other	0	3	0	0	1	False	False	1	1	0	-	0	0	0	0	0	-	0	0	0	-	over	over	over
292	chr11	65239368	65239868	500	65238501	65240068	1	28	26	27	True	1231	0.828	2	2	2	26	0.0	False	hom	1	-	131	+131@65239646	+131@65239646	131,131	138,114	False	1.0	hom	1	-	131	+131@65239646	+131@65239646	131,131	138,114	False	1.0	1	292.0	27	27	131	0	0	0	1	kmeans	1	0	0	0	0	False	False	1	1	1	INS+131:1/1:PASS:DV27/TC27:V5TP:T2TTP:hapGT1/1	1	0	1	0	0	+131:1/1:TP	1	0	0	+131:1/1:TP	equal	equal	equal
293	chr11	65246225	65249188	2963	65246025	65250408	1	33	21	22	True	2352	0.399	2	2	2	22	0.0	False	cpx_het	2	size_diff	145	-60@65249131	-31@65246279,-54@65249084,-60@65249131	-60,-145	-58,-146	False	1.0	cpx_het	2	size_diff	85	-60@65249131	-31@65246279,-54@65249084	-60,-85	-55,-80	False	1.0	2	293.0,293.1	10,12	22	-49,-73	0	2	0	2	kmeans	2	1	0	0	0	False	False	1	2	2	DEL-31:0/1:PASS:DV11/TC22:V5ref:T2Tref:hapGT0/0;DEL-49:0/1:PASS:DV18/TC18:V5TP:T2Tref:hapGT0/1	3	0	1	0	0	-54:1/1:TP	1	0	0	-54:0/1:TP	equal	equal	equal
294	chr11	65451569	65452069	500	65449699	65452269	1	5	5	15	True	2221	0.802	2	2	2	15	0.0	False	het	2	-	49	-	-49@65451786	0,-49	0,-49	False	1.0	het	2	-	49	-	-49@65451786	0,-49	0,-49	False	1.0	2	294.0,294.1	10,5	15	8,-49	0	2	0	2	kmeans	2	0	0	0	0	False	False	2	2	1	DEL-49:0/1:PASS:DV5/TC15:V5ref:T2Tref:hapGT0/1	1	0	0	0	0	-	0	0	0	-	equal	equal	equal
295	chr11	65516021	65516521	500	65515385	65517438	1	6	6	10	True	1953	1.0	2	2	2	10	0.0	False	cpx_het	2	size_diff	776	+776@65516265	+544@65516265	776,544	776,544	False	1.0	cpx_het	2	size_diff	776	+776@65516265	+544@65516265	776,544	776,544	False	1.0	2	295.0,295.1	5,5	10	792,549	0	2	0	2	other	0	1	0	0	0	False	False	2	2	2	INS+549:0/1:PASS:DV5/TC10:V5TP:T2TTP:hapGT1/1;INS+786:0/1:PASS:DV4/TC10:V5TP:T2TTP:hapGT0/1	2	1	2	0	0	+544:0/1:TP;+776:1/0:TP	2	0	0	+544:0/1:TP;+776:1/0:TP	equal	equal	equal
296	chr11	65735721	65736221	500	65735521	65736421	1	19	18	23	False	0	0.0	2	2	2	23	0.0	False	hom	1	-	314	+314@65736004	+314@65736004	314,314	314,314	False	1.0	hom	1	-	314	+314@65736004	+314@65736004	314,314	314,314	False	1.0	2	296.0,296.1	21,2	23	315,-285	0	2	0	2	kmeans	2	2	0	0	0	False	False	1	1	1	DEL-313:0/0:LowQual:DV1/TC20:V5-:T2T-;INS+315:0/1:PASS:DV20/TC21:V5TP:T2TTP:hapGT1/1;DEL-289:0/0:LowQual:DV2/TC22:V5-:T2T-	4	1	1	0	0	+314:1/1:TP	1	0	0	+314:1/1:TP	over	over	over
297	chr11	65762565	65763065	500	65762365	65763801	1	28	28	31	True	1118	0.864	2	2	2	31	0.0	False	hom	1	-	23	+48@65762785,-25@65763644	+48@65762785,-25@65763644	23,23	23,23	False	1.0	hom	1	-	23	+48@65762785,-25@65763644	+48@65762785,-25@65763644	23,23	23,23	False	1.0	1	297.0	31	31	22	0	1	0	1	kmeans	1	1	0	0	0	False	False	1	1	1	INS+47:1/1:PASS:DV29/TC29:V5ref:T2Tref:hapGT0/0	1	0	0	0	0	-	0	0	0	-	equal	equal	equal
298	chr11	65825596	65826725	1129	65825396	65826925	1	33	16	19	True	327	0.29	2	2	2	18	0.0	False	cpx_het	2	size_diff	78	-56@65825992,-48@65826004,+26@65826646	-48@65826004	-78,-48	-89,-57	False	1.0	cpx_het	2	size_diff	48	-56@65825992,+26@65826646	-48@65826004	-30,-48	-41,-57	False	1.0	1	298.0	19	19	-32	0	1	0	1	kmeans	1	3	0	0	0	False	False	0	1	1	DEL-48:1/1:PASS:DV16/TC18:V5TP:T2TTP:hapGT0/1	1	1	1	0	0	-56:1/0:TP	1	0	0	-56:1/0:TP	under	under	under
299	chr11	65874586	65876110	1524	65873898	65876439	1	20	10	26	True	2441	1.0	2	2	2	26	0.0	False	het	2	-	1412	-1412@65874636	-	-1412,0	-1413,-1	False	1.0	het	2	-	1412	-1412@65874636	-	-1412,0	-1412,-1	False	1.0	2	299.0,299.1	12,14	26	-1412,0	0	2	0	2	kmeans	2	2	0	0	0	False	False	2	2	1	DEL-1412:0/1:PASS:DV12/TC26:V5TP:T2TTP:hapGT0/1	1	0	1	0	0	-1412:1/0:TP	1	0	0	-1412:1/0:TP	equal	equal	equal
300	chr11	65970744	65971707	963	65970544	65971907	1	98	23	26	True	979	1.0	2	2	2	26	0.0	False	cpx_het	2	size_diff	1679	+314@65971134,+1092@65971177,+273@65971393	+93@65970827,+61@65971178,+151@65971457	1679,305	1679,316	False	1.0	cpx_het	2	size_diff	1679	+314@65971134,+1092@65971177,+273@65971393	+93@65970827,+61@65971178,+151@65971457	1679,305	1679,316	False	1.0	2	300.0,300.1	14,12	26	1675,302	0	2	0	2	other	0	2	0	0	0	False	False	2	2	4	INS+87:0/1:PASS:DV11/TC24:V5ref:T2Tref:hapGT0/0;INS+1402:0/1:PASS:DV13/TC23:V5ref:T2Tref:hapGT0/1;INS+273:0/1:PASS:DV13/TC23:V5ref:T2Tref:hapGT0/1;INS+186:0/1:PASS:DV10/TC23:V5ref:T2Tref:hapGT0/0	4	0	1	0	0	+90:0/1:TP	1	0	0	+90:0/1:TP	equal	equal	equal
301	chr11	66164358	66164858	500	66164158	66165058	1	7	7	18	False	0	0.0	2	2	2	18	0.0	False	het	2	-	33	+33@66164596	-	33,0	33,0	False	1.0	het	2	-	33	+33@66164596	-	33,0	33,0	False	1.0	2	301.0,301.1	7,11	18	33,0	0	2	0	2	kmeans	2	2	0	0	0	False	False	2	2	1	INS+33:0/1:PASS:DV7/TC17:V5ref:T2Tref:hapGT0/1	1	0	0	0	0	-	0	0	0	-	equal	equal	equal
302	chr11	66216610	66217110	500	66216410	66217310	1	11	11	19	False	0	0.0	2	2	2	19	0.0	False	het	2	-	323	+323@66216854	-	323,0	323,0	False	1.0	het	2	-	323	+323@66216854	-	323,0	323,0	False	1.0	2	302.0,302.1	8,11	19	0,320	0	2	0	2	kmeans	2	0	0	0	0	False	False	2	2	1	INS+320:0/1:PASS:DV11/TC18:V5TP:T2TTP:hapGT0/1	1	0	1	0	0	+323:1/0:TP	1	0	0	+323:1/0:TP	equal	equal	equal
303	chr11	66394388	66394888	500	66394188	66395088	1	14	14	23	False	0	0.0	2	2	2	22	0.0	False	het	2	-	2693	+2693@66394633	-	2693,0	2693,0	False	1.0	het	2	-	2693	+2693@66394633	-	2693,0	2693,0	False	1.0	2	303.0,303.1	12,11	23	2691,0	0	2	0	2	kmeans	2	2	0	0	0	False	False	2	2	1	INS+2691:0/1:PASS:DV12/TC23:V5TP:T2TTP:hapGT0/1	1	0	1	0	0	+2693:1/0:TP	1	0	0	+2693:1/0:TP	equal	equal	equal
304	chr11	66460046	66462205	2159	66459846	66462405	1	26	15	16	True	1213	0.562	2	2	2	16	0.0	False	hom	1	-	101	-324@66460101,+223@66462139	-324@66460101,+223@66462139	-101,-101	-93,-93	False	1.0	hom	1	-	101	-324@66460101,+223@66462139	-324@66460101,+223@66462139	-101,-101	-93,-93	False	1.0	2	304.0,304.1	4,12	16	-93,-93	0	2	0	1	other	0	2	0	0	0	False	False	1	1	2	DEL-324:0/1:PASS:DV13/TC13:V5TP:T2TTP:hapGT0/0;INS+224:0/1:PASS:DV16/TC16:V5TP:T2TTP:hapGT0/0	4	0	2	0	0	-324:1/1:TP;+223:1/1:TP	2	0	0	-324:1/1:TP;+223:1/1:TP	over	over	over
305	chr11	66598145	66598645	500	66596048	66598845	1	11	10	23	False	0	0.0	2	2	2	23	0.0	False	het	2	-	779	+779@66598463	-	779,0	779,0	False	1.0	het	2	-	779	+779@66598463	-	779,0	779,0	False	1.0	2	305.0,305.1	15,8	23	10,779	0	2	0	2	kmeans	2	1	0	0	0	False	False	2	2	1	INS+779:0/1:PASS:DV7/TC22:V5TP:T2TTP:hapGT0/1	1	0	1	0	0	+779:1/0:TP	1	0	0	+779:1/0:TP	equal	equal	equal
306	chr11	66943705	66945865	2160	66943505	66946065	1	15	14	15	True	770	0.356	2	2	2	14	0.0	False	hom	1	-	1805	-1805@66944010	-1805@66944010	-1805,-1805	-1807,-1806	False	1.0	hom	1	-	1805	-1805@66944010	-1805@66944010	-1805,-1805	-1807,-1806	False	1.0	1	306.0	15	15	-1805	0	1	0	1	kmeans	1	1	0	0	0	False	False	1	1	1	DEL-1805:1/1:PASS:DV14/TC14:V5TP:T2TTP:hapGT1/1	1	0	1	0	0	-1805:1/1:TP	1	0	0	-1805:1/1:TP	equal	equal	equal
307	chr11	67222387	67222887	500	67222187	67223087	1	14	14	17	False	0	0.0	2	2	2	17	0.0	False	hom	1	-	536	+536@67222609	+536@67222609	536,536	536,536	False	1.0	hom	1	-	536	+536@67222609	+536@67222609	536,536	536,536	False	1.0	1	307.0	17	17	536	0	1	0	1	kmeans	1	3	0	0	0	False	False	1	1	1	INS+536:1/1:PASS:DV16/TC17:V5TP:T2TTP:hapGT1/1	1	0	1	0	0	+536:1/1:TP	1	0	0	+536:1/1:TP	equal	equal	equal
308	chr11	67233264	67233764	500	67233064	67233964	1	19	19	20	True	303	0.592	2	2	2	20	0.0	False	hom	1	-	1736	+1735@67233532	+1736@67233532	1735,1736	1732,1733	False	1.0	hom	1	-	1736	+1735@67233532	+1736@67233532	1735,1736	1732,1733	False	1.0	1	308.1	20	20	1736	0	1	0	1	kmeans	2	2	1	0	0	False	False	1	1	1	INS+1736:1/1:PASS:DV20/TC20:V5TP:T2TTP:hapGT1/1	1	0	1	0	0	+1736:1/1:TP	2	0	0	+1736:0/1:TP;+1735:1/0:TP	equal	equal	equal
309	chr11	67329492	67329992	500	67329292	67330192	1	14	14	16	False	0	0.0	2	2	2	16	0.0	False	hom	1	-	154	+154@67329731	+154@67329731	154,154	145,145	False	1.0	hom	1	-	154	+154@67329731	+154@67329731	154,154	145,145	False	1.0	1	309.0	16	16	146	0	1	0	1	kmeans	1	1	0	0	0	False	False	1	1	1	INS+154:1/1:PASS:DV14/TC14:V5TP:T2TTP:hapGT1/1	1	0	1	0	0	+154:1/1:TP	1	0	0	+154:1/1:TP	equal	equal	equal
310	chr11	67347391	67347891	500	67347191	67348091	1	5	5	19	True	73	0.146	2	2	2	19	0.0	False	cpx_het	2	size_diff	51	-27@67347630,-24@67347631	-24@67347631	-51,-24	-51,-24	False	1.0	cpx_het	2	near_hom_le10bp	27	-27@67347630	-24@67347631	-27,-24	-27,-24	False	1.0	1	310.0	19	19	-27	0	1	0	1	kmeans	1	0	0	0	0	False	False	0	1	0	-	0	0	0	0	0	-	0	0	0	-	under	under	under
311	chr11	67499322	67499822	500	67499122	67500022	1	14	14	16	True	50	0.1	2	2	2	16	0.0	False	hom	1	-	536	+536@67499572	+536@67499572	536,536	536,536	False	1.0	hom	1	-	536	+536@67499572	+536@67499572	536,536	536,536	False	1.0	1	311.0	16	16	536	0	1	0	1	kmeans	1	2	0	0	0	False	False	1	1	1	INS+536:1/1:PASS:DV16/TC16:V5TP:T2TTP:hapGT1/1	1	0	1	0	0	+536:1/1:TP	1	0	0	+536:1/1:TP	equal	equal	equal
312	chr11	67531858	67532358	500	67531589	67532558	1	16	16	16	True	265	0.092	2	2	2	16	0.0	False	hom	1	-	32	+32@67532110	+30@67532110	32,30	32,30	False	0.91	hom	1	-	32	+32@67532110	+30@67532110	32,30	32,30	False	0.91	1	312.0	16	16	32	0	1	0	1	kmeans	1	1	0	0	0	False	False	1	1	1	INS+32:1/1:PASS:DV16/TC16:V5ref:T2Tref:hapGT1/1	1	0	0	0	0	-	0	0	0	-	equal	equal	equal
313	chr11	67654853	67655353	500	67654653	67655553	1	17	16	20	False	0	0.0	2	2	2	19	0.0	False	hom	1	-	314	+314@67655023	+314@67655023	314,314	314,314	False	1.0	hom	1	-	314	+314@67655023	+314@67655023	314,314	314,314	False	1.0	2	313.0,313.1	18,2	20	314,-2	0	1	0	2	kmeans	2	1	0	0	0	False	False	1	1	1	INS+314:1/1:PASS:DV16/TC19:V5TP:T2TTP:hapGT1/1	1	0	1	0	0	+314:1/1:TP	1	0	0	+314:1/1:TP	over	over	over
314	chr11	67669865	67670365	500	67668375	67670565	1	20	20	21	True	1952	1.0	2	2	2	21	0.0	False	hom	1	-	212	-212@67669984	-212@67669984	-212,-212	-212,-212	False	1.0	hom	1	-	212	-212@67669984	-212@67669984	-212,-212	-212,-212	False	1.0	1	314.1	21	21	-212	0	1	0	1	kmeans	2	0	1	0	0	False	False	1	1	1	DEL-212:1/1:PASS:DV20/TC21:V5TP:T2TTP:hapGT1/1	1	0	1	0	0	-212:1/1:TP	1	0	0	-212:1/1:TP	equal	equal	equal
315	chr11	67751060	67751560	500	67750860	67751760	1	15	15	15	True	426	0.638	2	2	2	15	0.0	False	hom	1	-	36	-36@67751292	-36@67751292	-36,-36	-24,-22	False	1.0	hom	1	-	36	-36@67751292	-36@67751292	-36,-36	-22,-22	False	1.0	1	315.0	15	15	-20	0	1	0	1	kmeans	1	0	0	0	0	False	False	0	0	1	DEL-36:1/1:PASS:DV15/TC15:V5ref:T2Tref:hapGT1/1	1	0	0	0	0	-	0	0	0	-	equal	equal	equal
316	chr11	67752889	67753389	500	67752689	67753589	1	35	17	18	True	196	0.392	2	2	2	18	0.0	False	cpx_het	2	size_diff	683	+582@67753085,+101@67753198	+130@67753093,+143@67753205	683,273	681,281	False	0.98	cpx_het	2	size_diff	683	+582@67753085,+101@67753198	+130@67753093,+143@67753205	683,273	681,281	False	0.98	2	316.0,316.1	9,9	18	276,687	0	2	0	2	other	0	0	0	0	0	False	False	2	2	4	INS+582:0/1:PASS:DV9/TC18:V5TP:T2TTP:hapGT0/1;INS+128:0/1:PASS:DV9/TC18:V5TP:T2TTP:hapGT0/0;INS+105:0/1:PASS:DV9/TC18:V5TP:T2TTP:hapGT0/0;INS+143:0/1:PASS:DV9/TC18:V5TP:T2TTP:hapGT0/0	4	0	4	0	0	+582:1/0:TP;+130:0/1:TP;+101:1/0:TP;+143:0/1:TP	4	0	0	+582:1/0:TP;+130:0/1:TP;+101:1/0:TP;+143:0/1:TP	equal	equal	equal
317	chr11	67831331	67831831	500	67831131	67832031	1	22	22	26	False	0	0.0	2	2	2	24	0.0	False	hom	1	-	6064	+6064@67831574	+6064@67831574	6064,6064	6064,6064	False	1.0	hom	1	-	6064	+6064@67831574	+6064@67831574	6064,6064	6064,6064	False	1.0	2	317.0,317.1	12,14	26	6065,6058	0	2	0	1	kmeans	2	2	0	0	0	False	False	1	1	1	INS+6058:0/1:PASS:DV24/TC24:V5TP:T2Tref:hapGT1/1	2	1	1	0	0	+6064:1/1:TP	1	1	0	+6064:1/0:FN;+6064:0/1:TP	over	over	over
318	chr11	67837477	67837977	500	67837277	67838177	1	34	14	16	True	256	0.448	2	2	2	15	0.0	False	hom	1	-	2327	+2327@67837610	+2326@67837610	2327,2326	2350,2349	False	1.0	hom	1	-	2327	+2327@67837610	+2326@67837610	2327,2326	2350,2349	False	1.0	2	318.0,318.1	12,4	16	2348,2347	0	2	0	1	kmeans	2	1	0	0	0	False	False	1	1	1	INS+2329:0/1:PASS:DV14/TC15:V5TP:T2Tref:hapGT1/1	2	1	1	0	0	+2327:1/1:TP	1	1	0	+2317:1/0:TP;+2316:0/1:FN	over	over	over
319	chr11	67894824	67895324	500	67894624	67895524	1	31	31	34	False	0	0.0	2	2	2	31	0.0	False	hom	1	-	80	-80@67895035	-80@67895035	-80,-80	-79,-79	False	1.0	hom	1	-	80	-80@67895035	-80@67895035	-80,-80	-79,-79	False	1.0	1	319.0	34	34	-80	0	1	0	1	kmeans	1	0	0	0	0	False	False	1	1	1	DEL-80:1/1:PASS:DV31/TC32:V5TP:T2TTP:hapGT1/1	1	0	1	0	0	-80:1/1:TP	1	0	0	-80:1/1:TP	equal	equal	equal
320	chr11	68207164	68208280	1116	68206784	68208480	1	9	9	25	True	965	0.569	2	2	2	25	0.0	False	het	2	-	1206	+1206@68207058	-	1206,0	1206,0	False	1.0	het	2	-	1206	+1206@68207058	-	1206,0	1206,0	False	1.0	2	320.0,320.1	15,10	25	0,1208	0	2	0	2	kmeans	2	1	0	0	0	False	False	2	2	1	INS+1208:0/1:PASS:DV10/TC25:V5TP:T2TTP:hapGT0/1	1	0	1	0	0	+1206:1/0:TP	1	0	0	+1206:1/0:TP	equal	equal	equal
321	chr11	68264331	68264831	500	68264131	68265031	1	40	20	25	True	394	0.768	2	2	2	23	0.0	False	hom	1	-	757	+52@68264542,+701@68264684	+52@68264542,+705@68264684	753,757	753,757	False	1.0	hom	1	-	757	+52@68264542,+701@68264684	+52@68264542,+705@68264684	753,757	753,757	False	1.0	2	321.0,321.1	23,2	25	757,-24	0	1	0	2	kmeans	2	3	0	0	0	False	False	1	1	2	INS+52:1/1:PASS:DV20/TC24:V5TP:T2TTP:hapGT0/0;INS+705:1/1:PASS:DV21/TC23:V5TP:T2TTP:hapGT1/1	2	0	2	0	0	+52:1/1:TP;+705:1/1:TP	3	0	0	+52:1/1:TP;+701:1/0:TP;+705:0/1:TP	over	over	over
322	chr11	68372194	68372694	500	68371994	68372894	1	18	18	20	True	305	0.604	2	2	2	19	0.0	False	hom	1	-	240	+240@68372412	+240@68372412	240,240	240,240	False	1.0	hom	1	-	240	+240@68372412	+240@68372412	240,240	240,240	False	1.0	1	322.0	20	20	240	0	1	0	1	kmeans	1	2	0	0	0	False	False	1	1	1	INS+240:1/1:PASS:DV18/TC18:V5TP:T2TTP:hapGT1/1	1	0	1	0	0	+240:1/1:TP	1	0	0	+240:1/1:TP	equal	equal	equal
323	chr11	68388660	68389216	556	68388460	68389824	1	23	22	23	True	867	0.556	2	2	2	23	0.0	False	hom	1	-	45	+45@68389156	+45@68389156	45,45	45,45	False	1.0	hom	1	-	45	+45@68389156	+45@68389156	45,45	45,45	False	1.0	1	323.0	23	23	45	0	1	0	1	kmeans	1	0	0	0	0	False	False	1	1	1	INS+45:1/1:PASS:DV22/TC22:V5ref:T2Tref:hapGT1/1	1	0	0	0	0	-	0	0	0	-	equal	equal	equal
324	chr11	68415531	68416031	500	68415331	68416231	1	23	23	23	True	580	1.0	2	2	2	23	0.0	False	hom	1	-	310	-310@68415625	-310@68415625	-310,-310	-310,-310	False	1.0	hom	1	-	310	-310@68415625	-310@68415625	-310,-310	-310,-310	False	1.0	1	324.0	23	23	-310	0	1	0	1	kmeans	1	0	0	0	0	False	False	1	1	1	DEL-310:1/1:PASS:DV23/TC24:V5TP:T2TTP:hapGT1/1	1	0	1	0	0	-310:1/1:TP	1	0	0	-310:1/1:TP	equal	equal	equal
325	chr11	68428759	68429259	500	68428559	68429459	1	22	21	25	True	318	0.636	2	2	2	23	0.0	False	hom	1	-	510	+510@68428943	+510@68428943	510,510	510,510	False	1.0	hom	1	-	510	+510@68428943	+510@68428943	510,510	510,510	False	1.0	2	325.0,325.1	21,4	25	508,506	0	2	0	1	kmeans	2	0	0	0	0	False	False	1	1	1	INS+508:0/1:PASS:DV24/TC24:V5TP:T2TTP:hapGT1/1	2	1	1	0	0	+510:1/1:TP	1	0	0	+510:1/1:TP	over	over	over
326	chr11	68508540	68509040	500	68508340	68509240	1	13	13	23	True	178	0.356	2	2	2	23	0.0	False	het	2	-	36	-	-36@68508770	0,-36	-18,-36	False	1.0	het	2	-	36	-	-36@68508770	0,-36	-18,-36	False	1.0	2	326.0,326.1	9,14	23	-18,-36	0	2	0	2	kmeans	2	1	0	0	0	False	False	2	2	1	DEL-36:0/1:PASS:DV13/TC21:V5ref:T2Tref:hapGT0/1	1	0	0	0	0	-	0	0	0	-	equal	equal	equal
327	chr11	68565534	68566034	500	68565334	68566397	1	16	16	25	False	0	0.0	2	2	2	25	0.0	False	het	2	-	45	-	-45@68565748	0,-45	0,-51	False	1.0	het	2	-	45	-	-45@68565748	0,-45	0,-51	False	1.0	2	327.0,327.1	16,9	25	-51,0	0	2	0	2	kmeans	2	1	0	0	0	False	False	2	2	1	DEL-45:0/1:PASS:DV16/TC25:V5ref:T2Tref:hapGT0/1	1	0	0	0	0	-	0	0	0	-	equal	equal	equal
328	chr11	68644440	68644940	500	68644240	68645140	1	67	18	22	True	280	0.56	2	2	2	22	0.0	False	cpx_het	2	size_diff	1198	+239@68644615,+37@68644671,+922@68644819	+560@68644733,+448@68644819	1198,1008	1209,1002	False	1.0	cpx_het	2	size_diff	1198	+239@68644615,+37@68644671,+922@68644819	+560@68644733,+448@68644819	1198,1008	1209,1002	False	1.0	2	328.0,328.1	15,7	22	997,1199	0	2	0	2	kmeans	2	4	0	0	0	False	False	2	2	3	INS+244:0/1:PASS:DV15/TC22:V5ref:T2Tref:hapGT0/0;INS+729:0/1:PASS:DV13/TC22:V5ref:T2Tref:hapGT0/1;INS+1164:0/1:PASS:DV7/TC22:V5ref:T2Tref:hapGT1/1	3	1	2	0	0	+1128:1/0:TP;+992:0/1:TP	2	0	0	+1128:1/0:TP;+992:0/1:TP	equal	equal	equal
329	chr11	68666947	68667447	500	68666747	68667647	1	61	17	28	True	638	1.0	2	2	2	28	0.0	False	het	2	-	440	-160@68667164,+600@68667327	-	440,0	474,18	False	0.303	het	2	-	440	-160@68667164,+600@68667327	-	440,0	474,18	False	0.303	2	329.0,329.1	17,11	28	479,18	0	2	0	2	kmeans	2	2	0	0	0	False	False	2	2	2	INS+35:0/1:PASS:DV27/TC28:V5ref:T2Tref:hapGT0/0;INS+422:0/1:PASS:DV17/TC27:V5ref:T2Tref:hapGT0/1	3	0	0	0	0	-	0	0	0	-	equal	equal	equal
330	chr11	68861472	68861972	500	68860144	68862172	1	9	9	18	True	1647	0.738	2	2	2	17	0.0	False	het	2	-	49	-	-49@68861699	0,-49	-15,-62	False	1.0	het	2	-	49	-	-49@68861699	0,-49	-15,-62	False	1.0	2	330.0,330.1	9,9	18	-49,-15	0	2	0	2	kmeans	2	1	0	0	0	False	False	2	2	1	DEL-49:0/1:PASS:DV9/TC18:V5ref:T2Tref:hapGT0/1	1	0	0	0	0	-	0	0	0	-	equal	equal	equal
331	chr11	68888742	68889242	500	68888542	68889442	1	29	27	28	False	0	0.0	2	2	2	27	0.0	False	hom	1	-	3040	+3040@68888879	+3015@68888879	3040,3015	3042,3015	False	1.0	hom	1	-	3040	+3040@68888879	+3015@68888879	3040,3015	3042,3015	False	1.0	2	331.0,331.1	21,7	28	3031,3046	0	2	1	1	kmeans	2	2	0	0	0	False	False	1	1	1	INS+3031:0/1:PASS:DV21/TC28:V5TP:T2Tref:hapGT1/1	3	1	1	0	0	+3040:1/1:TP	1	1	0	+3040:1/0:TP;+3015:0/1:FN	over	over	over
332	chr11	68892041	68892707	666	68891841	68892907	1	22	22	24	True	714	1.0	2	2	2	23	0.0	False	hom	1	-	40	-40@68892523	-40@68892523	-40,-40	-39,-39	False	1.0	hom	1	-	40	-40@68892523	-40@68892523	-40,-40	-39,-39	False	1.0	1	332.0	24	24	-40	0	1	0	1	kmeans	1	0	0	0	0	False	False	1	1	1	DEL-40:1/1:PASS:DV24/TC24:V5ref:T2Tref:hapGT1/1	1	0	0	0	0	-	0	0	0	-	equal	equal	equal
333	chr11	68929630	68930130	500	68929430	68930330	1	7	7	27	True	149	0.298	2	2	2	27	0.0	False	het	2	-	192	-	+192@68929815	0,192	0,192	False	1.0	het	2	-	192	-	+192@68929815	0,192	0,192	False	1.0	2	333.0,333.1	19,8	27	0,192	0	2	0	2	kmeans	2	2	0	0	0	False	False	2	2	1	INS+192:0/1:PASS:DV7/TC26:V5TP:T2TTP:hapGT0/1	1	0	1	0	0	+192:0/1:TP	1	0	0	+192:0/1:TP	equal	equal	equal
334	chr11	68955842	68956342	500	68955642	68956542	1	26	24	27	True	237	0.474	2	2	2	27	0.0	False	hom	1	-	252	+252@68956099	+251@68956099	252,251	254,252	False	1.0	hom	1	-	252	+252@68956099	+251@68956099	252,251	254,252	False	1.0	1	334.0	27	27	252	0	1	0	1	kmeans	2	2	1	0	0	False	False	1	1	1	INS+252:1/1:PASS:DV26/TC26:V5TP:T2TTP:hapGT1/1	1	0	1	0	0	+252:1/1:TP	2	0	0	+251:0/1:TP;+252:1/0:TP	equal	equal	equal
335	chr11	68963581	68964190	609	68963381	68964390	1	19	17	19	True	220	0.361	2	2	2	19	0.0	False	hom	1	-	858	+825@68963985	+858@68963985	825,858	825,858	False	1.0	hom	1	-	858	+825@68963985	+858@68963985	825,858	825,858	False	1.0	2	335.0,335.1	11,8	19	825,858	0	2	0	1	kmeans	2	1	0	0	0	False	False	1	1	1	INS+825:0/1:PASS:DV18/TC18:V5TP:T2Tref:hapGT1/1	2	1	1	0	0	+858:1/1:TP	0	0	0	-	over	over	over
336	chr11	68997992	68998492	500	68997792	68998692	1	4	4	13	False	0	0.0	2	2	2	12	0.0	False	het	2	-	34	+34@68998242	-	34,0	34,4	False	1.0	het	2	-	34	+34@68998242	-	34,0	34,4	False	1.0	2	336.0,336.1	8,5	13	6,36	0	2	0	2	kmeans	2	0	0	0	0	False	False	2	2	1	INS+36:0/1:PASS:DV4/TC12:V5ref:T2Tref:hapGT0/1	1	0	0	0	0	-	0	0	0	-	equal	equal	equal
337	chr11	69055383	69055883	500	69055183	69056083	1	19	19	19	True	235	0.47	2	2	2	19	0.0	False	hom	1	-	46	+46@69055528	+46@69055528	46,46	46,46	False	1.0	hom	1	-	46	+46@69055528	+46@69055528	46,46	46,46	False	1.0	1	337.0	19	19	46	0	1	0	1	kmeans	1	0	0	0	0	False	False	1	1	1	INS+46:1/1:PASS:DV19/TC19:V5ref:T2Tref:hapGT1/1	1	0	0	0	0	-	0	0	0	-	equal	equal	equal
338	chr11	69068311	69069847	1536	69068111	69070047	1	36	15	15	True	1596	0.992	2	2	2	15	0.0	False	hom	1	-	233	-39@69068420,+272@69069512	-39@69068420,+272@69069512	233,233	234,234	False	1.0	hom	1	-	233	-39@69068420,+272@69069512	-39@69068420,+272@69069512	233,233	234,234	False	1.0	1	338.0	15	15	232	0	1	0	1	kmeans	2	1	1	0	0	False	False	1	1	2	INS+194:1/1:PASS:DV14/TC14:V5TP:T2TTP:hapGT1/1;INS+38:1/1:PASS:DV14/TC14:V5ref:T2Tref:hapGT0/0	2	0	1	0	0	+272:1/1:TP	1	0	0	+272:1/1:TP	equal	equal	equal
339	chr11	69076748	69077421	673	69076488	69077621	1	42	13	14	True	864	0.972	2	2	2	14	0.0	False	hom	1	-	564	+464@69077105,+100@69077371	+464@69077105,+100@69077371	564,564	572,572	False	1.0	hom	1	-	564	+464@69077105,+100@69077371	+464@69077105,+100@69077371	564,564	572,572	False	1.0	1	339.0	13	13	572	0	1	0	1	kmeans	2	0	1	0	0	False	False	1	1	2	INS+464:1/1:PASS:DV13/TC14:V5TP:T2TTP:hapGT1/1;INS+100:1/1:PASS:DV13/TC14:V5TP:T2TTP:hapGT0/0	2	0	2	0	0	+464:1/1:TP;+100:1/1:TP	2	0	0	+464:1/1:TP;+100:1/1:TP	equal	equal	equal
340	chr11	69082481	69082981	500	69082281	69083194	1	10	10	10	True	674	1.0	2	2	2	10	0.0	False	hom	1	-	62	-62@69082618	-62@69082618	-62,-62	-62,-62	False	1.0	hom	1	-	62	-62@69082618	-62@69082618	-62,-62	-62,-62	False	1.0	1	340.0	10	10	-61	0	1	0	1	kmeans	1	0	0	0	0	False	False	1	1	1	DEL-61:1/1:PASS:DV10/TC10:V5TP:T2TTP:hapGT1/1	1	0	1	0	0	-62:1/1:TP	1	0	0	-62:1/1:TP	equal	equal	equal
341	chr11	69086605	69087105	500	69086405	69087305	1	15	14	14	True	113	0.226	2	2	2	14	0.0	False	hom	1	-	36	+36@69086833	+36@69086833	36,36	36,36	False	1.0	hom	1	-	36	+36@69086833	+36@69086833	36,36	36,36	False	1.0	1	341.0	14	14	37	0	1	0	1	kmeans	1	2	0	0	0	False	False	1	1	1	INS+37:1/1:PASS:DV14/TC14:V5ref:T2Tref:hapGT1/1	1	0	0	0	0	-	0	0	0	-	equal	equal	equal
342	chr11	69092055	69092555	500	69091855	69092755	1	17	16	17	True	128	0.256	2	2	2	16	0.0	False	hom	1	-	52	+52@69092380	+52@69092380	52,52	52,52	False	1.0	hom	1	-	52	+52@69092380	+52@69092380	52,52	52,52	False	1.0	1	342.0	16	16	52	0	1	0	1	kmeans	1	1	0	0	0	False	False	1	1	1	INS+52:1/1:PASS:DV15/TC17:V5TP:T2TTP:hapGT1/1	1	0	1	0	0	+52:1/1:TP	1	0	0	+52:1/1:TP	equal	equal	equal
343	chr12	119331053	119331645	592	119330853	119331845	1	22	13	22	True	62	0.105	2	2	2	21	0.0	False	het	2	-	324	-	+324@119331103	0,324	4,334	False	1.0	het	2	-	324	-	+324@119331103	0,324	4,334	False	1.0	2	343.0,343.1	9,13	22	0,335	0	2	0	2	kmeans	2	0	0	0	0	False	False	2	2	1	INS+323:0/1:PASS:DV13/TC22:V5TP:T2TTP:hapGT0/1	1	0	1	0	0	+324:0/1:TP	1	0	0	+324:0/1:TP	equal	equal	equal
344	chr12	119507324	119507824	500	119507124	119508507	1	16	16	16	True	1042	0.818	2	2	2	15	0.0	False	hom	1	-	35	-35@119507575	-35@119507575	-35,-35	-35,-35	False	1.0	hom	1	-	35	-35@119507575	-35@119507575	-35,-35	-35,-35	False	1.0	1	344.0	16	16	-36	0	1	0	1	kmeans	1	0	0	0	0	False	False	1	1	1	DEL-36:1/1:PASS:DV16/TC16:V5ref:T2Tref:hapGT1/1	1	0	0	0	0	-	0	0	0	-	equal	equal	equal
345	chr12	119567476	119567976	500	119567276	119568176	1	6	6	14	True	149	0.298	2	2	2	14	0.0	False	het	2	-	52	-	+52@119567712	0,52	0,56	False	1.0	het	2	-	52	-	+52@119567712	0,52	0,56	False	1.0	2	345.0,345.1	6,8	14	52,0	0	2	0	2	kmeans	2	1	0	0	0	False	False	2	2	1	INS+52:0/1:PASS:DV6/TC14:V5TP:T2TTP:hapGT0/1	1	0	1	0	0	+52:0/1:TP	1	0	0	+52:0/1:TP	equal	equal	equal
346	chr12	119763151	119763651	500	119762951	119763851	1	24	23	30	False	0	0.0	2	2	2	30	0.0	False	hom	1	-	112	+112@119763288	+112@119763288	112,112	112,112	False	1.0	hom	1	-	112	+112@119763288	+112@119763288	112,112	112,112	False	1.0	2	346.0,346.1	26,3	29	112,24	0	1	0	2	kmeans	2	2	0	0	0	False	False	1	1	1	INS+112:1/1:PASS:DV23/TC25:V5TP:T2TTP:hapGT1/1	1	0	1	0	0	+112:1/1:TP	1	0	0	+112:1/1:TP	over	over	over
347	chr12	119919612	119920112	500	119918197	119920312	1	20	20	20	True	1757	0.784	2	2	2	19	0.0	False	cpx_het	2	opposite_sign	165	+60@119919990	+118@119919719,-283@119919720	60,-165	60,-161	False	0.858	cpx_het	2	opposite_sign	165	+60@119919990	+118@119919719,-283@119919720	60,-165	60,-161	False	0.858	2	347.0,347.1	10,10	20	-163,55	0	2	0	2	kmeans	2	0	0	0	0	False	False	2	2	2	DEL-163:0/1:PASS:DV10/TC20:V5ref:T2Tref:hapGT0/1;INS+60:0/1:PASS:DV10/TC20:V5ref:T2Tref:hapGT0/1	2	0	0	0	0	-	0	0	0	-	equal	equal	equal
348	chr12	119951659	119952159	500	119951459	119953229	1	7	7	16	True	1589	1.0	2	2	2	14	0.0	False	het	2	-	64	-	-64@119951825	0,-64	0,-49	False	1.0	het	2	-	64	-	-64@119951825	0,-64	0,-49	False	1.0	2	348.0,348.1	8,8	16	-5,-80	0	2	0	2	kmeans	2	2	0	0	0	False	False	2	2	1	DEL-64:0/1:PASS:DV8/TC16:V5TP:T2TTP:hapGT0/1	1	0	1	0	0	-64:0/1:TP	1	0	0	-64:0/1:TP	equal	equal	equal
349	chr12	119964346	119964846	500	119964146	119965046	1	12	12	19	True	53	0.106	2	2	2	17	0.0	False	het	2	-	32	-	-32@119964573	0,-32	-8,-32	False	1.0	het	2	-	32	-	-32@119964573	0,-32	-8,-32	False	1.0	1	349.0	19	19	-9	0	1	0	1	kmeans	1	1	0	0	0	False	False	1	1	0	-	0	0	0	0	0	-	0	0	0	-	under	under	under
350	chr12	119969591	119970091	500	119969391	119970291	1	15	15	24	True	78	0.156	2	2	2	23	0.0	False	het	2	-	41	-	+41@119969802	0,41	1,40	False	1.0	het	2	-	41	-	+41@119969802	0,41	1,40	False	1.0	2	350.0,350.1	8,15	23	-5,41	0	2	0	2	kmeans	2	2	0	0	0	False	False	2	2	1	INS+41:0/1:PASS:DV15/TC23:V5ref:T2Tref:hapGT0/1	1	0	0	0	0	-	0	0	0	-	equal	equal	equal
351	chr12	120437018	120437518	500	120436818	120437718	1	17	17	20	False	0	0.0	2	2	2	20	0.0	False	hom	1	-	793	+792@120437284	+793@120437284	792,793	792,802	False	1.0	hom	1	-	793	+792@120437284	+793@120437284	792,793	792,802	False	1.0	2	351.0,351.1	17,3	20	792,527	0	2	0	2	kmeans	2	0	0	0	0	False	False	1	1	1	INS+353:0/0:LowQual:DV1/TC19:V5-:T2T-;INS+142:0/0:LowQual:DV2/TC20:V5-:T2T-;INS+792:0/1:PASS:DV17/TC20:V5TP:T2Tref:hapGT1/1	3	1	1	0	0	+793:1/1:TP	0	0	0	-	over	over	over
352	chr12	120441966	120442466	500	120441417	120442851	1	13	13	15	True	1334	1.0	2	2	2	15	0.0	False	hom	1	-	591	+591@120442160	+591@120442160	591,591	591,588	False	1.0	hom	1	-	591	+591@120442160	+591@120442160	591,591	591,588	False	1.0	2	352.0,352.1	11,4	15	592,590	0	2	0	1	kmeans	2	0	0	0	0	False	False	1	1	1	INS+592:0/1:PASS:DV15/TC15:V5TP:T2Tref:hapGT1/1	2	1	1	0	0	+591:1/1:TP	0	0	0	-	over	over	over
353	chr12	120467652	120468152	500	120467452	120468352	1	13	13	14	False	0	0.0	2	2	2	13	0.0	False	hom	1	-	668	+668@120467991	+668@120467991	668,668	666,666	False	1.0	hom	1	-	668	+668@120467991	+668@120467991	668,668	666,666	False	1.0	2	353.0,353.1	11,3	14	668,70	0	2	0	2	kmeans	2	0	0	0	0	False	False	1	1	1	INS+42:0/0:LowQual:DV1/TC13:V5-:T2T-;INS+668:0/1:PASS:DV11/TC14:V5TP:T2TTP:hapGT1/1	2	1	1	0	0	+668:1/1:TP	1	0	0	+668:1/1:TP	over	over	over
354	chr12	120613760	120614409	649	120613560	120614609	1	13	7	27	False	0	0.0	2	2	2	19	0.0	False	ref	1	-	0	-	-	0,0	0,0	False	1.0	ref	1	-	0	-	-	0,0	0,0	False	1.0	1	354.0	27	27	NA	1	0	0	0	kmeans	1	1	0	0	0	False	False	0	0	0	-	0	0	0	0	0	-	0	0	0	-	equal	equal	equal
355	chr12	120733326	120733826	500	120732102	120734026	1	17	17	20	True	1463	0.578	2	2	2	20	0.0	False	cpx_het	2	size_diff	45	-45@120733535	-30@120733535	-45,-30	-45,-36	False	1.0	cpx_het	2	size_diff	45	-45@120733535	-30@120733535	-45,-30	-45,-36	False	1.0	1	355.0	20	20	-30	0	1	0	1	kmeans	1	1	0	0	0	False	False	0	0	1	DEL-30:1/1:PASS:DV18/TC18:V5ref:T2Tref:hapGT0/1	1	1	0	0	0	-	0	0	0	-	under	under	under
356	chr12	120830194	120830694	500	120829994	120830894	1	42	24	32	True	347	0.694	2	2	2	27	0.0	False	cpx_het	2	size_diff	230	+230@120830365	+56@120830365	230,56	236,80	False	1.0	cpx_het	2	size_diff	230	+230@120830365	+56@120830365	230,56	236,80	False	1.0	2	356.0,356.1	14,17	31	230,76	0	2	0	2	kmeans	2	1	0	0	0	False	False	2	2	2	INS+56:0/1:PASS:DV16/TC30:V5TP:T2TTP:hapGT0/1;INS+230:0/1:PASS:DV13/TC30:V5TP:T2TTP:hapGT0/1	2	0	2	0	0	+56:0/1:TP;+230:1/0:TP	2	0	0	+56:0/1:TP;+230:1/0:TP	equal	equal	equal
357	chr12	120852274	120852855	581	120852074	120853055	1	22	17	29	True	587	0.917	2	2	2	28	0.0	False	cpx_het	2	one_net_small	166	-41@120852698,+38@120852854	-196@120852525,-41@120852698,+71@120852816	-3,-166	1,-164	False	1.0	cpx_het	2	one_net_small	125	-41@120852698,+38@120852854	-196@120852525,+71@120852816	-3,-125	1,-123	False	1.0	2	357.0,357.1	12,17	29	-5,-114	0	2	0	2	kmeans	2	0	0	0	0	False	False	1	2	1	DEL-104:0/1:PASS:DV17/TC29:V5ref:T2Tref:hapGT0/0	1	0	1	0	0	-65:0/1:TP	1	0	0	-65:0/1:TP	equal	equal	equal
358	chr12	120926865	120928652	1787	120926665	120928852	1	100	26	27	True	1931	1.0	2	2	2	25	0.0	False	cpx_het	2	size_diff	834	-28@120927182,+23@120927363,+839@120928134	-30@120926915,-28@120927182,-69@120927363,-27@120928009,+834@120928134,-59@120928543	834,621	830,627	False	1.0	cpx_het	2	size_diff	834	-28@120927182,+23@120927363,+839@120928134	-30@120926915,-28@120927182,-69@120927363,-27@120928009,+834@120928134,-59@120928543	834,621	830,627	False	1.0	2	358.0,358.1	13,14	27	839,619	0	2	0	2	other	0	3	0	0	0	False	False	2	2	4	DEL-30:0/1:PASS:DV11/TC23:V5ref:T2Tref:hapGT0/0;DEL-69:0/1:PASS:DV12/TC25:V5TP:T2Tref:hapGT0/0;INS+787:0/1:PASS:DV25/TC25:V5TP:T2Tref:hapGT1/1;DEL-57:0/1:PASS:DV14/TC26:V5TP:T2Tref:hapGT0/0	5	1	3	0	0	-69:0/1:TP;+839:1/1:TP;-59:0/1:TP	3	2	0	-69:0/1:TP;+82:1/0:FN;+82:0/1:TP;+629:0/1:TP;+688:1/0:FN	equal	equal	equal
359	chr12	120963776	120964276	500	120963576	120964900	1	13	13	22	True	996	0.844	2	2	2	21	0.0	False	het	2	-	289	-289@120963881	-	-289,0	-290,0	False	1.0	het	2	-	289	-289@120963881	-	-289,0	-290,0	False	1.0	2	359.0,359.1	13,9	22	-289,0	0	2	0	2	kmeans	2	0	0	0	0	False	False	2	2	1	DEL-289:0/1:PASS:DV13/TC22:V5TP:T2TTP:hapGT0/1	1	0	1	0	0	-289:1/0:TP	1	0	0	-289:1/0:TP	equal	equal	equal
360	chr12	120987885	120988385	500	120987685	120988585	1	17	15	27	True	564	0.9	2	2	2	24	0.0	False	het	2	-	126	-	+126@120987987	0,126	-4,122	False	1.0	het	2	-	126	-	+126@120987987	0,126	-4,122	False	1.0	2	360.0,360.1	16,11	27	125,0	0	2	0	2	kmeans	2	1	0	0	0	False	False	2	2	1	INS+125:0/1:PASS:DV15/TC26:V5TP:T2TTP:hapGT0/1	1	0	1	0	0	+126:0/1:TP	1	0	0	+126:0/1:TP	equal	equal	equal
361	chr12	121045312	121045812	500	121045112	121047316	1	11	10	19	True	1781	0.654	2	2	2	19	0.0	False	het	2	-	47	-	+47@121045520	0,47	-13,54	False	1.0	het	2	-	47	-	+47@121045520	0,47	-13,54	False	1.0	2	361.0,361.1	10,9	19	42,-8	0	2	0	2	kmeans	2	0	0	0	0	False	False	2	2	1	INS+47:0/1:PASS:DV10/TC19:V5ref:T2Tref:hapGT0/1	1	0	0	0	0	-	0	0	0	-	equal	equal	equal
362	chr12	121052369	121052869	500	121052169	121053069	1	21	20	25	False	0	0.0	2	2	2	25	0.0	False	hom	1	-	1009	+1009@121052762	+1009@121052762	1009,1009	1009,1009	False	1.0	hom	1	-	1009	+1009@121052762	+1009@121052762	1009,1009	1009,1009	False	1.0	1	362.0	25	25	1009	0	1	0	1	kmeans	1	5	0	0	0	False	False	1	1	1	INS+1009:1/1:PASS:DV23/TC23:V5TP:T2TTP:hapGT1/1	1	0	1	0	0	+1009:1/1:TP	2	0	0	+1009:1/0:TP;+1009:0/1:TP	equal	equal	equal
363	chr12	121130595	121131095	500	121130395	121131295	1	23	23	25	False	0	0.0	2	2	2	23	0.0	False	cpx_het	2	size_diff	77	+77@121130845	+66@121130845	77,66	65,55	False	1.0	cpx_het	2	size_diff	77	+77@121130845	+66@121130845	77,66	65,55	False	1.0	1	363.0	25	25	58	0	1	0	1	kmeans	1	0	0	0	0	False	False	1	1	1	INS+58:1/1:PASS:DV23/TC24:V5TP:T2TTP:hapGT1/1	1	0	2	0	0	+66:0/1:TP;+77:1/0:TP	2	0	0	+66:0/1:TP;+77:1/0:TP	under	under	under
364	chr12	121135773	121136273	500	121135029	121136973	1	8	8	23	True	1844	1.0	2	2	2	22	0.0	False	cpx_het	2	size_diff	34	+21@121136021	+34@121136023	21,34	21,35	False	1.0	cpx_het	2	size_diff	34	+21@121136021	+34@121136023	21,34	21,35	False	1.0	2	364.0,364.1	15,8	23	25,32	0	2	0	2	kmeans	2	1	0	0	0	False	False	2	2	1	INS+32:0/1:PASS:DV8/TC22:V5ref:T2Tref:hapGT0/1	1	0	0	0	0	-	0	0	0	-	equal	equal	equal
365	chr12	121219476	121219976	500	121219276	121220176	1	16	8	21	True	313	0.626	2	2	2	20	0.0	False	het	2	-	20	-	-20@121219615	0,-20	-4,-32	False	1.0	het	2	-	20	-	-20@121219615	0,-20	-4,-32	False	1.0	2	365.0,365.1	10,11	21	-32,0	0	2	0	2	kmeans	2	0	0	0	0	False	False	1	1	0	-	0	0	0	0	0	-	0	0	0	-	equal	equal	equal
366	chr12	121255019	121255519	500	121254819	121255719	1	19	11	14	True	203	0.406	2	2	2	13	0.0	False	hom	1	-	653	+623@121255222	+653@121255344	623,653	627,673	False	1.0	hom	1	-	653	+623@121255222	+653@121255344	623,653	627,673	False	1.0	1	366.0	14	14	715	0	1	0	1	kmeans	2	2	1	0	0	False	False	1	1	2	INS+380:1/1:PASS:DV13/TC13:V5ref:T2Tref:hapGT0/0;INS+335:1/1:PASS:DV12/TC13:V5ref:T2Tref:hapGT0/0	2	0	0	0	1	-	2	0	0	+611:1/0:TP;+663:0/1:TP	equal	equal	equal
367	chr12	121352613	121353113	500	121352413	121353313	1	18	16	20	False	0	0.0	2	2	2	20	0.0	False	cpx_het	2	near_hom_le10bp	45	+36@121352715	+45@121352718	36,45	36,45	False	1.0	cpx_het	2	near_hom_le10bp	45	+36@121352715	+45@121352718	36,45	36,45	False	1.0	1	367.0	20	20	45	0	1	0	1	kmeans	1	3	0	0	0	False	False	1	1	1	INS+45:1/1:PASS:DV15/TC16:V5ref:T2Tref:hapGT1/1	1	0	0	0	0	-	0	0	0	-	under	under	under
368	chr12	121514676	121515405	729	121514476	121515605	1	23	11	13	True	852	0.973	2	2	2	12	0.0	False	hom	1	-	1764	+1764@121514828	+1742@121514828	1764,1742	1742,1720	False	1.0	hom	1	-	1764	+1764@121514828	+1742@121514828	1764,1742	1742,1720	False	1.0	1	368.0	13	13	1725	0	1	0	1	other	0	0	1	0	0	False	False	1	1	1	INS+1744:1/1:PASS:DV12/TC12:V5TP:T2TTP:hapGT1/1	1	0	1	0	0	+1764:1/1:TP	2	0	0	+1764:1/0:TP;+1742:0/1:TP	equal	equal	equal
369	chr12	121678530	121679030	500	121678330	121679230	1	7	7	20	False	0	0.0	2	2	2	17	0.0	False	het	2	-	36	+36@121678765	-	36,0	36,0	False	0.907	het	2	-	36	+36@121678765	-	36,0	36,0	False	0.907	2	369.0,369.1	13,7	20	0,38	0	2	0	2	kmeans	2	0	0	0	0	False	False	2	2	1	INS+38:0/1:PASS:DV7/TC17:V5ref:T2Tref:hapGT0/1	1	0	0	0	0	-	0	0	0	-	equal	equal	equal
370	chr12	121747199	121748198	999	121746999	121748398	1	66	18	22	True	1070	1.0	2	2	2	22	0.0	False	cpx_het	2	size_diff	458	+40@121747320	+320@121747311,+40@121747853,+98@121748042	40,458	42,458	False	1.0	cpx_het	2	size_diff	458	+40@121747320	+320@121747311,+40@121747853,+98@121748042	40,458	42,458	False	1.0	2	370.0,370.1	15,7	22	461,36	0	2	0	2	kmeans	2	2	0	0	0	False	False	2	2	3	INS+61:0/1:PASS:DV11/TC18:V5ref:T2Tref:hapGT0/0;INS+300:0/1:PASS:DV12/TC19:V5ref:T2Tref:hapGT0/0;INS+100:0/1:PASS:DV12/TC20:V5ref:T2Tref:hapGT0/0	3	0	1	0	0	+300:0/1:TP	1	0	0	+300:0/1:TP	equal	equal	equal
371	chr12	121851490	121852072	582	121850421	121852510	1	21	20	35	True	1989	1.0	2	2	2	35	0.0	False	het	2	-	345	-345@121851677	-	-345,0	-346,-1	False	1.0	het	2	-	345	-345@121851677	-	-345,0	-345,-1	False	1.0	2	371.0,371.1	14,21	35	0,-345	0	2	0	2	kmeans	2	1	0	0	0	False	False	2	2	1	DEL-345:0/1:PASS:DV20/TC34:V5TP:T2TTP:hapGT0/1	1	0	1	0	0	-345:1/0:TP	1	0	0	-345:1/0:TP	equal	equal	equal
372	chr12	121928416	121928916	500	121928216	121929116	1	15	15	18	True	89	0.178	2	2	2	18	0.0	False	cpx_het	2	opposite_sign	38	-38@121928668	+30@121928625	-38,30	-40,30	False	1.0	cpx_het	2	opposite_sign	38	-38@121928668	+30@121928625	-38,30	-40,30	False	1.0	2	372.0,372.1	9,9	18	30,-38	0	2	0	2	kmeans	2	2	0	0	0	False	False	2	2	2	INS+30:0/1:PASS:DV8/TC17:V5ref:T2Tref:hapGT0/1;DEL-38:0/1:PASS:DV9/TC17:V5ref:T2Tref:hapGT0/1	2	0	0	0	0	-	0	0	0	-	equal	equal	equal
373	chr12	121993694	121994194	500	121992894	121994679	1	15	14	23	True	1685	1.0	2	2	2	22	0.0	False	het	2	-	50	-50@121993972	-	-50,0	-57,0	False	1.0	het	2	-	50	-50@121993972	-	-50,0	-57,0	False	1.0	2	373.0,373.1	9,14	23	-6,-56	0	2	0	2	kmeans	2	0	0	0	0	False	False	2	2	1	DEL-50:0/1:PASS:DV14/TC23:V5TP:T2TTP:hapGT0/1	1	0	1	0	0	-50:1/0:TP	1	0	0	-50:1/0:TP	equal	equal	equal
374	chr12	122033956	122034456	500	122033117	122034656	1	5	5	13	True	1077	0.576	2	2	2	11	0.091	False	het	2	-	30	-30@122034190	-	-30,0	-31,-6	False	1.0	het	2	-	30	-30@122034190	-	-30,0	-31,-6	False	1.0	1	374.0	13	13	-6	0	1	0	1	kmeans	1	0	0	0	0	False	False	0	0	0	-	0	0	0	0	0	-	0	0	0	-	under	under	under
375	chr12	122072623	122073123	500	122072423	122073323	1	11	11	21	False	0	0.0	2	2	2	21	0.0	False	cpx_het	2	size_diff	48	+48@122072860	+24@122072860	48,24	48,24	False	1.0	cpx_het	2	size_diff	48	+48@122072860	+24@122072860	48,24	48,24	False	1.0	2	375.0,375.1	12,9	21	48,24	0	2	0	2	kmeans	2	1	0	0	0	False	False	2	2	1	INS+48:0/1:PASS:DV11/TC19:V5ref:T2Tref:hapGT0/1	1	0	0	0	0	-	0	0	0	-	equal	equal	equal
376	chr12	122092846	122095361	2515	122092646	122095561	1	8	4	24	True	2418	0.961	2	2	2	20	0.0	False	ref	1	-	0	-	-	0,0	0,-8	False	0.167	ref	1	-	0	-	-	0,0	0,-8	False	0.167	1	376.0	21	21	-1	0	1	0	1	kmeans	1	3	0	0	0	False	False	1	1	0	-	0	0	0	0	0	-	0	0	0	-	equal	equal	equal
377	chr12	122124064	122124564	500	122123864	122125381	1	19	11	18	True	1186	0.838	2	2	2	18	0.0	False	het	2	-	83	-83@122124331	-	-83,0	-100,1	False	1.0	het	2	-	83	-83@122124331	-	-83,0	-100,1	False	1.0	2	377.0,377.1	10,7	17	-100,0	0	2	0	2	kmeans	2	0	0	0	0	False	False	2	2	1	DEL-83:0/1:PASS:DV10/TC18:V5TP:T2TTP:hapGT0/1	1	0	1	0	0	-83:1/0:TP	1	0	0	-83:1/0:TP	equal	equal	equal
378	chr12	122387325	122387825	500	122387125	122388025	1	12	12	25	True	69	0.138	2	2	2	25	0.0	False	hom	1	-	25	-25@122387566	-25@122387566	-25,-25	-25,-25	False	1.0	hom	1	-	25	-25@122387566	-25@122387566	-25,-25	-25,-25	False	1.0	2	378.0,378.1	12,13	25	-30,-27	0	2	0	1	kmeans	2	2	0	0	0	False	False	1	1	1	DEL-30:0/1:PASS:DV23/TC23:V5ref:T2Tref:hapGT1/1	2	1	0	0	0	-	0	0	0	-	over	over	over
379	chr12	122462647	122463147	500	122462447	122463668	1	29	29	31	True	999	1.0	2	2	2	29	0.0	False	hom	1	-	50	-50@122462869	-50@122462869	-50,-50	-50,-50	False	1.0	hom	1	-	50	-50@122462869	-50@122462869	-50,-50	-50,-50	False	1.0	1	379.0	31	31	-50	0	1	0	1	kmeans	1	0	0	0	0	False	False	1	1	1	DEL-50:1/1:PASS:DV29/TC29:V5TP:T2TTP:hapGT1/1	1	0	1	0	0	-50:1/1:TP	1	0	0	-50:1/1:TP	equal	equal	equal
380	chr12	122525739	122526239	500	122525539	122526439	1	15	14	15	False	0	0.0	2	2	2	15	0.0	False	hom	1	-	329	-329@122525791	-329@122525791	-329,-329	-329,-329	False	1.0	hom	1	-	329	-329@122525791	-329@122525791	-329,-329	-329,-329	False	1.0	1	380.0	14	14	-329	0	1	0	1	kmeans	1	1	0	0	0	False	False	1	1	1	DEL-329:1/1:PASS:DV13/TC15:V5TP:T2TTP:hapGT1/1	1	0	1	0	0	-329:1/1:TP	1	0	0	-329:1/1:TP	equal	equal	equal
381	chr12	122663135	122664467	1332	122662935	122664870	1	21	18	20	True	1695	1.0	2	2	2	20	0.0	False	hom	1	-	88	-88@122663188	-88@122663188	-88,-88	-88,-88	False	1.0	hom	1	-	88	-88@122663188	-88@122663188	-88,-88	-88,-88	False	1.0	1	381.0	20	20	-88	0	1	0	1	kmeans	1	1	0	0	0	False	False	1	1	1	DEL-88:1/1:PASS:DV18/TC18:V5TP:T2TTP:hapGT1/1	1	0	1	0	0	-88:1/1:TP	1	0	0	-88:1/1:TP	equal	equal	equal
382	chr12	122708632	122709132	500	122708432	122709332	1	7	7	10	False	0	0.0	2	2	2	9	0.0	False	het	2	-	50	-	-50@122708851	0,-50	0,-54	False	1.0	het	2	-	50	-	-50@122708851	0,-50	0,-54	False	1.0	2	382.0,382.1	7,3	10	-50,0	0	2	0	2	kmeans	2	0	0	0	0	False	False	2	2	1	DEL-50:0/1:PASS:DV7/TC10:V5TP:T2TTP:hapGT0/1	1	0	1	0	0	-50:0/1:TP	1	0	0	-50:0/1:TP	equal	equal	equal
383	chr12	122812485	122812985	500	122812121	122813185	1	8	4	16	True	659	0.69	2	2	2	16	0.0	False	hom	1	-	22	+22@122812647	+22@122812647	22,22	12,32	False	1.0	hom	1	-	22	+22@122812647	+22@122812647	22,22	12,32	False	1.0	1	383.0	16	16	28	0	1	0	1	kmeans	1	2	0	0	0	False	False	1	1	0	-	0	0	0	0	0	-	0	0	0	-	equal	equal	equal
384	chr12	122850331	122850988	657	122850131	122851188	1	18	15	16	True	501	0.747	2	2	2	16	0.0	False	hom	1	-	61	+31@122850327,-62@122850506,-30@122850607	+31@122850327,-62@122850506,-30@122850607	-61,-61	-60,-60	False	1.0	hom	1	-	61	+31@122850327,-62@122850506,-30@122850607	+31@122850327,-62@122850506,-30@122850607	-61,-61	-60,-60	False	1.0	1	384.0	16	16	-61	0	1	0	1	kmeans	1	1	0	0	0	False	False	1	1	1	DEL-61:1/1:PASS:DV16/TC16:V5TP:T2TTP:hapGT1/1	1	0	1	0	0	-62:1/1:TP	1	0	0	-62:1/1:TP	equal	equal	equal
385	chr12	122853148	122853648	500	122852948	122853848	1	12	12	13	True	341	0.682	2	2	2	13	0.0	False	cpx_het	2	size_diff	279	-155@122853390,-124@122853421	-124@122853421	-279,-124	-279,-124	False	1.0	cpx_het	2	size_diff	155	-155@122853390	-124@122853421	-155,-124	-155,-124	False	1.0	1	385.0	13	13	-124	0	1	0	1	kmeans	1	1	0	0	0	False	False	0	1	1	DEL-124:1/1:PASS:DV12/TC13:V5TP:T2TTP:hapGT0/1	1	1	2	0	0	-155:1/0:TP;-124:0/1:TP	2	0	0	-155:1/0:TP;-124:0/1:TP	under	under	under
386	chr12	122902202	122902702	500	122902002	122902902	1	29	28	29	True	357	0.652	2	2	2	28	0.0	False	hom	1	-	1315	+1315@122902399	+1315@122902399	1315,1315	1315,1315	False	1.0	hom	1	-	1315	+1315@122902399	+1315@122902399	1315,1315	1315,1315	False	1.0	2	386.0,386.1	25,4	29	1316,1316	0	2	0	1	kmeans	2	2	0	0	0	False	False	1	1	1	INS+1316:0/1:PASS:DV29/TC29:V5TP:T2TTP:hapGT1/1	2	1	1	0	0	+1315:1/1:TP	1	0	0	+1315:1/1:TP	over	over	over
387	chr12	123388883	123389383	500	123388683	123389583	1	22	22	25	True	526	0.952	2	2	2	24	0.0	False	hom	1	-	59	+59@123389131	+59@123389131	59,59	59,59	False	1.0	hom	1	-	59	+59@123389131	+59@123389131	59,59	59,59	False	1.0	1	387.0	25	25	59	0	1	0	1	kmeans	1	2	0	0	0	False	False	1	1	1	INS+59:1/1:PASS:DV22/TC22:V5TP:T2TTP:hapGT1/1	1	0	1	0	0	+59:1/1:TP	1	0	0	+59:1/1:TP	equal	equal	equal
388	chr12	123452686	123453227	541	123452055	123456838	1	40	14	19	True	4683	1.0	2	2	2	17	0.0	False	hom	1	-	2407	+580@123452875,+155@123452923,+346@123453028,+266@123453085,+1060@123453160	+1117@123452805,+34@123452893,+187@123452975,+345@123453051,+712@123453160	2407,2395	2406,2388	False	0.0	hom	1	-	2407	+580@123452875,+155@123452923,+346@123453028,+266@123453085,+1060@123453160	+1117@123452805,+34@123452893,+187@123452975,+345@123453051,+712@123453160	2407,2395	2406,2388	False	0.0	2	388.0,388.1	9,10	19	25,2415	0	1	0	2	other	0	5	0	0	0	False	False	1	1	4	INS+600:0/1:PASS:DV7/TC17:V5ref:T2Tref:hapGT0/0;INS+469:0/1:PASS:DV8/TC16:V5ref:T2Tref:hapGT0/0;INS+266:0/1:PASS:DV6/TC16:V5ref:T2Tref:hapGT0/0;INS+1060:0/1:PASS:DV7/TC16:V5ref:T2Tref:hapGT0/0	4	0	0	0	0	-	0	0	0	-	over	over	over
389	chr12	123476067	123476567	500	123475867	123476767	1	18	17	19	False	0	0.0	2	2	2	18	0.0	False	hom	1	-	67	+67@123476174	+67@123476174	67,67	61,66	False	0.0	hom	1	-	67	+67@123476174	+67@123476174	67,67	61,66	False	0.0	1	389.0	19	19	67	0	1	0	1	kmeans	1	0	0	0	0	False	False	1	1	1	INS+67:1/1:PASS:DV18/TC18:V5ref:T2Tref:hapGT1/1	1	0	0	0	0	-	0	0	0	-	equal	equal	equal
390	chr12	123521421	123521921	500	123521221	123522121	1	20	18	20	True	293	0.586	2	2	2	20	0.0	False	cpx_het	2	size_diff	222	-110@123521585	-112@123521583,-110@123521585	-110,-222	-110,-224	False	1.0	hom	1	-	112	-110@123521585	-112@123521583	-110,-112	-110,-114	False	1.0	1	390.0	20	20	-108	0	1	0	1	kmeans	1	1	0	0	0	False	False	1	1	1	DEL-108:1/1:PASS:DV18/TC19:V5TP:T2TTP:hapGT0/1	1	1	1	0	0	-112:1/1:TP	2	0	0	-112:0/1:TP;-110:1/0:TP	under	equal	under
391	chr12	123620354	123620854	500	123620154	123621054	1	25	25	26	False	0	0.0	2	2	2	26	0.0	False	hom	1	-	32	-32@123620580	-32@123620580	-32,-32	-32,-32	False	1.0	hom	1	-	32	-32@123620580	-32@123620580	-32,-32	-32,-32	False	1.0	1	391.0	26	26	-32	0	1	0	1	kmeans	1	1	0	0	0	False	False	1	1	1	DEL-32:1/1:PASS:DV25/TC25:V5ref:T2Tref:hapGT1/1	1	0	0	0	0	-	0	0	0	-	equal	equal	equal
392	chr12	123786431	123786931	500	123786231	123787457	1	24	24	25	False	0	0.0	2	2	2	24	0.0	False	hom	1	-	40	+40@123786681	+40@123786681	40,40	40,40	False	1.0	hom	1	-	40	+40@123786681	+40@123786681	40,40	40,40	False	1.0	1	392.0	25	25	26	0	1	0	1	kmeans	1	2	0	0	0	False	False	0	0	1	INS+40:1/1:PASS:DV25/TC25:V5ref:T2Tref:hapGT1/1	1	0	0	0	0	-	0	0	0	-	equal	equal	equal
393	chr12	123807688	123808188	500	123807049	123808388	1	23	16	16	True	920	0.662	2	2	2	16	0.0	False	hom	1	-	165	+165@123807945	+165@123807945	165,165	165,161	False	1.0	hom	1	-	165	+165@123807945	+165@123807945	165,165	165,161	False	1.0	2	393.0,393.1	2,14	16	133,167	0	2	0	2	kmeans	2	0	0	0	0	False	False	1	1	1	INS+133:0/0:LowQual:DV2/TC16:V5-:T2T-;INS+167:0/1:PASS:DV14/TC16:V5TP:T2TTP:hapGT1/1	2	1	1	0	0	+165:1/1:TP	1	0	0	+165:1/1:TP	over	over	over
394	chr12	123911229	123912525	1296	123911029	123912725	1	115	19	19	True	1245	0.961	2	2	2	19	0.053	False	cpx_het	2	opposite_sign	1323	-337@123911424,+172@123912126	+30@123911285,+916@123911540,+47@123911734,+134@123911779,+27@123911990,+28@123912065,+141@123912204	-165,1323	-161,1376	False	1.0	cpx_het	2	opposite_sign	1323	-337@123911424,+172@123912126	+30@123911285,+916@123911540,+47@123911734,+134@123911779,+27@123911990,+28@123912065,+141@123912204	-165,1323	-161,1376	False	1.0	2	394.0,394.1	11,8	19	-150,1371	0	2	0	2	other	0	0	0	0	0	False	False	2	2	7	INS+30:0/1:PASS:DV8/TC19:V5ref:T2Tref:hapGT0/0;INS+936:0/1:PASS:DV8/TC19:V5ref:T2Tref:hapGT0/1;INS+43:0/1:PASS:DV8/TC19:V5ref:T2Tref:hapGT0/0;INS+148:0/1:PASS:DV8/TC19:V5ref:T2Tref:hapGT0/0;DEL-75:0/1:PASS:DV11/TC19:V5ref:T2Tref:hapGT0/0;INS+121:0/1:PASS:DV8/TC19:V5ref:T2Tref:hapGT0/0;INS+78:0/1:PASS:DV8/TC19:V5ref:T2Tref:hapGT0/0	7	0	3	1	0	+916:0/1:TP;-64:1/0:FN;+134:0/1:TP;+141:0/1:TP	3	1	0	+916:0/1:TP;-64:1/0:FN;+134:0/1:TP;+141:0/1:TP	equal	equal	equal
395	chr12	123945721	123946221	500	123945521	123946421	1	7	7	15	False	0	0.0	2	2	2	15	0.0	False	het	2	-	84	+84@123945973	-	84,0	84,0	False	1.0	het	2	-	84	+84@123945973	-	84,0	84,0	False	1.0	2	395.0,395.1	8,7	15	0,84	0	2	0	2	kmeans	2	0	0	0	0	False	False	2	2	1	INS+84:0/1:PASS:DV7/TC15:V5TP:T2TTP:hapGT0/1	1	0	1	0	0	+84:1/0:TP	1	0	0	+84:1/0:TP	equal	equal	equal
396	chr12	124011293	124011793	500	124011093	124011993	1	4	4	32	False	0	0.0	2	2	2	27	0.0	False	ref	1	-	0	-	-	0,0	0,0	False	1.0	ref	1	-	0	-	-	0,0	0,0	False	1.0	1	396.0	32	32	0	0	1	0	1	kmeans	1	0	0	0	0	False	False	1	1	0	-	0	0	0	0	0	-	0	0	0	-	equal	equal	equal
397	chr12	124015177	124015677	500	124014977	124015877	1	3	3	30	False	0	0.0	2	2	2	26	0.0	False	ref	1	-	0	-	-	0,0	0,0	False	1.0	ref	1	-	0	-	-	0,0	0,0	False	1.0	1	397.0	29	29	0	0	1	0	1	kmeans	1	0	0	0	0	False	False	1	1	0	-	0	0	0	0	0	-	0	0	0	-	equal	equal	equal
398	chr12	124092668	124093737	1069	124092365	124093937	1	10	8	32	True	1264	0.946	2	2	2	23	0.0	False	ref	1	-	0	-	-	0,0	3,3	False	1.0	ref	1	-	0	-	-	0,0	3,3	False	1.0	1	398.0	32	32	0	0	1	0	1	kmeans	1	4	0	0	0	False	False	1	1	0	-	0	0	0	0	0	-	0	0	0	-	equal	equal	equal
399	chr12	124101585	124102085	500	124101385	124103052	1	42	21	22	True	1320	0.806	2	2	2	22	0.0	False	hom	1	-	12	-37@124101683,+49@124101926	-37@124101683,+49@124101976	12,12	12,12	False	1.0	hom	1	-	12	-37@124101683,+49@124101926	-37@124101683,+49@124101976	12,12	12,12	False	1.0	1	399.0	22	22	7	0	1	0	1	kmeans	1	0	0	0	0	False	False	1	1	2	DEL-37:1/1:PASS:DV22/TC22:V5ref:T2Tref:hapGT0/0;INS+49:1/1:PASS:DV22/TC22:V5ref:T2Tref:hapGT0/0	2	0	0	0	0	-	0	0	0	-	equal	equal	equal
400	chr12	124234780	124235280	500	124234580	124235480	1	38	19	24	True	296	0.592	2	2	2	24	0.0	False	hom	1	-	447	+447@124234976	+447@124234976	447,447	459,459	False	1.0	hom	1	-	447	+447@124234976	+447@124234976	447,447	459,459	False	1.0	2	400.0,400.1	22,2	24	459,-48	0	2	0	2	kmeans	2	1	0	0	0	False	False	1	1	1	INS+85:0/0:LowQual:DV1/TC21:V5-:T2T-;INS+83:0/0:LowQual:DV2/TC21:V5-:T2T-;INS+447:0/1:PASS:DV19/TC21:V5TP:T2TTP:hapGT1/1;DEL-222:0/0:LowQual:DV2/TC22:V5-:T2T-	4	1	1	0	0	+447:1/1:TP	1	0	0	+447:1/1:TP	over	over	over
401	chr12	124258610	124259110	500	124258406	124259310	1	11	11	24	False	0	0.0	2	2	2	24	0.0	False	het	2	-	32	-	-32@124258844	0,-32	-3,-28	False	1.0	het	2	-	32	-	-32@124258844	0,-32	-3,-28	False	1.0	2	401.0,401.1	13,11	24	-32,0	0	2	0	2	kmeans	2	0	0	0	0	False	False	2	2	1	DEL-32:0/1:PASS:DV11/TC22:V5ref:T2Tref:hapGT0/1	1	0	0	0	0	-	0	0	0	-	equal	equal	equal
402	chr12	124295890	124296390	500	124295690	124296590	1	29	20	22	True	131	0.262	2	2	2	22	0.0	False	cpx_het	2	size_diff	90	-66@124296124,+139@124296194	-61@124296124,+151@124296190	73,90	73,89	False	1.0	cpx_het	2	size_diff	90	-66@124296124,+139@124296194	-61@124296124,+151@124296190	73,90	73,89	False	1.0	1	402.0	22	22	91	0	1	0	1	kmeans	1	2	0	0	0	False	False	1	1	2	INS+40:1/1:PASS:DV21/TC21:V5ref:T2Tref:hapGT0/0;INS+51:1/1:PASS:DV21/TC22:V5ref:T2Tref:hapGT0/0	2	0	1	0	0	+50:1/1:TP	1	0	0	+52:0/1:TP	under	under	under
403	chr12	124302571	124303071	500	124302371	124303271	1	10	7	19	True	117	0.234	2	2	2	19	0.0	False	cpx_het	2	size_diff	40	+40@124302840	+28@124302826	40,28	40,27	False	1.0	cpx_het	2	size_diff	40	+40@124302840	+28@124302826	40,28	40,27	False	1.0	2	403.0,403.1	13,6	19	28,40	0	2	0	2	kmeans	2	0	0	0	0	False	False	2	2	1	INS+40:0/1:PASS:DV6/TC19:V5ref:T2Tref:hapGT1/1	1	1	0	0	0	-	0	0	0	-	equal	equal	equal
404	chr12	124311083	124311583	500	124310883	124311783	1	14	14	21	False	0	0.0	2	2	2	21	0.0	False	het	2	-	120	-	-120@124311270	0,-120	0,-120	False	1.0	het	2	-	120	-	-120@124311270	0,-120	0,-120	False	1.0	2	404.0,404.1	14,7	21	-120,0	0	2	0	2	kmeans	2	2	0	0	0	False	False	2	2	1	DEL-120:0/1:PASS:DV14/TC21:V5TP:T2TTP:hapGT0/1	1	0	1	0	0	-120:0/1:TP	1	0	0	-120:0/1:TP	equal	equal	equal
405	chr12	124319914	124320776	862	124319714	124320976	1	43	19	21	True	788	0.914	2	2	2	20	0.0	False	cpx_het	2	size_diff	248	-32@124320308,+192@124320628	+56@124319964,+192@124320628	160,248	160,248	False	1.0	cpx_het	2	size_diff	248	-32@124320308,+192@124320628	+56@124319964,+192@124320628	160,248	160,248	False	1.0	2	405.0,405.1	14,7	21	248,152	0	2	0	2	kmeans	2	2	0	0	0	False	False	2	2	4	INS+56:0/1:PASS:DV13/TC20:V5ref:T2Tref:hapGT0/0;INS+44:0/1:PASS:DV7/TC20:V5ref:T2Tref:hapGT0/0;INS+108:0/1:PASS:DV7/TC20:V5ref:T2Tref:hapGT0/0;INS+192:0/1:PASS:DV13/TC20:V5ref:T2Tref:hapGT1/1	4	1	1	0	2	+56:0/1:TP	1	0	2	+56:0/1:TP	equal	equal	equal
406	chr12	124322922	124323716	794	124322722	124324285	1	13	12	19	True	1289	0.97	2	2	2	18	0.0	False	het	2	-	375	-	-402@124323152,+27@124324138	0,-375	0,-375	False	1.0	het	2	-	375	-	-402@124323152,+27@124324138	0,-375	0,-375	False	1.0	2	406.0,406.1	7,12	19	0,-376	0	2	0	2	kmeans	2	2	0	0	0	False	False	2	2	1	DEL-402:0/1:PASS:DV12/TC18:V5TP:T2TTP:hapGT0/1	1	0	1	0	0	-402:0/1:TP	1	0	0	-402:0/1:TP	equal	equal	equal
407	chr12	124339679	124340232	553	124338769	124340432	1	21	11	21	True	1105	0.443	2	2	2	21	0.0	False	het	2	-	78	-	+78@124339731	0,78	13,71	False	1.0	het	2	-	78	-	+78@124339731	0,78	13,71	False	1.0	2	407.0,407.1	12,9	21	75,11	0	2	0	2	kmeans	2	3	0	0	0	False	False	2	2	1	INS+78:0/1:PASS:DV11/TC20:V5TP:T2TTP:hapGT0/1	1	0	1	0	0	+78:0/1:TP	1	0	0	+78:0/1:TP	equal	equal	equal
408	chr12	124362489	124362989	500	124362289	124363189	1	21	21	22	True	642	1.0	2	2	2	21	0.0	False	hom	1	-	147	+147@124362612	+147@124362612	147,147	147,147	False	1.0	hom	1	-	147	+147@124362612	+147@124362612	147,147	147,147	False	1.0	1	408.0	22	22	147	0	1	0	1	kmeans	1	1	0	0	0	False	False	1	1	1	INS+147:1/1:PASS:DV21/TC21:V5TP:T2TTP:hapGT1/1	1	0	1	0	0	+147:1/1:TP	1	0	0	+147:1/1:TP	equal	equal	equal
409	chr12	124373205	124373910	705	124373005	124374110	1	31	16	17	True	714	0.999	2	2	2	17	0.0	False	hom	1	-	182	-134@124373255,-48@124373796	-134@124373255,-48@124373796	-182,-182	-182,-182	False	1.0	hom	1	-	182	-134@124373255,-48@124373796	-134@124373255,-48@124373796	-182,-182	-182,-182	False	1.0	1	409.0	17	17	-181	0	1	0	1	kmeans	1	1	0	0	0	False	False	1	1	2	DEL-134:1/1:PASS:DV17/TC17:V5TP:T2TTP:hapGT1/1;DEL-47:1/1:PASS:DV16/TC16:V5ref:T2Tref:hapGT0/0	2	0	1	0	0	-134:1/1:TP	1	0	0	-134:1/1:TP	equal	equal	equal
410	chr12	124378770	124379270	500	124378570	124379470	1	18	18	19	False	0	0.0	2	2	2	19	0.0	False	hom	1	-	53	+53@124379017	+53@124379017	53,53	53,53	False	1.0	hom	1	-	53	+53@124379017	+53@124379017	53,53	53,53	False	1.0	1	410.0	19	19	53	0	1	0	1	kmeans	1	1	0	0	0	False	False	1	1	1	INS+53:1/1:PASS:DV18/TC18:V5TP:T2TTP:hapGT1/1	1	0	1	0	0	+53:1/1:TP	1	0	0	+53:1/1:TP	equal	equal	equal
411	chr12	124416921	124417421	500	124416459	124417621	1	16	7	18	True	799	0.774	2	2	2	18	0.0	False	het	2	-	135	+54@124417059,+81@124417207	-	135,0	135,0	False	1.0	het	2	-	135	+54@124417059,+81@124417207	-	135,0	135,0	False	1.0	2	411.0,411.1	10,8	18	0,135	0	2	0	2	kmeans	2	2	0	0	0	False	False	2	2	2	INS+54:0/1:PASS:DV7/TC17:V5TP:T2TTP:hapGT0/0;INS+81:0/1:PASS:DV7/TC18:V5TP:T2TTP:hapGT0/0	2	0	2	0	0	+54:1/0:TP;+81:1/0:TP	2	0	0	+54:1/0:TP;+81:1/0:TP	equal	equal	equal
412	chr12	124438622	124439472	850	124438422	124439903	1	60	20	25	True	1184	0.945	2	2	2	25	0.0	False	cpx_het	2	size_diff	2090	+2090@124439377	+46@124438957,+1364@124439377	2090,1410	2094,1408	False	1.0	cpx_het	2	size_diff	2090	+2090@124439377	+46@124438957,+1364@124439377	2090,1410	2094,1408	False	1.0	2	412.0,412.1	12,13	25	1409,2094	0	2	0	2	other	0	2	0	0	0	False	False	2	2	3	INS+46:0/1:PASS:DV9/TC23:V5ref:T2Tref:hapGT0/0;INS+1358:0/1:PASS:DV11/TC23:V5TP:T2TTP:hapGT0/1;INS+2094:0/1:PASS:DV12/TC23:V5TP:T2TTP:hapGT0/1	3	0	2	0	0	+1364:0/1:TP;+2090:1/0:TP	2	0	0	+1364:0/1:TP;+2090:1/0:TP	equal	equal	equal
413	chr12	124466888	124469071	2183	124466688	124469271	1	83	49	51	True	2134	0.977	2	2	2	24	0.042	False	cpx_het	2	size_diff	78	+36@124467515,+42@124468839	+36@124467515	78,36	82,43	False	1.0	cpx_het	2	size_diff	78	+36@124467515,+42@124468839	+36@124467515	78,36	82,43	False	1.0	2	413.0,413.1	28,23	51	NA,78	1	1	0	1	kmeans	2	5	0	0	0	False	False	1	1	2	INS+36:1/1:PASS:DV22/TC25:V5ref:T2Tref:hapGT0/1;INS+42:0/1:PASS:DV19/TC33:V5ref:T2Tref:hapGT0/1	2	1	0	0	0	-	0	0	0	-	equal	equal	equal
414	chr12	124837316	124837816	500	124837116	124838016	1	7	7	28	True	163	0.326	2	2	2	27	0.0	False	het	2	-	26	-26@124837568	-	-26,0	-41,-15	False	1.0	het	2	-	26	-26@124837568	-	-26,0	-35,-15	False	1.0	1	414.0	28	28	-14	0	1	0	1	kmeans	1	1	0	0	0	False	False	0	0	0	-	0	0	0	0	0	-	0	0	0	-	under	under	under
415	chr12	124839594	124840094	500	124839394	124840294	1	54	22	23	True	403	0.806	2	2	2	22	0.0	False	hom	1	-	287	+41@124839644,+246@124840024	+41@124839644,+246@124840024	287,287	287,287	False	1.0	hom	1	-	287	+41@124839644,+246@124840024	+41@124839644,+246@124840024	287,287	287,287	False	1.0	1	415.0	23	23	287	0	1	0	1	kmeans	1	0	0	0	0	False	False	1	1	2	INS+82:1/1:PASS:DV22/TC23:V5ref:T2Tref:hapGT0/0;INS+205:1/1:PASS:DV22/TC22:V5ref:T2Tref:hapGT1/1	2	0	1	0	0	+241:1/1:TP	1	0	0	+241:1/1:TP	equal	equal	equal
416	chr12	124849753	124850253	500	124849553	124850732	1	12	12	22	True	877	0.896	2	2	2	22	0.0	False	het	2	-	310	-310@124849851	-	-310,0	-310,0	False	1.0	het	2	-	310	-310@124849851	-	-310,0	-310,0	False	1.0	2	416.0,416.1	12,10	22	-310,0	0	2	0	2	kmeans	2	0	0	0	0	False	False	2	2	1	DEL-310:0/1:PASS:DV12/TC22:V5TP:T2TTP:hapGT0/1	1	0	1	0	0	-310:1/0:TP	1	0	0	-310:1/0:TP	equal	equal	equal
417	chr12	124883017	124883517	500	124882817	124883717	1	7	7	17	True	283	0.566	2	2	2	16	0.0	False	het	2	-	49	+49@124883282	-	49,0	53,0	False	1.0	het	2	-	49	+49@124883282	-	49,0	53,0	False	1.0	2	417.0,417.1	10,7	17	0,49	0	2	0	2	kmeans	2	0	0	0	0	False	False	2	2	1	INS+49:0/1:PASS:DV7/TC17:V5ref:T2Tref:hapGT0/1	1	0	0	0	0	-	0	0	0	-	equal	equal	equal
418	chr12	124907478	124907978	500	124907278	124908178	1	12	11	20	True	95	0.19	2	2	2	20	0.0	False	het	2	-	50	-	+50@124907752	0,50	16,48	False	1.0	het	2	-	50	-	+50@124907752	0,50	16,48	False	1.0	2	418.0,418.1	11,9	20	50,12	0	2	0	2	kmeans	2	1	0	0	0	False	False	2	2	1	INS+50:0/1:PASS:DV11/TC20:V5TP:T2TTP:hapGT0/1	1	0	1	0	0	+50:0/1:TP	1	0	0	+50:0/1:TP	equal	equal	equal
419	chr12	124948558	124949058	500	124948256	124949258	1	38	20	20	True	466	0.428	2	2	2	20	0.0	False	hom	1	-	82	-82@124948786	-82@124948786	-82,-82	-94,-94	False	1.0	hom	1	-	82	-82@124948786	-82@124948786	-82,-82	-94,-94	False	1.0	1	419.0	20	20	-94	0	1	0	1	kmeans	1	1	0	0	0	False	False	1	1	1	DEL-94:1/1:PASS:DV20/TC20:V5TP:T2TTP:hapGT1/1	1	0	1	0	0	-82:1/1:TP	1	0	0	-82:1/1:TP	equal	equal	equal
420	chr12	124960947	124961447	500	124960747	124961647	1	12	12	25	True	273	0.546	2	2	2	25	0.0	False	het	2	-	36	-36@124961184	-	-36,0	-31,2	False	1.0	het	2	-	36	-36@124961184	-	-36,0	-31,2	False	1.0	2	420.0,420.1	14,11	25	-36,0	0	2	0	2	kmeans	2	3	0	0	0	False	False	2	2	1	DEL-36:0/1:PASS:DV13/TC24:V5ref:T2Tref:hapGT0/1	1	0	0	0	0	-	0	0	0	-	equal	equal	equal
421	chr12	124999650	125000150	500	124999341	125000350	1	22	21	24	True	695	0.872	2	2	2	24	0.0	False	hom	1	-	2460	+2460@124999872	+2458@124999872	2460,2458	2461,2456	False	1.0	hom	1	-	2460	+2460@124999872	+2458@124999872	2460,2458	2461,2456	False	1.0	2	421.0,421.1	22,2	24	2457,1785	0	2	0	2	kmeans	2	5	0	0	0	False	False	1	1	1	INS+2457:0/1:PASS:DV20/TC22:V5TP:T2Tref:hapGT1/1;INS+1168:0/0:LowQual:DV2/TC23:V5-:T2T-;INS+185:0/0:LowQual:DV2/TC24:V5-:T2T-;INS+372:0/0:LowQual:DV1/TC21:V5-:T2T-	5	1	1	0	0	+2460:1/1:TP	0	0	0	-	over	over	over
422	chr12	125035908	125036408	500	125035708	125036608	1	11	11	11	False	0	0.0	2	2	2	11	0.0	False	hom	1	-	162	+162@125036158	+162@125036158	162,162	160,160	False	1.0	hom	1	-	162	+162@125036158	+162@125036158	162,162	160,160	False	1.0	1	422.0	11	11	163	0	1	0	1	kmeans	1	0	0	0	0	False	False	1	1	1	INS+163:1/1:PASS:DV11/TC11:V5TP:T2TTP:hapGT1/1	1	0	1	0	0	+162:1/1:TP	1	0	0	+162:1/1:TP	equal	equal	equal
423	chr12	125089995	125090495	500	125089593	125090795	1	17	16	16	True	1102	1.0	2	2	2	16	0.0	False	hom	1	-	156	+156@125090207	+156@125090207	156,156	149,149	False	1.0	hom	1	-	156	+156@125090207	+156@125090207	156,156	149,149	False	1.0	1	423.0	16	16	152	0	1	0	1	kmeans	1	0	0	0	0	False	False	1	1	1	INS+152:1/1:PASS:DV16/TC16:V5TP:T2TTP:hapGT1/1	1	0	1	0	0	+156:1/1:TP	1	0	0	+156:1/1:TP	equal	equal	equal
424	chr12	125114463	125114963	500	125114263	125115163	1	5	5	15	True	474	0.844	2	2	2	15	0.0	False	het	2	-	75	-	-75@125114662	0,-75	0,-75	False	1.0	het	2	-	75	-	-75@125114662	0,-75	0,-75	False	1.0	2	424.0,424.1	10,5	15	0,-75	0	2	0	2	kmeans	2	0	0	0	0	False	False	2	2	1	DEL-75:0/1:PASS:DV5/TC15:V5TP:T2TTP:hapGT0/1	1	0	1	0	0	-75:0/1:TP	1	0	0	-75:0/1:TP	equal	equal	equal
425	chr12	125204101	125204787	686	125203901	125205607	1	14	14	29	True	1465	1.0	2	2	2	28	0.0	False	het	2	-	463	-	-463@125204231	0,-463	0,-463	False	1.0	het	2	-	463	-	-463@125204231	0,-463	0,-463	False	1.0	2	425.0,425.1	15,14	29	-463,-5	0	2	0	2	kmeans	2	0	0	0	0	False	False	2	2	1	DEL-463:0/1:PASS:DV14/TC28:V5TP:T2TTP:hapGT0/1	1	0	1	0	0	-463:0/1:TP	1	0	0	-463:0/1:TP	equal	equal	equal
426	chr12	125307532	125308032	500	125307332	125308288	1	25	15	16	True	498	0.584	2	2	2	16	0.0	False	cpx_het	2	size_diff	171	+150@125307743,+21@125307788	+150@125307743	171,150	171,150	False	1.0	cpx_het	2	size_diff	171	+150@125307743,+21@125307788	+150@125307743	171,150	171,150	False	1.0	1	426.0	16	16	171	0	1	0	1	kmeans	1	1	0	0	0	False	False	1	1	1	INS+171:1/1:PASS:DV16/TC16:V5TP:T2TTP:hapGT1/1	1	0	1	0	0	+150:1/1:TP	2	0	0	+150:1/0:TP;+150:0/1:TP	under	under	under
427	chr12	125316351	125316851	500	125316151	125317051	1	5	5	19	False	0	0.0	2	2	2	19	0.0	False	het	2	-	3138	+3138@125316601	-	3138,0	3138,0	False	1.0	het	2	-	3138	+3138@125316601	-	3138,0	3138,0	False	1.0	2	427.0,427.1	9,10	19	3144,0	0	2	0	2	kmeans	2	5	0	0	0	False	False	2	2	1	INS+3144:0/1:PASS:DV8/TC18:V5TP:T2TTP:hapGT0/1	1	0	1	0	0	+3138:1/0:TP	1	0	0	+3138:1/0:TP	equal	equal	equal
428	chr12	125409508	125411277	1769	125409308	125411477	1	59	20	28	True	1651	0.933	2	2	2	23	0.217	True	hom	1	-	121	-27@125409753,-36@125409764,-38@125410106,-96@125410266,+23@125410590,-39@125410708,+92@125410918	-36@125409764,+33@125410432,-74@125410694,-39@125410708	-121,-116	-100,-99	False	1.0	hom	1	-	85	-27@125409753,-38@125410106,-96@125410266,+23@125410590,-39@125410708,+92@125410918	-36@125409764,+33@125410432,-74@125410694	-85,-77	-60,-60	False	1.0	1	428.0	28	28	-25	0	1	0	1	kmeans	1	6	0	0	0	False	False	0	0	0	-	0	0	0	3	0	-96:1/0:FN;-74:0/1:FN;+92:1/0:FN	0	3	0	-96:1/0:FN;-74:0/1:FN;+92:1/0:FN	equal	equal	equal
429	chr12	125432188	125432688	500	125431988	125432888	1	21	11	25	True	201	0.402	2	2	2	25	0.0	False	het	2	-	74	-74@125432371	-	-74,0	-57,20	False	1.0	het	2	-	74	-74@125432371	-	-74,0	-57,20	False	1.0	2	429.0,429.1	8,17	25	-48,23	0	2	0	2	kmeans	2	3	0	0	0	False	False	0	0	0	-	0	0	0	1	0	-74:1/0:FN	0	1	0	-74:1/0:FN	equal	equal	equal
430	chr12	125461072	125461572	500	125460872	125461772	1	8	8	19	True	183	0.366	2	2	2	19	0.0	False	het	2	-	97	-	+97@125461272	0,97	0,97	False	1.0	het	2	-	97	-	+97@125461272	0,97	0,97	False	1.0	2	430.0,430.1	10,9	19	0,97	0	2	0	2	kmeans	2	2	0	0	0	False	False	2	2	1	INS+97:0/1:PASS:DV9/TC18:V5TP:T2TTP:hapGT0/1	1	0	1	0	0	+97:0/1:TP	1	0	0	+97:0/1:TP	equal	equal	equal
431	chr12	125493822	125495269	1447	125493622	125495469	1	64	6	33	True	1706	1.0	2	2	2	27	0.0	False	ref	1	-	0	-	-	0,0	-9,-9	False	1.0	ref	1	-	0	-	-	0,0	-9,-9	False	1.0	1	431.0	27	27	-9	0	1	0	1	other	0	3	1	0	0	False	False	1	1	0	-	0	0	0	0	0	-	0	0	0	-	equal	equal	equal
432	chr12	125527247	125527747	500	125526792	125527947	1	4	3	13	True	967	1.0	2	2	2	13	0.0	False	het	2	-	48	-	+48@125527472	0,48	0,48	False	1.0	het	2	-	48	-	+48@125527472	0,48	0,48	False	1.0	1	432.0	13	13	0	0	1	0	1	kmeans	1	1	0	0	0	False	False	1	1	0	-	0	0	0	0	0	-	0	0	0	-	under	under	under
433	chr12	125534433	125534933	500	125534233	125535133	1	11	11	17	True	109	0.218	2	2	2	17	0.0	False	het	2	-	56	-56@125534650	-	-56,0	-56,0	False	1.0	het	2	-	56	-56@125534650	-	-56,0	-56,0	False	1.0	2	433.0,433.1	11,6	17	-56,0	0	2	0	2	kmeans	2	0	0	0	0	False	False	2	2	1	DEL-56:0/1:PASS:DV11/TC17:V5TP:T2TTP:hapGT0/1	1	0	1	0	0	-56:1/0:TP	1	0	0	-56:1/0:TP	equal	equal	equal
434	chr12	125612734	125613234	500	125612534	125613434	1	34	19	23	True	478	0.908	2	2	2	22	0.0	False	hom	1	-	337	+337@125612926	+335@125612926	337,335	370,360	False	1.0	hom	1	-	337	+337@125612926	+335@125612926	337,335	370,360	False	1.0	2	434.0,434.1	18,5	23	376,87	0	2	0	2	kmeans	2	0	0	0	0	False	False	1	1	1	INS+371:1/1:PASS:DV18/TC22:V5TP:T2TTP:hapGT1/1	1	0	1	0	0	+337:1/1:TP	2	0	0	+335:0/1:TP;+337:1/0:TP	over	over	over
435	chr12	125677804	125679049	1245	125677604	125679249	1	50	8	31	True	1146	0.92	2	2	2	23	0.0	False	ref	1	-	0	-	-	0,0	0,0	False	1.0	ref	1	-	0	-	-	0,0	0,0	False	1.0	1	435.0	30	30	0	0	1	0	1	kmeans	1	5	0	0	0	False	False	1	1	0	-	0	0	0	0	0	-	0	0	0	-	equal	equal	equal
436	chr12	125706236	125706736	500	125706036	125706936	1	25	15	28	True	78	0.156	2	2	2	28	0.0	False	het	2	-	194	-	+194@125706496	0,194	6,205	False	1.0	het	2	-	194	-	+194@125706496	0,194	6,205	False	1.0	2	436.0,436.1	16,12	28	202,0	0	2	0	2	kmeans	2	1	0	0	0	False	False	2	2	1	INS+195:0/1:PASS:DV15/TC27:V5TP:T2TTP:hapGT0/1	1	0	1	0	0	+194:0/1:TP	1	0	0	+194:0/1:TP	equal	equal	equal
437	chr12	125723584	125724084	500	125723384	125724284	1	9	9	24	True	138	0.276	2	2	2	24	0.0	False	cpx_het	2	size_diff	52	-32@125723815	-20@125723811,-32@125723815	-32,-52	-32,-52	False	1.0	cpx_het	2	size_diff	32	-32@125723815	-20@125723811	-32,-20	-32,-20	False	1.0	2	437.0,437.1	14,10	24	-20,-32	0	2	0	2	kmeans	2	2	0	0	0	False	False	1	2	1	DEL-32:0/1:PASS:DV9/TC24:V5ref:T2Tref:hapGT0/1	1	0	0	0	0	-	0	0	0	-	equal	equal	equal
438	chr12	125738004	125738504	500	125737804	125738704	1	3	3	23	True	76	0.152	2	2	2	23	0.0	False	het	2	-	28	-	+28@125738243	0,28	13,29	False	1.0	het	2	-	28	-	+28@125738243	0,28	13,29	False	1.0	1	438.0	23	23	26	0	1	0	1	kmeans	1	2	0	0	0	False	False	0	0	0	-	0	0	0	0	0	-	0	0	0	-	under	under	under
439	chr12	125856041	125856541	500	125855841	125856741	1	5	5	17	False	0	0.0	2	2	2	17	0.0	False	het	2	-	50	-	+50@125856263	0,50	0,50	False	1.0	het	2	-	50	-	+50@125856263	0,50	0,50	False	1.0	2	439.0,439.1	12,5	17	0,50	0	2	0	2	kmeans	2	0	0	0	0	False	False	2	2	1	INS+50:0/1:PASS:DV5/TC17:V5TP:T2TTP:hapGT0/1	1	0	1	0	0	+50:0/1:TP	1	0	0	+50:0/1:TP	equal	equal	equal
440	chr12	125924042	125924542	500	125923842	125924742	1	19	11	19	True	470	0.734	2	2	2	19	0.0	False	cpx_het	2	one_net_small	42	-42@125924291	-42@125924291,+30@125924549	-42,-12	-34,-18	False	1.0	cpx_het	2	one_net_small	42	-42@125924291	-42@125924291,+30@125924549	-42,-12	-34,-18	False	1.0	2	440.0,440.1	7,12	19	-12,-32	0	2	0	2	kmeans	2	1	0	0	0	False	False	2	2	1	DEL-38:0/1:PASS:DV12/TC19:V5ref:T2Tref:hapGT0/1	1	0	0	0	0	-	0	0	0	-	equal	equal	equal
441	chr13	22019465	22023693	4228	22019265	22023893	1	123	22	26	True	4418	1.0	2	2	2	17	0.0	False	hom	1	-	374	+54@22019772,-28@22020021,+142@22021757,+25@22023047,+72@22023255,+109@22023396	-25@22019787,-27@22020084,+26@22020750,+142@22021757,+52@22021983,+72@22023230,+109@22023396	374,349	388,343	False	1.0	hom	1	-	374	+54@22019772,-28@22020021,+142@22021757,+25@22023047,+72@22023255,+109@22023396	-25@22019787,-27@22020084,+26@22020750,+142@22021757,+52@22021983,+72@22023230,+109@22023396	374,349	388,343	False	1.0	2	441.0,441.1	10,16	26	342,383	0	2	0	2	other	0	4	0	0	0	False	False	1	1	5	INS+54:0/1:PASS:DV7/TC17:V5TP:T2TTP:hapGT0/0;INS+142:0/1:PASS:DV14/TC15:V5TP:T2TTP:hapGT0/0;INS+52:0/1:PASS:DV6/TC16:V5TP:T2TTP:hapGT0/0;INS+72:0/1:PASS:DV17/TC17:V5TP:T2Tref:hapGT0/0;INS+109:0/1:PASS:DV16/TC17:V5TP:T2Tref:hapGT0/0	8	0	5	0	0	+54:1/0:TP;+142:1/1:TP;+52:0/1:TP;+72:1/1:TP;+109:1/1:TP	5	2	0	+54:1/0:TP;+142:1/1:TP;+52:0/1:TP;+72:1/0:TP;+72:0/1:FN;+109:0/1:FN;+109:1/0:TP	over	over	over
442	chr13	22437864	22438364	500	22437664	22438564	1	6	6	20	True	218	0.436	2	2	2	20	0.0	False	het	2	-	63	-	-63@22438007	0,-63	0,-63	False	1.0	het	2	-	63	-	-63@22438007	0,-63	0,-63	False	1.0	2	442.0,442.1	14,6	20	0,-63	0	2	0	2	kmeans	2	1	0	0	0	False	False	2	2	1	DEL-63:0/1:PASS:DV6/TC19:V5TP:T2TTP:hapGT0/1	1	0	1	0	0	-63:0/1:TP	1	0	0	-63:0/1:TP	equal	equal	equal
443	chr13	22449397	22449897	500	22449197	22450097	1	24	23	25	False	0	0.0	2	2	2	24	0.0	False	hom	1	-	84	+84@22449657	+84@22449655	84,84	84,84	False	1.0	hom	1	-	84	+84@22449657	+84@22449655	84,84	84,84	False	1.0	1	443.0	24	24	84	0	1	0	1	kmeans	1	3	0	0	0	False	False	1	1	1	INS+84:1/1:PASS:DV22/TC23:V5TP:T2TTP:hapGT1/1	1	0	1	0	0	+84:1/1:TP	2	0	0	+84:0/1:TP;+84:1/0:TP	equal	equal	equal
444	chr13	22480971	22481471	500	22480771	22481671	1	21	21	23	False	0	0.0	2	2	2	23	0.0	False	hom	1	-	307	-307@22481069	-307@22481069	-307,-307	-307,-307	False	1.0	hom	1	-	307	-307@22481069	-307@22481069	-307,-307	-307,-307	False	1.0	1	444.0	23	23	-306	0	1	0	1	kmeans	1	2	0	0	0	False	False	1	1	1	DEL-306:1/1:PASS:DV21/TC23:V5TP:T2TTP:hapGT1/1	1	0	1	0	0	-307:1/1:TP	1	0	0	-307:1/1:TP	equal	equal	equal
445	chr13	22604470	22604970	500	22604270	22605170	1	6	6	14	False	0	0.0	2	2	2	14	0.0	False	het	2	-	32	+32@22604712	-	32,0	32,0	False	1.0	het	2	-	32	+32@22604712	-	32,0	32,0	False	1.0	2	445.0,445.1	8,6	14	0,32	0	2	0	2	kmeans	2	0	0	0	0	False	False	2	2	1	INS+32:0/1:PASS:DV6/TC12:V5ref:T2Tref:hapGT0/1	1	0	0	0	0	-	0	0	0	-	equal	equal	equal
446	chr13	22614549	22615049	500	22614349	22615249	1	6	6	16	False	0	0.0	2	2	2	16	0.0	False	het	2	-	40	+40@22614797	-	40,0	40,0	False	1.0	het	2	-	40	+40@22614797	-	40,0	40,0	False	1.0	2	446.0,446.1	10,6	16	0,40	0	2	0	2	kmeans	2	0	0	0	0	False	False	2	2	1	INS+40:0/1:PASS:DV6/TC14:V5ref:T2Tref:hapGT0/1	1	0	0	0	0	-	0	0	0	-	equal	equal	equal
447	chr13	22679163	22679663	500	22678963	22679980	1	23	23	23	True	661	0.788	2	2	2	23	0.0	False	hom	1	-	359	+356@22679413	+359@22679413	356,359	356,359	False	1.0	hom	1	-	359	+356@22679413	+359@22679413	356,359	356,359	False	1.0	1	447.0	23	23	359	0	1	0	1	kmeans	1	0	0	0	0	False	False	1	1	1	INS+359:1/1:PASS:DV23/TC23:V5TP:T2TTP:hapGT1/1	1	0	1	0	0	+359:1/1:TP	2	0	0	+359:0/1:TP;+356:1/0:TP	equal	equal	equal
448	chr13	22858929	22860021	1092	22858729	22860221	1	30	13	16	True	1062	0.97	2	2	2	16	0.0	False	hom	1	-	88	+48@22859003,+40@22859359	+48@22859003,+40@22859359	88,88	82,82	False	1.0	hom	1	-	88	+48@22859003,+40@22859359	+48@22859003,+40@22859359	88,88	82,82	False	1.0	2	448.0,448.1	14,2	16	82,-1066	0	2	0	2	kmeans	2	1	0	0	0	False	False	1	1	2	INS+48:0/1:PASS:DV13/TC14:V5ref:T2Tref:hapGT0/0;DEL-74:0/0:LowQual:DV1/TC14:V5-:T2T-;INS+40:0/1:PASS:DV13/TC13:V5ref:T2Tref:hapGT0/0	3	0	0	0	0	-	0	0	0	-	over	over	over
449	chr13	22868511	22869011	500	22868311	22869448	1	10	9	11	True	732	0.69	2	2	2	10	0.0	False	hom	1	-	796	+796@22868696	+796@22868696	796,796	788,796	False	1.0	hom	1	-	796	+796@22868696	+796@22868696	796,796	788,796	False	1.0	1	449.0	11	11	792	0	1	0	1	kmeans	1	2	0	0	0	False	False	1	1	1	INS+798:1/1:PASS:DV10/TC11:V5TP:T2TTP:hapGT1/1	1	0	1	0	0	+796:1/1:TP	2	0	0	+796:1/0:TP;+796:0/1:TP	equal	equal	equal
450	chr13	22875860	22876360	500	22875660	22877282	1	4	4	14	False	0	0.0	2	2	2	13	0.0	False	het	2	-	2120	+2120@22876110	-	2120,0	2125,4	False	1.0	het	2	-	2120	+2120@22876110	-	2120,0	2125,4	False	1.0	2	450.0,450.1	8,6	14	0,2121	0	2	0	2	kmeans	2	3	0	0	0	False	False	2	2	1	INS+2121:0/1:PASS:DV5/TC14:V5TP:T2TTP:hapGT0/1	1	0	1	0	0	+2120:1/0:TP	1	0	0	+2120:1/0:TP	equal	equal	equal
451	chr13	23006471	23006971	500	23006271	23007171	1	1	1	19	False	0	0.0	2	2	2	19	0.0	False	het	2	-	2844	-	+2844@23006720	0,2844	0,2845	False	1.0	het	2	-	2844	-	+2844@23006720	0,2844	0,2845	False	1.0	2	451.0,451.1	5,14	19	3075,0	0	2	0	2	kmeans	2	2	0	0	0	False	False	2	2	1	INS+3068:0/1:PASS:DV4/TC18:V5TP:T2TTP:hapGT0/1	1	0	1	0	0	+2844:0/1:TP	1	0	0	+2844:0/1:TP	equal	equal	equal
452	chr13	23034123	23034623	500	23033923	23034823	1	20	20	21	False	0	0.0	2	2	2	21	0.0	False	hom	1	-	33	-33@23034358	-33@23034358	-33,-33	-33,-33	False	1.0	hom	1	-	33	-33@23034358	-33@23034358	-33,-33	-33,-33	False	1.0	1	452.0	21	21	-33	0	1	0	1	kmeans	1	0	0	0	0	False	False	1	1	1	DEL-33:1/1:PASS:DV20/TC20:V5ref:T2Tref:hapGT1/1	1	0	0	0	0	-	0	0	0	-	equal	equal	equal
453	chr13	23058310	23063219	4909	23057520	23063419	1	23	10	19	True	1729	0.201	2	2	2	18	0.0	False	cpx_het	2	size_diff	2794	+114@23058255	+487@23060286,+2307@23060307	114,2794	90,2778	False	0.964	cpx_het	2	size_diff	2794	+114@23058255	+487@23060286,+2307@23060307	114,2794	114,2778	False	0.134	2	453.0,453.1	17,2	19	2815,0	0	1	0	2	other	0	5	0	0	0	False	False	1	1	1	INS+2779:0/1:PASS:DV4/TC11:V5ref:T2Tref:hapGT0/1	1	0	0	0	0	-	1	0	0	+2793:0/1:TP	equal	equal	equal
454	chr13	23101372	23101872	500	23101172	23102072	1	23	23	24	True	568	0.978	2	2	2	24	0.0	False	hom	1	-	123	-123@23101515	-123@23101515	-123,-123	-123,-123	False	1.0	hom	1	-	123	-123@23101515	-123@23101515	-123,-123	-123,-123	False	1.0	1	454.0	24	24	-123	0	1	0	1	kmeans	1	1	0	0	0	False	False	1	1	1	DEL-123:1/1:PASS:DV23/TC23:V5TP:T2TTP:hapGT1/1	1	0	1	0	0	-123:1/1:TP	1	0	0	-123:1/1:TP	equal	equal	equal
455	chr13	23120673	23121173	500	23120473	23121373	1	21	21	21	False	0	0.0	2	2	2	21	0.0	False	hom	1	-	37	+37@23120923	+37@23120923	37,37	38,38	False	1.0	hom	1	-	37	+37@23120923	+37@23120923	37,37	38,38	False	1.0	1	455.0	21	21	37	0	1	0	1	kmeans	1	0	0	0	0	False	False	1	1	1	INS+37:1/1:PASS:DV21/TC21:V5ref:T2Tref:hapGT1/1	1	0	0	0	0	-	0	0	0	-	equal	equal	equal
456	chr13	23314132	23314632	500	23313932	23314832	1	12	12	25	True	355	0.672	2	2	2	25	0.0	False	het	2	-	30	-	+30@23314382	0,30	-17,30	False	1.0	het	2	-	30	-	+30@23314382	0,30	-17,30	False	1.0	2	456.0,456.1	12,13	25	30,-18	0	2	0	2	kmeans	2	1	0	0	0	False	False	2	2	1	INS+30:0/1:PASS:DV12/TC24:V5ref:T2Tref:hapGT0/1	1	0	0	0	0	-	0	0	0	-	equal	equal	equal
457	chr13	23483424	23483924	500	23483224	23484124	1	22	21	22	False	0	0.0	2	2	2	22	0.0	False	hom	1	-	332	-332@23483501	-332@23483501	-332,-332	-332,-332	False	1.0	hom	1	-	332	-332@23483501	-332@23483501	-332,-332	-332,-332	False	1.0	1	457.0	22	22	-332	0	1	0	1	kmeans	1	1	0	0	0	False	False	1	1	1	DEL-332:1/1:PASS:DV21/TC21:V5TP:T2TTP:hapGT1/1	1	0	1	0	0	-332:1/1:TP	1	0	0	-332:1/1:TP	equal	equal	equal
458	chr13	23614496	23614996	500	23614296	23615196	1	11	11	23	False	0	0.0	2	2	2	22	0.0	False	het	2	-	36	-	+36@23614746	0,36	0,36	False	1.0	het	2	-	36	-	+36@23614746	0,36	0,36	False	1.0	2	458.0,458.1	11,12	23	34,0	0	2	0	2	kmeans	2	0	0	0	0	False	False	2	2	1	INS+34:0/1:PASS:DV11/TC23:V5ref:T2Tref:hapGT0/1	1	0	0	0	0	-	0	0	0	-	equal	equal	equal
459	chr13	23908355	23908855	500	23908155	23909055	1	12	12	23	False	0	0.0	2	2	2	22	0.0	False	het	2	-	339	-	+339@23908601	0,339	0,343	False	1.0	het	2	-	339	-	+339@23908601	0,339	0,343	False	1.0	2	459.0,459.1	12,11	23	339,0	0	2	0	2	kmeans	2	2	0	0	0	False	False	2	2	1	INS+339:0/1:PASS:DV12/TC22:V5TP:T2TTP:hapGT0/1	1	0	1	0	0	+339:0/1:TP	1	0	0	+339:0/1:TP	equal	equal	equal
460	chr13	23970925	23971425	500	23970725	23971625	1	21	21	21	False	0	0.0	2	2	2	21	0.0	False	hom	1	-	34	+34@23971168	+34@23971168	34,34	31,34	False	1.0	hom	1	-	34	+34@23971168	+34@23971168	34,34	31,34	False	1.0	1	460.0	21	21	34	0	1	0	1	kmeans	1	1	0	0	0	False	False	1	1	1	INS+34:1/1:PASS:DV21/TC21:V5ref:T2Tref:hapGT1/1	1	0	0	0	0	-	0	0	0	-	equal	equal	equal
461	chr13	24046296	24046796	500	24046096	24046996	1	12	12	27	False	0	0.0	2	2	2	27	0.0	False	het	2	-	327	+327@24046536	-	327,0	325,2	False	1.0	het	2	-	327	+327@24046536	-	327,0	325,2	False	1.0	2	461.0,461.1	14,13	27	0,327	0	2	0	2	kmeans	2	1	0	0	0	False	False	2	2	1	INS+327:0/1:PASS:DV12/TC26:V5TP:T2TTP:hapGT0/1	1	0	1	0	0	+327:1/0:TP	1	0	0	+327:1/0:TP	equal	equal	equal
462	chr13	24052586	24053086	500	24052386	24053286	1	22	22	24	False	0	0.0	2	2	2	24	0.0	False	hom	1	-	128	+128@24052836	+128@24052836	128,128	128,129	False	1.0	hom	1	-	128	+128@24052836	+128@24052836	128,128	128,129	False	1.0	1	462.0	24	24	130	0	1	0	1	kmeans	1	1	0	0	0	False	False	1	1	1	INS+130:1/1:PASS:DV22/TC23:V5TP:T2TTP:hapGT1/1	1	0	1	0	0	+128:1/1:TP	2	0	0	+128:1/0:TP;+128:0/1:TP	equal	equal	equal
463	chr13	24136730	24137230	500	24136530	24137430	1	11	11	26	False	0	0.0	2	2	2	24	0.0	False	het	2	-	314	-314@24136815	-	-314,0	-314,0	False	1.0	het	2	-	314	-314@24136815	-	-314,0	-314,0	False	1.0	2	463.0,463.1	13,13	26	-314,0	0	2	0	2	kmeans	2	2	0	0	0	False	False	2	2	1	DEL-314:0/1:PASS:DV11/TC24:V5TP:T2TTP:hapGT0/1	1	0	1	0	0	-314:1/0:TP	1	0	0	-314:1/0:TP	equal	equal	equal
464	chr13	24189857	24190357	500	24189448	24190557	1	21	15	20	True	896	1.0	2	2	2	19	0.0	False	cpx_het	2	size_diff	662	+50@24190257	-36@24189645,+23@24189730,+206@24189953,+565@24190123,-96@24190255	50,662	52,654	False	1.0	cpx_het	2	size_diff	662	+50@24190257	-36@24189645,+23@24189730,+206@24189953,+565@24190123,-96@24190255	50,662	52,654	False	1.0	2	464.0,464.1	4,16	20	452,50	0	1	1	2	kmeans	2	2	0	0	0	False	False	1	1	1	INS+206:0/0:LowQual:DV2/TC16:V5-:T2T-;INS+65:0/0:LowQual:DV1/TC16:V5-:T2T-;INS+50:0/1:PASS:DV14/TC15:V5ref:T2Tref:hapGT0/1	3	0	1	2	0	+599:0/1:FN;+50:0/1:FN;+50:1/0:TP	1	2	0	+599:0/1:FN;+50:0/1:FN;+50:1/0:TP	equal	equal	equal
465	chr13	24237673	24238173	500	24237473	24238373	1	7	7	16	True	171	0.342	2	2	2	16	0.0	False	cpx_het	2	size_diff	58	+58@24237886	+29@24237886	58,29	59,30	False	1.0	cpx_het	2	size_diff	58	+58@24237886	+29@24237886	58,29	59,30	False	1.0	2	465.0,465.1	7,9	16	58,29	0	2	0	2	kmeans	2	0	0	0	0	False	False	2	2	1	INS+58:0/1:PASS:DV7/TC16:V5TP:T2TTP:hapGT0/1	1	0	1	0	0	+58:1/0:TP	1	0	0	+58:1/0:TP	equal	equal	equal
466	chr13	24340895	24341395	500	24340695	24341595	1	13	13	16	True	88	0.176	2	2	2	16	0.0	False	cpx_het	2	size_diff	60	-30@24341129	-30@24341127,-30@24341129	-30,-60	-30,-60	False	1.0	hom	1	-	30	-30@24341129	-30@24341127	-30,-30	-30,-30	False	1.0	1	466.0	16	16	-29	0	1	0	1	kmeans	1	0	0	0	0	False	False	1	1	0	-	0	0	0	0	0	-	0	0	0	-	under	equal	under
467	chr13	24355623	24357547	1924	24355423	24357747	1	174	34	35	True	1942	0.975	2	2	2	30	0.0	False	cpx_het	2	size_diff	343	+70@24355760,-185@24355932,+458@24356680	+45@24355838,-205@24355910,-185@24355932,+462@24356681	343,117	320,113	False	1.0	cpx_het	2	size_diff	343	+70@24355760,-185@24355932,+458@24356680	+45@24355838,-205@24355910,+462@24356681	343,302	322,298	False	1.0	2	467.0,467.1	14,20	34	342,317	0	2	0	1	other	0	2	0	0	0	False	False	1	2	3	DEL-116:0/1:PASS:DV31/TC34:V5ref:T2Tref:hapGT0/0;DEL-37:0/1:PASS:DV14/TC34:V5ref:T2Tref:hapGT0/0;INS+462:0/1:PASS:DV33/TC34:V5ref:T2Tref:hapGT0/1	5	0	1	1	0	-205:0/1:FN;-122:1/0:TP	1	1	0	-205:0/1:FN;-94:1/0:TP	equal	equal	equal
468	chr13	24455256	24455756	500	24455056	24455956	1	5	5	18	False	0	0.0	2	2	2	16	0.0	False	het	2	-	24	-	+24@24455506	0,24	2,27	False	1.0	het	2	-	24	-	+24@24455506	0,24	2,27	False	1.0	1	468.0	18	18	30	0	1	0	1	kmeans	1	1	0	0	0	False	False	0	0	0	-	0	0	0	0	0	-	0	0	0	-	under	under	under
469	chr13	24460221	24460721	500	24460021	24460921	1	16	16	16	True	88	0.176	2	2	2	15	0.0	False	hom	1	-	36	-36@24460441	-36@24460441	-36,-36	-36,-36	False	1.0	hom	1	-	36	-36@24460441	-36@24460441	-36,-36	-36,-36	False	1.0	1	469.0	16	16	-36	0	1	0	1	kmeans	1	1	0	0	0	False	False	1	1	1	DEL-36:1/1:PASS:DV16/TC16:V5ref:T2Tref:hapGT1/1	1	0	0	0	0	-	0	0	0	-	equal	equal	equal
470	chr13	24522818	24525123	2305	24522618	24528244	1	35	21	25	True	1379	0.598	2	2	2	25	0.0	False	hom	1	-	605	+563@24522905,+42@24525052	+563@24522905,+38@24525052	605,601	605,603	False	1.0	hom	1	-	605	+563@24522905,+42@24525052	+563@24522905,+38@24525052	605,601	605,603	False	1.0	2	470.0,470.1	22,3	25	604,41	0	1	0	2	kmeans	2	6	0	0	0	False	False	1	1	2	INS+563:0/1:PASS:DV18/TC20:V5TP:T2Tref:hapGT1/1;INS+41:0/1:PASS:DV19/TC20:V5ref:T2Tref:hapGT0/0	3	1	1	0	0	+563:1/1:TP	0	0	0	-	over	over	over
471	chr13	24534845	24535345	500	24534645	24535545	1	8	8	26	True	241	0.482	2	2	2	26	0.0	False	het	2	-	35	-	-35@24535072	0,-35	-18,-35	False	1.0	het	2	-	35	-	-35@24535072	0,-35	-18,-35	False	1.0	2	471.0,471.1	9,17	26	-35,-18	0	2	0	2	kmeans	2	1	0	0	0	False	False	2	2	1	DEL-35:0/1:PASS:DV8/TC24:V5ref:T2Tref:hapGT0/1	1	0	0	0	0	-	0	0	0	-	equal	equal	equal
472	chr13	24578604	24579104	500	24578404	24579304	1	9	9	21	True	60	0.12	2	2	2	21	0.0	False	het	2	-	36	-	-36@24578823	0,-36	0,-36	False	1.0	het	2	-	36	-	-36@24578823	0,-36	0,-36	False	1.0	2	472.0,472.1	11,10	21	-36,0	0	2	0	2	kmeans	2	1	0	0	0	False	False	2	2	1	DEL-36:0/1:PASS:DV9/TC19:V5ref:T2Tref:hapGT0/1	1	0	0	0	0	-	0	0	0	-	equal	equal	equal
473	chr13	24595646	24596146	500	24595446	24596346	1	12	12	23	False	0	0.0	2	2	2	23	0.0	False	het	2	-	268	-	+268@24595892	0,268	0,261	False	1.0	het	2	-	268	-	+268@24595892	0,268	0,261	False	1.0	2	473.0,473.1	14,9	23	263,0	0	2	0	2	kmeans	2	2	0	0	0	False	False	2	2	1	INS+263:0/1:PASS:DV13/TC23:V5TP:T2TTP:hapGT0/1	1	0	1	0	0	+268:0/1:TP	1	0	0	+268:0/1:TP	equal	equal	equal
474	chr13	24660951	24661451	500	24660751	24661651	1	10	10	21	True	122	0.244	2	2	2	21	0.0	False	het	2	-	39	-39@24661199	-	-39,0	-37,-2	False	1.0	het	2	-	39	-39@24661199	-	-39,0	-35,-2	False	1.0	1	474.0	21	21	0	0	1	0	1	kmeans	1	0	0	0	0	False	False	0	0	0	-	0	0	0	0	0	-	0	0	0	-	under	under	under
475	chr13	24737574	24738074	500	24737374	24738274	1	16	16	20	True	446	0.704	2	2	2	20	0.0	False	hom	1	-	225	+225@24737884	+225@24737884	225,225	225,225	False	1.0	hom	1	-	225	+225@24737884	+225@24737884	225,225	225,225	False	1.0	1	475.0	20	20	225	0	1	0	1	kmeans	1	4	0	0	0	False	False	1	1	1	INS+225:1/1:PASS:DV18/TC19:V5TP:T2TTP:hapGT1/1	1	0	1	0	0	+225:1/1:TP	1	0	0	+225:1/1:TP	equal	equal	equal
476	chr13	24881766	24882307	541	24881452	24882507	1	76	15	16	True	767	0.93	2	2	2	16	0.0	False	cpx_het	2	size_diff	330	+56@24881871,+252@24881964,+22@24882246	+58@24881946,+54@24882213,+24@24882257	330,136	351,144	False	1.0	cpx_het	2	size_diff	330	+56@24881871,+252@24881964,+22@24882246	+58@24881946,+54@24882213,+24@24882257	330,136	351,144	False	1.0	2	476.0,476.1	7,9	16	336,134	0	2	0	2	kmeans	2	1	0	0	0	False	False	2	2	4	INS+34:0/1:PASS:DV7/TC15:V5ref:T2Tref:hapGT0/0;INS+58:0/1:PASS:DV15/TC15:V5TP:T2Tref:hapGT0/0;INS+204:0/1:PASS:DV7/TC15:V5TP:T2Tref:hapGT0/0;INS+76:0/1:PASS:DV8/TC15:V5TP:T2Tref:hapGT0/0	5	0	3	0	0	+56:1/1:TP;+58:0/1:TP;+252:1/0:TP	3	1	0	+58:0/1:TP;+68:1/0:FN;+208:1/0:TP;+54:0/1:TP	equal	equal	equal
477	chr13	24970329	24970829	500	24970129	24971279	1	8	4	19	True	983	1.0	2	2	2	19	0.0	False	het	2	-	80	-	-40@24970508,-40@24970605	0,-80	0,-79	False	1.0	het	2	-	80	-	-40@24970508,-40@24970605	0,-80	0,-79	False	1.0	2	477.0,477.1	5,14	19	-80,0	0	2	0	2	kmeans	2	0	0	0	0	False	False	2	2	2	DEL-40:0/1:PASS:DV4/TC16:V5ref:T2Tref:hapGT0/0;DEL-40:0/1:PASS:DV4/TC16:V5ref:T2Tref:hapGT0/0	2	0	0	0	0	-	0	0	0	-	equal	equal	equal
478	chr13	25031704	25032204	500	25031284	25032404	1	15	7	18	False	0	0.0	2	2	2	18	0.0	False	het	2	-	24	+24@25032001	-	24,0	43,2	False	1.0	het	2	-	24	+24@25032001	-	24,0	43,2	False	1.0	2	478.0,478.1	8,10	18	43,0	0	2	0	2	kmeans	2	1	0	0	0	False	False	1	1	0	-	0	0	0	0	0	-	0	0	0	-	equal	equal	equal
479	chr13	25070958	25071458	500	25070758	25071658	1	6	6	14	False	0	0.0	2	2	2	14	0.0	False	het	2	-	319	-319@25071048	-	-319,0	-319,3	False	1.0	het	2	-	319	-319@25071048	-	-319,0	-319,3	False	1.0	2	479.0,479.1	6,8	14	-319,0	0	2	0	2	kmeans	2	0	0	0	0	False	False	2	2	1	DEL-319:0/1:PASS:DV6/TC14:V5TP:T2TTP:hapGT0/1	1	0	1	0	0	-319:1/0:TP	1	0	0	-319:1/0:TP	equal	equal	equal
480	chr13	25098131	25098631	500	25097931	25098831	1	9	3	26	False	0	0.0	2	2	2	24	0.0	False	ref	1	-	0	-	-	0,0	0,0	False	1.0	ref	1	-	0	-	-	0,0	0,0	False	1.0	1	480.0	24	24	0	0	1	0	1	kmeans	1	0	0	0	0	False	False	1	1	0	-	0	0	0	0	0	-	0	0	0	-	equal	equal	equal
481	chr13	25115188	25115688	500	25114988	25115888	1	11	11	25	True	172	0.344	2	2	2	25	0.0	False	het	2	-	52	-	-52@25115412	0,-52	8,-62	False	1.0	het	2	-	52	-	-52@25115412	0,-52	8,-62	False	1.0	2	481.0,481.1	12,12	24	-58,14	0	2	0	2	kmeans	2	4	0	0	0	False	False	2	2	1	DEL-52:0/1:PASS:DV11/TC25:V5TP:T2TTP:hapGT0/1	1	0	1	0	0	-52:0/1:TP	1	0	0	-52:0/1:TP	equal	equal	equal
482	chr13	25130725	25131225	500	25130525	25131425	1	5	4	21	True	117	0.234	2	2	2	19	0.0	False	het	2	-	28	-28@25130966	-	-28,0	-28,4	False	1.0	het	2	-	28	-28@25130966	-	-28,0	-28,4	False	1.0	1	482.0	20	20	0	0	1	0	1	kmeans	1	3	0	0	0	False	False	0	0	0	-	0	0	0	0	0	-	0	0	0	-	under	under	under
483	chr13	25146653	25147256	603	25146453	25147456	1	23	22	26	False	0	0.0	2	2	2	24	0.0	False	hom	1	-	319	-319@25146879	-319@25146879	-319,-319	-319,-319	False	1.0	hom	1	-	319	-319@25146879	-319@25146879	-319,-319	-319,-319	False	1.0	1	483.0	24	24	-319	0	1	0	1	kmeans	2	2	1	0	0	False	False	1	1	1	DEL-319:1/1:PASS:DV23/TC25:V5TP:T2TTP:hapGT1/1	1	0	1	0	0	-319:1/1:TP	1	0	0	-319:1/1:TP	equal	equal	equal
484	chr13	25158999	25159499	500	25158799	25159749	1	35	16	17	True	603	0.806	2	2	2	17	0.0	False	cpx_het	2	size_diff	978	+455@25159099,+230@25159121	+472@25159099,+454@25159131,+52@25159308	685,978	687,984	False	1.0	cpx_het	2	size_diff	978	+455@25159099,+230@25159121	+472@25159099,+454@25159131,+52@25159308	685,978	687,984	False	1.0	2	484.0,484.1	9,8	17	685,972	0	2	0	2	kmeans	2	1	0	0	0	False	False	2	2	3	INS+685:0/1:PASS:DV8/TC16:V5ref:T2Tref:hapGT1/1;INS+920:0/1:PASS:DV8/TC16:V5ref:T2Tref:hapGT1/1;INS+52:0/1:PASS:DV8/TC17:V5ref:T2Tref:hapGT0/0	3	2	0	2	1	+924:0/1:FN;+716:1/0:FN	1	2	1	+924:0/1:FN;+699:1/0:FN;+52:0/1:TP	equal	equal	equal
485	chr13	25186632	25187132	500	25186432	25187592	1	11	11	20	True	709	0.598	2	2	2	19	0.0	False	cpx_het	2	size_diff	36	+36@25186879	+20@25186883	36,20	36,20	False	1.0	cpx_het	2	size_diff	36	+36@25186879	+20@25186883	36,20	36,20	False	1.0	2	485.0,485.1	11,9	20	35,20	0	2	0	2	kmeans	2	1	0	0	0	False	False	2	2	1	INS+35:0/1:PASS:DV11/TC19:V5ref:T2Tref:hapGT0/1	1	0	0	0	0	-	0	0	0	-	equal	equal	equal
486	chr13	25264503	25265003	500	25264303	25265203	1	7	7	14	False	0	0.0	2	2	2	14	0.0	False	het	2	-	170	+170@25264753	-	170,0	170,0	False	1.0	het	2	-	170	+170@25264753	-	170,0	170,0	False	1.0	2	486.0,486.1	8,6	14	157,0	0	2	0	2	kmeans	2	2	0	0	0	False	False	2	2	1	INS+157:0/1:PASS:DV7/TC13:V5TP:T2TTP:hapGT0/1	1	0	1	0	0	+170:1/0:TP	1	0	0	+170:1/0:TP	equal	equal	equal
487	chr13	25371146	25371646	500	25370946	25371846	1	20	20	23	True	100	0.2	2	2	2	23	0.0	False	hom	1	-	52	-52@25371383	-52@25371383	-52,-52	-52,-52	False	1.0	hom	1	-	52	-52@25371383	-52@25371383	-52,-52	-52,-52	False	1.0	1	487.0	23	23	-52	0	1	0	1	kmeans	1	2	0	0	0	False	False	1	1	1	DEL-52:1/1:PASS:DV21/TC23:V5TP:T2TTP:hapGT1/1	1	0	1	0	0	-52:1/1:TP	1	0	0	-52:1/1:TP	equal	equal	equal
488	chr13	25399647	25400147	500	25399447	25400347	1	45	23	25	True	269	0.538	2	2	2	24	0.0	False	hom	1	-	37	+37@25399980	+37@25399980	37,37	51,51	False	1.0	hom	1	-	37	+37@25399980	+37@25399980	37,37	51,51	False	1.0	1	488.0	25	25	51	0	1	1	1	kmeans	1	1	0	0	0	False	False	1	1	1	INS+37:1/1:PASS:DV23/TC24:V5ref:T2Tref:hapGT1/1	1	0	0	0	0	-	0	0	0	-	equal	equal	equal
489	chr13	25465198	25465843	645	25464998	25466043	1	34	16	20	True	137	0.212	2	2	2	18	0.0	False	cpx_het	2	size_diff	148	+57@25465733	+148@25465748	57,148	57,162	False	1.0	cpx_het	2	size_diff	148	+57@25465733	+148@25465748	57,148	57,162	False	1.0	2	489.0,489.1	13,7	20	56,154	0	2	0	2	kmeans	2	1	0	0	0	False	False	2	2	2	INS+154:0/1:PASS:DV6/TC18:V5ref:T2Tref:hapGT0/1;INS+36:0/1:PASS:DV12/TC18:V5ref:T2Tref:hapGT0/0	2	0	1	1	0	+148:0/1:TP;+57:1/0:FN	1	1	0	+148:0/1:TP;+57:1/0:FN	equal	equal	equal
490	chr13	25528539	25529039	500	25528339	25529239	1	16	16	27	True	177	0.354	2	2	2	27	0.0	False	het	2	-	69	-69@25528731	-	-69,0	-69,-1	False	1.0	het	2	-	69	-69@25528731	-	-69,0	-69,-1	False	1.0	2	490.0,490.1	11,16	27	0,-69	0	2	0	2	kmeans	2	1	0	0	0	False	False	2	2	1	DEL-69:0/1:PASS:DV16/TC26:V5TP:T2TTP:hapGT0/1	1	0	1	0	0	-69:1/0:TP	1	0	0	-69:1/0:TP	equal	equal	equal
491	chr13	25531097	25531597	500	25530897	25531797	1	43	14	24	True	345	0.69	2	2	2	24	0.0	False	het	2	-	47	-47@25531280	-	-47,0	-61,-9	False	1.0	het	2	-	47	-47@25531280	-	-47,0	-61,-9	False	1.0	2	491.0,491.1	11,13	24	-9,-59	0	2	0	2	kmeans	2	0	0	0	0	False	False	2	2	1	DEL-47:0/1:PASS:DV13/TC24:V5ref:T2Tref:hapGT0/1	1	0	0	0	0	-	0	0	0	-	equal	equal	equal
492	chr13	25812243	25812743	500	25812043	25812943	1	3	3	4	False	0	0.0	2	2	2	4	0.0	False	hom	1	-	3979	+3979@25812490	+3979@25812490	3979,3979	3979,3979	False	1.0	hom	1	-	3979	+3979@25812490	+3979@25812490	3979,3979	3979,3979	False	1.0	1	492.0	4	4	4025	0	1	0	1	kmeans	1	1	0	0	0	False	False	1	1	1	INS+4020:1/1:PASS:DV4/TC4:V5TP:T2TTP:hapGT1/1	1	0	1	0	0	+3979:1/1:TP	2	0	0	+3979:0/1:TP;+3979:1/0:TP	equal	equal	equal
493	chr13	25878230	25878730	500	25878030	25878930	1	7	7	24	False	0	0.0	2	2	2	23	0.0	False	het	2	-	143	+143@25878481	-	143,0	143,0	False	1.0	het	2	-	143	+143@25878481	-	143,0	143,0	False	1.0	2	493.0,493.1	15,8	23	0,143	0	2	0	2	kmeans	2	2	0	0	0	False	False	2	2	1	INS+143:0/1:PASS:DV7/TC20:V5TP:T2TTP:hapGT0/1	1	0	1	0	0	+143:1/0:TP	1	0	0	+143:1/0:TP	equal	equal	equal
494	chr13	26033095	26033595	500	26032895	26033795	1	8	8	18	False	0	0.0	2	2	2	18	0.0	False	het	2	-	30	-	+30@26033328	0,30	0,30	False	1.0	het	2	-	30	-	+30@26033328	0,30	0,30	False	1.0	2	494.0,494.1	9,9	18	14,30	0	2	0	2	kmeans	2	1	0	0	0	False	False	2	2	1	INS+30:0/1:PASS:DV9/TC18:V5ref:T2Tref:hapGT0/1	1	0	0	0	0	-	0	0	0	-	equal	equal	equal
495	chr13	26035530	26036030	500	26035330	26036230	1	5	5	16	True	108	0.216	2	2	2	16	0.0	False	het	2	-	36	-36@26035759	-	-36,0	-36,0	False	1.0	het	2	-	36	-36@26035759	-	-36,0	-36,0	False	1.0	2	495.0,495.1	10,6	16	0,-36	0	2	0	2	kmeans	2	1	0	0	0	False	False	2	2	1	DEL-36:0/1:PASS:DV5/TC15:V5ref:T2Tref:hapGT0/1	1	0	0	0	0	-	0	0	0	-	equal	equal	equal
496	chr13	26149736	26150236	500	26149536	26150436	1	9	9	16	True	256	0.512	2	2	2	16	0.0	False	het	2	-	66	-66@26149984	-	-66,0	-74,0	False	1.0	het	2	-	66	-66@26149984	-	-66,0	-74,0	False	1.0	2	496.0,496.1	9,7	16	-70,0	0	2	0	2	kmeans	2	1	0	0	0	False	False	2	2	1	DEL-62:0/1:PASS:DV9/TC16:V5TP:T2TTP:hapGT0/1	1	0	1	0	0	-66:1/0:TP	1	0	0	-66:1/0:TP	equal	equal	equal
497	chr13	26186901	26187401	500	26186701	26187601	1	16	16	24	False	0	0.0	2	2	2	23	0.0	False	het	2	-	37	-	-37@26187132	0,-37	-5,-42	False	1.0	het	2	-	37	-	-37@26187132	0,-37	-5,-41	False	1.0	2	497.0,497.1	8,16	24	0,-37	0	2	0	2	kmeans	2	0	0	0	0	False	False	2	2	1	DEL-37:0/1:PASS:DV16/TC24:V5ref:T2Tref:hapGT0/1	1	0	0	0	0	-	0	0	0	-	equal	equal	equal
498	chr13	26241872	26242372	500	26241289	26242572	1	7	7	13	True	629	0.192	2	2	2	12	0.0	False	het	2	-	318	+318@26242117	-	318,0	313,-1	False	1.0	het	2	-	318	+318@26242117	-	318,0	313,-1	False	1.0	2	498.0,498.1	7,6	13	307,-7	0	2	0	2	kmeans	2	1	0	0	0	False	False	2	2	1	INS+314:0/1:PASS:DV7/TC13:V5TP:T2TTP:hapGT0/1	1	0	1	0	0	+318:1/0:TP	1	0	0	+318:1/0:TP	equal	equal	equal
499	chr13	26472532	26473575	1043	26472332	26473775	1	55	21	25	True	1066	0.985	2	2	2	25	0.04	False	hom	1	-	2325	+342@26472582,+1736@26472812,+118@26472876,+34@26472926,+39@26473525	+342@26472582,+1774@26472812,+118@26472876,+34@26472926,+57@26473525	2269,2325	2243,2312	False	1.0	hom	1	-	2325	+342@26472582,+1736@26472812,+118@26472876,+34@26472926,+39@26473525	+342@26472582,+1774@26472812,+118@26472876,+34@26472926,+57@26473525	2269,2325	2256,2312	False	1.0	2	499.0,499.1	9,15	24	2256,2306	0	2	0	1	other	0	1	0	0	0	False	False	1	1	4	INS+2114:0/1:PASS:DV21/TC22:V5ref:T2Tref:hapGT1/1;INS+146:0/1:PASS:DV18/TC21:V5ref:T2Tref:hapGT0/0;INS+57:0/1:PASS:DV14/TC18:V5ref:T2Tref:hapGT0/0;INS+42:0/0:PASS:DV3/TC18:V5ref:T2Tref:hapGT0/0	6	1	4	2	0	+274:1/1:TP;+68:0/1:FN;+68:1/0:FN;+1774:1/1:TP;+118:1/1:TP;+57:0/1:TP	4	2	0	+342:1/0:FN;+410:0/1:TP;+1706:0/1:TP;+1736:1/0:FN;+118:1/1:TP;+57:0/1:TP	over	over	over
500	chr13	26475850	26478099	2249	26475650	26478299	1	17	17	19	True	153	0.068	2	2	2	18	0.0	False	hom	1	-	2145	-2145@26475904	-2145@26475904	-2145,-2145	-2145,-2145	False	1.0	hom	1	-	2145	-2145@26475904	-2145@26475904	-2145,-2145	-2145,-2145	False	1.0	1	500.0	19	19	-2145	0	1	0	1	kmeans	1	2	0	0	0	False	False	1	1	1	DEL-2145:1/1:PASS:DV19/TC19:V5TP:T2TTP:hapGT1/1	1	0	1	0	0	-2145:1/1:TP	1	0	0	-2145:1/1:TP	equal	equal	equal
501	chr13	26806097	26806597	500	26805897	26806797	1	17	16	19	True	161	0.322	2	2	2	19	0.0	False	cpx_het	2	size_diff	187	+94@26806346	+187@26806346	94,187	94,187	False	1.0	cpx_het	2	size_diff	187	+94@26806346	+187@26806346	94,187	94,187	False	1.0	2	501.0,501.1	11,8	19	187,94	0	2	0	2	kmeans	2	1	0	0	0	False	False	2	2	2	INS+94:0/1:PASS:DV7/TC17:V5TP:T2TTP:hapGT0/1;INS+187:0/1:PASS:DV9/TC17:V5TP:T2TTP:hapGT0/1	2	0	2	0	0	+94:1/0:TP;+187:0/1:TP	2	0	0	+94:1/0:TP;+187:0/1:TP	equal	equal	equal
502	chr13	26815972	26816472	500	26815772	26816672	1	13	13	26	True	64	0.128	2	2	2	26	0.0	False	het	2	-	31	-	-31@26816195	0,-31	0,-31	False	1.0	het	2	-	31	-	-31@26816195	0,-31	0,-31	False	1.0	2	502.0,502.1	15,11	26	-31,0	0	2	0	2	kmeans	2	0	0	0	0	False	False	2	2	1	DEL-31:0/1:PASS:DV13/TC24:V5ref:T2Tref:hapGT0/1	1	0	0	0	0	-	0	0	0	-	equal	equal	equal
503	chr13	26913727	26914227	500	26913527	26914427	1	12	12	15	False	0	0.0	2	2	2	15	0.0	False	hom	1	-	911	+911@26913971	+911@26913971	911,911	911,911	False	1.0	hom	1	-	911	+911@26913971	+911@26913971	911,911	911,911	False	1.0	1	503.0	15	15	913	0	1	0	1	kmeans	1	3	0	0	0	False	False	1	1	1	INS+913:1/1:PASS:DV14/TC15:V5TP:T2TTP:hapGT1/1	1	0	1	0	0	+911:1/1:TP	1	0	0	+911:1/1:TP	equal	equal	equal
504	chr13	26972526	26973026	500	26972326	26973226	1	20	19	24	True	269	0.538	2	2	2	22	0.0	False	hom	1	-	1160	+1160@26972768	+1160@26972768	1160,1160	1162,1161	False	1.0	hom	1	-	1160	+1160@26972768	+1160@26972768	1160,1160	1162,1161	False	1.0	2	504.0,504.1	21,3	24	1160,NA	1	1	0	1	kmeans	2	2	0	0	0	False	False	1	1	1	INS+1160:1/1:PASS:DV19/TC22:V5TP:T2TTP:hapGT1/1	1	0	1	0	0	+1160:1/1:TP	1	0	0	+1160:1/1:TP	over	over	over
505	chr13	27051506	27052006	500	27051306	27052206	1	14	7	16	True	355	0.502	2	2	2	16	0.0	False	cpx_het	2	size_diff	38	-38@27051818	-21@27051755	-38,-21	-38,-21	False	1.0	cpx_het	2	size_diff	38	-38@27051818	-21@27051755	-38,-21	-38,-21	False	1.0	2	505.0,505.1	6,10	16	-34,-21	0	2	0	2	kmeans	2	0	0	0	0	False	False	2	2	0	-	0	0	0	0	0	-	0	0	0	-	equal	equal	equal
506	chr13	27063671	27064171	500	27063471	27064371	1	35	19	22	True	141	0.282	2	2	2	22	0.0	False	cpx_het	2	size_diff	1227	+1289@27063850,-62@27063890	+861@27063850,-62@27063890	1227,799	1227,799	False	1.0	cpx_het	2	size_diff	1227	+1289@27063850,-62@27063890	+861@27063850,-62@27063890	1227,799	1227,799	False	1.0	2	506.0,506.1	14,8	22	1236,803	0	2	0	2	other	0	2	0	0	0	False	False	2	2	2	INS+803:0/1:PASS:DV6/TC20:V5ref:T2Tref:hapGT0/1;INS+1236:0/1:PASS:DV14/TC20:V5ref:T2Tref:hapGT0/1	2	0	2	0	0	+786:0/1:TP;+1214:1/0:TP	2	0	0	+786:0/1:TP;+1214:1/0:TP	equal	equal	equal
507	chr13	27287576	27288076	500	27287376	27288276	1	19	11	15	True	504	0.886	2	2	2	14	0.0	False	cpx_het	2	size_diff	170	-44@27287894	-170@27287649	-44,-170	-61,-179	False	1.0	cpx_het	2	size_diff	170	-44@27287894	-170@27287649	-44,-170	-61,-170	False	1.0	2	507.0,507.1	5,10	15	-169,-53	0	2	0	2	kmeans	2	2	0	0	0	False	False	2	2	2	DEL-169:0/1:PASS:DV4/TC15:V5TP:T2TTP:hapGT0/1;DEL-44:0/1:PASS:DV9/TC14:V5ref:T2Tref:hapGT0/1	2	0	1	0	0	-170:0/1:TP	1	0	0	-170:0/1:TP	equal	equal	equal
508	chr13	27330095	27330595	500	27329895	27330795	1	5	5	21	True	268	0.536	2	2	2	21	0.0	False	cpx_het	2	size_diff	32	+20@27330326	+32@27330326	20,32	20,32	False	1.0	cpx_het	2	size_diff	32	+20@27330326	+32@27330326	20,32	20,32	False	1.0	1	508.0	21	21	32	0	1	0	1	kmeans	1	2	0	0	0	False	False	0	0	1	INS+32:1/1:PASS:DV18/TC18:V5ref:T2Tref:hapGT0/1	1	1	0	0	0	-	0	0	0	-	under	under	under
509	chr13	27414027	27414527	500	27413827	27414727	1	32	30	31	True	120	0.24	2	2	2	31	0.0	False	cpx_het	2	size_diff	64	-48@27414264	-64@27414264	-48,-64	-47,-63	False	1.0	cpx_het	2	size_diff	64	-48@27414264	-64@27414264	-48,-64	-47,-63	False	1.0	1	509.0	31	31	-48	0	1	0	1	kmeans	1	1	0	0	0	False	False	1	1	1	DEL-48:1/1:PASS:DV30/TC30:V5TP:T2TTP:hapGT1/1	1	0	1	0	0	-64:0/1:TP	1	0	0	-64:0/1:TP	under	under	under
510	chr13	27494846	27495346	500	27494646	27495546	1	22	21	21	True	352	0.704	2	2	2	21	0.0	False	hom	1	-	60	-60@27495010	-60@27495010	-60,-60	-60,-60	False	1.0	hom	1	-	60	-60@27495010	-60@27495010	-60,-60	-60,-60	False	1.0	1	510.0	21	21	-60	0	1	0	1	kmeans	1	1	0	0	0	False	False	1	1	1	DEL-60:1/1:PASS:DV21/TC21:V5TP:T2TTP:hapGT1/1	1	0	1	0	0	-60:1/1:TP	1	0	0	-60:1/1:TP	equal	equal	equal
511	chr13	27520492	27520992	500	27520292	27521192	1	14	14	15	True	113	0.226	2	2	2	15	0.0	False	hom	1	-	78	+78@27520756	+78@27520756	78,78	75,77	False	1.0	hom	1	-	78	+78@27520756	+78@27520756	78,78	75,77	False	1.0	1	511.0	15	15	78	0	1	0	1	kmeans	1	1	0	0	0	False	False	1	1	1	INS+78:1/1:PASS:DV15/TC15:V5TP:T2TTP:hapGT1/1	1	0	1	0	0	+78:1/1:TP	1	0	0	+78:1/1:TP	equal	equal	equal
512	chr13	27533548	27534048	500	27533348	27534248	1	13	9	18	True	290	0.58	2	2	2	18	0.0	False	het	2	-	196	-	+196@27533767	0,196	-14,198	False	1.0	het	2	-	196	-	+196@27533767	0,196	-14,198	False	1.0	2	512.0,512.1	9,9	18	198,-10	0	2	0	2	kmeans	2	0	0	0	0	False	False	2	2	1	INS+198:0/1:PASS:DV9/TC18:V5TP:T2TTP:hapGT0/1	1	0	1	0	0	+196:0/1:TP	1	0	0	+196:0/1:TP	equal	equal	equal
513	chr13	27582985	27583485	500	27582785	27583685	1	21	9	16	True	87	0.174	2	2	2	16	0.0	False	het	2	-	64	+38@27583208,+26@27583222	-	64,0	74,-6	False	1.0	het	2	-	64	+38@27583208,+26@27583222	-	64,0	74,-6	False	1.0	2	513.0,513.1	10,6	16	72,0	0	2	0	2	kmeans	2	2	0	0	0	False	False	2	2	1	INS+64:0/1:PASS:DV9/TC14:V5FP:T2TFP:hapGT0/1	1	0	0	0	1	-	0	0	1	-	equal	equal	equal
514	chr13	27934980	27935480	500	27934293	27935680	1	25	17	20	True	1279	1.0	2	2	2	20	0.0	False	cpx_het	2	size_diff	407	+347@27935078	+381@27935078,+26@27935334	347,407	347,407	False	1.0	cpx_het	2	size_diff	407	+347@27935078	+381@27935078,+26@27935334	347,407	347,407	False	1.0	2	514.0,514.1	8,12	20	407,347	0	2	0	2	kmeans	2	2	0	0	0	False	False	2	2	1	INS+347:0/1:PASS:DV18/TC18:V5TP:T2Tref:hapGT1/1	2	1	1	0	0	+381:1/1:TP	0	0	0	-	equal	equal	equal
515	chr13	27948222	27948722	500	27948022	27949210	1	4	4	13	True	828	0.78	2	2	2	12	0.0	False	het	2	-	48	-	-48@27948448	0,-48	-4,-56	False	1.0	het	2	-	48	-	-48@27948448	0,-48	-4,-52	False	1.0	2	515.0,515.1	9,4	13	0,-50	0	2	0	2	kmeans	2	1	0	0	0	False	False	2	2	1	DEL-50:0/1:PASS:DV4/TC12:V5FP:T2TFP:hapGT0/1	1	0	0	0	1	-	0	0	1	-	equal	equal	equal
516	chr13	27990711	27991347	636	27990511	27991547	1	58	16	19	True	685	1.0	2	2	2	18	0.0	False	hom	1	-	90	+24@27991142,+60@27991190	+24@27991142,+66@27991190	84,90	102,108	False	1.0	hom	1	-	90	+24@27991142,+60@27991190	+24@27991142,+66@27991190	84,90	102,108	False	1.0	1	516.0	19	19	106	0	1	0	1	kmeans	2	2	1	0	0	False	False	1	1	1	INS+90:1/1:PASS:DV16/TC17:V5TP:T2Tref:hapGT1/1	1	0	1	0	0	+66:1/1:TP	0	0	0	-	equal	equal	equal
517	chr13	27998690	27999268	578	27998490	27999983	1	56	11	12	True	1246	1.0	2	2	2	12	0.0	False	hom	1	-	1009	+94@27998781,+134@27998853,+146@27999038,+630@27999111	+94@27998781,+134@27998853,+44@27998892,+83@27999046,+654@27999111	1004,1009	1013,1014	False	1.0	hom	1	-	1009	+94@27998781,+134@27998853,+146@27999038,+630@27999111	+94@27998781,+134@27998853,+44@27998892,+83@27999046,+654@27999111	1004,1009	1013,1014	False	1.0	1	517.0	12	12	1025	0	1	0	1	kmeans	2	0	1	0	0	False	False	1	1	3	INS+94:1/1:PASS:DV11/TC12:V5ref:T2Tref:hapGT0/0;INS+128:1/1:PASS:DV11/TC11:V5ref:T2Tref:hapGT0/0;INS+791:1/1:PASS:DV11/TC11:V5ref:T2Tref:hapGT1/1	3	0	2	1	0	+94:1/1:TP;+134:1/1:TP;-62:0/1:FN	3	0	0	+94:1/1:TP;+134:1/0:TP;+134:0/1:TP	equal	equal	equal
518	chr14	97514034	97514534	500	97513834	97514734	1	22	17	20	True	261	0.522	2	2	2	20	0.0	False	hom	1	-	40	+40@97514290	+40@97514290	40,40	52,40	False	1.0	hom	1	-	40	+40@97514290	+40@97514290	40,40	52,40	False	1.0	1	518.0	20	20	39	0	1	0	1	kmeans	1	1	0	0	0	False	False	1	1	1	INS+32:1/1:PASS:DV17/TC17:V5ref:T2Tref:hapGT1/1	1	0	0	0	0	-	0	0	0	-	equal	equal	equal
519	chr14	97787688	97788512	824	97787488	97788712	1	67	19	20	True	789	0.934	2	2	2	13	0.0	False	hom	1	-	611	+178@97787828,+384@97788289	+93@97787781,+57@97787986,-60@97788122,+521@97788394	562,611	562,615	False	1.0	hom	1	-	611	+178@97787828,+384@97788289	+93@97787781,+57@97787986,-60@97788122,+521@97788394	562,611	562,615	False	1.0	2	519.0,519.1	16,4	20	611,-5	0	1	0	2	kmeans	2	2	0	0	0	False	False	1	1	5	INS+93:0/1:PASS:DV14/TC16:V5ref:T2Tref:hapGT0/0;INS+57:0/1:PASS:DV14/TC19:V5ref:T2Tref:hapGT0/0;INS+89:0/1:PASS:DV14/TC19:V5ref:T2Tref:hapGT0/0;INS+312:0/1:PASS:DV14/TC18:V5ref:T2Tref:hapGT0/0;INS+59:0/1:PASS:DV14/TC18:V5ref:T2Tref:hapGT0/0	6	0	4	3	0	+95:1/0:FN;+93:0/1:TP;+87:1/0:FN;+90:0/1:TP;+57:0/1:TP;+360:0/1:TP;+389:1/0:FN	4	3	0	+95:1/0:FN;+93:0/1:TP;+87:1/0:FN;+90:0/1:TP;+57:0/1:TP;+360:0/1:TP;+389:1/0:FN	over	over	over
520	chr14	98013852	98014352	500	98013652	98014552	1	12	11	18	True	219	0.438	2	2	2	18	0.0	False	ref	1	-	0	-	-	0,0	-36,-36	False	1.0	ref	1	-	0	-	-	0,0	-36,-36	False	1.0	1	520.0	18	18	-35	0	1	0	1	kmeans	1	3	0	0	0	False	False	0	0	0	-	0	0	0	0	0	-	0	0	0	-	equal	equal	equal
521	chr14	98027793	98028293	500	98027593	98028493	1	15	15	16	False	0	0.0	2	2	2	16	0.0	False	hom	1	-	331	+331@98028039	+330@98028039	331,330	328,327	False	1.0	hom	1	-	331	+331@98028039	+330@98028039	331,330	328,327	False	1.0	1	521.0	16	16	330	0	1	0	1	kmeans	1	1	0	0	0	False	False	1	1	1	INS+330:1/1:PASS:DV16/TC16:V5TP:T2TTP:hapGT1/1	1	0	1	0	0	+331:1/1:TP	2	0	0	+330:0/1:TP;+331:1/0:TP	equal	equal	equal
522	chr14	98058767	98059267	500	98058567	98059467	1	9	9	30	False	0	0.0	2	2	2	30	0.0	False	het	2	-	39	+39@98059027	-	39,0	39,10	False	1.0	het	2	-	39	+39@98059027	-	39,0	39,10	False	1.0	2	522.0,522.1	9,21	30	38,10	0	2	0	2	kmeans	2	1	0	0	0	False	False	2	2	1	INS+38:0/1:PASS:DV9/TC29:V5ref:T2Tref:hapGT0/1	1	0	0	0	0	-	0	0	0	-	equal	equal	equal
523	chr14	98126767	98127267	500	98126567	98127467	1	19	19	26	False	0	0.0	2	2	2	24	0.0	False	hom	1	-	32	+32@98127019	+30@98127019	32,30	32,30	False	1.0	hom	1	-	32	+32@98127019	+30@98127019	32,30	32,30	False	1.0	1	523.0	25	25	32	0	1	0	1	kmeans	1	2	0	0	0	False	False	1	1	1	INS+32:1/1:PASS:DV23/TC24:V5ref:T2Tref:hapGT1/1	1	0	0	0	0	-	0	0	0	-	equal	equal	equal
524	chr14	98168733	98169233	500	98168509	98169645	1	8	8	19	True	1036	1.0	2	2	2	18	0.0	False	het	2	-	42	+42@98168983	-	42,0	42,0	False	1.0	het	2	-	42	+42@98168983	-	42,0	42,0	False	1.0	2	524.0,524.1	10,9	19	0,42	0	2	0	2	kmeans	2	0	0	0	0	False	False	2	2	1	INS+42:0/1:PASS:DV8/TC18:V5ref:T2Tref:hapGT0/1	1	0	0	0	0	-	0	0	0	-	equal	equal	equal
525	chr14	98317593	98318824	1231	98317393	98319024	1	8	8	18	False	0	0.0	2	2	2	18	0.0	False	het	2	-	1107	-1107@98317643	-	-1107,0	-1107,3	False	1.0	het	2	-	1107	-1107@98317643	-	-1107,0	-1107,3	False	1.0	2	525.0,525.1	9,9	18	-1107,0	0	2	0	2	kmeans	2	0	0	0	0	False	False	2	2	1	DEL-1107:0/1:PASS:DV8/TC17:V5TP:T2TTP:hapGT0/1	1	0	1	0	0	-1107:1/0:TP	1	0	0	-1107:1/0:TP	equal	equal	equal
526	chr14	98356053	98356553	500	98355853	98356753	1	10	10	20	True	177	0.354	2	2	2	20	0.0	False	het	2	-	77	-77@98356257	-	-77,0	-77,0	False	1.0	het	2	-	77	-77@98356257	-	-77,0	-77,0	False	1.0	2	526.0,526.1	11,9	20	-77,0	0	2	0	2	kmeans	2	2	0	0	0	False	False	2	2	1	DEL-77:0/1:PASS:DV10/TC19:V5TP:T2TTP:hapGT0/1	1	0	1	0	0	-77:1/0:TP	1	0	0	-77:1/0:TP	equal	equal	equal
527	chr14	98400926	98401426	500	98400726	98401626	1	15	8	18	True	437	0.874	2	2	2	16	0.0	False	het	2	-	29	-	-29@98401047	0,-29	8,-34	False	1.0	het	2	-	29	-	-29@98401047	0,-29	8,-34	False	1.0	2	527.0,527.1	9,9	18	12,-28	0	2	0	2	kmeans	2	3	0	0	0	False	False	2	2	0	-	0	0	0	0	0	-	0	0	0	-	equal	equal	equal
528	chr14	98666989	98667489	500	98666789	98667689	1	20	11	20	True	558	0.864	2	2	2	18	0.0	False	cpx_het	2	opposite_sign	56	-28@98666999	+32@98667113,+24@98667312	-28,56	-28,56	False	1.0	cpx_het	2	opposite_sign	56	-28@98666999	+32@98667113,+24@98667312	-28,56	-28,56	False	1.0	2	528.0,528.1	11,8	19	56,-28	0	2	0	2	kmeans	2	1	0	0	0	False	False	2	2	1	INS+32:0/1:PASS:DV11/TC17:V5ref:T2Tref:hapGT0/0	1	0	0	0	0	-	0	0	0	-	equal	equal	equal
529	chr14	98678521	98679021	500	98678321	98679221	1	6	6	15	False	0	0.0	2	2	2	15	0.0	False	het	2	-	54	+54@98678771	-	54,0	54,0	False	1.0	het	2	-	54	+54@98678771	-	54,0	54,0	False	1.0	2	529.0,529.1	8,7	15	0,54	0	2	0	2	kmeans	2	2	0	0	0	False	False	2	2	1	INS+54:0/1:PASS:DV6/TC13:V5TP:T2TTP:hapGT0/1	1	0	1	0	0	+54:1/0:TP	1	0	0	+54:1/0:TP	equal	equal	equal
530	chr14	99332180	99333129	949	99331980	99333469	1	58	21	24	True	1230	0.991	2	2	2	21	0.0	False	cpx_het	2	size_diff	154	+46@99332360,+42@99332620,+30@99332706,+36@99332865	+43@99332538,+30@99332706	154,73	143,76	False	1.0	cpx_het	2	size_diff	154	+46@99332360,+42@99332620,+30@99332706,+36@99332865	+43@99332538,+30@99332706	154,73	143,76	False	1.0	2	530.0,530.1	16,8	24	154,67	0	0	0	2	kmeans	2	5	0	0	0	False	False	2	2	4	INS+44:0/1:PASS:DV21/TC22:V5ref:T2Tref:hapGT0/0;INS+74:0/1:PASS:DV14/TC23:V5FP:T2TFP:hapGT0/1;INS+30:0/1:PASS:DV8/TC23:V5ref:T2Tref:hapGT0/0;INS+36:0/1:PASS:DV15/TC23:V5ref:T2Tref:hapGT0/0	5	0	0	0	1	-	0	0	1	-	equal	equal	equal
531	chr14	99348232	99348783	551	99347810	99348983	1	44	29	32	True	905	0.967	2	2	2	30	0.0	False	cpx_het	2	size_diff	70	-35@99348591	-35@99348310,-35@99348591	-35,-70	-35,-70	False	1.0	cpx_het	2	size_diff	70	-35@99348591	-35@99348310,-35@99348591	-35,-70	-35,-70	False	1.0	2	531.0,531.1	15,16	31	-70,-35	0	2	1	2	kmeans	2	1	0	0	0	False	False	2	2	1	DEL-35:0/1:PASS:DV30/TC30:V5ref:T2Tref:hapGT0/1	2	0	0	0	0	-	0	0	0	-	equal	equal	equal
532	chr14	99371660	99372160	500	99371460	99372360	1	14	14	18	False	0	0.0	2	2	2	18	0.0	False	hom	1	-	33	+33@99371910	+33@99371910	33,33	33,33	False	1.0	hom	1	-	33	+33@99371910	+33@99371910	33,33	33,33	False	1.0	1	532.0	18	18	32	0	1	0	1	kmeans	1	0	0	0	0	False	False	1	1	1	INS+32:1/1:PASS:DV18/TC18:V5ref:T2Tref:hapGT1/1	1	0	0	0	0	-	0	0	0	-	equal	equal	equal
533	chr14	99520256	99520756	500	99520056	99520956	1	15	15	16	True	339	0.678	2	2	2	15	0.0	False	cpx_het	2	size_diff	183	-122@99520402,-61@99520437	-61@99520437	-183,-61	-183,-61	False	1.0	cpx_het	2	size_diff	122	-122@99520402	-61@99520437	-122,-61	-122,-61	False	1.0	2	533.0,533.1	13,3	16	-61,-119	0	2	0	2	kmeans	2	1	0	0	0	False	False	1	2	2	DEL-119:0/0:PASS:DV3/TC16:V5ref:T2Tref:hapGT0/0;DEL-61:0/1:PASS:DV12/TC16:V5ref:T2Tref:hapGT0/1	2	0	1	1	0	-122:1/0:FN;-61:0/1:TP	1	1	0	-122:1/0:FN;-61:0/1:TP	equal	equal	equal
534	chr14	99656615	99657115	500	99656415	99657315	1	16	16	20	True	109	0.218	2	2	2	19	0.0	False	hom	1	-	31	-31@99656845	-31@99656845	-31,-31	-34,-38	False	1.0	hom	1	-	31	-31@99656845	-31@99656845	-31,-31	-34,-38	False	1.0	1	534.0	20	20	-30	0	1	0	1	kmeans	1	2	0	0	0	False	False	1	1	1	DEL-30:1/1:PASS:DV18/TC20:V5ref:T2Tref:hapGT1/1	1	0	0	0	0	-	0	0	0	-	equal	equal	equal
535	chr14	99673443	99673943	500	99673243	99674143	1	20	16	19	True	426	0.816	2	2	2	18	0.0	False	cpx_het	2	size_diff	212	+31@99673673	+212@99673657	31,212	31,212	False	1.0	cpx_het	2	size_diff	212	+31@99673673	+212@99673657	31,212	31,212	False	1.0	2	535.0,535.1	10,9	19	31,213	0	2	0	2	kmeans	2	0	0	0	0	False	False	2	2	2	INS+213:0/1:PASS:DV9/TC19:V5TP:T2TTP:hapGT0/1;INS+31:0/1:PASS:DV10/TC19:V5ref:T2Tref:hapGT0/1	2	0	1	0	0	+212:0/1:TP	1	0	0	+212:0/1:TP	equal	equal	equal
536	chr14	99835769	99836389	620	99835569	99836589	1	26	13	35	False	0	0.0	2	2	2	20	0.0	False	ref	1	-	0	-	-	0,0	8,8	False	1.0	ref	1	-	0	-	-	0,0	8,8	False	1.0	1	536.0	34	34	11	0	0	0	1	kmeans	1	1	0	0	0	False	False	1	1	0	-	0	0	0	0	0	-	0	0	0	-	equal	equal	equal
537	chr14	99927743	99928298	555	99927543	99928498	1	30	13	18	True	496	0.894	2	2	2	13	0.0	False	hom	1	-	1056	+170@99927957,+807@99928083	+483@99927969,+120@99928101,+453@99928218	977,1056	977,1056	False	1.0	hom	1	-	1056	+170@99927957,+807@99928083	+483@99927969,+120@99928101,+453@99928218	977,1056	977,1056	False	1.0	2	537.0,537.1	10,7	17	974,1050	0	2	0	1	other	0	4	0	0	0	False	False	1	1	4	INS+170:0/1:PASS:DV8/TC15:V5ref:T2Tref:hapGT0/0;INS+483:0/1:PASS:DV6/TC15:V5ref:T2Tref:hapGT0/0;INS+567:0/1:PASS:DV6/TC15:V5ref:T2Tref:hapGT0/0;INS+789:0/1:PASS:DV6/TC15:V5ref:T2Tref:hapGT1/1	4	1	0	0	1	-	0	0	1	-	over	over	over
538	chr14	99949120	99949620	500	99948062	99949820	1	11	11	12	True	1379	0.742	2	2	2	12	0.0	False	hom	1	-	102	-102@99949333	-102@99949333	-102,-102	-105,-110	False	1.0	hom	1	-	102	-102@99949333	-102@99949333	-102,-102	-105,-110	False	1.0	1	538.0	12	12	-102	0	1	0	1	kmeans	1	1	0	0	0	False	False	1	1	1	DEL-102:1/1:PASS:DV11/TC11:V5TP:T2TTP:hapGT1/1	1	0	1	0	0	-102:1/1:TP	1	0	0	-102:1/1:TP	equal	equal	equal
539	chr14	99952507	99953053	546	99951846	99953253	1	13	13	20	True	662	0.093	2	2	2	18	0.0	False	cpx_het	2	size_diff	1284	+933@99953003	+1284@99953003	933,1284	918,1275	False	1.0	cpx_het	2	size_diff	1284	+933@99953003	+1284@99953003	933,1284	918,1275	False	1.0	2	539.0,539.1	12,8	20	1281,927	0	2	0	2	other	0	6	0	0	0	False	False	2	2	2	INS+933:0/1:PASS:DV6/TC16:V5TP:T2TTP:hapGT1/1;INS+1287:0/1:PASS:DV8/TC16:V5TP:T2TTP:hapGT1/1	2	2	2	0	0	+933:1/0:TP;+1284:0/1:TP	2	0	0	+933:1/0:TP;+1284:0/1:TP	equal	equal	equal
540	chr14	100134793	100135293	500	100134593	100135493	1	2	2	15	False	0	0.0	2	2	2	13	0.0	False	ref	1	-	0	-	-	0,0	0,0	False	1.0	ref	1	-	0	-	-	0,0	0,0	False	1.0	1	540.0	15	15	0	0	1	0	1	kmeans	1	3	0	0	0	False	False	1	1	0	-	0	0	0	0	0	-	0	0	0	-	equal	equal	equal
541	chr14	100165866	100168739	2873	100165666	100168939	1	922	40	44	True	2093	0.704	2	2	2	20	0.0	False	cpx_het	2	size_diff	138	+138@100165987	+46@100165987	138,46	139,47	False	1.0	cpx_het	2	size_diff	138	+138@100165987	+46@100165987	138,46	139,47	False	1.0	2	541.0,541.1	24,20	44	138,-755	0	1	1	2	other	0	5	0	0	0	False	False	1	1	5	INS+138:0/1:PASS:DV17/TC17:V5TP:T2TTP:hapGT0/1;INS+51:0/1:PASS:DV18/TC40:V5FP:T2TFP:hapGT0/1;INS+34:0/1:PASS:DV19/TC40:V5ref:T2Tref:hapGT0/1;INS+45:0/1:PASS:DV17/TC39:V5ref:T2Tref:hapGT0/1;INS+36:0/1:PASS:DV20/TC39:V5ref:T2Tref:hapGT0/1	5	0	1	0	1	+138:1/0:TP	1	0	1	+138:1/0:TP	equal	equal	equal
542	chr14	100180687	100181187	500	100180487	100181478	1	9	9	19	True	734	0.986	2	2	2	19	0.0	False	het	2	-	40	-	-40@100180920	0,-40	0,-40	False	1.0	het	2	-	40	-	-40@100180920	0,-40	0,-40	False	1.0	2	542.0,542.1	9,10	19	-40,0	0	2	0	2	kmeans	2	1	0	0	0	False	False	2	2	1	DEL-40:0/1:PASS:DV9/TC19:V5ref:T2Tref:hapGT0/1	1	0	0	0	0	-	0	0	0	-	equal	equal	equal
543	chr14	100344794	100345294	500	100344435	100345494	1	14	13	15	True	760	0.902	2	2	2	15	0.0	False	hom	1	-	97	+97@100345064	+97@100345064	97,97	97,98	False	1.0	hom	1	-	97	+97@100345064	+97@100345064	97,97	97,98	False	1.0	1	543.0	15	15	97	0	1	0	1	kmeans	1	2	0	0	0	False	False	1	1	1	INS+97:1/1:PASS:DV14/TC14:V5TP:T2TTP:hapGT1/1	1	0	1	0	0	+97:1/1:TP	1	0	0	+97:1/1:TP	equal	equal	equal
544	chr14	100378584	100379084	500	100378384	100379284	1	9	9	17	False	0	0.0	2	2	2	17	0.0	False	het	2	-	333	-333@100378660	-	-333,0	-333,1	False	1.0	het	2	-	333	-333@100378660	-	-333,0	-333,1	False	1.0	2	544.0,544.1	10,7	17	-333,-6	0	2	0	2	kmeans	2	1	0	0	0	False	False	2	2	1	DEL-333:0/1:PASS:DV9/TC17:V5TP:T2TTP:hapGT0/1	1	0	1	0	0	-333:1/0:TP	1	0	0	-333:1/0:TP	equal	equal	equal
545	chr14	100462665	100463165	500	100462465	100463365	1	8	8	19	True	412	0.736	2	2	2	19	0.0	False	het	2	-	110	-	+110@100462913	0,110	0,110	False	1.0	het	2	-	110	-	+110@100462913	0,110	0,110	False	1.0	2	545.0,545.1	9,10	19	111,0	0	2	0	2	kmeans	2	1	0	0	0	False	False	2	2	1	INS+111:0/1:PASS:DV9/TC19:V5TP:T2TTP:hapGT0/1	1	0	1	0	0	+110:0/1:TP	1	0	0	+110:0/1:TP	equal	equal	equal
546	chr14	100526743	100527427	684	100526543	100527627	1	23	21	22	True	740	0.918	2	2	2	22	0.0	False	cpx_het	2	size_diff	1654	+1654@100526932	+928@100526932	1654,928	1654,928	False	1.0	cpx_het	2	size_diff	1654	+1654@100526932	+928@100526932	1654,928	1654,928	False	1.0	2	546.0,546.1	11,11	22	1654,928	0	2	0	2	other	0	1	0	0	0	False	False	2	2	2	INS+928:0/1:PASS:DV10/TC21:V5TP:T2TTP:hapGT0/1;INS+1654:0/1:PASS:DV11/TC21:V5TP:T2TTP:hapGT0/1	2	0	2	0	0	+928:0/1:TP;+1654:1/0:TP	2	0	0	+928:0/1:TP;+1654:1/0:TP	equal	equal	equal
547	chr14	100546166	100546666	500	100545966	100546866	1	7	7	17	True	474	0.654	2	2	2	17	0.0	False	het	2	-	119	-119@100546339	-	-119,0	-125,-15	False	1.0	het	2	-	119	-119@100546339	-	-119,0	-125,-15	False	1.0	2	547.0,547.1	10,7	17	-12,-125	0	2	0	2	kmeans	2	0	0	0	0	False	False	2	2	1	DEL-119:0/1:PASS:DV7/TC17:V5TP:T2TTP:hapGT0/1	1	0	1	0	0	-119:1/0:TP	1	0	0	-119:1/0:TP	equal	equal	equal
548	chr14	100640949	100641449	500	100640749	100641649	1	7	7	17	True	244	0.488	2	2	2	17	0.0	False	het	2	-	40	+40@100641207	-	40,0	40,0	False	1.0	het	2	-	40	+40@100641207	-	40,0	40,0	False	1.0	2	548.0,548.1	7,10	17	40,0	0	2	0	2	kmeans	2	2	0	0	0	False	False	2	2	1	INS+40:0/1:PASS:DV7/TC16:V5ref:T2Tref:hapGT0/1	1	0	0	0	0	-	0	0	0	-	equal	equal	equal
549	chr14	100685523	100686823	1300	100685323	100687023	1	130	16	17	True	1236	0.951	2	2	2	17	0.0	False	cpx_het	2	size_diff	1848	+45@100685588,+94@100685685,+309@100685779,+45@100685856,+60@100685918,-30@100686416,-63@100686559	+61@100685636,+59@100685732,+132@100685809,+402@100686072,+99@100686160,+124@100686204,+153@100686301,+291@100686435,+527@100686636	460,1848	446,1887	False	1.0	cpx_het	2	size_diff	1848	+45@100685588,+94@100685685,+309@100685779,+45@100685856,+60@100685918,-30@100686416,-63@100686559	+61@100685636,+59@100685732,+132@100685809,+402@100686072,+99@100686160,+124@100686204,+153@100686301,+291@100686435,+527@100686636	460,1848	446,1887	False	1.0	2	549.0,549.1	9,8	17	434,1884	0	2	0	2	other	0	1	0	0	0	False	False	2	2	10	INS+122:0/1:PASS:DV8/TC17:V5ref:T2Tref:hapGT0/0;INS+45:0/1:PASS:DV7/TC17:V5ref:T2Tref:hapGT0/0;INS+30:0/1:PASS:DV8/TC17:V5ref:T2Tref:hapGT0/0;INS+145:0/1:PASS:DV8/TC17:V5ref:T2Tref:hapGT0/0;INS+761:0/1:PASS:DV8/TC17:V5ref:T2Tref:hapGT0/0;INS+90:0/1:PASS:DV8/TC17:V5ref:T2Tref:hapGT0/0;INS+43:0/1:PASS:DV9/TC17:V5ref:T2Tref:hapGT0/0;INS+362:0/1:PASS:DV8/TC17:V5ref:T2Tref:hapGT0/1;INS+211:0/1:PASS:DV9/TC17:V5ref:T2Tref:hapGT0/0;INS+481:0/1:PASS:DV8/TC17:V5ref:T2Tref:hapGT0/1	10	0	9	3	1	+61:1/1:TP;+454:0/1:TP;+341:1/0:FN;+62:1/0:FN;+62:0/1:TP;+87:0/1:TP;+70:0/1:TP;+124:0/1:TP;+153:0/1:TP;+673:0/1:TP;-64:1/0:FN;+87:0/1:TP	6	3	2	+61:0/1:TP;+123:0/1:TP;+94:1/0:TP;+701:0/1:TP;+416:1/0:FN;-62:1/0:FN;+291:0/1:TP;-63:1/0:FN;+483:0/1:TP	equal	equal	equal
550	chr14	100705786	100706286	500	100705586	100706486	1	11	11	20	True	375	0.75	2	2	2	20	0.0	False	het	2	-	200	-	-200@100705906	0,-200	0,-200	False	1.0	het	2	-	200	-	-200@100705906	0,-200	0,-200	False	1.0	2	550.0,550.1	8,12	20	0,-200	0	2	0	2	kmeans	2	1	0	0	0	False	False	2	2	1	DEL-200:0/1:PASS:DV12/TC20:V5TP:T2TTP:hapGT0/1	1	0	1	0	0	-200:0/1:TP	1	0	0	-200:0/1:TP	equal	equal	equal
551	chr14	100796231	100796731	500	100795716	100796931	1	19	15	28	True	630	0.33	2	2	2	27	0.0	False	het	2	-	187	-	+187@100796601	0,187	-4,195	False	0.905	het	2	-	187	-	+187@100796601	0,187	-4,195	False	0.905	2	551.0,551.1	12,16	28	0,191	0	2	0	2	kmeans	2	3	0	0	0	False	False	2	2	1	INS+185:0/1:PASS:DV16/TC28:V5ref:T2Tref:hapGT0/1	1	0	0	0	0	-	0	0	0	-	equal	equal	equal
552	chr14	100869233	100873554	4321	100869033	100873754	1	34	19	25	True	3803	0.85	2	2	2	25	0.04	False	hom	1	-	546	-1042@100869206,+1588@100873455	-1042@100869206,+1570@100873455	546,528	546,526	False	1.0	hom	1	-	546	-1042@100869206,+1588@100873455	-1042@100869206,+1570@100873455	546,528	546,526	False	1.0	1	552.0	25	25	569	0	1	0	1	other	0	3	1	0	0	False	False	1	1	2	DEL-1042:1/1:PASS:DV16/TC16:V5TP:T2TTP:hapGT0/0;INS+1611:1/1:PASS:DV21/TC22:V5TP:T2TTP:hapGT0/0	2	0	2	0	0	-1042:1/1:TP;+1588:1/1:TP	3	0	0	-1042:1/1:TP;+1570:0/1:TP;+1588:1/0:TP	equal	equal	equal
553	chr14	100957174	100957674	500	100956861	100957874	1	21	21	24	False	0	0.0	2	2	2	23	0.0	False	hom	1	-	2167	+2167@100957286	+2167@100957286	2167,2167	2167,2167	False	1.0	hom	1	-	2167	+2167@100957286	+2167@100957286	2167,2167	2167,2167	False	1.0	2	553.0,553.1	21,3	24	2166,216	0	2	0	2	kmeans	2	5	0	0	0	False	False	1	1	1	INS+2166:0/1:PASS:DV20/TC24:V5TP:T2Tref:hapGT1/1;INS+76:0/0:LowQual:DV2/TC23:V5-:T2T-;INS+127:0/0:LowQual:DV2/TC23:V5-:T2T-	3	1	1	0	0	+2167:1/1:TP	0	0	0	-	over	over	over
554	chr14	101038158	101039083	925	101037958	101039283	1	42	21	24	True	490	0.53	2	2	2	23	0.0	False	cpx_het	2	size_diff	195	+27@101038308,-153@101038413,-69@101038461	-54@101038329,-69@101038461	-195,-123	-195,-117	False	1.0	hom	1	-	126	+27@101038308,-153@101038413	-54@101038329,-69@101038461	-126,-123	-126,-117	False	1.0	1	554.0	24	24	-102	0	1	0	1	kmeans	1	3	0	0	0	False	False	0	1	2	DEL-45:1/1:PASS:DV22/TC23:V5ref:T2Tref:hapGT0/0;DEL-65:1/1:PASS:DV22/TC22:V5ref:T2Tref:hapGT0/0	2	0	3	1	0	-54:0/1:TP;-78:1/0:FN;-75:1/0:TP;-69:0/1:TP	3	1	0	-54:0/1:TP;-78:1/0:FN;-75:1/0:TP;-69:0/1:TP	under	equal	under
555	chr14	101130316	101130816	500	101130102	101131016	1	21	11	17	True	608	0.888	2	2	2	15	0.0	False	ref	1	-	0	-	-	0,0	32,36	False	1.0	ref	1	-	0	-	-	0,0	32,36	False	1.0	2	555.0,555.1	9,8	17	32,32	0	1	0	1	kmeans	2	3	0	0	0	False	False	0	0	0	-	0	0	0	0	0	-	0	0	0	-	over	over	over
556	chr14	101172503	101173003	500	101172303	101173203	1	11	11	22	True	128	0.256	2	2	2	22	0.0	False	het	2	-	64	-	+64@101172756	0,64	0,64	False	1.0	het	2	-	64	-	+64@101172756	0,64	0,64	False	1.0	2	556.0,556.1	10,12	22	64,0	0	2	0	2	kmeans	2	0	0	0	0	False	False	2	2	1	INS+64:0/1:PASS:DV10/TC21:V5TP:T2TTP:hapGT0/1	1	0	1	0	0	+64:0/1:TP	1	0	0	+64:0/1:TP	equal	equal	equal
557	chr14	101196324	101196824	500	101196124	101197024	1	19	17	18	True	116	0.232	2	2	2	18	0.0	False	hom	1	-	56	-56@101196539	-56@101196539	-56,-56	-57,-57	False	1.0	hom	1	-	56	-56@101196539	-56@101196539	-56,-56	-57,-57	False	1.0	1	557.0	18	18	-56	0	1	0	1	kmeans	1	1	0	0	0	False	False	1	1	1	DEL-56:1/1:PASS:DV17/TC18:V5TP:T2TTP:hapGT1/1	1	0	1	0	0	-56:1/1:TP	1	0	0	-56:1/1:TP	equal	equal	equal
558	chr14	101226695	101227195	500	101226495	101227395	1	16	16	17	True	544	0.91	2	2	2	17	0.0	False	hom	1	-	64	+64@101226941	+64@101226941	64,64	64,64	False	1.0	hom	1	-	64	+64@101226941	+64@101226941	64,64	64,64	False	1.0	1	558.0	17	17	64	0	1	0	1	kmeans	1	0	0	0	0	False	False	1	1	1	INS+64:1/1:PASS:DV17/TC17:V5TP:T2TTP:hapGT1/1	1	0	1	0	0	+64:1/1:TP	1	0	0	+64:1/1:TP	equal	equal	equal
559	chr14	101229805	101230305	500	101229605	101230505	1	10	8	13	True	245	0.49	2	2	2	13	0.0	False	cpx_het	2	size_diff	156	-33@101230108	-72@101229969,-51@101230096,-33@101230108	-33,-156	-16,-156	False	1.0	cpx_het	2	size_diff	123	-33@101230108	-72@101229969,-51@101230096	-33,-123	-16,-123	False	1.0	2	559.0,559.1	7,6	13	-14,-121	0	2	0	2	kmeans	2	0	0	0	0	False	False	1	1	1	DEL-121:0/1:PASS:DV6/TC13:V5ref:T2Tref:hapGT0/1	1	0	1	0	0	-121:0/1:TP	1	0	0	-121:0/1:TP	equal	equal	equal
560	chr14	101233698	101234198	500	101233498	101234398	1	7	7	13	False	0	0.0	2	2	2	13	0.0	False	het	2	-	40	-	+40@101233949	0,40	0,40	False	1.0	het	2	-	40	-	+40@101233949	0,40	0,40	False	1.0	2	560.0,560.1	7,6	13	40,0	0	2	0	2	kmeans	2	0	0	0	0	False	False	2	2	1	INS+40:0/1:PASS:DV7/TC13:V5ref:T2Tref:hapGT0/1	1	0	0	0	0	-	0	0	0	-	equal	equal	equal
561	chr14	101245088	101246766	1678	101244888	101246966	1	18	7	19	True	1723	1.0	2	2	2	18	0.0	False	het	2	-	270	-	+36@101246229,+234@101246255	0,270	0,288	False	1.0	het	2	-	270	-	+36@101246229,+234@101246255	0,270	0,288	False	1.0	2	561.0,561.1	7,12	19	289,0	0	2	0	2	kmeans	2	2	0	0	0	False	False	2	2	1	INS+271:0/1:PASS:DV7/TC18:V5TP:T2TTP:hapGT0/1	1	0	1	0	0	+234:0/1:TP	1	0	0	+234:0/1:TP	equal	equal	equal
562	chr14	101357892	101358392	500	101357692	101358592	1	5	5	14	True	291	0.58	2	2	2	13	0.0	False	het	2	-	71	+71@101358101	-	71,0	71,0	False	1.0	het	2	-	71	+71@101358101	-	71,0	71,0	False	1.0	2	562.0,562.1	5,9	14	72,0	0	2	0	2	kmeans	2	0	0	0	0	False	False	2	2	1	INS+72:0/1:PASS:DV5/TC14:V5TP:T2TTP:hapGT0/1	1	0	1	0	0	+71:1/0:TP	1	0	0	+71:1/0:TP	equal	equal	equal
563	chr14	101365859	101366359	500	101365659	101366559	1	10	10	18	True	189	0.378	2	2	2	17	0.0	False	het	2	-	90	-	-90@101366072	0,-90	0,-90	False	1.0	het	2	-	90	-	-90@101366072	0,-90	0,-90	False	1.0	2	563.0,563.1	8,10	18	0,-90	0	2	0	2	kmeans	2	1	0	0	0	False	False	2	2	1	DEL-90:0/1:PASS:DV10/TC18:V5TP:T2TTP:hapGT0/1	1	0	1	0	0	-90:0/1:TP	1	0	0	-90:0/1:TP	equal	equal	equal
564	chr14	101419517	101420017	500	101419317	101420217	1	17	17	21	True	368	0.736	2	2	2	19	0.0	False	cpx_het	2	size_diff	62	+31@101419640	+62@101419640	31,62	31,62	False	1.0	cpx_het	2	size_diff	62	+31@101419640	+62@101419640	31,62	31,62	False	1.0	2	564.0,564.1	12,9	21	31,62	0	2	0	2	kmeans	2	0	0	0	0	False	False	2	2	2	INS+31:0/1:PASS:DV12/TC19:V5ref:T2Tref:hapGT0/1;INS+62:0/1:PASS:DV7/TC19:V5TP:T2TTP:hapGT0/1	2	0	1	0	0	+62:0/1:TP	1	0	0	+62:0/1:TP	equal	equal	equal
565	chr14	101524428	101524928	500	101524228	101525128	1	12	11	26	False	0	0.0	2	2	2	26	0.0	False	het	2	-	336	-336@101524529	-	-336,0	-336,1	False	1.0	het	2	-	336	-336@101524529	-	-336,0	-336,1	False	1.0	2	565.0,565.1	15,11	26	-336,0	0	2	0	2	kmeans	2	2	0	0	0	False	False	2	2	1	DEL-336:0/1:PASS:DV12/TC23:V5TP:T2TTP:hapGT0/1	1	0	1	0	0	-336:1/0:TP	1	0	0	-336:1/0:TP	equal	equal	equal
566	chr14	101555546	101556046	500	101555346	101556246	1	4	2	23	True	261	0.522	2	2	2	22	0.0	False	ref	1	-	0	-	-	0,0	24,24	False	1.0	ref	1	-	0	-	-	0,0	24,24	False	1.0	1	566.0	23	23	24	0	1	0	1	kmeans	1	1	0	0	0	False	False	0	0	0	-	0	0	0	0	0	-	0	0	0	-	equal	equal	equal
567	chr14	101572054	101572554	500	101571854	101572783	1	7	7	20	True	822	1.0	2	2	2	20	0.0	False	het	2	-	39	-	+39@101572188	0,39	0,39	False	1.0	het	2	-	39	-	+39@101572188	0,39	0,39	False	1.0	2	567.0,567.1	13,7	20	0,39	0	2	0	2	kmeans	2	0	0	0	0	False	False	2	2	1	INS+39:0/1:PASS:DV7/TC20:V5ref:T2Tref:hapGT0/1	1	0	0	0	0	-	0	0	0	-	equal	equal	equal
568	chr14	101607410	101608302	892	101607210	101608502	1	84	30	40	True	846	0.948	2	2	2	24	0.167	False	het	2	-	127	-	+21@101607483,-148@101607651	0,-127	0,-110	False	1.0	het	2	-	127	-	+21@101607483,-148@101607651	0,-127	0,-110	False	1.0	2	568.0,568.1	15,23	38	-114,0	0	1	0	2	other	0	5	0	0	1	False	False	2	2	1	DEL-121:0/1:PASS:DV12/TC36:V5TP:T2TTP:hapGT0/1	1	0	1	0	0	-148:0/1:TP	1	0	0	-148:0/1:TP	equal	equal	equal
569	chr14	101712440	101712940	500	101711709	101713813	1	16	15	17	True	2004	1.0	2	2	2	16	0.0	False	hom	1	-	60	+60@101712693	+60@101712693	60,60	56,60	False	1.0	hom	1	-	60	+60@101712693	+60@101712693	60,60	56,60	False	1.0	0	-	-	0	-	0	0	0	0	kmeans+other	1	0	5	2	0	True	False	0	0	0	-	0	0	0	1	0	+60:1/1:FN	0	1	0	+60:1/1:FN	under	under	under
570	chr14	101718785	101719285	500	101718585	101719644	1	33	17	19	True	731	0.844	2	2	2	18	0.0	False	hom	1	-	106	+57@101718976,+49@101719167	+57@101718976,+49@101719167	106,106	106,106	False	1.0	hom	1	-	106	+57@101718976,+49@101719167	+57@101718976,+49@101719167	106,106	106,106	False	1.0	1	570.0	19	19	106	0	1	0	1	kmeans	1	1	0	0	0	False	False	1	1	2	INS+57:1/1:PASS:DV17/TC17:V5TP:T2TTP:hapGT0/0;INS+49:1/1:PASS:DV16/TC17:V5ref:T2Tref:hapGT0/0	2	0	1	0	0	+57:1/1:TP	1	0	0	+57:1/1:TP	equal	equal	equal
571	chr14	101724057	101725337	1280	101723461	101725537	1	26	10	20	True	1794	0.975	2	2	2	19	0.0	False	het	2	-	81	+21@101724107,+28@101724481,+32@101725164	-	81,0	81,0	False	1.0	het	2	-	81	+21@101724107,+28@101724481,+32@101725164	-	81,0	81,0	False	1.0	2	571.0,571.1	10,10	20	0,81	0	2	0	2	kmeans	2	0	0	0	0	False	False	2	2	1	INS+32:0/1:PASS:DV8/TC18:V5ref:T2Tref:hapGT0/0	1	0	0	0	0	-	0	0	0	-	equal	equal	equal
572	chr14	101781917	101783321	1404	101781717	101783521	1	77	19	26	True	1298	0.925	2	2	2	13	0.0	False	cpx_het	2	one_net_small	703	-542@101782209,-81@101782343,-80@101782502	-81@101782343,-80@101782502,+143@101782627	-703,-18	-703,-18	False	1.0	cpx_het	2	one_net_small	542	-542@101782209	-81@101782343,-80@101782502,+143@101782627	-542,-18	-542,-18	False	1.0	2	572.0,572.1	18,7	25	-12,-541	0	2	0	2	kmeans	2	2	0	0	0	False	False	2	2	1	DEL-541:0/1:PASS:DV6/TC23:V5ref:T2Tref:hapGT0/1	1	0	1	0	0	-542:1/0:TP	1	0	0	-542:1/0:TP	equal	equal	equal
573	chr14	101849424	101849924	500	101849224	101850124	1	13	13	14	False	0	0.0	2	2	2	13	0.0	False	hom	1	-	159	+159@101849672	+159@101849672	159,159	156,156	False	1.0	hom	1	-	159	+159@101849672	+159@101849672	159,159	156,156	False	1.0	1	573.0	14	14	159	0	1	0	1	kmeans	1	2	0	0	0	False	False	1	1	1	INS+159:1/1:PASS:DV13/TC13:V5TP:T2TTP:hapGT1/1	1	0	1	0	0	+159:1/1:TP	1	0	0	+159:1/1:TP	equal	equal	equal
574	chr14	101885172	101885672	500	101884972	101885872	1	10	9	18	True	238	0.476	2	2	2	17	0.0	False	het	2	-	258	-	+258@101885314	0,258	0,258	False	1.0	het	2	-	258	-	+258@101885314	0,258	0,258	False	1.0	2	574.0,574.1	11,7	18	258,0	0	2	0	2	kmeans	2	1	0	0	0	False	False	2	2	1	INS+258:0/1:PASS:DV10/TC17:V5TP:T2TTP:hapGT0/1	1	0	1	0	0	+258:0/1:TP	1	0	0	+258:0/1:TP	equal	equal	equal
575	chr14	101918089	101918680	591	101917889	101918880	1	47	26	27	True	313	0.53	2	2	2	27	0.0	False	cpx_het	2	opposite_sign	243	+39@101918139,+204@101918477	-68@101918535	243,-68	243,-65	False	1.0	cpx_het	2	opposite_sign	243	+39@101918139,+204@101918477	-68@101918535	243,-68	243,-65	False	1.0	2	575.0,575.1	16,11	27	245,-67	0	2	0	2	kmeans	2	0	0	0	0	False	False	2	2	3	INS+39:0/1:PASS:DV15/TC26:V5ref:T2Tref:hapGT0/0;DEL-67:0/1:PASS:DV10/TC26:V5TP:T2TTP:hapGT0/1;INS+206:0/1:PASS:DV16/TC26:V5TP:T2TTP:hapGT0/1	3	0	2	0	0	+204:1/0:TP;-68:0/1:TP	2	0	0	+204:1/0:TP;-68:0/1:TP	equal	equal	equal
576	chr14	101922430	101923979	1549	101922131	101924179	1	26	26	30	True	669	0.271	2	2	2	30	0.0	False	cpx_het	2	size_diff	122	-122@101923805	-30@101922480	-122,-30	-122,-35	False	1.0	cpx_het	2	size_diff	122	-122@101923805	-30@101922480	-122,-30	-122,-35	False	1.0	2	576.0,576.1	16,14	30	-122,-30	0	2	0	2	kmeans	2	1	0	0	0	False	False	2	2	2	DEL-30:0/1:PASS:DV12/TC28:V5ref:T2Tref:hapGT0/1;DEL-122:0/1:PASS:DV16/TC29:V5TP:T2TTP:hapGT0/1	2	0	1	0	0	-122:1/0:TP	1	0	0	-122:1/0:TP	equal	equal	equal
577	chr14	102172449	102172949	500	102172249	102173149	1	13	13	23	True	657	1.0	2	2	2	23	0.0	False	het	2	-	46	-46@102172668	-	-46,0	-46,0	False	1.0	het	2	-	46	-46@102172668	-	-46,0	-46,0	False	1.0	2	577.0,577.1	9,13	22	0,-46	0	2	0	2	kmeans	2	3	0	0	0	False	False	2	2	1	DEL-46:0/1:PASS:DV12/TC23:V5ref:T2Tref:hapGT0/1	1	0	0	0	0	-	0	0	0	-	equal	equal	equal
578	chr14	102197864	102198364	500	102197664	102198564	1	7	7	23	False	0	0.0	2	2	2	23	0.0	False	het	2	-	32	-32@102198097	-	-32,0	-32,-8	False	1.0	het	2	-	32	-32@102198097	-	-32,0	-32,-8	False	1.0	2	578.0,578.1	8,15	23	-32,-8	0	2	0	2	kmeans	2	0	0	0	0	False	False	2	2	1	DEL-32:0/1:PASS:DV7/TC22:V5ref:T2Tref:hapGT0/1	1	0	0	0	0	-	0	0	0	-	equal	equal	equal
579	chr14	102261170	102261670	500	102259722	102262495	1	4	4	16	True	2673	1.0	2	2	2	16	0.0	False	het	2	-	32	-	-32@102261404	0,-32	-8,-34	False	1.0	het	2	-	32	-	-32@102261404	0,-32	-8,-26	False	1.0	2	579.0,579.1	6,10	16	-20,-10	0	2	0	2	kmeans	2	0	0	0	0	False	False	1	1	1	DEL-31:0/1:PASS:DV5/TC15:V5ref:T2Tref:hapGT0/1	1	0	0	0	0	-	0	0	0	-	equal	equal	equal
580	chr14	102379400	102379900	500	102379099	102381288	1	11	11	28	True	2089	1.0	2	2	2	28	0.0	False	het	2	-	51	-	-51@102379630	0,-51	0,-51	False	1.0	het	2	-	51	-	-51@102379630	0,-51	0,-51	False	1.0	2	580.0,580.1	17,11	28	5,-51	0	2	0	2	kmeans	2	1	0	0	0	False	False	2	2	1	DEL-51:0/1:PASS:DV11/TC28:V5TP:T2TTP:hapGT0/1	1	0	1	0	0	-51:0/1:TP	1	0	0	-51:0/1:TP	equal	equal	equal
581	chr14	102561855	102562355	500	102561591	102563814	1	16	16	17	True	2123	1.0	2	2	2	17	0.0	False	hom	1	-	312	+312@102562102	+312@102562102	312,312	295,295	False	1.0	hom	1	-	312	+312@102562102	+312@102562102	312,312	295,295	False	1.0	1	581.0	17	17	302	0	1	0	1	kmeans	1	1	0	0	0	False	False	1	1	1	INS+314:1/1:PASS:DV16/TC17:V5TP:T2TTP:hapGT1/1	1	0	1	0	0	+312:1/1:TP	1	0	0	+312:1/1:TP	equal	equal	equal
582	chr14	102675981	102676717	736	102675781	102677891	1	30	27	30	True	1614	0.666	2	2	2	29	0.0	False	hom	1	-	172	+172@102676471	+172@102676471	172,172	172,172	False	1.0	hom	1	-	172	+172@102676471	+172@102676471	172,172	172,172	False	1.0	1	582.0	29	29	164	0	1	0	1	kmeans	1	2	0	0	0	False	False	1	1	1	INS+170:1/1:PASS:DV27/TC27:V5TP:T2TTP:hapGT1/1	1	0	1	0	0	+172:1/1:TP	1	0	0	+172:1/1:TP	equal	equal	equal
583	chr14	102812939	102813439	500	102812739	102813789	1	7	7	17	True	740	0.88	2	2	2	17	0.0	False	het	2	-	54	-54@102813162	-	-54,0	-54,0	False	1.0	het	2	-	54	-54@102813162	-	-54,0	-54,0	False	1.0	2	583.0,583.1	7,10	17	-54,0	0	2	0	2	kmeans	2	1	0	0	0	False	False	2	2	1	DEL-54:0/1:PASS:DV7/TC16:V5TP:T2TTP:hapGT0/1	1	0	1	0	0	-54:1/0:TP	1	0	0	-54:1/0:TP	equal	equal	equal
584	chr14	102919532	102920032	500	102919332	102922153	1	11	10	21	True	2637	1.0	2	2	2	20	0.0	False	het	2	-	126	-	+126@102919700	0,126	0,126	False	1.0	het	2	-	126	-	+126@102919700	0,126	0,126	False	1.0	2	584.0,584.1	11,10	21	0,130	0	2	0	2	kmeans	2	1	0	0	0	False	False	2	2	1	INS+125:0/1:PASS:DV10/TC18:V5TP:T2TTP:hapGT0/1	1	0	1	0	0	+126:0/1:TP	1	0	0	+126:0/1:TP	equal	equal	equal
585	chr14	102970414	102970914	500	102970214	102971114	1	6	6	24	False	0	0.0	2	2	2	22	0.0	False	het	2	-	30	-	+30@102970664	0,30	0,30	False	1.0	het	2	-	30	-	+30@102970664	0,30	0,30	False	1.0	1	585.0	24	24	30	0	1	0	1	kmeans	1	2	0	0	0	False	False	0	0	1	INS+30:1/1:PASS:DV24/TC24:V5ref:T2Tref:hapGT0/1	1	1	0	0	0	-	0	0	0	-	under	under	under
586	chr14	103062474	103062974	500	103062274	103063174	1	6	4	20	True	369	0.738	2	2	2	18	0.0	False	het	2	-	185	+185@103062579	-	185,0	185,0	False	1.0	het	2	-	185	+185@103062579	-	185,0	185,0	False	1.0	2	586.0,586.1	5,15	20	185,0	0	2	0	2	kmeans	2	3	0	0	0	False	False	2	2	1	INS+185:0/1:PASS:DV4/TC18:V5TP:T2TTP:hapGT0/1	1	0	1	0	0	+185:1/0:TP	1	0	0	+185:1/0:TP	equal	equal	equal
587	chr14	103078069	103078569	500	103077869	103078769	1	6	6	20	True	222	0.444	2	2	2	20	0.0	False	het	2	-	40	+40@103078325	-	40,0	39,0	False	1.0	het	2	-	40	+40@103078325	-	40,0	39,0	False	1.0	2	587.0,587.1	14,6	20	0,40	0	2	0	2	kmeans	2	2	0	0	0	False	False	2	2	1	INS+40:0/1:PASS:DV6/TC19:V5ref:T2Tref:hapGT0/1	1	0	0	0	0	-	0	0	0	-	equal	equal	equal
588	chr15	95552552	95553052	500	95552352	95553252	1	12	9	22	True	199	0.398	2	2	2	22	0.0	False	het	2	-	72	-	+72@95552800	0,72	-5,61	False	1.0	het	2	-	72	-	+72@95552800	0,72	-5,61	False	1.0	2	588.0,588.1	12,10	22	0,64	0	2	0	2	kmeans	2	2	0	0	0	False	False	2	2	1	INS+60:0/1:PASS:DV9/TC22:V5TP:T2TTP:hapGT0/1	1	0	1	0	0	+72:0/1:TP	1	0	0	+72:0/1:TP	equal	equal	equal
589	chr15	95584287	95584787	500	95584087	95584987	1	4	4	14	False	0	0.0	2	2	2	14	0.0	False	het	2	-	296	-	+296@95584537	0,296	0,296	False	1.0	het	2	-	296	-	+296@95584537	0,296	0,296	False	1.0	2	589.0,589.1	9,5	14	0,290	0	2	0	2	kmeans	2	2	0	0	0	False	False	2	2	1	INS+290:0/1:PASS:DV4/TC14:V5TP:T2TTP:hapGT0/1	1	0	1	0	0	+296:0/1:TP	1	0	0	+296:0/1:TP	equal	equal	equal
590	chr15	95725465	95725965	500	95725265	95726165	1	8	8	23	False	0	0.0	2	2	2	22	0.0	False	het	2	-	60	+60@95725714	-	60,0	60,0	False	1.0	het	2	-	60	+60@95725714	-	60,0	60,0	False	1.0	2	590.0,590.1	15,8	23	0,60	0	2	0	2	kmeans	2	1	0	0	0	False	False	2	2	1	INS+60:0/1:PASS:DV8/TC22:V5TP:T2TTP:hapGT0/1	1	0	1	0	0	+60:1/0:TP	1	0	0	+60:1/0:TP	equal	equal	equal
591	chr15	96118882	96119382	500	96118682	96119582	1	13	12	17	False	0	0.0	2	2	2	17	0.0	False	het	2	-	52	-	-52@96118966	0,-52	-5,-52	False	1.0	het	2	-	52	-	-52@96118966	0,-52	-5,-52	False	1.0	2	591.0,591.1	13,4	17	-52,0	0	2	0	2	kmeans	2	1	0	0	0	False	False	2	2	1	DEL-52:0/1:PASS:DV13/TC17:V5TP:T2TTP:hapGT0/1	1	0	1	0	0	-52:0/1:TP	1	0	0	-52:0/1:TP	equal	equal	equal
592	chr15	96188858	96189364	506	96188658	96189564	1	12	6	13	True	204	0.354	2	2	2	13	0.0	False	het	2	-	40	-	+20@96189284,+20@96189314	0,40	-5,48	False	1.0	het	2	-	40	-	+20@96189284,+20@96189314	0,40	-5,48	False	1.0	2	592.0,592.1	7,6	13	-5,51	0	2	0	2	kmeans	2	0	0	0	0	False	False	2	2	1	INS+43:0/1:PASS:DV6/TC13:V5ref:T2Tref:hapGT0/1	1	0	0	0	0	-	0	0	0	-	equal	equal	equal
593	chr15	96330926	96331426	500	96330726	96331651	1	38	17	38	True	559	0.768	2	2	2	17	0.059	False	ref	1	-	0	-	-	0,0	0,0	False	1.0	ref	1	-	0	-	-	0,0	0,0	False	1.0	1	593.0	31	31	0	0	0	0	1	kmeans	1	3	0	0	0	False	False	1	1	0	-	0	0	0	0	0	-	0	0	0	-	equal	equal	equal
594	chr15	96476895	96477395	500	96476695	96477595	1	20	20	21	True	263	0.526	2	2	2	20	0.0	False	hom	1	-	42	+42@96477154	+39@96477154	42,39	42,39	False	0.929	hom	1	-	42	+42@96477154	+39@96477154	42,39	42,39	False	0.929	1	594.0	21	21	41	0	1	0	1	kmeans	1	0	0	0	0	False	False	1	1	1	INS+41:1/1:PASS:DV20/TC20:V5ref:T2Tref:hapGT1/1	1	0	0	0	0	-	0	0	0	-	equal	equal	equal
595	chr15	96505278	96505778	500	96505078	96505978	1	8	8	31	False	0	0.0	2	2	2	31	0.0	False	het	2	-	32	-	-32@96505512	0,-32	0,-32	False	1.0	het	2	-	32	-	-32@96505512	0,-32	0,-32	False	1.0	1	595.0	31	31	0	0	1	0	1	kmeans	1	1	0	0	0	False	False	1	1	0	-	0	0	0	0	0	-	0	0	0	-	under	under	under
596	chr15	96540825	96541325	500	96540625	96541525	1	22	22	22	True	153	0.306	2	2	2	21	0.0	False	hom	1	-	80	+80@96541061	+80@96541061	80,80	82,82	False	1.0	hom	1	-	80	+80@96541061	+80@96541061	80,80	82,82	False	1.0	1	596.0	22	22	80	0	1	0	1	kmeans	1	0	0	0	0	False	False	1	1	1	INS+80:1/1:PASS:DV22/TC22:V5TP:T2TTP:hapGT1/1	1	0	1	0	0	+80:1/1:TP	1	0	0	+80:1/1:TP	equal	equal	equal
597	chr15	96609673	96610173	500	96609473	96610373	1	13	13	19	True	193	0.386	2	2	2	19	0.0	False	cpx_het	2	size_diff	84	-52@96609899,-32@96609911	-32@96609911	-84,-32	-84,-32	False	1.0	cpx_het	2	size_diff	52	-52@96609899	-32@96609911	-52,-32	-52,-32	False	1.0	2	597.0,597.1	6,13	19	-28,-32	0	2	0	2	kmeans	2	0	0	0	0	False	False	1	1	1	DEL-32:0/1:PASS:DV13/TC18:V5ref:T2Tref:hapGT0/1	1	0	0	1	0	-52:1/0:FN	0	1	0	-52:1/0:FN	equal	equal	equal
598	chr15	96692508	96693008	500	96692308	96693208	1	8	8	20	True	76	0.152	2	2	2	20	0.0	False	het	2	-	38	-	+38@96692772	0,38	-2,38	False	1.0	het	2	-	38	-	+38@96692772	0,38	-2,38	False	1.0	2	598.0,598.1	10,10	20	34,0	0	2	0	2	kmeans	2	2	0	0	0	False	False	2	2	1	INS+34:0/1:PASS:DV8/TC17:V5ref:T2Tref:hapGT0/1	1	0	0	0	0	-	0	0	0	-	equal	equal	equal
599	chr15	96719519	96720019	500	96719319	96720219	1	6	6	13	True	106	0.212	2	2	2	13	0.0	False	het	2	-	52	-	-52@96719745	0,-52	-4,-54	False	1.0	het	2	-	52	-	-52@96719745	0,-52	-4,-52	False	1.0	2	599.0,599.1	8,5	13	-52,0	0	2	0	2	kmeans	2	0	0	0	0	False	False	2	2	1	DEL-52:0/1:PASS:DV6/TC11:V5TP:T2TTP:hapGT0/1	1	0	1	0	0	-52:0/1:TP	1	0	0	-52:0/1:TP	equal	equal	equal
600	chr15	96777746	96778246	500	96777546	96778446	1	10	10	23	False	0	0.0	2	2	2	22	0.0	False	het	2	-	326	+326@96777996	-	326,0	323,0	False	1.0	het	2	-	326	+326@96777996	-	326,0	323,0	False	1.0	2	600.0,600.1	13,10	23	0,325	0	2	0	2	kmeans	2	2	0	0	0	False	False	2	2	1	INS+325:0/1:PASS:DV10/TC23:V5TP:T2TTP:hapGT0/1	1	0	1	0	0	+326:1/0:TP	1	0	0	+326:1/0:TP	equal	equal	equal
601	chr15	96822764	96823445	681	96822564	96823645	1	64	17	18	True	847	1.0	2	2	2	17	0.0	False	cpx_het	2	size_diff	184	-96@96822826,-68@96823247,+348@96823356	-96@96822826,-26@96823247,+174@96823356	184,52	178,46	False	1.0	cpx_het	2	size_diff	184	-96@96822826,-68@96823247,+348@96823356	-96@96822826,-26@96823247,+174@96823356	184,52	178,46	False	1.0	2	601.0,601.1	9,9	18	52,175	0	2	0	2	kmeans	2	2	0	0	0	False	False	2	2	3	DEL-96:0/1:PASS:DV17/TC18:V5ref:T2Tref:hapGT0/0;INS+265:0/1:PASS:DV8/TC16:V5ref:T2Tref:hapGT0/0;INS+145:0/1:PASS:DV8/TC16:V5ref:T2Tref:hapGT0/1	4	0	2	0	2	-96:1/1:TP;+174:1/1:TP	2	0	2	-96:1/1:TP;+174:1/1:TP	equal	equal	equal
602	chr15	96830774	96831274	500	96830574	96831474	1	10	10	18	False	0	0.0	2	2	2	18	0.0	False	cpx_het	2	size_diff	65	+65@96831011	+25@96831011	65,25	65,25	False	1.0	cpx_het	2	size_diff	65	+65@96831011	+25@96831011	65,25	65,25	False	1.0	2	602.0,602.1	7,11	18	25,65	0	2	0	2	kmeans	2	1	0	0	0	False	False	2	2	1	INS+65:0/1:PASS:DV10/TC17:V5TP:T2TTP:hapGT0/1	1	0	1	0	0	+65:1/0:TP	1	0	0	+65:1/0:TP	equal	equal	equal
603	chr15	96842668	96843168	500	96842468	96843368	1	32	16	19	False	0	0.0	2	2	2	19	0.0	False	hom	1	-	20	+20@96842758	+20@96842758	20,20	31,31	False	1.0	hom	1	-	20	+20@96842758	+20@96842758	20,20	31,31	False	1.0	1	603.0	18	18	32	0	1	0	1	kmeans	1	2	0	0	0	False	False	0	0	0	-	0	0	0	0	0	-	0	0	0	-	equal	equal	equal
604	chr15	96871809	96872309	500	96871609	96872509	1	12	12	23	False	0	0.0	2	2	2	22	0.0	False	het	2	-	31	-	-31@96872038	0,-31	0,-36	False	1.0	het	2	-	31	-	-31@96872038	0,-31	0,-36	False	1.0	2	604.0,604.1	13,10	23	-36,0	0	2	0	2	kmeans	2	1	0	0	0	False	False	2	2	1	DEL-31:0/1:PASS:DV12/TC22:V5ref:T2Tref:hapGT0/1	1	0	0	0	0	-	0	0	0	-	equal	equal	equal
605	chr15	96963560	96964060	500	96963360	96964260	1	12	12	32	False	0	0.0	2	2	2	32	0.0	False	het	2	-	43	+43@96963792	-	43,0	43,0	False	1.0	het	2	-	43	+43@96963792	-	43,0	43,0	False	1.0	2	605.0,605.1	20,12	32	0,43	0	2	0	2	kmeans	2	0	0	0	0	False	False	2	2	1	INS+43:0/1:PASS:DV12/TC31:V5ref:T2Tref:hapGT0/1	1	0	0	0	0	-	0	0	0	-	equal	equal	equal
606	chr15	97042456	97042956	500	97042256	97043156	1	10	10	23	False	0	0.0	2	2	2	23	0.0	False	het	2	-	326	+326@97042698	-	326,0	322,0	False	1.0	het	2	-	326	+326@97042698	-	326,0	322,0	False	1.0	2	606.0,606.1	12,11	23	0,322	0	2	0	2	kmeans	2	2	0	0	0	False	False	2	2	1	INS+322:0/1:PASS:DV10/TC22:V5TP:T2TTP:hapGT0/1	1	0	1	0	0	+326:1/0:TP	1	0	0	+326:1/0:TP	equal	equal	equal
607	chr15	97088416	97088916	500	97088216	97089116	1	25	8	42	True	334	0.668	2	2	2	27	0.037	False	ref	1	-	0	-	-	0,0	-19,0	False	1.0	ref	1	-	0	-	-	0,0	-19,0	False	1.0	1	607.0	42	42	-93436	0	1	1	1	kmeans	1	3	0	0	0	False	False	0	0	0	-	0	0	0	0	0	-	0	0	0	-	equal	equal	equal
608	chr15	97265318	97265818	500	97265118	97266018	1	3	3	24	False	0	0.0	2	2	2	21	0.0	False	ref	1	-	0	-	-	0,0	-5,-5	False	1.0	ref	1	-	0	-	-	0,0	-5,-5	False	1.0	1	608.0	24	24	0	0	1	0	1	kmeans	1	1	0	0	0	False	False	1	1	0	-	0	0	0	0	0	-	0	0	0	-	equal	equal	equal
609	chr15	97356035	97356591	556	97355793	97356791	1	47	16	18	True	846	1.0	2	2	2	18	0.0	False	cpx_het	2	size_diff	90	-26@97356067,+118@97356367,+23@97356476,-25@97356533	-26@97356067,+165@97356430,-50@97356508,-25@97356533	90,64	90,67	False	1.0	hom	1	-	90	-26@97356067,+118@97356367,+23@97356476,-25@97356533	-26@97356067,+165@97356430,-50@97356508	90,89	90,92	False	1.0	1	609.0	18	18	89	0	1	0	1	kmeans	1	2	0	0	0	False	False	1	1	1	INS+92:1/1:PASS:DV18/TC18:V5ref:T2Tref:hapGT0/1	1	1	2	0	0	+117:1/0:TP;+123:0/1:TP	2	0	0	+117:1/0:TP;+123:0/1:TP	under	equal	under
610	chr15	97368388	97368888	500	97368188	97369088	1	23	20	28	True	148	0.296	2	2	2	28	0.0	False	cpx_het	2	size_diff	48	+48@97368666	+32@97368666	48,32	51,35	False	1.0	cpx_het	2	size_diff	48	+48@97368666	+32@97368666	48,32	51,35	False	1.0	2	610.0,610.1	16,12	28	49,33	0	2	0	2	kmeans	2	0	0	0	0	False	False	2	2	1	INS+44:0/1:PASS:DV16/TC28:V5ref:T2Tref:hapGT1/1	1	1	0	0	0	-	0	0	0	-	equal	equal	equal
611	chr15	97640909	97641409	500	97640709	97641609	1	13	13	28	True	537	0.824	2	2	2	28	0.0	False	het	2	-	65	+65@97641191	-	65,0	65,0	False	1.0	het	2	-	65	+65@97641191	-	65,0	65,0	False	1.0	2	611.0,611.1	15,13	28	0,65	0	2	0	2	kmeans	2	0	0	0	0	False	False	2	2	1	INS+65:0/1:PASS:DV13/TC28:V5TP:T2TTP:hapGT0/1	1	0	1	0	0	+65:1/0:TP	1	0	0	+65:1/0:TP	equal	equal	equal
612	chr15	97683533	97684033	500	97683333	97684233	1	13	13	28	True	183	0.366	2	2	2	28	0.036	False	het	2	-	152	-152@97683708	-	-152,0	-158,8	False	1.0	het	2	-	152	-152@97683708	-	-152,0	-152,8	False	1.0	2	612.0,612.1	12,15	27	14,-153	0	2	0	2	kmeans	2	3	0	0	0	False	False	2	2	1	DEL-153:0/1:PASS:DV13/TC27:V5TP:T2TTP:hapGT0/1	1	0	1	0	0	-152:1/0:TP	1	0	0	-152:1/0:TP	equal	equal	equal
613	chr15	97805733	97806233	500	97805533	97806433	1	5	5	17	False	0	0.0	2	2	2	16	0.0	False	het	2	-	154	-	+154@97805983	0,154	0,154	False	1.0	het	2	-	154	-	+154@97805983	0,154	0,154	False	1.0	2	613.0,613.1	5,12	17	153,0	0	2	0	2	kmeans	2	0	0	0	0	False	False	2	2	1	INS+153:0/1:PASS:DV5/TC17:V5TP:T2TTP:hapGT0/1	1	0	1	0	0	+154:0/1:TP	1	0	0	+154:0/1:TP	equal	equal	equal
614	chr15	97880692	97881192	500	97880492	97881392	1	7	7	27	True	130	0.26	2	2	2	27	0.0	False	het	2	-	35	-	+35@97880974	0,35	18,36	False	1.0	het	2	-	35	-	+35@97880974	0,35	18,36	False	1.0	2	614.0,614.1	17,10	27	17,35	0	2	0	2	kmeans	2	3	0	0	0	False	False	2	2	1	INS+35:0/1:PASS:DV7/TC25:V5ref:T2Tref:hapGT0/1	1	0	0	0	0	-	0	0	0	-	equal	equal	equal
615	chr15	98055409	98055909	500	98055209	98056109	1	19	18	18	True	385	0.77	2	2	2	16	0.0	False	hom	1	-	326	-326@98055476	-318@98055476	-326,-318	-328,-320	False	1.0	hom	1	-	326	-326@98055476	-318@98055476	-326,-318	-328,-320	False	1.0	1	615.0	18	18	-318	0	1	0	1	kmeans	1	0	0	0	0	False	False	1	1	1	DEL-318:1/1:PASS:DV18/TC18:V5TP:T2TTP:hapGT1/1	1	0	1	0	0	-326:1/1:TP	2	0	0	-318:0/1:TP;-326:1/0:TP	equal	equal	equal
616	chr15	98079024	98079524	500	98078683	98079724	1	9	9	21	False	0	0.0	2	2	2	19	0.0	False	het	2	-	885	-	+885@98079274	0,885	-3,882	False	1.0	het	2	-	885	-	+885@98079274	0,885	-3,882	False	1.0	2	616.0,616.1	10,11	21	885,0	0	2	0	2	kmeans	2	1	0	0	0	False	False	2	2	1	INS+885:0/1:PASS:DV10/TC20:V5TP:T2TTP:hapGT0/1	1	0	1	0	0	+885:0/1:TP	1	0	0	+885:0/1:TP	equal	equal	equal
617	chr15	98086220	98086720	500	98086020	98086920	1	3	3	22	True	152	0.304	2	2	2	18	0.0	False	het	2	-	23	-23@98086458	-	-23,0	-29,1	False	1.0	het	2	-	23	-23@98086458	-	-23,0	-29,1	False	1.0	1	617.0	22	22	0	0	1	0	1	kmeans	1	1	0	0	0	False	False	0	0	0	-	0	0	0	0	0	-	0	0	0	-	under	under	under
618	chr15	98162778	98163278	500	98162578	98163478	1	12	12	26	True	136	0.09	2	2	2	26	0.0	False	het	2	-	328	-	-328@98162860	0,-328	-3,-331	False	1.0	het	2	-	328	-	-328@98162860	0,-328	-3,-328	False	1.0	2	618.0,618.1	13,13	26	0,-328	0	2	0	2	kmeans	2	0	0	0	0	False	False	2	2	1	DEL-328:0/1:PASS:DV12/TC25:V5TP:T2TTP:hapGT0/1	1	0	1	0	0	-328:0/1:TP	1	0	0	-328:0/1:TP	equal	equal	equal
619	chr15	98246891	98247391	500	98246691	98247591	1	14	7	16	True	232	0.464	2	2	2	16	0.0	False	cpx_het	2	opposite_sign	30	+26@98247317	-30@98247271	26,-30	43,-13	False	1.0	cpx_het	2	opposite_sign	30	+26@98247317	-30@98247271	26,-30	43,-13	False	1.0	2	619.0,619.1	7,9	16	39,-9	0	2	0	2	kmeans	2	1	0	0	0	False	False	0	0	0	-	0	0	0	0	0	-	0	0	0	-	equal	equal	equal
620	chr15	98273737	98274246	509	98273537	98274446	1	6	6	18	False	0	0.0	2	2	2	17	0.0	False	het	2	-	409	-409@98273787	-	-409,0	-409,0	False	1.0	het	2	-	409	-409@98273787	-	-409,0	-409,0	False	1.0	2	620.0,620.1	11,7	18	0,-409	0	2	0	2	kmeans	2	0	0	0	0	False	False	2	2	1	DEL-409:0/1:PASS:DV6/TC17:V5TP:T2TTP:hapGT0/1	1	0	1	0	0	-409:1/0:TP	1	0	0	-409:1/0:TP	equal	equal	equal
621	chr15	98299044	98300637	1593	98298844	98300837	1	7	6	26	False	0	0.0	2	2	2	25	0.0	False	het	2	-	1481	-1481@98299095	-	-1481,0	-1481,0	False	1.0	het	2	-	1481	-1481@98299095	-	-1481,0	-1481,0	False	1.0	2	621.0,621.1	20,6	26	0,-1477	0	2	0	2	kmeans	2	1	0	0	0	False	False	2	2	1	DEL-1477:0/1:PASS:DV6/TC26:V5TP:T2TTP:hapGT0/1	1	0	1	0	0	-1481:1/0:TP	1	0	0	-1481:1/0:TP	equal	equal	equal
622	chr15	98322158	98322658	500	98321958	98322858	1	38	19	21	True	57	0.114	2	2	2	21	0.0	False	hom	1	-	54	-30@98322287,-24@98322504	-30@98322287,-20@98322504	-54,-50	-54,-50	False	1.0	hom	1	-	54	-30@98322287,-24@98322504	-30@98322287,-20@98322504	-54,-50	-54,-50	False	1.0	1	622.0	21	21	-50	0	1	0	1	kmeans	1	2	0	0	0	False	False	1	1	1	DEL-30:1/1:PASS:DV20/TC20:V5ref:T2Tref:hapGT0/0	1	0	0	0	0	-	0	0	0	-	equal	equal	equal
623	chr15	98412569	98413069	500	98412369	98413269	1	9	9	15	True	93	0.186	2	2	2	14	0.0	False	het	2	-	36	+36@98412823	-	36,0	36,0	False	1.0	het	2	-	36	+36@98412823	-	36,0	36,0	False	1.0	2	623.0,623.1	9,6	15	36,0	0	2	0	2	kmeans	2	0	0	0	0	False	False	2	2	1	INS+36:0/1:PASS:DV9/TC15:V5ref:T2Tref:hapGT0/1	1	0	0	0	0	-	0	0	0	-	equal	equal	equal
624	chr15	98417108	98417608	500	98416908	98417808	1	9	8	20	False	0	0.0	2	2	2	19	0.0	False	het	2	-	54	-	+54@98417346	0,54	0,54	False	1.0	het	2	-	54	-	+54@98417346	0,54	0,54	False	1.0	2	624.0,624.1	12,8	20	0,54	0	2	0	2	kmeans	2	1	0	0	0	False	False	2	2	1	INS+54:0/1:PASS:DV8/TC20:V5TP:T2TTP:hapGT0/1	1	0	1	0	0	+54:0/1:TP	1	0	0	+54:0/1:TP	equal	equal	equal
625	chr15	98437499	98437999	500	98437299	98438250	1	37	22	23	True	551	0.7	2	2	2	23	0.043	False	cpx_het	2	size_diff	62	+46@98437696	+62@98437709	46,62	51,78	False	1.0	cpx_het	2	size_diff	62	+46@98437696	+62@98437709	46,62	51,78	False	1.0	1	625.0	23	23	74	0	1	0	1	kmeans	1	0	0	0	0	False	False	0	0	1	INS+62:1/1:PASS:DV22/TC22:V5TP:T2TTP:hapGT1/1	1	0	1	0	0	+62:0/1:TP	1	0	0	+62:0/1:TP	under	under	under
626	chr15	98488932	98489451	519	98488732	98489651	1	25	13	21	True	700	1.0	2	2	2	21	0.0	False	het	2	-	58	-	-58@98489343	0,-58	0,-84	False	1.0	het	2	-	58	-	-58@98489343	0,-58	0,-84	False	1.0	2	626.0,626.1	8,13	21	0,-82	0	2	0	2	kmeans	2	0	0	0	0	False	False	2	2	1	DEL-58:0/1:PASS:DV13/TC21:V5TP:T2TTP:hapGT0/1	1	0	1	0	0	-58:0/1:TP	1	0	0	-58:0/1:TP	equal	equal	equal
627	chr15	98522470	98522970	500	98522270	98523170	1	21	20	22	True	483	0.966	2	2	2	21	0.0	False	cpx_het	2	size_diff	346	-207@98522576,-139@98522750	-139@98522750	-346,-139	-349,-142	False	1.0	cpx_het	2	size_diff	207	-207@98522576	-139@98522750	-207,-139	-210,-141	False	1.0	2	627.0,627.1	13,9	22	-139,-207	0	2	0	2	kmeans	2	1	0	0	0	False	False	1	2	2	DEL-207:0/1:PASS:DV8/TC22:V5TP:T2TTP:hapGT0/0;DEL-139:0/1:PASS:DV12/TC21:V5TP:T2TTP:hapGT0/1	2	0	2	0	0	-207:1/0:TP;-139:0/1:TP	2	0	0	-207:1/0:TP;-139:0/1:TP	equal	equal	equal
628	chr15	98526941	98527441	500	98526741	98527641	1	1	1	24	True	240	0.48	2	2	2	24	0.0	False	het	2	-	20	-	+20@98527125	0,20	-1,19	False	1.0	het	2	-	20	-	+20@98527125	0,20	-1,19	False	1.0	1	628.0	24	24	18	0	1	0	1	kmeans	1	1	0	0	0	False	False	1	1	0	-	0	0	0	0	0	-	0	0	0	-	under	under	under
629	chr15	98533424	98533924	500	98533224	98534124	1	3	3	25	True	288	0.544	2	2	2	25	0.0	False	het	2	-	22	-	-22@98533646	0,-22	-14,-18	False	1.0	het	2	-	22	-	-22@98533646	0,-22	-14,-18	False	1.0	1	629.0	25	25	-10	0	1	0	1	kmeans	1	4	0	0	0	False	False	1	1	0	-	0	0	0	0	0	-	0	0	0	-	under	under	under
630	chr15	98697507	98698007	500	98697307	98698393	1	7	7	17	True	600	0.528	2	2	2	17	0.0	False	het	2	-	43	+43@98697757	-	43,0	42,0	False	1.0	het	2	-	43	+43@98697757	-	43,0	42,0	False	1.0	2	630.0,630.1	10,7	17	0,43	0	2	0	2	kmeans	2	0	0	0	0	False	False	2	2	1	INS+43:0/1:PASS:DV7/TC17:V5ref:T2Tref:hapGT0/1	1	0	0	0	0	-	0	0	0	-	equal	equal	equal
631	chr15	99010498	99010998	500	99010298	99011198	1	31	31	34	False	0	0.0	2	2	2	33	0.0	False	hom	1	-	93	+88@99010748	+93@99010748	88,93	88,92	False	1.0	hom	1	-	93	+88@99010748	+93@99010748	88,93	88,92	False	1.0	1	631.0	34	34	93	0	1	0	1	kmeans	1	1	0	0	0	False	False	1	1	1	INS+93:1/1:PASS:DV32/TC32:V5TP:T2TTP:hapGT1/1	1	0	1	0	0	+93:1/1:TP	2	0	0	+93:0/1:TP;+88:1/0:TP	equal	equal	equal
632	chr15	99031203	99032429	1226	99031003	99032629	1	19	19	20	False	0	0.0	2	2	2	19	0.0	False	hom	1	-	1126	-1126@99031253	-1126@99031253	-1126,-1126	-1126,-1126	False	1.0	hom	1	-	1126	-1126@99031253	-1126@99031253	-1126,-1126	-1126,-1126	False	1.0	1	632.0	20	20	-1126	0	1	0	1	kmeans	1	1	0	0	0	False	False	1	1	1	DEL-1126:1/1:PASS:DV20/TC20:V5TP:T2TTP:hapGT1/1	1	0	1	0	0	-1126:1/1:TP	1	0	0	-1126:1/1:TP	equal	equal	equal
633	chr15	99247538	99248038	500	99247338	99248238	1	17	17	26	True	140	0.28	2	2	2	26	0.0	False	cpx_het	2	size_diff	56	+28@99247736	+56@99247736	28,56	28,56	False	1.0	cpx_het	2	size_diff	56	+28@99247736	+56@99247736	28,56	28,56	False	1.0	2	633.0,633.1	17,9	26	56,28	0	2	0	2	kmeans	2	0	0	0	0	False	False	2	2	1	INS+56:0/1:PASS:DV17/TC26:V5TP:T2TTP:hapGT0/1	1	0	1	0	0	+56:0/1:TP	1	0	0	+56:0/1:TP	equal	equal	equal
634	chr15	99744160	99744660	500	99743960	99744860	1	7	7	23	False	0	0.0	2	2	2	23	0.0	False	het	2	-	30	-	+30@99744410	0,30	2,30	False	1.0	het	2	-	30	-	+30@99744410	0,30	2,30	False	1.0	1	634.0	23	23	0	0	1	0	1	kmeans	1	0	0	0	0	False	False	1	1	0	-	0	0	0	0	0	-	0	0	0	-	under	under	under
635	chr15	99750414	99750914	500	99750214	99751114	1	21	21	21	True	188	0.376	2	2	2	21	0.0	False	hom	1	-	47	-47@99750590	-47@99750590	-47,-47	-47,-47	False	1.0	hom	1	-	47	-47@99750590	-47@99750590	-47,-47	-47,-47	False	1.0	1	635.0	21	21	-47	0	1	0	1	kmeans	1	0	0	0	0	False	False	1	1	1	DEL-47:1/1:PASS:DV21/TC21:V5ref:T2Tref:hapGT1/1	1	0	0	0	0	-	0	0	0	-	equal	equal	equal
636	chr15	99797816	99799829	2013	99797616	99800307	1	29	15	15	True	1248	0.407	2	2	2	15	0.0	False	cpx_het	2	opposite_sign	61	-22@99797866,+29@99798197,-99@99798370,+153@99799779	+29@99798197,-99@99798370,-65@99799937,+91@99800084	61,-44	64,-38	False	1.0	cpx_het	2	opposite_sign	61	-22@99797866,+29@99798197,-99@99798370,+153@99799779	+29@99798197,-99@99798370,-65@99799937,+91@99800084	61,-44	64,-38	False	1.0	2	636.0,636.1	11,4	15	-48,66	0	2	0	2	kmeans	2	0	0	0	0	False	False	2	2	2	DEL-99:0/1:PASS:DV15/TC15:V5TP:T2TTP:hapGT0/0;INS+153:0/1:PASS:DV4/TC15:V5ref:T2Tref:hapGT0/0	3	0	2	0	0	-99:1/1:TP;+153:1/0:TP	2	0	0	-99:1/1:TP;+153:1/0:TP	equal	equal	equal
637	chr15	99806040	99806540	500	99805840	99806740	1	13	13	14	True	279	0.558	2	2	2	14	0.0	False	hom	1	-	134	-134@99806238	-134@99806238	-134,-134	-134,-133	False	1.0	hom	1	-	134	-134@99806238	-134@99806238	-134,-134	-134,-133	False	1.0	1	637.0	14	14	-134	0	1	0	1	kmeans	1	2	0	0	0	False	False	1	1	1	DEL-134:1/1:PASS:DV14/TC14:V5TP:T2TTP:hapGT1/1	1	0	1	0	0	-134:1/1:TP	1	0	0	-134:1/1:TP	equal	equal	equal
638	chr15	99925930	99928520	2590	99925730	99928720	1	128	25	28	True	2065	0.797	2	2	2	28	0.0	False	cpx_het	2	size_diff	1019	-113@99926445,-88@99926526,-169@99926830,-329@99927146,-135@99927807,-22@99927967,-163@99928136	-88@99926526,+66@99926783,-329@99927146,+25@99927190,+44@99927494,+22@99927710,-135@99927807,-22@99927967,+94@99928111	-1019,-323	-1028,-329	False	1.0	cpx_het	2	opposite_sign	931	-113@99926445,-169@99926830,-329@99927146,-135@99927807,-22@99927967,-163@99928136	-88@99926526,+66@99926783,+25@99927190,+44@99927494,+22@99927710,+94@99928111	-931,163	-931,157	False	1.0	2	638.0,638.1	17,11	28	145,-931	0	2	0	2	kmeans	2	3	0	0	0	False	False	1	2	6	DEL-113:0/1:PASS:DV8/TC23:V5ref:T2Tref:hapGT0/0;DEL-169:0/1:PASS:DV9/TC24:V5ref:T2Tref:hapGT0/0;DEL-329:0/1:PASS:DV9/TC25:V5ref:T2Tref:hapGT0/1;DEL-157:0/1:PASS:DV9/TC25:V5ref:T2Tref:hapGT0/0;INS+69:0/1:PASS:DV16/TC25:V5ref:T2Tref:hapGT0/0;DEL-163:0/1:PASS:DV9/TC25:V5ref:T2Tref:hapGT0/0	6	0	1	1	0	-805:1/0:TP;+94:0/1:FN	1	1	0	-805:1/0:TP;+94:0/1:FN	equal	equal	equal
639	chr15	100011079	100011579	500	100010879	100011779	1	23	21	22	True	217	0.434	2	2	2	22	0.0	False	cpx_het	2	size_diff	494	+229@100011300	+494@100011300	229,494	229,494	False	1.0	cpx_het	2	size_diff	494	+229@100011300	+494@100011300	229,494	229,494	False	1.0	2	639.0,639.1	13,9	22	495,230	0	2	0	2	kmeans	2	1	0	0	0	False	False	2	2	2	INS+495:0/1:PASS:DV12/TC22:V5TP:T2TTP:hapGT0/1;INS+230:0/1:PASS:DV9/TC22:V5TP:T2TTP:hapGT0/1	2	0	2	0	0	+494:0/1:TP;+229:1/0:TP	2	0	0	+494:0/1:TP;+229:1/0:TP	equal	equal	equal
640	chr15	100058019	100058519	500	100057819	100058719	1	39	17	18	True	340	0.68	2	2	2	18	0.0	False	cpx_het	2	size_diff	470	+266@100058181,+40@100058268	+470@100058241	306,470	306,471	False	1.0	cpx_het	2	size_diff	470	+266@100058181,+40@100058268	+470@100058241	306,470	306,471	False	1.0	2	640.0,640.1	11,7	18	303,469	0	2	0	2	kmeans	2	1	0	0	0	False	False	2	2	2	INS+469:0/1:PASS:DV7/TC18:V5TP:T2TTP:hapGT0/1;INS+303:0/1:PASS:DV11/TC18:V5TP:T2TTP:hapGT0/1	2	0	2	0	0	+266:1/0:TP;+470:0/1:TP	2	0	0	+266:1/0:TP;+470:0/1:TP	equal	equal	equal
641	chr15	100066649	100067149	500	100066449	100067480	1	8	8	18	True	777	0.992	2	2	2	17	0.0	False	het	2	-	198	-	-198@100066769	0,-198	0,-198	False	1.0	het	2	-	198	-	-198@100066769	0,-198	0,-198	False	1.0	2	641.0,641.1	7,11	18	-198,0	0	2	0	2	kmeans	2	0	0	0	0	False	False	2	2	1	DEL-198:0/1:PASS:DV7/TC18:V5TP:T2TTP:hapGT0/1	1	0	1	0	0	-198:0/1:TP	1	0	0	-198:0/1:TP	equal	equal	equal
642	chr15	100069694	100072496	2802	100069494	100072696	1	23	8	18	False	0	0.0	2	2	2	17	0.0	False	het	2	-	2629	+72@100069744,-2701@100069745	-	-2629,0	-2629,0	False	1.0	het	2	-	2629	+72@100069744,-2701@100069745	-	-2629,0	-2629,0	False	1.0	2	642.0,642.1	8,10	18	-2617,0	0	2	0	2	kmeans	2	3	0	0	0	False	False	2	2	2	DEL-1800:0/1:PASS:DV8/TC16:V5ref:T2Tref:hapGT0/0;DEL-817:0/1:PASS:DV8/TC18:V5ref:T2Tref:hapGT0/0	2	0	1	0	0	-2617:1/0:TP	1	0	0	-2617:1/0:TP	equal	equal	equal
643	chr15	100102191	100102691	500	100101991	100102891	1	19	17	26	True	363	0.726	2	2	2	26	0.0	False	het	2	-	168	-	-168@100102309	0,-168	0,-168	False	1.0	het	2	-	168	-	-168@100102309	0,-168	0,-168	False	1.0	2	643.0,643.1	17,8	25	-168,0	0	2	0	2	kmeans	2	0	0	0	0	False	False	2	2	1	DEL-168:0/1:PASS:DV17/TC26:V5TP:T2TTP:hapGT0/1	1	0	1	0	0	-168:0/1:TP	1	0	0	-168:0/1:TP	equal	equal	equal
644	chr15	100109935	100110435	500	100109735	100110635	1	16	16	25	True	111	0.222	2	2	2	25	0.0	False	het	2	-	40	-	+40@100110199	0,40	0,36	False	1.0	het	2	-	40	-	+40@100110199	0,40	0,36	False	1.0	2	644.0,644.1	9,16	25	0,36	0	2	0	2	kmeans	2	1	0	0	0	False	False	2	2	1	INS+36:0/1:PASS:DV16/TC25:V5ref:T2Tref:hapGT0/1	1	0	0	0	0	-	0	0	0	-	equal	equal	equal
645	chr15	100162338	100162838	500	100162138	100163151	1	17	17	17	True	752	0.978	2	2	2	16	0.0	False	hom	1	-	62	-62@100162448	-62@100162448	-62,-62	-62,-64	False	1.0	hom	1	-	62	-62@100162448	-62@100162448	-62,-62	-62,-64	False	1.0	1	645.0	17	17	-62	0	1	0	1	kmeans	1	0	0	0	0	False	False	1	1	1	DEL-62:1/1:PASS:DV17/TC17:V5TP:T2TTP:hapGT1/1	1	0	1	0	0	-62:1/1:TP	1	0	0	-62:1/1:TP	equal	equal	equal
646	chr15	100253199	100253699	500	100252999	100253899	1	17	7	17	True	255	0.51	2	2	2	17	0.0	False	ref	1	-	0	-	-	0,0	49,13	False	1.0	ref	1	-	0	-	-	0,0	49,13	False	1.0	2	646.0,646.1	11,6	17	13,50	0	2	0	2	kmeans	2	0	0	0	0	False	False	1	1	1	INS+37:0/1:PASS:DV6/TC17:V5ref:T2Tref:hapGT0/0	1	0	0	0	0	-	0	0	0	-	over	over	over
647	chr15	100270420	100270920	500	100270058	100271120	1	13	11	19	False	0	0.0	2	2	2	19	0.0	False	het	2	-	308	-	+308@100270771	0,308	0,308	False	0.0	het	2	-	308	-	+308@100270771	0,308	0,308	False	0.0	2	647.0,647.1	11,8	19	308,0	0	2	0	2	kmeans	2	1	0	0	0	False	False	2	2	1	INS+308:0/1:PASS:DV11/TC18:V5ref:T2Tref:hapGT0/1	1	0	0	0	0	-	0	0	0	-	equal	equal	equal
648	chr15	100272354	100272854	500	100272154	100273054	1	12	12	23	False	0	0.0	2	2	2	23	0.0	False	het	2	-	333	-	+333@100272595	0,333	0,333	False	0.492	het	2	-	333	-	+333@100272595	0,333	0,333	False	0.492	2	648.0,648.1	14,9	23	329,0	0	2	0	2	kmeans	2	3	0	0	0	False	False	2	2	1	INS+329:0/1:PASS:DV13/TC22:V5ref:T2Tref:hapGT0/1	1	0	0	0	0	-	0	0	0	-	equal	equal	equal
649	chr15	100358524	100359024	500	100358324	100359224	1	16	16	30	False	0	0.0	2	2	2	29	0.0	False	het	2	-	267	-	+267@100358774	0,267	4,267	False	1.0	het	2	-	267	-	+267@100358774	0,267	4,267	False	1.0	2	649.0,649.1	17,13	30	264,0	0	2	0	2	kmeans	2	2	0	0	0	False	False	2	2	1	INS+264:0/1:PASS:DV16/TC30:V5TP:T2TTP:hapGT0/1	1	0	1	0	0	+267:0/1:TP	1	0	0	+267:0/1:TP	equal	equal	equal
650	chr15	100390688	100391188	500	100390488	100391388	1	12	12	32	False	0	0.0	2	2	2	31	0.0	False	het	2	-	1445	-	+1445@100390938	0,1445	-1,1445	False	1.0	het	2	-	1445	-	+1445@100390938	0,1445	-1,1445	False	1.0	2	650.0,650.1	16,16	32	0,1443	0	2	0	2	kmeans	2	4	0	0	0	False	False	2	2	1	INS+1443:0/1:PASS:DV15/TC30:V5TP:T2TTP:hapGT0/1	1	0	1	0	0	+1445:0/1:TP	1	0	0	+1445:0/1:TP	equal	equal	equal
651	chr15	100466762	100467940	1178	100466562	100468140	1	15	7	13	True	305	0.227	2	2	2	13	0.0	False	het	2	-	8	-	-20@100466775,+62@100466841,-50@100467846	0,-8	29,-8	False	1.0	het	2	-	8	-	-20@100466775,+62@100466841,-50@100467846	0,-8	29,-8	False	1.0	2	651.0,651.1	6,7	13	40,4	0	2	0	2	kmeans	2	0	0	0	0	False	False	1	1	2	INS+44:0/1:PASS:DV6/TC12:V5TP:T2TTP:hapGT0/0;DEL-40:0/1:PASS:DV5/TC13:V5TP:T2TTP:hapGT0/0	2	0	2	0	0	+62:0/1:TP;-50:0/1:TP	2	0	0	+62:0/1:TP;-50:0/1:TP	equal	equal	equal
652	chr15	100511484	100512068	584	100511284	100512268	1	19	19	21	True	697	1.0	2	2	2	21	0.0	False	hom	1	-	439	-439@100511533	-439@100511533	-439,-439	-439,-439	False	1.0	hom	1	-	439	-439@100511533	-439@100511533	-439,-439	-439,-439	False	1.0	2	652.0,652.1	19,2	21	-438,-571	0	2	0	2	kmeans	2	0	0	0	0	False	False	1	1	1	DEL-34:0/0:LowQual:DV1/TC21:V5-:T2T-;DEL-438:0/1:PASS:DV21/TC22:V5TP:T2TTP:hapGT1/1;DEL-99:0/0:LowQual:DV0/TC20:V5-:T2T-	4	1	1	0	0	-439:1/1:TP	1	0	0	-439:1/1:TP	over	over	over
653	chr15	100535614	100536114	500	100535414	100536314	1	11	8	24	True	690	1.0	2	2	2	24	0.0	False	het	2	-	70	-70@100535697	-	-70,0	-70,0	False	1.0	het	2	-	70	-70@100535697	-	-70,0	-70,0	False	1.0	2	653.0,653.1	16,8	24	0,-69	0	2	0	2	kmeans	2	0	0	0	0	False	False	2	2	2	DEL-35:0/1:PASS:DV8/TC24:V5ref:T2Tref:hapGT0/0;DEL-34:0/1:PASS:DV8/TC24:V5ref:T2Tref:hapGT0/0	2	0	0	1	0	-70:1/0:FN	0	1	0	-70:1/0:FN	equal	equal	equal
654	chr15	100544165	100544665	500	100543965	100544865	1	33	25	25	True	167	0.334	2	2	2	25	0.0	False	cpx_het	2	size_diff	175	+140@100544429	+175@100544347	140,175	141,175	False	1.0	cpx_het	2	size_diff	175	+140@100544429	+175@100544347	140,175	141,175	False	1.0	2	654.0,654.1	16,9	25	175,140	0	2	0	2	kmeans	2	0	0	0	0	False	False	2	2	2	INS+175:0/1:PASS:DV16/TC25:V5TP:T2TTP:hapGT1/1;INS+140:0/1:PASS:DV9/TC25:V5TP:T2TTP:hapGT1/1	2	2	2	0	0	+175:0/1:TP;+140:1/0:TP	2	0	0	+175:0/1:TP;+140:1/0:TP	equal	equal	equal
655	chr15	100554181	100558644	4463	100553981	100558844	1	127	20	21	True	4410	0.975	2	2	2	21	0.0	False	cpx_het	2	opposite_sign	1397	-36@100554368,+1039@100554989,+36@100555486,+108@100556077,+107@100556391,-36@100556754,+71@100557412,+36@100558111,+36@100558183,+36@100558570	-36@100554368,+143@100554989,-36@100555593,+35@100555799,+108@100555970,+35@100556299,-36@100556754,-823@100557487,+36@100558570	1397,-574	1397,-575	False	1.0	cpx_het	2	opposite_sign	1397	-36@100554368,+1039@100554989,+36@100555486,+108@100556077,+107@100556391,-36@100556754,+71@100557412,+36@100558111,+36@100558183,+36@100558570	-36@100554368,+143@100554989,-36@100555593,+35@100555799,+108@100555970,+35@100556299,-36@100556754,-823@100557487,+36@100558570	1397,-574	1397,-574	False	1.0	2	655.0,655.1	8,13	21	1396,-572	0	2	0	2	other	0	4	0	0	0	False	False	2	2	13	DEL-106:0/1:PASS:DV17/TC18:V5ref:T2Tref:hapGT0/0;INS+177:0/1:PASS:DV7/TC18:V5ref:T2Tref:hapGT0/0;INS+824:0/1:PASS:DV7/TC18:V5ref:T2Tref:hapGT0/0;DEL-72:0/1:PASS:DV10/TC17:V5ref:T2Tref:hapGT0/0;INS+36:0/1:PASS:DV6/TC17:V5ref:T2Tref:hapGT0/0;INS+109:0/1:PASS:DV6/TC16:V5ref:T2Tref:hapGT0/0;INS+107:0/1:PASS:DV6/TC15:V5ref:T2Tref:hapGT0/0;DEL-71:0/1:PASS:DV9/TC15:V5ref:T2Tref:hapGT0/0;INS+71:0/1:PASS:DV6/TC15:V5ref:T2Tref:hapGT0/0;DEL-323:0/1:PASS:DV10/TC15:V5ref:T2Tref:hapGT0/0;INS+36:0/1:PASS:DV4/TC14:V5ref:T2Tref:hapGT0/0;INS+36:0/1:PASS:DV4/TC13:V5ref:T2Tref:hapGT0/0;INS+36:0/1:PASS:DV5/TC14:V5ref:T2Tref:hapGT0/0	14	0	1	9	6	+1039:1/0:TP;+143:0/1:FN;-107:0/1:FN;+107:0/1:FN;+107:0/1:FN;-249:0/1:FN;+108:1/0:FN;+107:1/0:FN;+71:1/0:FN;-395:0/1:FN	2	4	8	+1039:1/0:TP;+143:0/1:FN;+108:0/1:FN;+179:1/0:TP;+71:1/0:FN;-823:0/1:FN	equal	equal	equal
656	chr15	100657924	100658424	500	100657724	100658624	1	9	5	23	True	133	0.266	2	2	2	23	0.0	False	het	2	-	25	-	+25@100658147	0,25	0,30	False	1.0	het	2	-	25	-	+25@100658147	0,25	0,30	False	1.0	1	656.0	23	23	37	0	1	0	1	kmeans	1	5	0	0	0	False	False	0	0	1	INS+31:1/1:PASS:DV19/TC20:V5ref:T2Tref:hapGT0/1	1	1	0	0	0	-	0	0	0	-	under	under	under
657	chr15	100659986	100660486	500	100659786	100660969	1	5	5	20	True	722	0.578	2	2	2	20	0.0	False	cpx_het	2	size_diff	81	-27@100660214	-54@100660197,-27@100660214	-27,-81	-24,-80	False	1.0	cpx_het	2	size_diff	54	-27@100660214	-54@100660197	-27,-54	-24,-53	False	1.0	2	657.0,657.1	15,5	20	-27,-54	0	2	0	2	kmeans	2	2	0	0	0	False	False	1	2	1	DEL-54:0/0:PASS:DV4/TC19:V5ref:T2Tref:hapGT0/0	1	0	0	1	0	-54:0/1:FN	0	1	0	-54:0/1:FN	equal	equal	equal
658	chr15	100706280	100706780	500	100706080	100706980	1	12	9	16	True	468	0.92	2	2	2	16	0.0	False	het	2	-	130	+130@100706338	-	130,0	130,0	False	1.0	het	2	-	130	+130@100706338	-	130,0	130,0	False	1.0	2	658.0,658.1	9,7	16	130,0	0	2	0	2	kmeans	2	0	0	0	0	False	False	2	2	1	INS+130:0/1:PASS:DV9/TC16:V5TP:T2TTP:hapGT0/1	1	0	1	0	0	+130:1/0:TP	1	0	0	+130:1/0:TP	equal	equal	equal
659	chr15	100709947	100710568	621	100709747	100710768	1	42	20	23	True	647	1.0	2	2	2	23	0.0	False	cpx_het	2	size_diff	3072	+984@100710375	+3072@100710345	984,3072	984,3090	False	1.0	cpx_het	2	size_diff	3072	+984@100710375	+3072@100710345	984,3072	984,3090	False	1.0	2	659.0,659.1	11,12	23	3090,984	0	2	0	2	other	0	4	0	0	0	False	False	2	2	2	INS+960:0/1:PASS:DV12/TC22:V5TP:T2TTP:hapGT0/1;INS+3090:0/1:PASS:DV9/TC22:V5TP:T2TTP:hapGT0/1	2	0	2	0	0	+3072:0/1:TP;+984:1/0:TP	2	0	0	+3072:0/1:TP;+984:1/0:TP	equal	equal	equal
660	chr15	100719065	100720382	1317	100718865	100720582	1	24	15	19	True	1340	1.0	2	2	2	19	0.0	False	cpx_het	2	opposite_sign	1075	-1075@100719224	+129@100720016	-1075,129	-1075,129	False	1.0	cpx_het	2	opposite_sign	1075	-1075@100719224	+129@100720016	-1075,129	-1075,129	False	1.0	2	660.0,660.1	7,11	18	-1075,129	0	2	0	2	kmeans	2	4	0	0	0	False	False	2	2	2	DEL-1075:0/1:PASS:DV7/TC18:V5TP:T2TTP:hapGT0/1;INS+129:0/1:PASS:DV8/TC15:V5TP:T2TTP:hapGT0/1	2	0	2	0	0	-1075:1/0:TP;+129:0/1:TP	2	0	0	-1075:1/0:TP;+129:0/1:TP	equal	equal	equal
661	chr15	100774382	100775065	683	100774009	100775265	1	19	17	17	True	550	0.332	2	2	2	17	0.0	False	cpx_het	2	one_net_small	39	-40@100774453,+24@100774991	+39@100774991	-16,39	-16,39	False	1.0	cpx_het	2	one_net_small	39	-40@100774453,+24@100774991	+39@100774991	-16,39	-16,39	False	1.0	2	661.0,661.1	11,6	17	-16,41	0	2	0	2	kmeans	2	0	0	0	0	False	False	2	2	2	DEL-40:0/1:PASS:DV11/TC17:V5ref:T2Tref:hapGT0/0;INS+41:0/1:PASS:DV6/TC17:V5ref:T2Tref:hapGT0/1	2	0	0	0	0	-	0	0	0	-	equal	equal	equal
662	chr15	100781721	100782221	500	100781521	100783322	1	3	3	14	True	1352	0.602	2	2	2	14	0.0	False	hom	1	-	28	-28@100781920	-28@100781920	-28,-28	-28,-28	False	1.0	hom	1	-	28	-28@100781920	-28@100781920	-28,-28	-28,-28	False	1.0	1	662.0	14	14	-28	0	1	0	1	kmeans	1	1	0	0	0	False	False	1	1	0	-	0	0	0	0	0	-	0	0	0	-	equal	equal	equal
663	chr16	7008563	7009365	802	7008363	7009565	1	52	26	26	True	707	0.882	2	2	2	23	0.0	False	cpx_het	2	opposite_sign	159	+84@7009024	-63@7008659,-40@7008884,-56@7009078	84,-159	84,-171	False	1.0	cpx_het	2	opposite_sign	159	+84@7009024	-63@7008659,-40@7008884,-56@7009078	84,-159	84,-171	False	1.0	2	663.0,663.1	16,10	26	84,-150	0	2	0	2	kmeans	2	0	0	0	0	False	False	2	2	3	DEL-90:0/1:PASS:DV10/TC26:V5TP:T2TTP:hapGT0/0;DEL-41:0/1:PASS:DV10/TC26:V5TP:T2TTP:hapGT0/0;INS+84:0/1:PASS:DV16/TC26:V5TP:T2TTP:hapGT0/1	3	0	3	0	0	-63:0/1:TP;+84:1/0:TP;-56:0/1:TP	3	0	0	-63:0/1:TP;+84:1/0:TP;-56:0/1:TP	equal	equal	equal
664	chr16	7028903	7029403	500	7028534	7029603	1	21	12	32	True	734	0.83	2	2	2	32	0.0	False	het	2	-	34	-	-34@7029219	0,-34	0,-48	False	1.0	het	2	-	34	-	-34@7029219	0,-34	0,-46	False	1.0	1	664.0	32	32	-5	0	1	0	1	kmeans	1	2	0	0	0	False	False	1	1	0	-	0	0	0	0	0	-	0	0	0	-	under	under	under
665	chr16	7146769	7147269	500	7146569	7147469	1	14	14	21	True	346	0.558	2	2	2	21	0.0	False	hom	1	-	903	+903@7147041	+897@7147041	903,897	901,894	False	1.0	hom	1	-	903	+903@7147041	+897@7147041	903,897	901,894	False	1.0	2	665.0,665.1	18,3	21	903,5	0	1	0	2	kmeans	2	2	0	0	0	False	False	1	1	1	INS+903:1/1:PASS:DV16/TC19:V5TP:T2TTP:hapGT1/1	1	0	1	0	0	+903:1/1:TP	2	0	0	+897:0/1:TP;+903:1/0:TP	over	over	over
666	chr16	7186029	7186529	500	7185829	7186729	1	1	1	33	True	506	0.72	2	2	2	30	0.067	False	hom	1	-	26	-26@7186267	-26@7186267	-26,-26	-26,-26	False	1.0	hom	1	-	26	-26@7186267	-26@7186267	-26,-26	-26,-26	False	1.0	1	666.0	30	30	-26	0	1	0	1	kmeans	1	2	0	0	0	False	False	1	1	0	-	0	0	0	0	0	-	0	0	0	-	equal	equal	equal
667	chr16	7225655	7226155	500	7225455	7226355	1	5	5	33	False	0	0.0	2	2	2	32	0.0	False	het	2	-	28	+28@7225905	-	28,0	28,10	False	1.0	het	2	-	28	+28@7225905	-	28,0	28,10	False	1.0	1	667.0	33	33	28	0	1	0	1	kmeans	1	4	0	0	0	False	False	1	1	0	-	0	0	0	0	0	-	0	0	0	-	under	under	under
668	chr16	7229470	7230166	696	7229270	7230366	1	50	18	33	True	641	0.921	2	2	2	27	0.037	False	het	2	-	212	-	+124@7229866,+88@7230044	0,212	-16,212	False	1.0	het	2	-	212	-	+124@7229866,+88@7230044	0,212	-16,212	False	1.0	2	668.0,668.1	13,18	31	211,-15	0	2	0	2	kmeans	2	0	0	0	0	False	False	2	2	2	INS+124:0/1:PASS:DV13/TC29:V5TP:T2TTP:hapGT0/0;INS+87:0/1:PASS:DV13/TC28:V5TP:T2TTP:hapGT0/0	2	0	2	0	0	+124:0/1:TP;+88:0/1:TP	2	0	0	+124:0/1:TP;+88:0/1:TP	equal	equal	equal
669	chr16	7291984	7292484	500	7291784	7292684	1	6	6	16	True	701	1.0	2	2	2	16	0.0	False	het	2	-	37	-37@7292179	-	-37,0	-28,9	False	1.0	het	2	-	37	-37@7292179	-	-37,0	-28,9	False	1.0	2	669.0,669.1	8,8	16	-30,7	0	2	0	2	kmeans	2	0	0	0	0	False	False	2	2	1	DEL-37:0/1:PASS:DV6/TC14:V5ref:T2Tref:hapGT0/1	1	0	0	0	0	-	0	0	0	-	equal	equal	equal
670	chr16	7385905	7387226	1321	7385705	7387426	1	22	14	29	False	0	0.0	2	2	2	27	0.0	False	het	2	-	6055	+6055@7385955	-	6055,0	6055,-12	False	1.0	het	2	-	6055	+6055@7385955	-	6055,0	6055,-12	False	1.0	2	670.0,670.1	13,16	29	5997,6057	0	2	0	1	other	0	8	0	0	0	False	False	1	1	1	INS+6057:0/1:PASS:DV24/TC24:V5TP:T2TTP:hapGT0/1	2	0	1	0	0	+6055:1/0:TP	1	0	0	+6055:1/0:TP	equal	equal	equal
671	chr16	7504517	7505017	500	7504317	7505217	1	19	19	19	True	110	0.22	2	2	2	18	0.0	False	hom	1	-	70	-70@7504717	-70@7504717	-70,-70	-70,-70	False	1.0	hom	1	-	70	-70@7504717	-70@7504717	-70,-70	-70,-70	False	1.0	1	671.0	19	19	-69	0	1	0	1	kmeans	1	0	0	0	0	False	False	1	1	1	DEL-69:1/1:PASS:DV19/TC19:V5TP:T2TTP:hapGT1/1	1	0	1	0	0	-70:1/1:TP	1	0	0	-70:1/1:TP	equal	equal	equal
672	chr16	7546095	7546595	500	7545895	7546795	1	4	4	26	True	63	0.126	2	2	2	25	0.0	False	hom	1	-	25	-25@7546328	-25@7546328	-25,-25	-24,-24	False	1.0	hom	1	-	25	-25@7546328	-25@7546328	-25,-25	-24,-24	False	1.0	1	672.0	26	26	-25	0	1	0	1	kmeans	1	0	0	0	0	False	False	1	1	0	-	0	0	0	0	0	-	0	0	0	-	equal	equal	equal
673	chr16	7567113	7567755	642	7566913	7567972	1	13	8	28	True	842	1.0	2	2	2	27	0.0	False	hom	1	-	14	+34@7567255,-24@7567469,-24@7567595	+34@7567255,-24@7567469,-24@7567595	-14,-14	-18,-18	False	1.0	hom	1	-	14	+34@7567255,-24@7567469,-24@7567595	+34@7567255,-24@7567469,-24@7567595	-14,-14	-18,-18	False	1.0	1	673.0	28	28	-26	0	1	0	1	kmeans	1	0	0	0	0	False	False	0	0	0	-	0	0	0	0	0	-	0	0	0	-	equal	equal	equal
674	chr16	7682766	7683266	500	7682566	7683466	1	19	17	18	False	0	0.0	2	2	2	18	0.0	False	hom	1	-	124	+112@7683010	+124@7683010	112,124	112,124	False	1.0	hom	1	-	124	+112@7683010	+124@7683010	112,124	112,124	False	1.0	1	674.0	18	18	117	0	1	0	1	kmeans	1	0	0	0	0	False	False	1	1	1	INS+117:1/1:PASS:DV17/TC17:V5TP:T2TTP:hapGT1/1	1	0	1	0	0	+124:1/1:TP	2	0	0	+112:1/0:TP;+124:0/1:TP	equal	equal	equal
675	chr16	7874918	7875418	500	7874718	7875618	1	22	21	23	False	0	0.0	2	2	2	22	0.0	False	hom	1	-	313	+311@7875168	+313@7875168	311,313	311,315	False	1.0	hom	1	-	313	+311@7875168	+313@7875168	311,313	311,315	False	1.0	1	675.0	23	23	313	0	1	0	1	kmeans	1	2	0	0	0	False	False	1	1	1	INS+313:1/1:PASS:DV21/TC21:V5TP:T2TTP:hapGT1/1	1	0	1	0	0	+313:1/1:TP	2	0	0	+313:0/1:TP;+311:1/0:TP	equal	equal	equal
676	chr16	7898077	7898577	500	7897877	7898777	1	22	22	25	True	235	0.47	2	2	2	24	0.0	False	cpx_het	2	size_diff	646	+646@7898285	+37@7898307	646,37	648,37	False	1.0	cpx_het	2	size_diff	646	+646@7898285	+37@7898307	646,37	648,37	False	1.0	2	676.0,676.1	9,16	25	650,37	0	2	0	2	kmeans	2	1	0	0	0	False	False	2	2	2	INS+650:0/1:PASS:DV8/TC24:V5TP:T2TTP:hapGT0/1;INS+37:0/1:PASS:DV16/TC24:V5ref:T2Tref:hapGT0/1	2	0	1	0	0	+646:1/0:TP	1	0	0	+646:1/0:TP	equal	equal	equal
677	chr16	7932323	7932823	500	7932123	7933023	1	41	11	13	True	434	0.868	2	2	2	13	0.0	False	cpx_het	2	size_diff	88	+136@7932510,-48@7932655	+116@7932484,-48@7932655	88,68	72,72	False	1.0	cpx_het	2	size_diff	88	+136@7932510,-48@7932655	+116@7932484,-48@7932655	88,68	72,72	False	1.0	1	677.0	13	13	79	0	1	0	1	kmeans	1	1	0	0	0	False	False	1	1	1	INS+82:1/1:PASS:DV12/TC12:V5ref:T2Tref:hapGT1/1	1	0	0	0	0	-	0	0	0	-	under	under	under
678	chr16	8016525	8017025	500	8016325	8017225	1	9	9	17	False	0	0.0	2	2	2	17	0.0	False	het	2	-	326	-326@8016619	-	-326,0	-326,0	False	1.0	het	2	-	326	-326@8016619	-	-326,0	-326,0	False	1.0	2	678.0,678.1	7,10	17	0,-326	0	2	0	2	kmeans	2	3	0	0	0	False	False	2	2	1	DEL-326:0/1:PASS:DV9/TC17:V5TP:T2TTP:hapGT0/1	1	0	1	0	0	-326:1/0:TP	1	0	0	-326:1/0:TP	equal	equal	equal
679	chr16	8157069	8157569	500	8156869	8157769	1	7	7	19	True	177	0.354	2	2	2	19	0.0	False	het	2	-	38	-38@8157308	-	-38,0	-35,6	False	1.0	het	2	-	38	-38@8157308	-	-38,0	-35,6	False	1.0	2	679.0,679.1	8,11	19	-34,8	0	2	0	2	kmeans	2	2	0	0	0	False	False	2	2	1	DEL-34:0/1:PASS:DV7/TC17:V5ref:T2Tref:hapGT0/1	1	0	0	0	0	-	0	0	0	-	equal	equal	equal
680	chr16	8367927	8368427	500	8367727	8368627	1	4	4	15	False	0	0.0	2	2	2	15	0.0	False	het	2	-	312	+312@8368177	-	312,0	312,0	False	1.0	het	2	-	312	+312@8368177	-	312,0	312,0	False	1.0	2	680.0,680.1	10,5	15	0,312	0	2	0	2	kmeans	2	1	0	0	0	False	False	2	2	1	INS+312:0/1:PASS:DV4/TC14:V5TP:T2TTP:hapGT0/1	1	0	1	0	0	+312:1/0:TP	1	0	0	+312:1/0:TP	equal	equal	equal
681	chr16	8485034	8485891	857	8484834	8486091	1	31	21	24	False	0	0.0	2	2	2	24	0.0	False	hom	1	-	323	+316@8485491	+323@8485491	316,323	324,331	False	1.0	hom	1	-	323	+316@8485491	+323@8485491	316,323	324,331	False	1.0	1	681.0	24	24	316	0	1	0	1	kmeans	1	3	0	0	0	False	False	1	1	1	INS+309:1/1:PASS:DV22/TC23:V5TP:T2TTP:hapGT1/1	1	0	1	0	0	+323:1/1:TP	2	0	0	+316:1/0:TP;+323:0/1:TP	equal	equal	equal
682	chr16	8562466	8564951	2485	8561531	8565431	1	55	25	29	True	3800	1.0	2	2	2	29	0.0	False	cpx_het	2	opposite_sign	1644	+32@8562516,+1672@8564237,-60@8564841	-36@8564235	1644,-36	1636,-4	False	1.0	cpx_het	2	opposite_sign	1644	+32@8562516,+1672@8564237,-60@8564841	-36@8564235	1644,-36	1636,-4	False	1.0	1	682.0	29	29	-12	0	1	0	1	kmeans	2	3	1	0	0	False	False	0	0	1	DEL-36:1/1:PASS:DV24/TC24:V5ref:T2Tref:hapGT0/1	1	1	0	2	0	+1672:1/0:FN;-60:1/0:FN	0	2	0	+1672:1/0:FN;-60:1/0:FN	under	under	under
683	chr16	8621187	8621687	500	8620987	8621887	1	26	13	15	False	0	0.0	2	2	2	15	0.0	False	hom	1	-	22	+22@8621531	+22@8621531	22,22	26,26	False	1.0	hom	1	-	22	+22@8621531	+22@8621531	22,22	26,26	False	1.0	1	683.0	15	15	30	0	1	0	1	kmeans	1	0	0	0	0	False	False	1	1	0	-	0	0	0	0	0	-	0	0	0	-	equal	equal	equal
684	chr16	8640713	8641385	672	8640440	8641585	1	40	16	17	True	557	0.497	2	2	2	17	0.0	False	hom	1	-	280	+280@8640836	+280@8640836	280,280	299,287	False	1.0	hom	1	-	280	+280@8640836	+280@8640836	280,280	299,287	False	1.0	1	684.0	17	17	292	0	1	0	1	kmeans	2	1	1	0	0	False	False	1	1	1	INS+292:1/1:PASS:DV16/TC17:V5TP:T2TTP:hapGT1/1	1	0	1	0	0	+280:1/1:TP	1	0	0	+280:1/1:TP	equal	equal	equal
685	chr16	8645755	8646255	500	8645555	8646455	1	20	20	20	False	0	0.0	2	2	2	20	0.0	False	hom	1	-	80	+80@8645986	+80@8645986	80,80	79,79	False	1.0	hom	1	-	80	+80@8645986	+80@8645986	80,80	79,79	False	1.0	1	685.0	20	20	80	0	1	0	1	kmeans	1	0	0	0	0	False	False	1	1	1	INS+80:1/1:PASS:DV20/TC20:V5TP:T2TTP:hapGT1/1	1	0	1	0	0	+80:1/1:TP	1	0	0	+80:1/1:TP	equal	equal	equal
686	chr16	8660600	8661100	500	8660400	8661300	1	23	23	24	True	127	0.254	2	2	2	24	0.0	False	cpx_het	2	size_diff	126	-60@8660817	-66@8660811,-60@8660817	-60,-126	-62,-128	False	1.0	hom	1	-	66	-60@8660817	-66@8660811	-60,-66	-62,-68	False	1.0	1	686.0	24	24	-66	0	1	0	1	kmeans	1	1	0	0	0	False	False	1	1	1	DEL-66:1/1:PASS:DV23/TC24:V5TP:T2TTP:hapGT0/1	1	1	1	0	0	-66:1/1:TP	2	0	0	-66:0/1:TP;-60:1/0:TP	under	equal	under
687	chr16	8710478	8710978	500	8710278	8711178	1	5	5	28	False	0	0.0	2	2	2	26	0.0	False	cpx_het	2	near_hom_le10bp	31	+26@8710727	+31@8710727	26,31	26,31	False	1.0	cpx_het	2	near_hom_le10bp	31	+26@8710727	+31@8710727	26,31	26,31	False	1.0	1	687.0	28	28	26	0	1	0	1	kmeans	1	1	0	0	0	False	False	1	1	0	-	0	0	0	0	0	-	0	0	0	-	under	under	under
688	chr16	8737733	8738233	500	8737533	8738433	1	12	12	22	True	112	0.224	2	2	2	19	0.0	False	het	2	-	58	-	+58@8737985	0,58	6,59	False	1.0	het	2	-	58	-	+58@8737985	0,58	6,59	False	1.0	2	688.0,688.1	12,10	22	57,0	0	2	0	2	kmeans	2	0	0	0	0	False	False	2	2	1	INS+57:0/1:PASS:DV12/TC22:V5TP:T2TTP:hapGT0/1	1	0	1	0	0	+58:0/1:TP	1	0	0	+58:0/1:TP	equal	equal	equal
689	chr16	8754426	8754926	500	8754226	8755126	1	4	4	24	True	64	0.128	2	2	2	23	0.043	False	cpx_het	2	near_hom_le10bp	28	-24@8754662	-28@8754662	-24,-28	-24,-28	False	1.0	cpx_het	2	near_hom_le10bp	28	-24@8754662	-28@8754662	-24,-28	-24,-28	False	1.0	1	689.0	24	24	-24	0	1	0	1	kmeans	1	1	0	0	0	False	False	1	1	0	-	0	0	0	0	0	-	0	0	0	-	under	under	under
690	chr16	8772016	8772516	500	8771412	8772716	1	8	8	22	True	842	0.576	2	2	2	22	0.0	False	het	2	-	30	-30@8772252	-	-30,0	-31,-11	False	1.0	het	2	-	30	-30@8772252	-	-30,0	-31,-11	False	1.0	2	690.0,690.1	8,14	22	-39,-10	0	2	0	2	kmeans	2	0	0	0	0	False	False	2	2	1	DEL-30:0/1:PASS:DV8/TC22:V5ref:T2Tref:hapGT0/1	1	0	0	0	0	-	0	0	0	-	equal	equal	equal
691	chr16	8922954	8923454	500	8922754	8923654	1	12	12	15	False	0	0.0	2	2	2	14	0.0	False	hom	1	-	35	+35@8923204	+35@8923204	35,35	35,35	False	1.0	hom	1	-	35	+35@8923204	+35@8923204	35,35	35,35	False	1.0	1	691.0	15	15	35	0	1	0	1	kmeans	1	0	0	0	0	False	False	1	1	1	INS+35:1/1:PASS:DV14/TC14:V5ref:T2Tref:hapGT1/1	1	0	0	0	0	-	0	0	0	-	equal	equal	equal
692	chr16	8951016	8951516	500	8950816	8951716	1	25	25	27	False	0	0.0	2	2	2	25	0.0	False	hom	1	-	96	+96@8951266	+96@8951266	96,96	96,96	False	1.0	hom	1	-	96	+96@8951266	+96@8951266	96,96	96,96	False	1.0	1	692.0	27	27	96	0	1	0	1	kmeans	1	2	0	0	0	False	False	1	1	1	INS+96:1/1:PASS:DV25/TC25:V5TP:T2TTP:hapGT1/1	1	0	1	0	0	+96:1/1:TP	1	0	0	+96:1/1:TP	equal	equal	equal
693	chr16	8953553	8954269	716	8953353	8954469	1	49	23	26	True	772	0.994	2	2	2	24	0.0	False	cpx_het	2	size_diff	312	-117@8953704,-78@8953938,-39@8953977	-156@8953638,-117@8953704,-39@8953977	-234,-312	-234,-312	False	1.0	hom	1	-	195	-117@8953704,-78@8953938	-156@8953638,-39@8953977	-195,-195	-195,-195	False	1.0	1	693.0	26	26	-195	0	1	0	1	kmeans	1	2	0	0	0	False	False	1	1	2	DEL-117:1/1:PASS:DV24/TC24:V5TP:T2TTP:hapGT0/0;DEL-78:1/1:PASS:DV23/TC23:V5TP:T2TTP:hapGT0/0	2	0	3	0	0	-156:0/1:TP;-117:1/0:TP;-78:1/0:TP	3	0	0	-156:0/1:TP;-117:1/0:TP;-78:1/0:TP	under	equal	under
694	chr16	9140355	9140855	500	9140155	9141055	1	14	14	23	False	0	0.0	2	2	2	19	0.0	False	het	2	-	538	-	+538@9140605	0,538	0,537	False	1.0	het	2	-	538	-	+538@9140605	0,538	0,537	False	1.0	2	694.0,694.1	15,8	23	538,0	0	2	0	2	kmeans	2	1	0	0	0	False	False	2	2	1	INS+538:0/1:PASS:DV14/TC23:V5TP:T2TTP:hapGT0/1	1	0	1	0	0	+538:0/1:TP	1	0	0	+538:0/1:TP	equal	equal	equal
695	chr16	9145764	9146264	500	9145564	9146464	1	3	3	30	True	110	0.22	2	2	2	24	0.0	False	ref	1	-	0	-	-	0,0	-2,12	False	0.831	ref	1	-	0	-	-	0,0	-2,12	False	0.831	1	695.0	30	30	6	0	1	0	1	kmeans	1	1	0	0	0	False	False	1	1	0	-	0	0	0	0	0	-	0	0	0	-	equal	equal	equal
696	chr16	9153114	9153614	500	9152914	9153942	1	18	16	29	True	838	1.0	2	2	2	24	0.0	False	ref	1	-	0	-	-	0,0	-3,-73	False	1.0	ref	1	-	0	-	-	0,0	-3,-73	False	1.0	1	696.0	29	29	0	0	1	0	1	kmeans	1	3	0	0	0	False	False	1	1	0	-	0	0	0	0	0	-	0	0	0	-	equal	equal	equal
697	chr16	9284592	9285092	500	9284392	9285292	1	65	22	23	True	411	0.822	2	2	2	23	0.0	False	hom	1	-	99	+32@9284728,+67@9284983	+24@9284764,+67@9284983	99,91	118,106	False	1.0	hom	1	-	99	+32@9284728,+67@9284983	+24@9284764,+67@9284983	99,91	118,106	False	1.0	1	697.0	23	23	116	0	1	0	1	kmeans	1	2	0	0	0	False	False	1	1	2	INS+44:1/1:PASS:DV22/TC22:V5ref:T2Tref:hapGT0/0;INS+72:1/1:PASS:DV22/TC22:V5TP:T2TTP:hapGT1/1	2	0	1	0	0	+67:1/1:TP	1	0	0	+67:1/1:TP	equal	equal	equal
698	chr16	9312901	9313401	500	9312566	9314548	1	24	22	27	True	1882	1.0	2	2	2	27	0.037	False	hom	1	-	40	+20@9313043,-80@9313106,+20@9313307	+20@9313043,-80@9313106,+20@9313307	-40,-40	-40,-40	False	1.0	hom	1	-	40	+20@9313043,-80@9313106,+20@9313307	+20@9313043,-80@9313106,+20@9313307	-40,-40	-40,-40	False	1.0	0	-	-	0	-	0	0	0	0	kmeans+other	1	1	5	2	0	True	False	0	0	0	-	0	0	0	1	0	-80:1/1:FN	0	1	0	-80:1/1:FN	under	under	under
699	chr16	9393930	9394995	1065	9393730	9395195	1	40	8	36	True	944	0.886	2	2	2	28	0.0	False	ref	1	-	0	-	-	0,0	8,8	False	1.0	ref	1	-	0	-	-	0,0	8,8	False	1.0	2	699.0,699.1	30,6	36	8,NA	1	1	0	1	kmeans	2	2	0	0	0	False	False	1	1	0	-	0	0	0	0	0	-	0	0	0	-	over	over	over
700	chr16	9478193	9478693	500	9477993	9478893	1	7	6	21	True	113	0.226	2	2	2	21	0.0	False	het	2	-	32	-	+32@9478394	0,32	1,32	False	1.0	het	2	-	32	-	+32@9478394	0,32	1,32	False	1.0	1	700.0	21	21	32	0	1	0	1	kmeans	1	2	0	0	0	False	False	0	0	1	INS+32:1/1:PASS:DV18/TC19:V5ref:T2Tref:hapGT0/1	1	1	0	0	0	-	0	0	0	-	under	under	under
701	chr16	9573542	9574042	500	9573342	9574242	1	8	8	17	True	478	0.672	2	2	2	17	0.0	False	het	2	-	74	-	+74@9573733	0,74	-11,72	False	1.0	het	2	-	74	-	+74@9573733	0,74	-11,72	False	1.0	2	701.0,701.1	8,9	17	74,-10	0	2	0	2	kmeans	2	0	0	0	0	False	False	2	2	1	INS+74:0/1:PASS:DV8/TC17:V5TP:T2TTP:hapGT0/1	1	0	1	0	0	+74:0/1:TP	1	0	0	+74:0/1:TP	equal	equal	equal
702	chr16	9676797	9677297	500	9676597	9677497	1	19	9	22	True	61	0.122	2	2	2	22	0.045	False	het	2	-	31	-31@9677004	-	-31,0	-41,0	False	1.0	het	2	-	31	-31@9677004	-	-31,0	-41,0	False	1.0	2	702.0,702.1	13,8	21	0,-41	0	2	0	2	kmeans	2	2	0	0	0	False	False	2	2	1	DEL-31:0/1:PASS:DV7/TC21:V5ref:T2Tref:hapGT0/1	1	0	0	0	0	-	0	0	0	-	equal	equal	equal
703	chr16	9773755	9774255	500	9773555	9774455	1	4	4	18	True	145	0.29	2	2	2	18	0.0	False	het	2	-	71	-	-71@9773940	0,-71	0,-71	False	1.0	het	2	-	71	-	-71@9773940	0,-71	0,-71	False	1.0	2	703.0,703.1	8,10	18	-71,0	0	2	0	2	kmeans	2	2	0	0	0	False	False	2	2	1	DEL-71:0/1:PASS:DV4/TC13:V5TP:T2TTP:hapGT0/1	1	0	1	0	0	-71:0/1:TP	1	0	0	-71:0/1:TP	equal	equal	equal
704	chr16	9848699	9849225	526	9847528	9849425	1	15	12	13	True	1726	1.0	2	2	2	13	0.0	False	hom	1	-	93	+93@9848749	+93@9848749	93,93	93,93	False	1.0	hom	1	-	93	+93@9848749	+93@9848749	93,93	93,93	False	1.0	1	704.0	13	13	93	0	1	0	1	kmeans	1	1	0	0	0	False	False	1	1	1	INS+93:1/1:PASS:DV13/TC13:V5TP:T2TTP:hapGT1/1	1	0	1	0	0	+93:1/1:TP	1	0	0	+93:1/1:TP	equal	equal	equal
705	chr16	9967995	9968495	500	9967795	9968946	1	4	2	22	True	687	0.572	2	2	2	22	0.0	False	het	2	-	20	-	-20@9968262	0,-20	0,-20	False	1.0	het	2	-	20	-	-20@9968262	0,-20	0,-20	False	1.0	1	705.0	22	22	-20	0	1	0	1	kmeans	1	2	0	0	0	False	False	0	0	0	-	0	0	0	0	0	-	0	0	0	-	under	under	under
706	chr16	10039757	10040284	527	10039557	10040805	1	27	21	24	True	982	0.97	2	2	2	24	0.0	False	hom	1	-	758	+758@10040002	+758@10040002	758,758	765,756	False	1.0	hom	1	-	758	+758@10040002	+758@10040002	758,758	765,756	False	1.0	1	706.0	24	24	763	0	1	0	1	kmeans	1	3	0	0	0	False	False	1	1	1	INS+758:1/1:PASS:DV23/TC23:V5TP:T2TTP:hapGT1/1	1	0	1	0	0	+758:1/1:TP	2	0	0	+758:1/0:TP;+758:0/1:TP	equal	equal	equal
707	chr16	10203523	10204023	500	10203323	10204501	1	15	15	21	True	775	0.694	2	2	2	18	0.167	False	cpx_het	2	size_diff	56	-40@10203676	-56@10203676	-40,-56	-45,-61	False	1.0	cpx_het	2	size_diff	56	-40@10203676	-56@10203676	-40,-56	-45,-61	False	1.0	1	707.1	21	21	-50	0	0	0	1	kmeans	2	1	1	0	0	False	False	1	1	1	DEL-50:1/1:PASS:DV16/TC17:V5TP:T2TTP:hapGT1/1	1	0	1	0	0	-56:0/1:TP	1	0	0	-56:0/1:TP	under	under	under
708	chr16	10320286	10321758	1472	10320086	10321958	1	73	10	14	True	995	0.676	2	2	2	13	0.0	False	cpx_het	2	size_diff	866	+56@10320582,-53@10320803,+445@10321001,+139@10321230,+238@10321280,-96@10321327,-31@10321369,+20@10321516	+114@10320540,-107@10320803,+72@10321109,+818@10321284,-31@10321369	718,866	732,905	False	1.0	cpx_het	2	size_diff	866	+56@10320582,-53@10320803,+445@10321001,+139@10321230,+238@10321280,-96@10321327,+20@10321516	+114@10320540,-107@10320803,+72@10321109,+818@10321284,-31@10321369	749,866	763,905	False	1.0	1	708.0	14	14	722	0	1	0	1	other	0	5	1	0	0	False	False	1	1	3	INS+245:1/1:PASS:DV9/TC10:V5ref:T2Tref:hapGT0/0;INS+124:1/1:PASS:DV9/TC10:V5ref:T2Tref:hapGT0/0;INS+246:1/1:PASS:DV10/TC11:V5ref:T2Tref:hapGT0/0	3	0	4	2	0	+114:0/1:FN;+56:1/0:FN;+244:1/0:TP;+260:0/1:TP;+134:1/0:TP;+158:0/1:TP	4	2	0	+114:0/1:FN;+56:1/0:FN;+244:1/0:TP;+260:0/1:TP;+134:1/0:TP;+158:0/1:TP	under	under	under
709	chr16	10498752	10499968	1216	10498328	10500548	1	33	15	16	True	2120	1.0	2	2	2	12	0.0	False	cpx_het	2	size_diff	230	-128@10498918,-39@10499008,-63@10499339	-39@10499008	-230,-39	-245,-50	False	1.0	cpx_het	2	size_diff	191	-128@10498918,-63@10499339	-39@10499008	-191,-39	-206,-50	False	1.0	2	709.0,709.1	8,8	16	-219,-50	0	1	0	2	other	0	1	0	0	0	False	False	2	2	3	DEL-97:0/1:PASS:DV8/TC16:V5TP:T2TTP:hapGT0/0;DEL-39:0/1:PASS:DV8/TC16:V5ref:T2Tref:hapGT0/1;DEL-63:0/1:PASS:DV8/TC16:V5TP:T2TTP:hapGT0/0	3	0	2	0	0	-128:1/0:TP;-63:1/0:TP	2	0	0	-128:1/0:TP;-63:1/0:TP	equal	equal	equal
710	chr16	10518897	10519842	945	10518697	10520393	1	35	22	29	True	1535	1.0	2	2	2	19	0.0	False	hom	1	-	136	+136@10519358	+132@10519577	136,132	137,120	False	1.0	hom	1	-	136	+136@10519358	+132@10519577	136,132	137,120	False	1.0	2	710.0,710.1	19,7	26	138,-298	0	1	0	2	kmeans	2	1	0	0	0	False	False	1	1	1	INS+146:0/1:PASS:DV18/TC24:V5TP:T2Tref:hapGT1/1;DEL-276:0/0:LowQual:DV2/TC23:V5-:T2T-	2	1	1	0	0	+136:1/1:TP	0	0	0	-	over	over	over
711	chr16	10652503	10653003	500	10652303	10653203	1	11	6	14	True	624	0.95	2	2	2	12	0.0	False	het	2	-	46	-	-20@10652682,+66@10652868	0,46	0,38	False	1.0	het	2	-	46	-	-20@10652682,+66@10652868	0,46	0,38	False	1.0	2	711.0,711.1	8,4	12	0,48	0	2	0	2	kmeans	2	3	0	0	0	False	False	2	2	1	INS+68:0/1:PASS:DV4/TC14:V5TP:T2TTP:hapGT0/0	1	0	1	0	0	+66:0/1:TP	1	0	0	+66:0/1:TP	equal	equal	equal
712	chr16	10683077	10683577	500	10682877	10683777	1	10	10	20	False	0	0.0	2	2	2	20	0.0	False	het	2	-	51	-	+51@10683320	0,51	0,54	False	1.0	het	2	-	51	-	+51@10683320	0,51	0,54	False	1.0	2	712.0,712.1	11,9	20	0,51	0	2	0	2	kmeans	2	2	0	0	0	False	False	2	2	1	INS+51:0/1:PASS:DV9/TC19:V5TP:T2TTP:hapGT0/1	1	0	1	0	0	+51:0/1:TP	1	0	0	+51:0/1:TP	equal	equal	equal
713	chr16	10713694	10714348	654	10697109	10718234	1	27	26	27	True	21025	1.0	2	2	2	27	0.0	False	hom	1	-	43	+40@10714242	-23@10702986,+26@10707393,+40@10714242	40,43	20,26	False	1.0	hom	1	-	43	+40@10714242	-23@10702986,+26@10707393,+40@10714242	40,43	20,26	False	1.0	1	713.0	27	27	2	0	1	0	1	kmeans	1	0	0	0	0	False	False	0	0	1	INS+40:1/1:PASS:DV27/TC27:V5ref:T2Tref:hapGT1/1	1	0	0	0	0	-	0	0	0	-	equal	equal	equal
714	chr16	10764567	10765067	500	10763729	10765399	1	11	11	20	True	1570	1.0	2	2	2	20	0.0	False	het	2	-	106	-106@10764742	-	-106,0	-105,0	False	1.0	het	2	-	106	-106@10764742	-	-106,0	-105,0	False	1.0	2	714.0,714.1	12,8	20	-111,0	0	2	0	2	kmeans	2	0	0	0	0	False	False	2	2	1	DEL-106:0/1:PASS:DV11/TC19:V5TP:T2TTP:hapGT0/1	1	0	1	0	0	-106:1/0:TP	1	0	0	-106:1/0:TP	equal	equal	equal
715	chr16	10786469	10786969	500	10786269	10787169	1	17	17	18	True	63	0.126	2	2	2	18	0.0	False	hom	1	-	31	-31@10786703	-31@10786703	-31,-31	-31,-31	False	1.0	hom	1	-	31	-31@10786703	-31@10786703	-31,-31	-31,-31	False	1.0	1	715.0	18	18	-31	0	1	0	1	kmeans	1	1	0	0	0	False	False	1	1	1	DEL-31:1/1:PASS:DV18/TC18:V5ref:T2Tref:hapGT1/1	1	0	0	0	0	-	0	0	0	-	equal	equal	equal
716	chr16	10859255	10859755	500	10859032	10859955	1	21	7	21	True	603	0.86	2	2	2	20	0.0	False	het	2	-	69	+69@10859404	-	69,0	69,18	False	1.0	het	2	-	69	+69@10859404	-	69,0	69,18	False	1.0	2	716.0,716.1	8,13	21	66,18	0	2	0	2	kmeans	2	1	0	0	0	False	False	2	2	1	INS+42:0/1:PASS:DV7/TC19:V5ref:T2Tref:hapGT0/0	1	0	0	1	0	+69:1/0:FN	0	1	0	+69:1/0:FN	equal	equal	equal
717	chr16	10883878	10884378	500	10883678	10884578	1	6	6	18	False	0	0.0	2	2	2	16	0.0	False	het	2	-	1005	+1005@10884128	-	1005,0	1005,0	False	1.0	het	2	-	1005	+1005@10884128	-	1005,0	1005,0	False	1.0	2	717.0,717.1	12,6	18	0,1006	0	2	0	2	kmeans	2	1	0	0	0	False	False	2	2	1	INS+1006:0/1:PASS:DV6/TC17:V5TP:T2TTP:hapGT0/1	1	0	1	0	0	+1005:1/0:TP	1	0	0	+1005:1/0:TP	equal	equal	equal
718	chr16	10992292	10992792	500	10992092	10992992	1	16	16	20	False	0	0.0	2	2	2	20	0.0	False	hom	1	-	315	+315@10992535	+315@10992535	315,315	315,315	False	1.0	hom	1	-	315	+315@10992535	+315@10992535	315,315	315,315	False	1.0	1	718.0	20	20	315	0	1	0	1	kmeans	1	3	0	0	0	False	False	1	1	1	INS+315:1/1:PASS:DV17/TC18:V5TP:T2TTP:hapGT1/1	1	0	1	0	0	+315:1/1:TP	1	0	0	+315:1/1:TP	equal	equal	equal
719	chr16	11294987	11295487	500	11294787	11295687	1	14	14	25	False	0	0.0	2	2	2	25	0.0	False	cpx_het	2	opposite_sign	101	+21@11295593	+26@11295162,-127@11295166	21,-101	21,-101	False	1.0	cpx_het	2	opposite_sign	101	+21@11295593	+26@11295162,-127@11295166	21,-101	21,-101	False	1.0	2	719.0,719.1	16,9	25	-97,21	0	2	0	2	kmeans	2	1	0	0	0	False	False	2	2	1	DEL-84:0/1:PASS:DV14/TC23:V5ref:T2Tref:hapGT0/1	1	0	0	1	1	-127:0/1:FN	0	1	1	-127:0/1:FN	equal	equal	equal
720	chr16	11311423	11311923	500	11311223	11312123	1	26	13	24	True	134	0.268	2	2	2	24	0.0	False	cpx_het	2	near_hom_le10bp	26	+22@11311718	+26@11311718	22,26	33,44	False	1.0	cpx_het	2	near_hom_le10bp	26	+22@11311718	+26@11311718	22,26	33,44	False	1.0	2	720.0,720.1	15,9	24	35,41	0	2	1	2	kmeans	2	1	0	0	0	False	False	1	1	0	-	0	0	0	0	0	-	0	0	0	-	equal	equal	equal
721	chr16	11335705	11336205	500	11335505	11336405	1	38	25	25	True	663	1.0	2	2	2	25	0.0	False	cpx_het	2	size_diff	295	+78@11335877,+119@11335995	+295@11336026	197,295	197,295	False	1.0	cpx_het	2	size_diff	295	+78@11335877,+119@11335995	+295@11336026	197,295	197,295	False	1.0	2	721.0,721.1	12,13	25	296,197	0	2	0	2	kmeans	2	0	0	0	0	False	False	2	2	3	INS+78:0/1:PASS:DV13/TC25:V5TP:T2TTP:hapGT0/0;INS+119:0/1:PASS:DV13/TC25:V5TP:T2TTP:hapGT0/0;INS+296:0/1:PASS:DV12/TC25:V5TP:T2TTP:hapGT0/1	3	0	3	0	0	+78:1/0:TP;+119:1/0:TP;+295:0/1:TP	3	0	0	+78:1/0:TP;+119:1/0:TP;+295:0/1:TP	equal	equal	equal
722	chr16	11493776	11494276	500	11493576	11494476	1	19	18	18	True	570	0.904	2	2	2	17	0.0	False	hom	1	-	99	-99@11493885	-99@11493885	-99,-99	-99,-99	False	1.0	hom	1	-	99	-99@11493885	-99@11493885	-99,-99	-99,-99	False	1.0	1	722.0	18	18	-100	0	1	0	1	kmeans	1	0	0	0	0	False	False	1	1	1	DEL-100:1/1:PASS:DV18/TC18:V5TP:T2TTP:hapGT1/1	1	0	1	0	0	-99:1/1:TP	1	0	0	-99:1/1:TP	equal	equal	equal
723	chr16	11498910	11499410	500	11498710	11499610	1	12	11	18	True	312	0.624	2	2	2	17	0.0	False	het	2	-	45	-45@11499128	-	-45,0	-44,1	False	1.0	het	2	-	45	-45@11499128	-	-45,0	-44,1	False	1.0	2	723.0,723.1	7,11	18	0,-45	0	2	0	2	kmeans	2	0	0	0	0	False	False	2	2	1	DEL-45:0/1:PASS:DV11/TC17:V5ref:T2Tref:hapGT0/1	1	0	0	0	0	-	0	0	0	-	equal	equal	equal
724	chr16	11515623	11516123	500	11515036	11516323	1	8	8	17	True	836	0.598	2	2	2	17	0.0	False	het	2	-	20	-20@11515874	-	-20,0	-16,0	False	1.0	het	2	-	20	-20@11515874	-	-20,0	-16,0	False	1.0	2	724.0,724.1	8,9	17	-16,0	0	2	0	1	kmeans	2	0	0	0	0	False	False	2	2	1	DEL-35:0/1:PASS:DV8/TC17:V5ref:T2Tref:hapGT0/0	1	0	0	0	0	-	0	0	0	-	equal	equal	equal
725	chr16	11579241	11579741	500	11578895	11579941	1	6	6	17	True	585	0.578	2	2	2	17	0.0	False	het	2	-	30	-30@11579459	-	-30,0	-30,-10	False	1.0	het	2	-	30	-30@11579459	-	-30,0	-30,-10	False	1.0	1	725.0	17	17	-10	0	1	0	1	kmeans	1	0	0	0	0	False	False	0	0	0	-	0	0	0	0	0	-	0	0	0	-	under	under	under
726	chr16	11637765	11638265	500	11637565	11638465	1	8	8	26	True	247	0.494	2	2	2	26	0.0	False	het	2	-	38	-	-38@11637938	0,-38	0,-35	False	1.0	het	2	-	38	-	-38@11637938	0,-38	0,-35	False	1.0	2	726.0,726.1	18,8	26	0,-32	0	2	0	2	kmeans	2	0	0	0	0	False	False	2	2	1	DEL-32:0/1:PASS:DV7/TC23:V5ref:T2Tref:hapGT0/1	1	0	0	0	0	-	0	0	0	-	equal	equal	equal
727	chr16	11648160	11648661	501	11647868	11648979	1	5	3	28	True	1011	1.0	2	2	2	28	0.0	False	het	2	-	20	-20@11648210	-	-20,0	-30,-16	False	1.0	het	2	-	20	-20@11648210	-	-20,0	-22,-14	False	1.0	1	727.0	28	28	-20	0	1	0	1	kmeans	1	1	0	0	0	False	False	1	1	0	-	0	0	0	0	0	-	0	0	0	-	under	under	under
728	chr17	5055842	5058493	2651	5055642	5058780	1	15	11	14	True	1676	0.543	2	2	2	14	0.0	False	cpx_het	2	size_diff	2602	+2284@5055892,+318@5058441	+2284@5055891	2602,2284	2602,2291	False	1.0	cpx_het	2	size_diff	2602	+2284@5055892,+318@5058441	+2284@5055891	2602,2284	2602,2291	False	1.0	2	728.0,728.1	11,3	14	2602,2628	0	2	0	1	other	0	2	0	0	0	False	False	2	2	2	INS+2281:0/1:PASS:DV13/TC13:V5TP:T2Tref:hapGT1/1;INS+321:0/1:PASS:DV12/TC12:V5TP:T2TTP:hapGT0/0	4	1	2	0	0	+2284:1/1:TP;+318:1/0:TP	2	1	0	+2283:1/0:FN;+2278:0/1:TP;+318:1/0:TP	equal	equal	equal
729	chr17	5068843	5069343	500	5068643	5069543	1	19	14	14	False	0	0.0	2	2	2	13	0.0	False	hom	1	-	325	+320@5069187	+325@5069186	320,325	324,333	False	1.0	hom	1	-	325	+320@5069187	+325@5069186	320,325	324,333	False	1.0	1	729.0	14	14	332	0	1	0	1	kmeans	1	0	0	0	0	False	False	1	1	1	INS+324:1/1:PASS:DV14/TC14:V5TP:T2TTP:hapGT1/1	1	0	1	0	0	+325:1/1:TP	2	0	0	+325:0/1:TP;+320:1/0:TP	equal	equal	equal
730	chr17	5206012	5206512	500	5205812	5206712	1	7	7	23	True	704	1.0	2	2	2	23	0.0	False	het	2	-	195	-	-195@5206163	0,-195	0,-195	False	1.0	het	2	-	195	-	-195@5206163	0,-195	0,-195	False	1.0	2	730.0,730.1	14,9	23	0,-195	0	2	0	2	kmeans	2	2	0	0	0	False	False	2	2	1	DEL-195:0/1:PASS:DV7/TC21:V5TP:T2TTP:hapGT0/1	1	0	1	0	0	-195:0/1:TP	1	0	0	-195:0/1:TP	equal	equal	equal
731	chr17	5232129	5232629	500	5231929	5232829	1	7	7	17	True	98	0.196	2	2	2	17	0.0	False	het	2	-	126	-	+126@5232378	0,126	14,125	False	1.0	het	2	-	126	-	+126@5232378	0,126	14,125	False	1.0	2	731.0,731.1	7,10	17	126,14	0	2	0	2	kmeans	2	1	0	0	0	False	False	2	2	1	INS+126:0/1:PASS:DV7/TC17:V5TP:T2TTP:hapGT0/1	1	0	1	0	0	+126:0/1:TP	1	0	0	+126:0/1:TP	equal	equal	equal
732	chr17	5239959	5241240	1281	5239759	5241468	1	48	19	19	True	1451	0.994	2	2	2	19	0.0	False	cpx_het	2	size_diff	413	+166@5240263,+206@5240360,-41@5240984,+82@5241190	+249@5240033,-41@5240984,+82@5241190	413,290	413,289	False	1.0	cpx_het	2	size_diff	413	+166@5240263,+206@5240360,-41@5240984,+82@5241190	+249@5240033,-41@5240984,+82@5241190	413,290	413,289	False	1.0	2	732.0,732.1	12,7	19	413,291	0	2	0	2	kmeans	2	0	0	0	0	False	False	2	2	4	INS+250:0/1:PASS:DV7/TC19:V5ref:T2Tref:hapGT0/1;INS+166:0/1:PASS:DV12/TC19:V5ref:T2Tref:hapGT0/0;INS+206:0/1:PASS:DV12/TC19:V5ref:T2Tref:hapGT0/1;INS+41:0/1:PASS:DV19/TC19:V5ref:T2Tref:hapGT0/0	5	0	1	1	0	+249:0/1:FN;+290:1/0:TP	1	1	0	+249:0/1:FN;+290:1/0:TP	equal	equal	equal
733	chr17	5281895	5282395	500	5281695	5282595	1	10	10	22	True	109	0.218	2	2	2	22	0.0	False	het	2	-	55	-	-55@5282096	0,-55	11,-55	False	1.0	het	2	-	55	-	-55@5282096	0,-55	11,-55	False	1.0	2	733.0,733.1	12,10	22	7,-55	0	2	0	2	kmeans	2	1	0	0	0	False	False	2	2	1	DEL-55:0/1:PASS:DV10/TC22:V5TP:T2TTP:hapGT0/1	1	0	1	0	0	-55:0/1:TP	1	0	0	-55:0/1:TP	equal	equal	equal
734	chr17	5622552	5623052	500	5622352	5623252	1	16	15	19	True	73	0.146	2	2	2	19	0.0	False	hom	1	-	524	+524@5622819	+524@5622819	524,524	524,524	False	1.0	hom	1	-	524	+524@5622819	+524@5622819	524,524	524,524	False	1.0	1	734.0	18	18	524	0	1	0	1	kmeans	1	4	0	0	0	False	False	1	1	1	INS+524:1/1:PASS:DV16/TC19:V5TP:T2TTP:hapGT1/1	1	0	1	0	0	+524:1/1:TP	2	0	0	+524:0/1:TP;+524:1/0:TP	equal	equal	equal
735	chr17	5721704	5722204	500	5721316	5722404	1	33	26	29	True	641	0.606	2	2	2	28	0.0	False	cpx_het	2	size_diff	239	+239@5721904	+214@5721898,-23@5721905	239,191	222,174	False	1.0	cpx_het	2	size_diff	239	+239@5721904	+214@5721898,-23@5721905	239,191	222,191	False	1.0	2	735.0,735.1	21,8	29	186,219	0	2	0	2	kmeans	2	0	0	0	0	False	False	2	2	2	INS+186:0/1:PASS:DV20/TC26:V5TP:T2TTP:hapGT1/1;INS+219:0/1:PASS:DV6/TC26:V5TP:T2TTP:hapGT1/1	2	2	2	0	0	+214:0/1:TP;+239:1/0:TP	2	0	0	+214:0/1:TP;+239:1/0:TP	equal	equal	equal
736	chr17	5774378	5774878	500	5774178	5775078	1	9	6	19	True	127	0.254	2	2	2	17	0.0	False	het	2	-	40	-	+40@5774569	0,40	0,40	False	1.0	het	2	-	40	-	+40@5774569	0,40	0,40	False	1.0	2	736.0,736.1	12,7	19	0,40	0	2	0	2	kmeans	2	3	0	0	0	False	False	2	2	1	INS+40:0/1:PASS:DV6/TC19:V5ref:T2Tref:hapGT0/1	1	0	0	0	0	-	0	0	0	-	equal	equal	equal
737	chr17	5781606	5782106	500	5781406	5782306	1	21	14	14	True	291	0.582	2	2	2	14	0.0	False	cpx_het	2	opposite_sign	56	-56@5781836	+34@5781892	-56,34	-56,46	False	1.0	cpx_het	2	opposite_sign	56	-56@5781836	+34@5781892	-56,34	-56,46	False	1.0	2	737.0,737.1	5,9	14	46,-56	0	2	0	2	kmeans	2	1	0	0	0	False	False	2	2	2	DEL-56:0/1:PASS:DV9/TC14:V5TP:T2TTP:hapGT0/1;INS+34:0/1:PASS:DV5/TC14:V5ref:T2Tref:hapGT0/1	2	0	1	0	0	-56:1/0:TP	1	0	0	-56:1/0:TP	equal	equal	equal
738	chr17	5841771	5842271	500	5841192	5843554	1	8	8	22	True	2262	1.0	2	2	2	21	0.0	False	het	2	-	77	-	+77@5842013	0,77	-3,64	False	1.0	het	2	-	77	-	+77@5842013	0,77	-3,64	False	1.0	2	738.0,738.1	9,13	22	62,0	0	2	0	2	kmeans	2	1	0	0	0	False	False	2	2	1	INS+77:0/1:PASS:DV8/TC21:V5TP:T2TTP:hapGT0/1	1	0	1	0	0	+77:0/1:TP	1	0	0	+77:0/1:TP	equal	equal	equal
739	chr17	5862814	5863314	500	5862614	5863514	1	10	10	20	True	236	0.472	2	2	2	20	0.0	False	cpx_het	2	size_diff	106	+106@5863064	-26@5863010,+50@5863065	106,24	98,24	False	1.0	cpx_het	2	size_diff	106	+106@5863064	-26@5863010,+50@5863065	106,24	98,24	False	1.0	2	739.0,739.1	11,9	20	94,22	0	2	0	2	kmeans	2	1	0	0	0	False	False	2	2	1	INS+94:0/1:PASS:DV10/TC19:V5ref:T2Tref:hapGT0/1	1	0	1	1	0	+50:0/1:FN;+106:1/0:TP	1	1	0	+50:0/1:FN;+106:1/0:TP	equal	equal	equal
740	chr17	5879978	5880478	500	5879778	5880678	1	6	6	24	True	79	0.158	2	2	2	22	0.0	False	het	2	-	32	-	-32@5880208	0,-32	6,-32	False	1.0	het	2	-	32	-	-32@5880208	0,-32	6,-32	False	1.0	1	740.0	24	24	6	0	1	0	1	kmeans	1	1	0	0	0	False	False	1	1	0	-	0	0	0	0	0	-	0	0	0	-	under	under	under
741	chr17	5883216	5883716	500	5883016	5883916	1	21	21	22	True	111	0.222	2	2	2	20	0.0	False	cpx_het	2	size_diff	136	+73@5883451	+136@5883451	73,136	73,136	False	1.0	cpx_het	2	size_diff	136	+73@5883451	+136@5883451	73,136	73,136	False	1.0	2	741.0,741.1	8,14	22	141,73	0	2	0	2	kmeans	2	1	0	0	0	False	False	2	2	2	INS+73:0/1:PASS:DV14/TC22:V5TP:T2TTP:hapGT0/1;INS+141:0/1:PASS:DV7/TC22:V5TP:T2TTP:hapGT0/1	2	0	2	0	0	+73:1/0:TP;+136:0/1:TP	2	0	0	+73:1/0:TP;+136:0/1:TP	equal	equal	equal
742	chr17	5982722	5983222	500	5982522	5983422	1	99	26	26	False	0	0.0	2	2	2	24	0.0	False	hom	1	-	266	+266@5982838	+266@5982838	266,266	266,266	False	0.0	hom	1	-	266	+266@5982838	+266@5982838	266,266	266,266	False	0.0	1	742.0	26	26	0	0	1	1	1	kmeans	1	2	0	0	0	False	False	0	0	1	INV+0:1/1:PASS:DV25/TC25:V5ref:T2Tref	1	0	0	0	0	-	0	0	0	-	equal	equal	equal
743	chr17	6007564	6008064	500	6007364	6008264	1	11	11	21	False	0	0.0	2	2	2	20	0.0	False	het	2	-	316	-	+316@6007809	0,316	0,317	False	1.0	het	2	-	316	-	+316@6007809	0,316	0,317	False	1.0	2	743.0,743.1	9,12	21	0,315	0	2	0	2	kmeans	2	1	0	0	0	False	False	2	2	1	INS+315:0/1:PASS:DV11/TC20:V5TP:T2TTP:hapGT0/1	1	0	1	0	0	+316:0/1:TP	1	0	0	+316:0/1:TP	equal	equal	equal
744	chr17	6030195	6030695	500	6029995	6030895	1	11	11	11	False	0	0.0	2	2	2	11	0.0	False	hom	1	-	317	-317@6030286	-317@6030286	-317,-317	-317,-317	False	1.0	hom	1	-	317	-317@6030286	-317@6030286	-317,-317	-317,-317	False	1.0	1	744.0	11	11	-317	0	1	0	1	kmeans	1	0	0	0	0	False	False	1	1	1	DEL-317:1/1:PASS:DV11/TC11:V5TP:T2TTP:hapGT1/1	1	0	1	0	0	-317:1/1:TP	1	0	0	-317:1/1:TP	equal	equal	equal
745	chr17	6094563	6095063	500	6094363	6095263	1	4	4	14	True	315	0.576	2	2	2	14	0.0	False	het	2	-	100	-	+100@6094838	0,100	18,103	False	1.0	het	2	-	100	-	+100@6094838	0,100	18,103	False	1.0	2	745.0,745.1	8,6	14	14,107	0	2	0	2	kmeans	2	0	0	0	0	False	False	2	2	1	INS+102:0/1:PASS:DV4/TC12:V5TP:T2TTP:hapGT0/1	1	0	1	0	0	+100:0/1:TP	1	0	0	+100:0/1:TP	equal	equal	equal
746	chr17	6133066	6133566	500	6132855	6133766	1	6	6	24	True	568	0.814	2	2	2	24	0.0	False	het	2	-	126	-	-126@6133253	0,-126	1,-123	False	1.0	het	2	-	126	-	-126@6133253	0,-126	1,-123	False	1.0	2	746.0,746.1	13,11	24	0,-126	0	2	0	2	kmeans	2	2	0	0	0	False	False	2	2	1	DEL-126:0/1:PASS:DV6/TC19:V5TP:T2TTP:hapGT0/1	1	0	1	0	0	-126:0/1:TP	1	0	0	-126:0/1:TP	equal	equal	equal
747	chr17	6193840	6194497	657	6193640	6194697	1	90	19	19	True	631	0.957	2	2	2	19	0.0	False	cpx_het	2	size_diff	3327	+30@6194096,+1995@6194214,+21@6194346	+2022@6193986,+978@6194096,+282@6194139,+45@6194293	2046,3327	2052,3339	False	1.0	cpx_het	2	size_diff	3327	+30@6194096,+1995@6194214,+21@6194346	+2022@6193986,+978@6194096,+282@6194139,+45@6194293	2046,3327	2052,3339	False	1.0	2	747.0,747.1	8,11	19	3339,2001	0	2	0	2	kmeans	2	2	0	0	0	False	False	2	2	4	INS+1248:0/1:PASS:DV10/TC19:V5ref:T2Tref:hapGT0/0;INS+3258:0/1:PASS:DV8/TC19:V5ref:T2Tref:hapGT0/1;INS+42:0/1:PASS:DV17/TC19:V5ref:T2Tref:hapGT0/0;INS+681:0/1:PASS:DV11/TC19:V5ref:T2Tref:hapGT0/0	5	0	3	2	2	+2022:1/0:FN;+2106:0/1:TP;+840:0/1:TP;+54:0/1:TP;+282:0/1:FN	0	2	1	+1995:1/0:FN;+3249:0/1:FN	equal	equal	equal
748	chr17	6226029	6226529	500	6225829	6227271	1	8	8	22	True	1194	1.0	2	2	2	22	0.0	False	het	2	-	40	-	-40@6226253	0,-40	0,-37	False	1.0	het	2	-	40	-	-40@6226253	0,-40	0,-37	False	1.0	2	748.0,748.1	12,10	22	-5,-40	0	2	0	2	kmeans	2	2	0	0	0	False	False	2	2	1	DEL-40:0/1:PASS:DV8/TC19:V5ref:T2Tref:hapGT0/1	1	0	0	0	0	-	0	0	0	-	equal	equal	equal
749	chr17	6438069	6438569	500	6437869	6438769	1	21	21	21	False	0	0.0	2	2	2	21	0.0	False	hom	1	-	121	+121@6438313	+121@6438313	121,121	113,113	False	1.0	hom	1	-	121	+121@6438313	+121@6438313	121,121	113,113	False	1.0	1	749.0	21	21	106	0	1	0	1	kmeans	1	1	0	0	0	False	False	1	1	1	INS+120:1/1:PASS:DV21/TC21:V5TP:T2TTP:hapGT1/1	1	0	1	0	0	+121:1/1:TP	2	0	0	+121:1/0:TP;+121:0/1:TP	equal	equal	equal
750	chr17	6455628	6456128	500	6455428	6456328	1	24	19	21	True	147	0.294	2	2	2	21	0.0	False	hom	1	-	359	+359@6455713	+359@6455713	359,359	354,354	False	1.0	hom	1	-	359	+359@6455713	+359@6455713	359,359	354,354	False	1.0	1	750.0	21	21	352	0	1	0	1	kmeans	2	1	1	0	0	False	False	1	1	1	INS+352:1/1:PASS:DV20/TC20:V5TP:T2TTP:hapGT1/1	1	0	1	0	0	+359:1/1:TP	1	0	0	+359:1/1:TP	equal	equal	equal
751	chr17	6481785	6482285	500	6481101	6482485	1	14	8	17	True	936	0.604	2	2	2	16	0.0	False	het	2	-	46	+46@6482006	-	46,0	18,2	False	1.0	het	2	-	46	+46@6482006	-	46,0	18,2	False	1.0	2	751.0,751.1	12,5	17	33,24	0	2	0	2	kmeans	2	1	0	0	0	False	False	1	1	1	INS+46:0/1:PASS:DV5/TC16:V5ref:T2Tref:hapGT0/1	1	0	0	0	0	-	0	0	0	-	equal	equal	equal
752	chr17	6560451	6561921	1470	6560251	6562121	1	74	22	26	True	1440	0.959	2	2	2	15	0.0	False	cpx_het	2	size_diff	761	+20@6561066,+20@6561108,+43@6561199,+655@6561410,+23@6561640	+101@6561108,+67@6561243,+125@6561366	761,293	762,296	False	1.0	cpx_het	2	size_diff	761	+20@6561066,+20@6561108,+43@6561199,+655@6561410,+23@6561640	+101@6561108,+67@6561243,+125@6561366	761,293	762,296	False	1.0	2	752.0,752.1	10,13	23	765,291	0	2	0	2	other	0	4	0	0	0	False	False	2	2	5	INS+93:0/1:PASS:DV11/TC22:V5TP:T2TTP:hapGT0/0;INS+43:0/1:PASS:DV7/TC22:V5ref:T2Tref:hapGT0/0;INS+67:0/1:PASS:DV12/TC22:V5TP:T2TTP:hapGT0/0;INS+125:0/1:PASS:DV12/TC22:V5TP:T2TTP:hapGT0/0;INS+656:0/1:PASS:DV7/TC22:V5TP:T2TTP:hapGT0/1	5	0	4	0	0	+101:0/1:TP;+67:0/1:TP;+125:0/1:TP;+655:1/0:TP	4	0	0	+101:0/1:TP;+67:0/1:TP;+125:0/1:TP;+655:1/0:TP	equal	equal	equal
753	chr17	6758163	6758663	500	6757963	6759161	1	8	8	21	True	868	0.84	2	2	2	21	0.0	False	het	2	-	48	-48@6758364	-	-48,0	-48,0	False	1.0	het	2	-	48	-48@6758364	-	-48,0	-48,0	False	1.0	2	753.0,753.1	10,11	21	-48,0	0	2	0	2	kmeans	2	0	0	0	0	False	False	2	2	1	DEL-48:0/1:PASS:DV8/TC19:V5ref:T2Tref:hapGT0/1	1	0	0	0	0	-	0	0	0	-	equal	equal	equal
754	chr17	6944033	6944877	844	6943833	6945077	1	16	16	31	False	0	0.0	2	2	2	29	0.0	False	het	2	-	736	-	-736@6944083	0,-736	0,-736	False	1.0	het	2	-	736	-	-736@6944083	0,-736	0,-736	False	1.0	2	754.0,754.1	15,15	30	-736,0	0	2	0	2	kmeans	2	0	0	0	0	False	False	2	2	1	DEL-736:0/1:PASS:DV15/TC31:V5TP:T2TTP:hapGT0/1	1	0	1	0	0	-736:0/1:TP	1	0	0	-736:0/1:TP	equal	equal	equal
755	chr17	7004062	7004562	500	7003862	7004762	1	25	25	25	True	575	1.0	2	2	2	25	0.0	False	hom	1	-	44	-44@7004277	-44@7004277	-44,-44	-40,-40	False	1.0	hom	1	-	44	-44@7004277	-44@7004277	-44,-44	-40,-40	False	1.0	1	755.0	25	25	-44	0	1	0	1	kmeans	1	0	0	0	0	False	False	1	1	1	DEL-44:1/1:PASS:DV25/TC25:V5ref:T2Tref:hapGT1/1	1	0	0	0	0	-	0	0	0	-	equal	equal	equal
756	chr17	7028199	7028699	500	7027999	7028899	1	14	14	17	False	0	0.0	2	2	2	16	0.0	False	hom	1	-	52	+52@7028436	+52@7028436	52,52	52,52	False	1.0	hom	1	-	52	+52@7028436	+52@7028436	52,52	52,52	False	1.0	1	756.0	17	17	52	0	1	0	1	kmeans	1	1	0	0	0	False	False	1	1	1	INS+52:1/1:PASS:DV15/TC15:V5TP:T2TTP:hapGT1/1	1	0	1	0	0	+52:1/1:TP	1	0	0	+52:1/1:TP	equal	equal	equal
757	chr17	7077483	7077983	500	7077135	7078183	1	6	6	18	True	734	0.872	2	2	2	16	0.0	False	het	2	-	36	+36@7077716	-	36,0	35,0	False	1.0	het	2	-	36	+36@7077716	-	36,0	35,0	False	1.0	2	757.0,757.1	7,11	18	36,0	0	2	0	2	kmeans	2	1	0	0	0	False	False	2	2	1	INS+36:0/1:PASS:DV6/TC16:V5ref:T2Tref:hapGT0/1	1	0	0	0	0	-	0	0	0	-	equal	equal	equal
758	chr17	7111829	7112329	500	7111629	7112529	1	20	20	21	False	0	0.0	2	2	2	21	0.0	False	cpx_het	2	size_diff	274	+178@7112076	+274@7112076	178,274	177,273	False	1.0	cpx_het	2	size_diff	274	+178@7112076	+274@7112076	178,274	177,273	False	1.0	2	758.0,758.1	11,10	21	179,281	0	2	0	2	kmeans	2	1	0	0	0	False	False	2	2	2	INS+281:0/1:PASS:DV10/TC21:V5TP:T2TTP:hapGT0/1;INS+179:0/1:PASS:DV11/TC21:V5TP:T2TTP:hapGT0/1	2	0	2	0	0	+178:1/0:TP;+274:0/1:TP	2	0	0	+178:1/0:TP;+274:0/1:TP	equal	equal	equal
759	chr17	7142223	7142723	500	7142023	7142923	1	9	9	22	True	87	0.174	2	2	2	21	0.0	False	het	2	-	31	-	-31@7142431	0,-31	0,-31	False	1.0	het	2	-	31	-	-31@7142431	0,-31	0,-31	False	1.0	2	759.0,759.1	12,10	22	0,-31	0	2	0	2	kmeans	2	1	0	0	0	False	False	2	2	1	DEL-31:0/1:PASS:DV9/TC22:V5ref:T2Tref:hapGT0/1	1	0	0	0	0	-	0	0	0	-	equal	equal	equal
760	chr17	7156398	7156898	500	7155546	7157098	1	11	11	27	True	1086	0.568	2	2	2	27	0.0	False	het	2	-	32	-	-32@7156621	0,-32	0,-32	False	1.0	het	2	-	32	-	-32@7156621	0,-32	0,-32	False	1.0	2	760.0,760.1	11,16	27	-32,0	0	2	0	2	kmeans	2	2	0	0	0	False	False	2	2	1	DEL-32:0/1:PASS:DV11/TC27:V5ref:T2Tref:hapGT0/1	1	0	0	0	0	-	0	0	0	-	equal	equal	equal
761	chr17	7184371	7184871	500	7184171	7185071	1	18	17	19	False	0	0.0	2	2	2	18	0.0	False	cpx_het	2	near_hom_le10bp	40	+40@7184629	+34@7184629	40,34	40,34	False	1.0	cpx_het	2	near_hom_le10bp	40	+40@7184629	+34@7184629	40,34	40,34	False	1.0	1	761.0	19	19	38	0	1	0	1	kmeans	1	3	0	0	0	False	False	1	1	1	INS+38:1/1:PASS:DV17/TC17:V5ref:T2Tref:hapGT1/1	1	0	0	0	0	-	0	0	0	-	under	under	under
762	chr17	7264352	7264852	500	7264152	7266096	1	6	6	15	True	1748	1.0	2	2	2	13	0.0	False	het	2	-	292	-	+292@7264570	0,292	18,273	False	1.0	het	2	-	292	-	+292@7264570	0,292	18,273	False	1.0	2	762.0,762.1	9,6	15	-5,272	0	2	0	2	kmeans	2	1	0	0	0	False	False	2	2	1	INS+293:0/1:PASS:DV6/TC15:V5TP:T2TTP:hapGT0/1	1	0	1	0	0	+292:0/1:TP	1	0	0	+292:0/1:TP	equal	equal	equal
763	chr17	7302410	7303093	683	7301274	7303443	1	32	21	22	True	2069	1.0	2	2	2	22	0.0	False	hom	1	-	3039	+3039@7302525	+3035@7302525	3039,3035	3035,3020	False	1.0	hom	1	-	3039	+3039@7302525	+3035@7302525	3039,3035	3035,3020	False	1.0	1	763.0	22	22	3022	0	1	0	1	other	0	3	1	0	0	False	False	1	1	1	INS+3038:1/1:PASS:DV21/TC21:V5TP:T2TTP:hapGT1/1	1	0	1	0	0	+3039:1/1:TP	2	0	0	+3035:0/1:TP;+3039:1/0:TP	equal	equal	equal
764	chr17	7378027	7378527	500	7377053	7378970	1	6	6	22	True	1817	1.0	2	2	2	22	0.0	False	cpx_het	2	size_diff	51	+51@7378277	+24@7378277	51,24	50,29	False	0.947	cpx_het	2	size_diff	51	+51@7378277	+24@7378277	51,24	50,29	False	0.947	2	764.0,764.1	9,13	22	46,24	0	2	0	2	kmeans	2	2	0	0	0	False	False	2	2	1	INS+51:0/1:PASS:DV6/TC19:V5TP:T2TTP:hapGT0/1	1	0	1	0	0	+51:1/0:TP	1	0	0	+51:1/0:TP	equal	equal	equal
765	chr17	7571646	7572146	500	7571446	7572346	1	8	8	21	True	72	0.144	2	2	2	20	0.0	False	het	2	-	40	-	-40@7571872	0,-40	-2,-42	False	1.0	het	2	-	40	-	-40@7571872	0,-40	-2,-40	False	1.0	2	765.0,765.1	12,9	21	0,-39	0	2	0	2	kmeans	2	0	0	0	0	False	False	2	2	1	DEL-39:0/1:PASS:DV8/TC20:V5ref:T2Tref:hapGT0/1	1	0	0	0	0	-	0	0	0	-	equal	equal	equal
766	chr17	7609724	7610224	500	7609524	7610424	1	23	21	25	True	210	0.42	2	2	2	25	0.0	False	cpx_het	2	size_diff	124	+124@7609955	+30@7609980	124,30	122,30	False	1.0	cpx_het	2	size_diff	124	+124@7609955	+30@7609980	124,30	122,30	False	1.0	2	766.0,766.1	15,10	25	124,36	0	2	0	2	kmeans	2	3	0	0	0	False	False	2	2	2	INS+124:0/1:PASS:DV14/TC24:V5TP:T2TTP:hapGT0/1;INS+30:0/1:PASS:DV9/TC25:V5ref:T2Tref:hapGT0/1	2	0	1	0	0	+124:1/0:TP	1	0	0	+124:1/0:TP	equal	equal	equal
767	chr17	7838189	7838689	500	7837989	7838889	1	24	15	16	True	176	0.352	2	2	2	15	0.0	False	hom	1	-	1229	+1229@7838437	+1225@7838437	1229,1225	1217,1213	False	0.95	hom	1	-	1229	+1229@7838437	+1225@7838437	1229,1225	1217,1213	False	0.95	2	767.0,767.1	14,2	16	1202,-68	0	1	0	2	kmeans	2	0	0	0	0	False	False	1	1	1	INS+1190:0/1:PASS:DV13/TC15:V5ref:T2Tref:hapGT1/1;DEL-68:0/0:LowQual:DV2/TC15:V5-:T2T-	2	1	0	0	0	-	0	0	0	-	over	over	over
768	chr17	7893733	7894233	500	7893533	7894433	1	3	3	16	True	65	0.13	2	2	2	15	0.0	False	het	2	-	31	+31@7893969	-	31,0	31,0	False	1.0	het	2	-	31	+31@7893969	-	31,0	31,0	False	1.0	1	768.0	16	16	6	0	1	0	1	kmeans	1	0	0	0	0	False	False	0	0	0	-	0	0	0	0	0	-	0	0	0	-	under	under	under
769	chr17	8052415	8052915	500	8052215	8053408	1	2	2	16	True	691	0.496	2	2	2	14	0.0	False	ref	1	-	0	-	-	0,0	-8,2	False	1.0	ref	1	-	0	-	-	0,0	-8,2	False	1.0	1	769.0	16	16	7	0	0	0	1	kmeans	1	0	0	0	0	False	False	1	1	0	-	0	0	0	0	0	-	0	0	0	-	equal	equal	equal
770	chr17	8054496	8054996	500	8054296	8055196	1	5	5	15	False	0	0.0	2	2	2	15	0.0	False	het	2	-	321	-	+321@8054746	0,321	0,322	False	1.0	het	2	-	321	-	+321@8054746	0,321	0,322	False	1.0	2	770.0,770.1	6,9	15	320,0	0	2	0	2	kmeans	2	1	0	0	0	False	False	2	2	1	INS+320:0/1:PASS:DV5/TC13:V5TP:T2TTP:hapGT0/1	1	0	1	0	0	+321:0/1:TP	1	0	0	+321:0/1:TP	equal	equal	equal
771	chr17	8107688	8108188	500	8106707	8108388	1	27	20	20	True	1310	0.758	2	2	2	18	0.0	False	cpx_het	2	size_diff	320	-234@8107809,-86@8107879	-86@8107879,+31@8107994	-320,-55	-320,-57	False	1.0	cpx_het	2	size_diff	234	-234@8107809	-86@8107879,+31@8107994	-234,-55	-234,-57	False	1.0	2	771.0,771.1	12,8	20	-52,-231	0	2	0	2	kmeans	2	0	0	0	0	False	False	2	2	2	DEL-231:0/1:PASS:DV8/TC20:V5ref:T2Tref:hapGT0/1;DEL-47:0/1:PASS:DV12/TC20:V5ref:T2Tref:hapGT0/1	2	0	1	1	0	-234:1/0:TP;-86:0/1:FN	1	1	0	-234:1/0:TP;-86:0/1:FN	equal	equal	equal
772	chr17	8141486	8141986	500	8141286	8142186	1	11	11	24	True	98	0.196	2	2	2	24	0.0	False	hom	1	-	31	+31@8141743	+31@8141743	31,31	30,30	False	1.0	hom	1	-	31	+31@8141743	+31@8141743	31,31	30,30	False	1.0	2	772.0,772.1	13,11	24	30,31	0	2	0	1	kmeans	2	1	0	0	0	False	False	1	1	1	INS+30:0/1:PASS:DV23/TC23:V5ref:T2Tref:hapGT1/1	2	1	0	0	0	-	0	0	0	-	over	over	over
773	chr17	8165905	8166405	500	8165367	8166668	1	12	12	16	True	1201	1.0	2	2	2	16	0.0	False	hom	1	-	663	+663@8166152	+663@8166152	663,663	660,660	False	1.0	hom	1	-	663	+663@8166152	+663@8166152	663,663	660,660	False	1.0	1	773.0	16	16	662	0	1	0	1	kmeans	1	2	0	0	0	False	False	1	1	1	INS+662:1/1:PASS:DV13/TC13:V5TP:T2TTP:hapGT1/1	1	0	1	0	0	+663:1/1:TP	1	0	0	+663:1/1:TP	equal	equal	equal
774	chr17	8214344	8214844	500	8214144	8215044	1	16	16	19	True	57	0.114	2	2	2	18	0.0	False	cpx_het	2	near_hom_le10bp	38	+38@8214607	+34@8214607	38,34	41,37	False	1.0	cpx_het	2	near_hom_le10bp	38	+38@8214607	+34@8214607	38,34	41,37	False	1.0	1	774.0	19	19	39	0	1	0	1	kmeans	1	3	0	0	0	False	False	1	1	1	INS+39:1/1:PASS:DV18/TC19:V5ref:T2Tref:hapGT1/1	1	0	0	0	0	-	0	0	0	-	under	under	under
775	chr17	8409274	8409825	551	8408914	8410072	1	17	15	28	True	1058	1.0	2	2	2	28	0.0	False	het	2	-	4670	-	+4670@8409476	0,4670	-3,4666	False	1.0	het	2	-	4670	-	+4670@8409476	0,4670	-3,4666	False	1.0	2	775.0,775.1	14,14	28	4666,0	0	2	0	2	kmeans	2	7	0	0	0	False	False	2	2	1	INS+4666:0/1:PASS:DV13/TC27:V5TP:T2TTP:hapGT0/1	1	0	1	0	0	+4670:0/1:TP	1	0	0	+4670:0/1:TP	equal	equal	equal
776	chr17	8432103	8432603	500	8431903	8432803	1	8	8	18	True	95	0.19	2	2	2	18	0.0	False	het	2	-	67	-	+67@8432347	0,67	-8,65	False	1.0	het	2	-	67	-	+67@8432347	0,67	-8,65	False	1.0	2	776.0,776.1	8,10	18	67,0	0	2	0	2	kmeans	2	0	0	0	0	False	False	2	2	1	INS+67:0/1:PASS:DV8/TC17:V5TP:T2TTP:hapGT0/1	1	0	1	0	0	+67:0/1:TP	1	0	0	+67:0/1:TP	equal	equal	equal
777	chr17	8480808	8481308	500	8480608	8481508	1	53	26	26	True	138	0.276	2	2	2	26	0.0	False	hom	1	-	31	+38@8480958,-69@8481076	+38@8480958,-69@8481076	-31,-31	-31,-31	False	1.0	hom	1	-	31	+38@8480958,-69@8481076	+38@8480958,-69@8481076	-31,-31	-31,-31	False	1.0	1	777.0	26	26	-31	0	1	0	1	kmeans	1	0	0	0	0	False	False	1	1	2	INS+38:1/1:PASS:DV26/TC26:V5ref:T2Tref:hapGT0/0;DEL-69:1/1:PASS:DV26/TC26:V5TP:T2TTP:hapGT0/0	2	0	1	0	0	-69:1/1:TP	1	0	0	-69:1/1:TP	equal	equal	equal
778	chr17	8510780	8511280	500	8510580	8511480	1	4	4	11	True	106	0.212	2	2	2	11	0.0	False	het	2	-	30	-30@8511015	-	-30,0	-30,-4	False	1.0	het	2	-	30	-30@8511015	-	-30,0	-30,-4	False	1.0	1	778.0	11	11	0	0	1	0	1	kmeans	1	0	0	0	0	False	False	0	0	0	-	0	0	0	0	0	-	0	0	0	-	under	under	under
779	chr17	8671283	8671783	500	8671083	8671983	1	12	12	17	True	661	1.0	2	2	2	17	0.0	False	cpx_het	2	size_diff	65	-36@8671506	-29@8671505,-36@8671506	-36,-65	-36,-65	False	1.0	cpx_het	2	near_hom_le10bp	36	-36@8671506	-29@8671505	-36,-29	-36,-29	False	1.0	2	779.0,779.1	5,12	17	-28,-36	0	2	0	2	kmeans	2	1	0	0	0	False	False	1	2	1	DEL-36:0/1:PASS:DV11/TC16:V5ref:T2Tref:hapGT0/1	1	0	0	0	0	-	0	0	0	-	equal	equal	equal
780	chr17	8727899	8728399	500	8727696	8728599	1	10	9	17	True	452	0.598	2	2	2	17	0.0	False	cpx_het	2	near_hom_le10bp	28	+28@8728171	+20@8728171	28,20	40,32	False	0.468	cpx_het	2	near_hom_le10bp	28	+28@8728171	+20@8728171	28,20	40,32	False	0.468	2	780.0,780.1	9,8	17	32,24	0	2	0	2	kmeans	2	0	0	0	0	False	False	2	2	1	INS+32:0/1:PASS:DV9/TC16:V5ref:T2Tref:hapGT0/1	1	0	0	0	0	-	0	0	0	-	equal	equal	equal
781	chr17	8746483	8746983	500	8746283	8747183	1	15	13	16	True	57	0.114	2	2	2	15	0.0	False	cpx_het	2	size_diff	233	+233@8746874	+158@8746874	233,158	232,157	False	1.0	cpx_het	2	size_diff	233	+233@8746874	+158@8746874	233,158	232,157	False	1.0	2	781.0,781.1	11,5	16	238,160	0	2	0	2	kmeans	2	2	0	0	0	False	False	2	2	2	INS+160:0/1:PASS:DV4/TC14:V5TP:T2TTP:hapGT0/1;INS+238:0/1:PASS:DV10/TC14:V5TP:T2TTP:hapGT0/1	2	0	2	0	0	+158:0/1:TP;+233:1/0:TP	2	0	0	+158:0/1:TP;+233:1/0:TP	equal	equal	equal
782	chr17	8885510	8886010	500	8884875	8886248	1	17	9	19	True	1273	1.0	2	2	2	18	0.0	False	het	2	-	180	-	-115@8885659,-65@8885821	0,-180	0,-180	False	1.0	het	2	-	180	-	-115@8885659,-65@8885821	0,-180	0,-180	False	1.0	2	782.0,782.1	9,9	18	0,-180	0	2	0	2	kmeans	2	0	0	0	0	False	False	2	2	1	DEL-180:0/1:PASS:DV8/TC18:V5ref:T2Tref:hapGT0/1	1	0	0	0	0	-	0	0	0	-	equal	equal	equal
783	chr17	8904994	8905494	500	8904794	8905694	1	9	9	25	False	0	0.0	2	2	2	24	0.0	False	het	2	-	105	-	+105@8905244	0,105	0,105	False	1.0	het	2	-	105	-	+105@8905244	0,105	0,105	False	1.0	2	783.0,783.1	16,9	25	0,105	0	2	0	2	kmeans	2	2	0	0	0	False	False	2	2	1	INS+105:0/1:PASS:DV9/TC25:V5TP:T2TTP:hapGT0/1	1	0	1	0	0	+105:0/1:TP	1	0	0	+105:0/1:TP	equal	equal	equal
784	chr17	8925289	8925789	500	8924944	8925989	1	3	3	22	True	574	0.558	2	2	2	19	0.0	False	ref	1	-	0	-	-	0,0	-3,-3	False	1.0	ref	1	-	0	-	-	0,0	-3,-3	False	1.0	1	784.0	21	21	0	0	1	0	1	kmeans	1	1	0	0	0	False	False	1	1	0	-	0	0	0	0	0	-	0	0	0	-	equal	equal	equal
785	chr17	8981238	8981738	500	8981038	8981938	1	21	21	24	False	0	0.0	2	2	2	24	0.0	False	hom	1	-	33	+33@8981487	+33@8981487	33,33	33,33	False	1.0	hom	1	-	33	+33@8981487	+33@8981487	33,33	33,33	False	1.0	1	785.0	24	24	33	0	1	0	1	kmeans	1	1	0	0	0	False	False	1	1	1	INS+33:1/1:PASS:DV21/TC22:V5ref:T2Tref:hapGT1/1	1	0	0	0	0	-	0	0	0	-	equal	equal	equal
786	chr17	9163240	9163740	500	9163040	9163940	1	4	4	21	True	497	0.76	2	2	2	19	0.0	False	hom	1	-	26	-26@9163477	-26@9163477	-26,-26	-29,-29	False	1.0	hom	1	-	26	-26@9163477	-26@9163477	-26,-26	-29,-29	False	1.0	1	786.0	21	21	-26	0	1	0	1	kmeans	1	1	0	0	0	False	False	1	1	0	-	0	0	0	0	0	-	0	0	0	-	equal	equal	equal
787	chr17	9165914	9166414	500	9165574	9166614	1	17	17	18	True	585	0.59	2	2	2	17	0.0	False	hom	1	-	30	-30@9166149	-30@9166149	-30,-30	-29,-29	False	1.0	hom	1	-	30	-30@9166149	-30@9166149	-30,-30	-29,-29	False	1.0	1	787.0	18	18	-30	0	1	0	1	kmeans	1	0	0	0	0	False	False	1	1	1	DEL-30:1/1:PASS:DV18/TC18:V5ref:T2Tref:hapGT1/1	1	0	0	0	0	-	0	0	0	-	equal	equal	equal
788	chr17	9226290	9229148	2858	9226090	9229348	1	30	15	28	True	1310	0.446	2	2	2	28	0.0	False	het	2	-	104	-	-80@9226437,-24@9229074	0,-104	-2,-92	False	1.0	het	2	-	104	-	-80@9226437,-24@9229074	0,-104	-2,-92	False	1.0	2	788.0,788.1	13,15	28	0,-86	0	2	0	2	kmeans	2	1	0	0	0	False	False	2	2	1	DEL-79:0/1:PASS:DV14/TC22:V5TP:T2TTP:hapGT0/1	1	0	1	0	0	-80:0/1:TP	1	0	0	-80:0/1:TP	equal	equal	equal
789	chr17	9295617	9296117	500	9295405	9296566	1	11	11	22	True	1061	1.0	2	2	2	21	0.0	False	het	2	-	146	-	-146@9295770	0,-146	7,-138	False	1.0	het	2	-	146	-	-146@9295770	0,-146	7,-138	False	1.0	2	789.0,789.1	11,11	22	0,-146	0	2	0	2	kmeans	2	1	0	0	0	False	False	2	2	1	DEL-146:0/1:PASS:DV11/TC21:V5TP:T2TTP:hapGT0/1	1	0	1	0	0	-146:0/1:TP	1	0	0	-146:0/1:TP	equal	equal	equal
790	chr18	9950	11197	1247	9750	11397	1	312	77	80	True	1161	0.931	4	4	4	32	0.188	True	het	2	-	390	+48@10578,+342@11089	-	390,0	390,-12	True	0.0	het	2	-	390	+48@10578,+342@11089	-	390,0	390,-12	True	0.0	3	790.0,790.1,790.3	40,15,24	79	-12,NA,NA	2	0	0	1	other	0	1	1	0	0	False	False	0	0	0	-	5	0	0	0	0	-	0	0	0	-	over	over	over
791	chr18	20329	20829	500	20129	21029	1	15	15	33	False	0	0.0	4	4	4	32	0.281	True	ref	1	-	0	-	-	0,0	0,0	False	0.0	ref	1	-	0	-	-	0,0	0,0	False	0.0	2	791.0,791.1	15,18	33	-9,0	0	2	0	1	kmeans	2	1	0	0	0	False	False	1	1	1	DEL-30:0/0/1/1:PASS:DV14/TC31:V5ref:T2Tref:hapGT0/0	1	0	0	0	0	-	0	0	0	-	over	over	over
792	chr18	48874	49374	500	48674	49574	1	10	10	32	False	0	0.0	4	4	4	31	0.0	True	het	2	-	102	+102@49110	-	102,0	102,0	False	0.0	het	2	-	102	+102@49110	-	102,0	102,0	False	0.0	2	792.0,792.1	19,13	32	0,102	0	2	0	2	kmeans	2	0	0	0	0	False	False	2	2	1	INS+102:0/1:PASS:DV10/TC29:V5ref:T2Tref:hapGT0/1	1	0	0	0	0	-	0	0	0	-	equal	equal	equal
793	chr18	79129	79629	500	78929	79829	1	17	10	25	True	655	1.0	4	4	4	25	0.0	True	het	2	-	72	-36@79310,-36@79380	-	-72,0	-72,0	False	0.0	het	2	-	72	-36@79310,-36@79380	-	-72,0	-72,0	False	0.0	2	793.0,793.1	12,13	25	0,-69	0	2	0	2	kmeans	2	1	0	0	0	False	False	2	2	1	DEL-69:0/0/1/1:PASS:DV10/TC22:V5ref:T2Tref:hapGT0/1	1	1	0	0	0	-	0	0	0	-	equal	equal	equal
794	chr18	146598	147098	500	146398	147298	1	22	22	24	False	0	0.0	4	4	4	23	0.0	True	hom	1	-	37	-37@146832	-37@146832	-37,-37	-37,-37	False	0.673	hom	1	-	37	-37@146832	-37@146832	-37,-37	-37,-37	False	0.673	1	794.0	23	23	-36	0	1	0	1	kmeans	1	2	0	0	0	False	False	1	1	1	DEL-36:1/1/1/1:PASS:DV22/TC23:V5ref:T2Tref:hapGT1/1	1	1	0	0	0	-	0	0	0	-	equal	equal	equal
795	chr18	180687	181187	500	180487	181387	1	10	9	24	True	456	0.842	2	2	2	23	0.0	False	het	2	-	256	+256@180923	-	256,0	256,0	False	1.0	het	2	-	256	+256@180923	-	256,0	256,0	False	1.0	2	795.0,795.1	10,14	24	256,0	0	2	0	2	kmeans	2	1	0	0	0	False	False	2	2	1	INS+256:0/1:PASS:DV9/TC22:V5TP:T2TTP:hapGT0/1	1	0	1	0	0	+256:1/0:TP	1	0	0	+256:1/0:TP	equal	equal	equal
796	chr18	218904	219736	832	218704	219936	1	27	21	21	True	572	0.688	2	2	2	21	0.0	False	hom	1	-	191	+191@219172	+191@219172	191,191	191,191	False	1.0	hom	1	-	191	+191@219172	+191@219172	191,191	191,191	False	1.0	1	796.0	21	21	191	0	1	0	1	kmeans	1	0	0	0	0	False	False	1	1	1	INS+191:1/1:PASS:DV21/TC21:V5TP:T2TTP:hapGT1/1	1	0	1	0	0	+191:1/1:TP	1	0	0	+191:1/1:TP	equal	equal	equal
797	chr18	312156	312767	611	311956	312967	1	17	9	16	False	0	0.0	2	2	2	16	0.0	False	het	2	-	126	-	+30@312207,+96@312609	0,126	0,126	False	1.0	het	2	-	126	-	+30@312207,+96@312609	0,126	0,126	False	1.0	2	797.0,797.1	9,7	16	127,0	0	2	0	2	kmeans	2	1	0	0	0	False	False	2	2	2	INS+32:0/1:PASS:DV9/TC15:V5ref:T2Tref:hapGT0/0;INS+95:0/1:PASS:DV9/TC15:V5TP:T2TTP:hapGT0/1	2	0	1	0	0	+96:0/1:TP	1	0	0	+96:0/1:TP	equal	equal	equal
798	chr18	512178	513161	983	511978	513361	1	31	17	19	True	939	0.949	2	2	2	19	0.0	False	cpx_het	2	size_diff	146	-118@512364,+264@513023	-118@512228,+210@513023	146,92	147,93	False	0.897	cpx_het	2	size_diff	146	-118@512364,+264@513023	-118@512228,+210@513023	146,92	147,93	False	0.897	1	798.0	19	19	138	0	1	0	1	kmeans	2	3	1	0	0	False	False	1	1	2	DEL-118:1/1:PASS:DV17/TC17:V5TP:T2TTP:hapGT0/0;INS+256:1/1:PASS:DV15/TC16:V5ref:T2Tref:hapGT0/0	2	0	1	0	0	-118:1/1:TP	2	0	0	-118:0/1:TP;-118:1/0:TP	under	under	under
799	chr18	514478	515251	773	514278	515451	1	16	10	13	True	771	0.951	2	2	2	13	0.077	False	cpx_het	2	opposite_sign	714	+714@514989	-523@514620	714,-523	717,-523	False	1.0	cpx_het	2	opposite_sign	714	+714@514989	-523@514620	714,-523	717,-523	False	1.0	2	799.0,799.1	8,5	13	-523,744	0	2	0	2	other	0	2	0	0	0	False	False	2	2	3	DEL-523:0/1:PASS:DV6/TC10:V5TP:T2TTP:hapGT0/1;INS+32:0/1:PASS:DV4/TC10:V5ref:T2Tref:hapGT0/0;INS+712:0/1:PASS:DV3/TC10:V5TP:T2TTP:hapGT0/1	3	0	2	0	0	-523:0/1:TP;+714:1/0:TP	2	0	0	-523:0/1:TP;+714:1/0:TP	equal	equal	equal
800	chr18	588677	589177	500	588477	589377	1	22	15	17	True	256	0.512	2	2	2	17	0.0	False	cpx_het	2	size_diff	73	+25@588906,+48@588956	+44@588956	73,44	67,46	False	0.289	cpx_het	2	size_diff	73	+25@588906,+48@588956	+44@588956	73,44	67,46	False	0.289	1	800.0	17	17	60	0	1	0	1	kmeans	1	3	0	0	0	False	False	1	1	1	INS+44:1/1:PASS:DV16/TC16:V5ref:T2Tref:hapGT0/1	1	1	0	0	0	-	0	0	0	-	under	under	under
801	chr18	591744	592244	500	591544	592444	1	8	8	17	True	68	0.136	2	2	2	17	0.0	False	het	2	-	34	-34@591972	-	-34,0	-34,-6	False	0.443	het	2	-	34	-34@591972	-	-34,0	-34,-6	False	0.443	2	801.0,801.1	9,8	17	-34,-6	0	2	0	2	kmeans	2	1	0	0	0	False	False	2	2	1	DEL-34:0/1:PASS:DV8/TC16:V5ref:T2Tref:hapGT0/1	1	0	0	0	0	-	0	0	0	-	equal	equal	equal
802	chr18	596644	597144	500	596444	597344	1	15	15	17	True	242	0.484	2	2	2	17	0.0	False	hom	1	-	51	-51@596803	-51@596803	-51,-51	-50,-50	False	1.0	hom	1	-	51	-51@596803	-51@596803	-51,-51	-50,-50	False	1.0	1	802.0	17	17	-51	0	1	0	1	kmeans	1	2	0	0	0	False	False	1	1	1	DEL-51:1/1:PASS:DV15/TC16:V5TP:T2TTP:hapGT1/1	1	0	1	0	0	-51:1/1:TP	1	0	0	-51:1/1:TP	equal	equal	equal
803	chr18	626770	627270	500	626570	627470	1	9	9	20	True	190	0.38	2	2	2	19	0.0	False	cpx_het	2	one_net_small	50	-64@626942,+64@627030	-64@626942,+114@627030	0,50	0,50	False	0.728	cpx_het	2	one_net_small	50	-64@626942,+64@627030	-64@626942,+114@627030	0,50	0,50	False	0.728	2	803.0,803.1	9,11	20	41,0	0	2	0	2	kmeans	2	0	0	0	0	False	False	2	2	1	INS+41:0/1:PASS:DV9/TC18:V5ref:T2Tref:hapGT0/1	1	0	0	0	0	-	0	0	0	-	equal	equal	equal
804	chr18	666882	667626	744	666682	667826	1	43	19	23	True	744	0.992	2	2	2	22	0.0	False	cpx_het	2	size_diff	154	-91@666974,-35@667257	-38@667256,-35@667257,-81@667394	-126,-154	-121,-156	False	1.0	hom	1	-	126	-91@666974,-35@667257	-38@667256,-81@667394	-126,-119	-121,-121	False	1.0	2	804.0,804.1	21,2	23	-89,-89	0	2	0	1	kmeans	2	3	0	0	0	False	False	1	1	1	DEL-51:1/1:PASS:DV20/TC23:V5ref:T2Tref:hapGT0/0	1	0	0	2	0	-83:1/0:FN;-72:0/1:FN	0	2	0	-83:1/0:FN;-72:0/1:FN	equal	over	equal
805	chr18	712126	712626	500	711926	712826	1	13	12	16	True	161	0.322	2	2	2	15	0.0	False	cpx_het	2	size_diff	108	+108@712349	+72@712349	108,72	105,69	False	1.0	cpx_het	2	size_diff	108	+108@712349	+72@712349	108,72	105,69	False	1.0	1	805.0	15	15	103	0	1	0	1	kmeans	2	2	1	0	0	False	False	1	1	1	INS+103:1/1:PASS:DV12/TC13:V5ref:T2Tref:hapGT0/1	1	1	0	0	0	-	0	0	0	-	under	under	under
806	chr18	837017	837517	500	836817	837717	1	15	15	15	False	0	0.0	2	2	2	15	0.0	False	hom	1	-	316	-316@837102	-316@837102	-316,-316	-316,-316	False	1.0	hom	1	-	316	-316@837102	-316@837102	-316,-316	-316,-316	False	1.0	1	806.0	15	15	-316	0	1	0	1	kmeans	1	0	0	0	0	False	False	1	1	1	DEL-316:1/1:PASS:DV15/TC15:V5TP:T2TTP:hapGT1/1	1	0	1	0	0	-316:1/1:TP	1	0	0	-316:1/1:TP	equal	equal	equal
807	chr18	854627	855127	500	854427	855327	1	14	14	15	False	0	0.0	2	2	2	15	0.0	False	hom	1	-	318	+318@854878	+318@854878	318,318	318,318	False	1.0	hom	1	-	318	+318@854878	+318@854878	318,318	318,318	False	1.0	1	807.0	15	15	318	0	1	0	1	kmeans	1	1	0	0	0	False	False	1	1	1	INS+318:1/1:PASS:DV15/TC15:V5TP:T2TTP:hapGT1/1	1	0	1	0	0	+318:1/1:TP	1	0	0	+318:1/1:TP	equal	equal	equal
808	chr18	988380	988880	500	988180	989080	1	7	7	18	True	70	0.14	2	2	2	18	0.0	False	cpx_het	2	size_diff	69	-38@988608,-31@988636	-31@988636	-69,-31	-53,-31	False	1.0	cpx_het	2	near_hom_le10bp	38	-38@988608	-31@988636	-38,-31	-22,-31	False	1.0	1	808.0	18	18	-19	0	1	0	1	kmeans	1	1	0	0	0	False	False	0	0	0	-	0	0	0	0	0	-	0	0	0	-	under	under	under
809	chr18	1083526	1084026	500	1083326	1084226	1	8	4	12	True	322	0.644	2	2	2	12	0.0	False	het	2	-	52	-28@1083669,-24@1083859	-	-52,0	-52,0	False	1.0	het	2	-	52	-28@1083669,-24@1083859	-	-52,0	-52,0	False	1.0	2	809.0,809.1	8,4	12	0,-52	0	2	0	2	kmeans	2	0	0	0	0	False	False	2	2	0	-	0	0	0	0	0	-	0	0	0	-	equal	equal	equal
810	chr18	1204872	1205372	500	1204672	1205572	1	10	10	14	True	55	0.11	2	2	2	14	0.0	False	hom	1	-	34	-34@1205105	-32@1205105	-34,-32	-34,-32	False	1.0	hom	1	-	34	-34@1205105	-32@1205105	-34,-32	-34,-32	False	1.0	1	810.0	14	14	-32	0	1	0	1	kmeans	1	2	0	0	0	False	False	1	1	1	DEL-32:1/1:PASS:DV10/TC12:V5ref:T2Tref:hapGT1/1	1	0	0	0	0	-	0	0	0	-	equal	equal	equal
811	chr18	1219193	1219693	500	1218993	1219893	1	22	22	22	True	119	0.238	2	2	2	21	0.0	False	hom	1	-	55	-55@1219388	-55@1219388	-55,-55	-55,-55	False	1.0	hom	1	-	55	-55@1219388	-55@1219388	-55,-55	-55,-55	False	1.0	1	811.0	22	22	-55	0	1	0	1	kmeans	1	0	0	0	0	False	False	1	1	1	DEL-55:1/1:PASS:DV22/TC22:V5TP:T2TTP:hapGT1/1	1	0	1	0	0	-55:1/1:TP	1	0	0	-55:1/1:TP	equal	equal	equal
812	chr18	1235533	1236033	500	1235333	1236233	1	16	16	18	False	0	0.0	2	2	2	17	0.0	False	hom	1	-	330	+324@1235776	+330@1235776	324,330	325,330	False	1.0	hom	1	-	330	+324@1235776	+330@1235776	324,330	325,330	False	1.0	1	812.0	18	18	323	0	1	0	1	kmeans	1	3	0	0	0	False	False	1	1	1	INS+323:1/1:PASS:DV17/TC18:V5TP:T2TTP:hapGT1/1	1	0	1	0	0	+330:1/1:TP	2	0	0	+324:1/0:TP;+330:0/1:TP	equal	equal	equal
813	chr18	1477409	1477909	500	1477209	1478109	1	7	7	22	True	124	0.248	2	2	2	22	0.0	False	hom	1	-	29	+29@1477638	+29@1477638	29,29	31,29	False	1.0	hom	1	-	29	+29@1477638	+29@1477638	29,29	31,29	False	1.0	1	813.0	22	22	34	0	1	0	1	kmeans	1	0	0	0	0	False	False	1	1	0	-	0	0	0	0	0	-	0	0	0	-	equal	equal	equal
814	chr18	1515529	1516029	500	1515329	1516229	1	18	18	21	True	137	0.274	2	2	2	20	0.0	False	cpx_het	2	size_diff	78	-42@1515731,-36@1515753	-36@1515753	-78,-36	-77,-35	False	1.0	cpx_het	2	near_hom_le10bp	42	-42@1515731	-36@1515753	-42,-36	-41,-35	False	1.0	1	814.0	21	21	-36	0	1	0	1	kmeans	1	0	0	0	0	False	False	0	1	1	DEL-36:1/1:PASS:DV18/TC18:V5ref:T2Tref:hapGT0/1	1	1	0	0	0	-	0	0	0	-	under	under	under
815	chr18	1629130	1629795	665	1628930	1629995	1	68	19	24	True	573	0.862	2	2	2	23	0.0	False	hom	1	-	444	+414@1629504,+30@1629667	+414@1629504,+30@1629667	444,444	463,463	False	1.0	hom	1	-	444	+414@1629504,+30@1629667	+414@1629504,+30@1629667	444,444	463,463	False	1.0	2	815.0,815.1	21,3	24	462,-12	0	1	0	2	kmeans	2	1	0	0	0	False	False	1	1	2	INS+414:1/1:PASS:DV19/TC21:V5TP:T2TTP:hapGT1/1;INS+30:1/1:PASS:DV18/TC22:V5ref:T2Tref:hapGT0/0	2	0	1	0	0	+414:1/1:TP	1	0	0	+414:1/1:TP	over	over	over
816	chr18	1675368	1675920	552	1675168	1676120	1	27	26	29	False	0	0.0	2	2	2	29	0.0	False	hom	1	-	30	-30@1675423	-30@1675423	-30,-30	-30,-30	False	1.0	hom	1	-	30	-30@1675423	-30@1675423	-30,-30	-30,-30	False	1.0	1	816.0	29	29	-30	0	1	0	1	kmeans	1	2	0	0	0	False	False	1	1	1	DEL-30:1/1:PASS:DV28/TC29:V5ref:T2Tref:hapGT1/1	1	0	0	0	0	-	0	0	0	-	equal	equal	equal
817	chr18	1720061	1720561	500	1719817	1721551	1	17	17	17	True	1634	1.0	2	2	2	17	0.0	False	hom	1	-	56	-56@1720276	-56@1720276	-56,-56	-53,-53	False	1.0	hom	1	-	56	-56@1720276	-56@1720276	-56,-56	-53,-53	False	1.0	1	817.0	17	17	-51	0	1	0	1	kmeans	1	0	0	0	0	False	False	1	1	1	DEL-56:1/1:PASS:DV17/TC17:V5TP:T2TTP:hapGT1/1	1	0	1	0	0	-56:1/1:TP	1	0	0	-56:1/1:TP	equal	equal	equal
818	chr18	1803623	1804123	500	1803423	1804323	1	18	18	38	False	0	0.0	2	2	2	36	0.0	False	het	2	-	138	-	+138@1803865	0,138	0,137	False	1.0	het	2	-	138	-	+138@1803865	0,138	0,137	False	1.0	2	818.0,818.1	19,19	38	139,0	0	2	0	2	kmeans	2	2	0	0	0	False	False	2	2	1	INS+139:0/1:PASS:DV18/TC36:V5TP:T2TTP:hapGT0/1	1	0	1	0	0	+138:0/1:TP	1	0	0	+138:0/1:TP	equal	equal	equal
819	chr18	1854540	1855040	500	1854340	1855240	1	44	22	24	True	337	0.674	2	2	2	23	0.0	False	cpx_het	2	size_diff	180	-30@1854685,-28@1854687,-122@1854755	-28@1854687,-122@1854755	-180,-150	-180,-150	False	1.0	hom	1	-	152	-30@1854685,-122@1854755	-28@1854687,-122@1854755	-152,-150	-152,-150	False	1.0	1	819.0	24	24	-150	0	1	0	1	kmeans	1	2	0	0	0	False	False	1	1	1	DEL-150:1/1:PASS:DV23/TC23:V5TP:T2TTP:hapGT1/1	1	0	1	0	0	-122:1/1:TP	1	0	0	-122:1/1:TP	under	equal	under
820	chr18	1872579	1873079	500	1872379	1873279	1	21	18	19	False	0	0.0	2	2	2	17	0.0	False	hom	1	-	34	-34@1872733	-34@1872733	-34,-34	-34,-34	False	1.0	hom	1	-	34	-34@1872733	-34@1872733	-34,-34	-34,-34	False	1.0	1	820.0	17	17	-34	0	1	0	1	kmeans	1	2	0	0	0	False	False	1	1	1	DEL-34:1/1:PASS:DV17/TC18:V5ref:T2Tref:hapGT1/1	1	0	0	0	0	-	0	0	0	-	equal	equal	equal
821	chr18	1955162	1955662	500	1954962	1955862	1	8	8	19	False	0	0.0	2	2	2	18	0.0	False	het	2	-	64	-	+64@1955407	0,64	0,64	False	1.0	het	2	-	64	-	+64@1955407	0,64	0,64	False	1.0	2	821.0,821.1	10,9	19	0,65	0	2	0	2	kmeans	2	1	0	0	0	False	False	2	2	1	INS+65:0/1:PASS:DV9/TC19:V5TP:T2TTP:hapGT0/1	1	0	1	0	0	+64:0/1:TP	1	0	0	+64:0/1:TP	equal	equal	equal
822	chr18	1962639	1963139	500	1962439	1963359	1	14	7	16	True	787	1.0	2	2	2	16	0.062	False	het	2	-	69	-	+258@1962690,-189@1962901	0,69	0,60	False	1.0	het	2	-	69	-	+258@1962690,-189@1962901	0,69	0,60	False	1.0	2	822.0,822.1	8,8	16	0,41	0	2	0	2	kmeans	2	2	0	0	0	False	False	1	1	0	-	0	0	0	2	0	+258:0/1:FN;-189:0/1:FN	0	2	0	+258:0/1:FN;-189:0/1:FN	equal	equal	equal
823	chr18	2066353	2066853	500	2066153	2067053	1	10	10	23	False	0	0.0	2	2	2	23	0.0	False	het	2	-	814	-	+814@2066603	0,814	0,814	False	1.0	het	2	-	814	-	+814@2066603	0,814	0,814	False	1.0	2	823.0,823.1	12,11	23	814,0	0	2	0	2	kmeans	2	4	0	0	0	False	False	2	2	1	INS+814:0/1:PASS:DV12/TC22:V5TP:T2TTP:hapGT0/1	1	0	1	0	0	+814:0/1:TP	1	0	0	+814:0/1:TP	equal	equal	equal
824	chr18	2158569	2159069	500	2158369	2159269	1	15	14	17	True	98	0.196	2	2	2	17	0.0	False	cpx_het	2	size_diff	116	+100@2158970	+116@2158970	100,116	104,120	False	1.0	cpx_het	2	size_diff	116	+100@2158970	+116@2158970	100,116	104,120	False	1.0	1	824.0	17	17	116	0	1	0	1	kmeans	1	2	0	0	0	False	False	1	1	1	INS+116:1/1:PASS:DV15/TC16:V5TP:T2TTP:hapGT1/1	1	0	2	0	0	+116:0/1:TP;+100:1/0:TP	2	0	0	+116:0/1:TP;+100:1/0:TP	under	under	under
825	chr18	2472526	2473026	500	2472326	2473226	1	20	20	23	False	0	0.0	2	2	2	23	0.0	False	hom	1	-	114	-114@2472724	-114@2472724	-114,-114	-116,-116	False	1.0	hom	1	-	114	-114@2472724	-114@2472724	-114,-114	-116,-116	False	1.0	1	825.0	23	23	-114	0	1	0	1	kmeans	1	3	0	0	0	False	False	1	1	1	DEL-114:1/1:PASS:DV21/TC22:V5TP:T2TTP:hapGT1/1	1	0	1	0	0	-114:1/1:TP	1	0	0	-114:1/1:TP	equal	equal	equal
826	chr18	2614299	2614799	500	2614099	2614999	1	15	15	16	True	464	0.72	2	2	2	16	0.0	False	hom	1	-	186	-186@2614471	-186@2614471	-186,-186	-186,-186	False	1.0	hom	1	-	186	-186@2614471	-186@2614471	-186,-186	-186,-186	False	1.0	1	826.0	16	16	-185	0	1	0	1	kmeans	1	0	0	0	0	False	False	1	1	1	DEL-185:1/1:PASS:DV15/TC15:V5TP:T2TTP:hapGT1/1	1	0	1	0	0	-186:1/1:TP	1	0	0	-186:1/1:TP	equal	equal	equal
827	chr18	2997169	2997669	500	2996441	2997869	1	8	8	17	True	926	0.496	2	2	2	17	0.0	False	het	2	-	81	-81@2997378	-	-81,0	-83,6	False	1.0	het	2	-	81	-81@2997378	-	-81,0	-83,6	False	1.0	2	827.0,827.1	9,8	17	1,-86	0	2	0	2	kmeans	2	1	0	0	0	False	False	2	2	1	DEL-81:0/1:PASS:DV8/TC17:V5TP:T2TTP:hapGT0/1	1	0	1	0	0	-81:1/0:TP	1	0	0	-81:1/0:TP	equal	equal	equal
828	chr18	3015911	3016411	500	3015711	3016611	1	20	19	21	False	0	0.0	2	2	2	21	0.0	False	hom	1	-	53	+53@3016165	+53@3016165	53,53	53,53	False	1.0	hom	1	-	53	+53@3016165	+53@3016165	53,53	53,53	False	1.0	1	828.0	21	21	53	0	1	0	1	kmeans	1	1	0	0	0	False	False	1	1	1	INS+53:1/1:PASS:DV19/TC19:V5TP:T2TTP:hapGT1/1	1	0	1	0	0	+53:1/1:TP	1	0	0	+53:1/1:TP	equal	equal	equal
829	chr18	3102819	3103319	500	3102619	3103519	1	18	18	18	True	135	0.27	2	2	2	18	0.0	False	hom	1	-	69	+69@3103003	+69@3103003	69,69	69,69	False	1.0	hom	1	-	69	+69@3103003	+69@3103003	69,69	69,69	False	1.0	1	829.0	17	17	69	0	1	0	1	kmeans	1	0	0	0	0	False	False	1	1	1	INS+69:1/1:PASS:DV17/TC18:V5TP:T2TTP:hapGT1/1	1	0	1	0	0	+69:1/1:TP	1	0	0	+69:1/1:TP	equal	equal	equal
830	chr18	3110915	3111415	500	3110715	3111615	1	16	16	16	False	0	0.0	2	2	2	16	0.0	False	hom	1	-	3821	+3821@3111089	+3821@3111089	3821,3821	3820,3819	False	1.0	hom	1	-	3821	+3821@3111089	+3821@3111089	3821,3821	3820,3819	False	1.0	2	830.0,830.1	12,4	16	3821,3838	0	2	0	1	other	0	3	0	0	0	False	False	1	1	1	INS+3821:0/1:PASS:DV16/TC16:V5TP:T2Tref:hapGT1/1	2	1	1	0	0	+3821:1/1:TP	1	1	0	+3821:0/1:TP;+3821:1/0:FN	over	over	over
831	chr18	3113015	3113515	500	3112815	3113715	1	27	13	14	True	478	0.69	2	2	2	14	0.0	False	hom	1	-	40	-20@3113193,-20@3113316	-20@3113193,-20@3113316	-40,-40	-39,-40	False	1.0	hom	1	-	40	-20@3113193,-20@3113316	-20@3113193,-20@3113316	-40,-40	-39,-40	False	1.0	1	831.0	14	14	-40	0	1	0	1	kmeans	1	1	0	0	0	False	False	1	1	0	-	0	0	0	0	0	-	0	0	0	-	equal	equal	equal
832	chr18	3146858	3147358	500	3146658	3147558	1	20	20	29	True	148	0.296	2	2	2	28	0.0	False	het	2	-	34	-	+34@3147125	0,34	0,34	False	1.0	het	2	-	34	-	+34@3147125	0,34	0,34	False	1.0	2	832.0,832.1	20,9	29	34,0	0	2	0	2	kmeans	2	0	0	0	0	False	False	2	2	1	INS+34:0/1:PASS:DV20/TC28:V5ref:T2Tref:hapGT0/1	1	0	0	0	0	-	0	0	0	-	equal	equal	equal
833	chr18	3272027	3272527	500	3271827	3272727	1	19	19	22	False	0	0.0	2	2	2	22	0.0	False	hom	1	-	52	+52@3272251	+52@3272251	52,52	52,52	False	1.0	hom	1	-	52	+52@3272251	+52@3272251	52,52	52,52	False	1.0	1	833.0	22	22	52	0	1	0	1	kmeans	1	0	0	0	0	False	False	1	1	1	INS+52:1/1:PASS:DV19/TC19:V5TP:T2TTP:hapGT1/1	1	0	1	0	0	+52:1/1:TP	1	0	0	+52:1/1:TP	equal	equal	equal
834	chr18	3421005	3421505	500	3420805	3422371	1	9	9	10	True	1101	0.57	2	2	2	9	0.0	False	hom	1	-	71	+71@3421221	+71@3421221	71,71	73,73	False	1.0	hom	1	-	71	+71@3421221	+71@3421221	71,71	73,73	False	1.0	1	834.0	10	10	66	0	1	0	1	kmeans	1	0	0	0	0	False	False	1	1	1	INS+71:1/1:PASS:DV9/TC9:V5TP:T2TTP:hapGT1/1	1	0	1	0	0	+71:1/1:TP	1	0	0	+71:1/1:TP	equal	equal	equal
835	chr18	3489765	3490265	500	3488243	3490465	1	5	5	28	True	1764	0.584	2	2	2	27	0.0	False	hom	1	-	27	-27@3489984	-27@3489984	-27,-27	-35,-31	False	1.0	hom	1	-	27	-27@3489984	-27@3489984	-27,-27	-35,-31	False	1.0	1	835.0	28	28	-26	0	1	0	1	kmeans	1	1	0	0	0	False	False	1	1	0	-	0	0	0	0	0	-	0	0	0	-	equal	equal	equal
836	chr18	3551116	3551669	553	3549305	3551869	1	18	10	25	True	2427	1.0	2	2	2	25	0.0	False	cpx_het	2	size_diff	50	-26@3551164,-24@3551581	-26@3551164	-50,-26	-42,-10	False	1.0	cpx_het	2	size_diff	50	-26@3551164,-24@3551581	-26@3551164	-50,-26	-42,-10	False	1.0	2	836.0,836.1	17,8	25	-24,-29	0	2	0	2	kmeans	2	3	0	0	0	False	False	1	1	0	-	0	0	0	0	0	-	0	0	0	-	equal	equal	equal
837	chr18	3600610	3601786	1176	3600410	3602053	1	55	18	28	True	829	0.52	2	2	2	27	0.0	False	het	2	-	94	-	+94@3600877	0,94	0,80	False	1.0	het	2	-	94	-	+94@3600877	0,94	0,80	False	1.0	2	837.0,837.1	9,19	28	0,70	0	2	0	2	kmeans	2	3	0	0	0	False	False	2	2	1	INS+34:0/1:PASS:DV18/TC26:V5ref:T2Tref:hapGT0/0	1	0	0	1	0	+94:0/1:FN	0	1	0	+94:0/1:FN	equal	equal	equal
838	chr18	3609683	3610183	500	3609483	3610383	1	16	16	23	False	0	0.0	2	2	2	23	0.0	False	het	2	-	448	-	+448@3609927	0,448	0,448	False	1.0	het	2	-	448	-	+448@3609927	0,448	0,448	False	1.0	2	838.0,838.1	17,6	23	448,0	0	2	0	2	kmeans	2	0	0	0	0	False	False	2	2	1	INS+448:0/1:PASS:DV16/TC22:V5TP:T2TTP:hapGT0/1	1	0	1	0	0	+448:0/1:TP	1	0	0	+448:0/1:TP	equal	equal	equal
839	chr18	3618556	3619056	500	3618356	3619256	1	25	25	28	False	0	0.0	2	2	2	28	0.0	False	hom	1	-	891	+890@3618666	+891@3618666	890,891	889,891	False	1.0	hom	1	-	891	+890@3618666	+891@3618666	890,891	889,891	False	1.0	2	839.0,839.1	24,4	28	892,646	0	2	1	2	kmeans	2	1	0	0	0	False	False	1	1	1	INS+892:0/1:PASS:DV23/TC27:V5TP:T2Tref:hapGT1/1;DEL-251:0/0:LowQual:DV1/TC26:V5-:T2T-	2	1	1	0	0	+891:1/1:TP	0	0	0	-	over	over	over
840	chr18	3740916	3741416	500	3740647	3741722	1	18	15	17	True	975	1.0	2	2	2	17	0.0	False	cpx_het	2	size_diff	164	+164@3741020	+36@3741094	164,36	163,38	False	1.0	cpx_het	2	size_diff	164	+164@3741020	+36@3741094	164,36	163,38	False	1.0	2	840.0,840.1	8,9	17	36,164	0	2	0	2	kmeans	2	2	0	0	0	False	False	2	2	2	INS+164:0/1:PASS:DV7/TC17:V5TP:T2TTP:hapGT0/1;INS+36:0/1:PASS:DV8/TC17:V5ref:T2Tref:hapGT0/1	2	0	1	0	0	+164:1/0:TP	1	0	0	+164:1/0:TP	equal	equal	equal
841	chr18	3772141	3772641	500	3771941	3772841	1	10	9	20	True	445	0.79	2	2	2	19	0.0	False	cpx_het	2	size_diff	74	-20@3772342,-54@3772344	-54@3772344	-74,-54	-66,-53	False	1.0	cpx_het	2	size_diff	54	-20@3772342	-54@3772344	-20,-54	-12,-53	False	1.0	2	841.0,841.1	11,9	20	-12,-59	0	2	0	2	kmeans	2	0	0	0	0	False	False	1	1	1	DEL-54:0/1:PASS:DV9/TC20:V5TP:T2TTP:hapGT1/1	1	1	1	0	0	-54:0/1:TP	1	0	0	-54:0/1:TP	equal	equal	equal
842	chr18	3832917	3833417	500	3832717	3833617	1	26	26	29	True	109	0.218	2	2	2	29	0.0	False	hom	1	-	52	-52@3833130	-48@3833130	-52,-48	-52,-48	False	1.0	hom	1	-	52	-52@3833130	-48@3833130	-52,-48	-52,-48	False	1.0	1	842.0	29	29	-48	0	1	0	1	kmeans	1	2	0	0	0	False	False	1	1	1	DEL-48:1/1:PASS:DV27/TC28:V5TP:T2TTP:hapGT1/1	1	0	1	0	0	-52:1/1:TP	1	0	0	-52:1/0:TP	equal	equal	equal
843	chr18	3933076	3933576	500	3932876	3933776	1	2	2	22	False	0	0.0	2	2	2	20	0.0	False	ref	1	-	0	-	-	0,0	0,0	False	1.0	ref	1	-	0	-	-	0,0	0,0	False	1.0	1	843.0	22	22	0	0	1	0	1	kmeans	1	1	0	0	0	False	False	1	1	0	-	0	0	0	0	0	-	0	0	0	-	equal	equal	equal
844	chr18	4002291	4002791	500	4002091	4002991	1	19	18	18	False	0	0.0	2	2	2	18	0.0	False	hom	1	-	54	+54@4002385	+54@4002385	54,54	54,54	False	1.0	hom	1	-	54	+54@4002385	+54@4002385	54,54	54,54	False	1.0	1	844.0	18	18	54	0	1	0	1	kmeans	1	1	0	0	0	False	False	1	1	1	INS+54:1/1:PASS:DV18/TC18:V5TP:T2TTP:hapGT1/1	1	0	1	0	0	+54:1/1:TP	1	0	0	+54:1/1:TP	equal	equal	equal
845	chr19	20529866	20530366	500	20529473	20531329	1	5	5	15	True	1756	1.0	2	2	2	14	0.0	False	het	2	-	49	-49@20530065	-	-49,0	-43,0	False	1.0	het	2	-	49	-49@20530065	-	-49,0	-43,0	False	1.0	2	845.0,845.1	9,6	15	0,-43	0	2	0	2	kmeans	2	0	0	0	0	False	False	2	2	1	DEL-49:0/1:PASS:DV5/TC13:V5ref:T2Tref:hapGT0/1	1	0	0	0	0	-	0	0	0	-	equal	equal	equal
846	chr19	20562958	20563458	500	20562163	20563658	1	19	17	21	False	0	0.0	2	2	2	21	0.0	False	hom	1	-	323	+323@20563166	+317@20563166	323,317	322,314	False	1.0	hom	1	-	323	+323@20563166	+317@20563166	323,317	322,314	False	1.0	1	846.0	21	21	318	0	1	0	1	kmeans	1	2	0	0	0	False	False	1	1	1	INS+318:1/1:PASS:DV17/TC17:V5TP:T2TTP:hapGT1/1	1	0	1	0	0	+323:1/1:TP	2	0	0	+317:0/1:TP;+323:1/0:TP	equal	equal	equal
847	chr19	20587254	20587754	500	20587054	20587954	1	22	22	25	False	0	0.0	2	2	2	24	0.0	False	hom	1	-	73	+73@20587512	+68@20587511	73,68	73,68	False	1.0	hom	1	-	73	+73@20587512	+68@20587511	73,68	73,68	False	1.0	1	847.0	24	24	72	0	1	0	1	kmeans	1	3	0	0	0	False	False	1	1	1	INS+72:1/1:PASS:DV22/TC24:V5TP:T2TTP:hapGT1/1	1	0	1	0	0	+68:1/1:TP	2	0	0	+68:0/1:TP;+73:1/0:TP	equal	equal	equal
848	chr19	20624277	20625526	1249	20623784	20625726	1	16	15	17	True	1604	0.93	2	2	2	16	0.0	False	hom	1	-	167	-167@20624327	-167@20624327	-167,-167	-166,-166	False	1.0	hom	1	-	167	-167@20624327	-167@20624327	-167,-167	-166,-166	False	1.0	1	848.0	17	17	-162	0	1	0	1	kmeans	1	3	0	0	0	False	False	1	1	1	DEL-167:1/1:PASS:DV16/TC16:V5TP:T2TTP:hapGT1/1	1	0	1	0	0	-167:1/1:TP	1	0	0	-167:1/1:TP	equal	equal	equal
849	chr19	20822722	20823933	1211	20822522	20824620	1	56	20	23	True	1894	1.0	2	2	2	23	0.0	False	cpx_het	2	opposite_sign	78	-60@20822960,-49@20823582,+31@20823823	+31@20823823	-78,31	-96,29	False	1.0	cpx_het	2	opposite_sign	78	-60@20822960,-49@20823582,+31@20823823	+31@20823823	-78,31	-96,29	False	1.0	2	849.0,849.1	9,14	23	31,-95	0	2	0	2	kmeans	2	0	0	0	0	False	False	2	2	3	DEL-60:0/1:PASS:DV14/TC23:V5TP:T2TTP:hapGT0/1;DEL-49:0/1:PASS:DV14/TC23:V5ref:T2Tref:hapGT0/0;INS+31:0/1:PASS:DV23/TC23:V5ref:T2Tref:hapGT0/1	4	0	1	0	0	-60:1/0:TP	1	0	0	-60:1/0:TP	equal	equal	equal
850	chr19	20858442	20858942	500	20858242	20859142	1	13	12	22	True	160	0.32	2	2	2	22	0.0	False	het	2	-	40	+40@20858619	-	40,0	41,0	False	1.0	het	2	-	40	+40@20858619	-	40,0	41,0	False	1.0	2	850.0,850.1	10,12	22	0,40	0	2	0	2	kmeans	2	0	0	0	0	False	False	2	2	1	INS+40:0/1:PASS:DV12/TC22:V5ref:T2Tref:hapGT0/1	1	0	0	0	0	-	0	0	0	-	equal	equal	equal
851	chr19	20880275	20890499	10224	20866260	20892978	1	15	10	22	True	26618	1.0	2	2	2	22	0.636	True	cpx_het	2	size_diff	152	+114@20880325,+38@20890415	+114@20880325	152,114	152,114	False	1.0	cpx_het	2	size_diff	152	+114@20880325,+38@20890415	+114@20880325	152,114	152,114	False	1.0	2	851.0,851.1	19,3	22	131,NA	1	1	0	1	kmeans	2	4	0	0	0	False	False	1	1	2	INS+114:1/1:PASS:DV10/TC10:V5TP:T2TTP:hapGT1/1;INS+40:1/1:PASS:DV7/TC7:V5ref:T2Tref:hapGT0/0	2	0	1	0	0	+114:1/1:TP	1	0	0	+114:1/1:TP	equal	equal	equal
852	chr19	21019439	21019939	500	21019184	21020139	1	8	4	12	True	837	1.0	2	2	2	12	0.667	True	hom	1	-	62	+82@21019661,-20@21019787	+82@21019661,-20@21019787	62,62	68,68	False	1.0	hom	1	-	62	+82@21019661,-20@21019787	+82@21019661,-20@21019787	62,62	68,68	False	1.0	1	852.0	12	12	60	0	1	0	1	kmeans	1	1	0	0	0	False	False	1	1	1	INS+56:1/1:PASS:DV4/TC4:V5ref:T2Tref:hapGT1/1	1	0	1	0	0	+72:1/1:TP	1	0	0	+72:1/1:TP	equal	equal	equal
853	chr19	21049566	21050066	500	21049366	21050266	1	49	24	24	True	130	0.26	2	2	2	23	0.0	False	hom	1	-	64	+24@21049689,+40@21049995	+24@21049689,+40@21049995	64,64	67,67	False	1.0	hom	1	-	64	+24@21049689,+40@21049995	+24@21049689,+40@21049995	64,64	67,67	False	1.0	1	853.0	24	24	64	0	1	0	1	kmeans	1	0	0	0	0	False	False	1	1	1	INS+40:1/1:PASS:DV24/TC25:V5ref:T2Tref:hapGT0/0	1	0	0	0	0	-	0	0	0	-	equal	equal	equal
854	chr19	21144804	21145304	500	21144604	21145504	1	20	20	20	False	0	0.0	2	2	2	20	0.0	False	hom	1	-	32	+32@21145054	+32@21145054	32,32	32,32	False	1.0	hom	1	-	32	+32@21145054	+32@21145054	32,32	32,32	False	1.0	1	854.0	20	20	32	0	1	0	1	kmeans	1	0	0	0	0	False	False	1	1	1	INS+32:1/1:PASS:DV20/TC20:V5ref:T2Tref:hapGT1/1	1	0	0	0	0	-	0	0	0	-	equal	equal	equal
855	chr19	21212288	21212788	500	21212088	21213530	1	23	23	23	True	1011	0.638	2	2	2	23	0.0	False	hom	1	-	40	+40@21212535	+40@21212535	40,40	40,40	False	1.0	hom	1	-	40	+40@21212535	+40@21212535	40,40	40,40	False	1.0	1	855.0	23	23	40	0	1	0	1	kmeans	1	0	0	0	0	False	False	1	1	1	INS+40:1/1:PASS:DV23/TC23:V5ref:T2Tref:hapGT1/1	1	0	0	0	0	-	0	0	0	-	equal	equal	equal
856	chr19	21331086	21331586	500	21330886	21331786	1	16	15	17	True	344	0.688	2	2	2	17	0.0	False	hom	1	-	187	-187@21331163	-187@21331163	-187,-187	-189,-188	False	1.0	hom	1	-	187	-187@21331163	-187@21331163	-187,-187	-189,-188	False	1.0	1	856.0	17	17	-187	0	1	0	1	kmeans	1	2	0	0	0	False	False	1	1	1	DEL-187:1/1:PASS:DV16/TC16:V5TP:T2TTP:hapGT1/1	1	0	1	0	0	-187:1/1:TP	1	0	0	-187:1/1:TP	equal	equal	equal
857	chr19	21483957	21484457	500	21483757	21484657	1	29	21	24	True	91	0.182	2	2	2	24	0.0	False	cpx_het	2	size_diff	90	+33@21484170	+90@21484170	33,90	48,90	False	1.0	cpx_het	2	size_diff	90	+33@21484170	+90@21484170	33,90	48,90	False	1.0	2	857.0,857.1	15,9	24	50,99	0	2	0	2	kmeans	2	3	0	0	0	False	False	1	1	2	INS+99:0/1:PASS:DV9/TC23:V5ref:T2Tref:hapGT0/1;INS+50:0/1:PASS:DV12/TC23:V5ref:T2Tref:hapGT0/0	2	0	0	1	1	+90:0/1:FN	0	1	1	+90:0/1:FN	equal	equal	equal
858	chr19	21535066	21535566	500	21534866	21535766	1	4	4	19	True	228	0.456	2	2	2	19	0.053	False	het	2	-	32	-	+32@21535296	0,32	4,20	False	0.717	het	2	-	32	-	+32@21535296	0,32	4,20	False	0.717	1	858.0	19	19	28	0	1	0	1	kmeans	1	1	0	0	0	False	False	0	0	0	-	0	0	0	0	0	-	0	0	0	-	under	under	under
859	chr19	21551121	21551621	500	21550921	21551910	1	11	10	13	True	762	1.0	2	2	2	13	0.0	False	hom	1	-	47	-47@21551267	-47@21551267	-47,-47	-48,-48	False	1.0	hom	1	-	47	-47@21551267	-47@21551267	-47,-47	-48,-48	False	1.0	1	859.0	13	13	-47	0	1	0	1	kmeans	1	1	0	0	0	False	False	1	1	1	DEL-47:1/1:PASS:DV10/TC10:V5ref:T2Tref:hapGT1/1	1	0	0	0	0	-	0	0	0	-	equal	equal	equal
860	chr19	21560022	21562693	2671	21559822	21563026	1	64	10	29	True	659	0.141	2	2	2	27	0.0	False	ref	1	-	0	-	-	0,0	0,2	False	1.0	ref	1	-	0	-	-	0,0	0,2	False	1.0	2	860.0,860.1	19,10	29	0,-883	0	1	0	2	other	0	2	0	0	0	False	False	1	1	2	DEL-528:0/1:PASS:DV10/TC27:V5FP:T2TFP:hapGT0/0;DEL-340:0/1:PASS:DV10/TC27:V5FP:T2TFP:hapGT0/0	2	0	0	0	2	-	0	0	2	-	over	over	over
861	chr19	21564465	21564965	500	21564265	21565165	1	10	10	28	False	0	0.0	2	2	2	26	0.0	False	ref	1	-	0	-	-	0,0	0,0	False	1.0	ref	1	-	0	-	-	0,0	0,0	False	1.0	2	861.0,861.1	18,10	28	0,272	0	2	0	2	kmeans	2	2	0	0	0	False	False	1	1	1	INS+266:0/1:PASS:DV10/TC26:V5FP:T2TFP:hapGT0/0	1	0	0	0	1	-	0	0	1	-	over	over	over
862	chr19	21565903	21566403	500	21565703	21566603	1	10	10	31	False	0	0.0	2	2	2	29	0.0	False	ref	1	-	0	-	-	0,0	0,0	False	1.0	ref	1	-	0	-	-	0,0	0,0	False	1.0	2	862.0,862.1	20,10	30	0,289	0	2	0	2	kmeans	2	4	0	0	0	False	False	1	1	1	INS+300:0/1:PASS:DV10/TC30:V5FP:T2TFP:hapGT0/0	1	0	0	0	1	-	0	0	1	-	over	over	over
863	chr19	21567878	21569787	1909	21567678	21569987	1	28	10	30	False	0	0.0	2	2	2	28	0.0	False	ref	1	-	0	-	-	0,0	0,1	False	1.0	ref	1	-	0	-	-	0,0	0,1	False	1.0	2	863.0,863.1	10,20	30	-560,0	0	2	0	2	other	0	2	0	0	0	False	False	1	1	2	DEL-967:0/1:PASS:DV10/TC29:V5FP:T2TFP:hapGT0/0;INS+407:0/1:PASS:DV10/TC27:V5FP:T2TFP:hapGT0/0	2	0	0	0	2	-	0	0	2	-	over	over	over
864	chr19	21574005	21580625	6620	21573805	21580825	1	67	8	47	True	952	0.144	2	2	2	44	0.0	True	ref	1	-	0	-	-	0,0	5,0	False	1.0	ref	1	-	0	-	-	0,0	5,0	False	1.0	2	864.0,864.1	43,4	47	8,-20	0	1	0	2	other	0	7	0	0	0	False	False	1	1	1	DEL-51:0/0:PASS:DV4/TC38:V5ref:T2Tref:hapGT0/0	1	0	0	0	0	-	0	0	0	-	over	over	over
865	chr19	21584172	21585887	1715	21583972	21586087	1	18	6	36	False	0	0.0	2	2	2	32	0.0	False	ref	1	-	0	-	-	0,0	2,2	False	1.0	ref	1	-	0	-	-	0,0	2,2	False	1.0	2	865.0,865.1	30,6	36	0,-286	0	1	0	2	kmeans	2	0	0	0	0	False	False	1	1	2	DEL-297:0/0:PASS:DV6/TC36:V5ref:T2Tref:hapGT0/0;DEL-32:0/0:PASS:DV6/TC36:V5ref:T2Tref:hapGT0/0	2	0	0	0	0	-	0	0	0	-	over	over	over
866	chr19	21614514	21615014	500	21614314	21615214	1	10	10	24	True	321	0.614	2	2	2	23	0.0	False	het	2	-	39	-	-39@21614748	0,-39	0,-39	False	1.0	het	2	-	39	-	-39@21614748	0,-39	0,-39	False	1.0	2	866.0,866.1	11,13	24	-39,0	0	2	0	2	kmeans	2	0	0	0	0	False	False	2	2	1	DEL-39:0/1:PASS:DV10/TC23:V5ref:T2Tref:hapGT0/1	1	0	0	0	0	-	0	0	0	-	equal	equal	equal
867	chr19	21630382	21630882	500	21630182	21631082	1	11	11	19	True	150	0.3	2	2	2	18	0.0	False	het	2	-	36	-	-36@21630606	0,-36	-11,-43	False	1.0	het	2	-	36	-	-36@21630606	0,-36	-11,-37	False	1.0	2	867.0,867.1	13,5	18	-36,0	0	2	0	2	kmeans	2	2	0	0	0	False	False	2	2	1	DEL-36:0/1:PASS:DV11/TC16:V5ref:T2Tref:hapGT0/1	1	0	0	0	0	-	0	0	0	-	equal	equal	equal
868	chr19	21635888	21636388	500	21635688	21636588	1	28	25	28	True	78	0.156	2	2	2	28	0.0	False	hom	1	-	44	+44@21636134	+40@21636134	44,40	47,43	False	1.0	hom	1	-	44	+44@21636134	+40@21636134	44,40	47,43	False	1.0	1	868.0	28	28	44	0	1	0	1	kmeans	1	2	0	0	0	False	False	1	1	1	INS+44:1/1:PASS:DV26/TC26:V5ref:T2Tref:hapGT1/1	1	0	0	0	0	-	0	0	0	-	equal	equal	equal
869	chr19	21668893	21669393	500	21668693	21669593	1	3	3	12	False	0	0.0	2	2	2	12	0.0	False	het	2	-	38	+38@21669143	-	38,0	38,0	False	1.0	het	2	-	38	+38@21669143	-	38,0	38,0	False	1.0	2	869.0,869.1	9,3	12	0,38	0	2	0	2	kmeans	2	2	0	0	0	False	False	2	2	1	INS+38:0/1:PASS:DV3/TC12:V5ref:T2Tref:hapGT0/1	1	0	0	0	0	-	0	0	0	-	equal	equal	equal
870	chr19	21688144	21688763	619	21687944	21688963	1	16	9	28	False	0	0.0	2	2	2	18	0.5	True	ref	1	-	0	-	-	0,0	0,0	False	1.0	ref	1	-	0	-	-	0,0	0,0	False	1.0	1	870.0	27	27	0	0	1	0	1	kmeans	1	0	0	0	0	False	False	1	1	0	-	0	0	0	0	0	-	0	0	0	-	equal	equal	equal
871	chr19	21700010	21700510	500	21699810	21700710	1	11	11	18	False	0	0.0	2	2	2	17	0.765	True	hom	1	-	32	+32@21700240	+32@21700240	32,32	32,32	False	1.0	hom	1	-	32	+32@21700240	+32@21700240	32,32	32,32	False	1.0	1	871.0	18	18	32	0	1	0	1	kmeans	1	1	0	0	0	False	False	1	1	1	INS+32:1/1:PASS:DV11/TC11:V5ref:T2Tref:hapGT1/1	1	0	0	0	0	-	0	0	0	-	equal	equal	equal
872	chr19	21707275	21708009	734	21707075	21708209	1	9	6	15	True	826	0.948	2	2	2	15	0.867	True	cpx_het	2	size_diff	170	+54@21707325,+116@21707901	+79@21707925	170,79	170,79	False	1.0	cpx_het	2	size_diff	170	+54@21707325,+116@21707901	+79@21707925	170,79	170,79	False	1.0	2	872.0,872.1	6,9	15	77,170	0	2	0	2	kmeans	2	2	0	0	0	False	False	2	2	3	INS+54:0/1:PASS:DV3/TC7:V5TP:T2TTP:hapGT0/0;INS+116:0/1:PASS:DV3/TC6:V5TP:T2TTP:hapGT0/0;INS+77:0/1:PASS:DV3/TC6:V5TP:T2TTP:hapGT0/1	3	0	3	0	0	+54:1/0:TP;+116:1/0:TP;+79:0/1:TP	3	0	0	+54:1/0:TP;+116:1/0:TP;+79:0/1:TP	equal	equal	equal
873	chr19	21819985	21820485	500	21819785	21820685	1	10	10	19	True	689	1.0	2	2	2	19	0.0	False	het	2	-	38	-	+38@21820217	0,38	0,38	False	1.0	het	2	-	38	-	+38@21820217	0,38	0,38	False	1.0	2	873.0,873.1	8,11	19	0,38	0	2	0	2	kmeans	2	1	0	0	0	False	False	2	2	1	INS+38:0/1:PASS:DV11/TC18:V5ref:T2Tref:hapGT0/1	1	0	0	0	0	-	0	0	0	-	equal	equal	equal
874	chr19	21865463	21866500	1037	21865212	21866999	1	37	23	24	True	1687	1.0	2	2	2	24	0.0	False	cpx_het	2	opposite_sign	225	+40@21866031,+39@21866404	-225@21865695	79,-225	67,-231	False	1.0	cpx_het	2	opposite_sign	225	+40@21866031,+39@21866404	-225@21865695	79,-225	67,-231	False	1.0	2	874.0,874.1	13,10	23	71,-230	0	2	0	2	kmeans	2	0	0	0	0	False	False	2	2	3	DEL-225:0/1:PASS:DV9/TC23:V5TP:T2TTP:hapGT0/1;INS+40:0/1:PASS:DV13/TC23:V5ref:T2Tref:hapGT0/0;INS+39:0/1:PASS:DV13/TC23:V5ref:T2Tref:hapGT0/0	3	0	1	0	0	-225:0/1:TP	1	0	0	-225:0/1:TP	equal	equal	equal
875	chr19	21914022	21914522	500	21913822	21915828	1	16	10	22	True	1667	0.822	2	2	2	22	0.0	False	cpx_het	2	size_diff	94	+94@21914283	+78@21914155,-28@21914296	94,50	98,29	False	0.691	cpx_het	2	size_diff	94	+94@21914283	+78@21914155,-28@21914296	94,50	98,29	False	0.691	2	875.0,875.1	13,9	22	19,94	0	2	0	2	kmeans	2	1	0	0	0	False	False	1	1	1	INS+94:0/1:PASS:DV9/TC21:V5ref:T2Tref:hapGT0/1	1	0	0	0	0	-	0	0	0	-	equal	equal	equal
876	chr19	21998793	21999293	500	21998067	21999493	1	11	10	26	True	952	0.552	2	2	2	26	0.0	False	het	2	-	48	-	-48@21999034	0,-48	0,-47	False	1.0	het	2	-	48	-	-48@21999034	0,-48	0,-47	False	1.0	2	876.0,876.1	15,11	26	0,-48	0	2	0	2	kmeans	2	1	0	0	0	False	False	2	2	1	DEL-48:0/1:PASS:DV10/TC26:V5ref:T2Tref:hapGT0/1	1	0	0	0	0	-	0	0	0	-	equal	equal	equal
877	chr19	22072469	22073095	626	22072269	22073295	1	10	2	25	False	0	0.0	2	2	2	23	0.0	False	ref	1	-	0	-	-	0,0	0,0	False	1.0	ref	1	-	0	-	-	0,0	0,0	False	1.0	1	877.0	24	24	0	0	1	0	1	kmeans	1	1	0	0	0	False	False	1	1	0	-	0	0	0	0	0	-	0	0	0	-	equal	equal	equal
878	chr19	22107040	22107788	748	22105985	22108833	1	25	12	18	True	2748	1.0	2	2	2	18	0.0	False	het	2	-	151	-175@22107145,+48@22107713,-24@22108705	-	-151,0	-151,6	False	1.0	het	2	-	151	-175@22107145,+48@22107713,-24@22108705	-	-151,0	-151,6	False	1.0	2	878.0,878.1	11,7	18	-151,0	0	2	0	2	kmeans	2	1	0	0	0	False	False	2	2	2	DEL-175:0/1:PASS:DV10/TC17:V5TP:T2TTP:hapGT0/1;INS+48:0/1:PASS:DV11/TC18:V5ref:T2Tref:hapGT0/0	2	0	1	0	0	-175:1/0:TP	1	0	0	-175:1/0:TP	equal	equal	equal
879	chr19	22180717	22181217	500	22179047	22181426	1	6	6	8	True	2279	1.0	2	2	2	7	1.0	True	hom	1	-	252	+252@22180935	+252@22180935	252,252	252,252	False	1.0	hom	1	-	252	+252@22180935	+252@22180935	252,252	252,252	False	1.0	1	879.0	8	8	259	0	1	0	1	kmeans	1	0	0	0	0	False	False	1	1	1	INS+253:1/1:PASS:DV6/TC6:V5TP:T2TTP:hapGT1/1	1	0	1	0	0	+252:1/1:TP	2	0	0	+252:0/1:TP;+252:1/0:TP	equal	equal	equal
880	chr19	22190397	22190897	500	22190197	22191097	1	7	7	12	False	0	0.0	2	2	2	12	0.333	True	het	2	-	54	+54@22190647	-	54,0	54,8	False	1.0	het	2	-	54	+54@22190647	-	54,0	54,8	False	1.0	2	880.0,880.1	9,3	12	54,8	0	2	0	2	kmeans	2	0	0	0	0	False	False	2	2	1	INS+54:0/1:PASS:DV7/TC10:V5TP:T2TTP:hapGT0/1	1	0	1	0	0	+54:1/0:TP	1	0	0	+54:1/0:TP	equal	equal	equal
881	chr19	22253150	22253650	500	22252950	22253850	1	6	6	11	True	256	0.512	2	2	2	11	0.727	True	hom	1	-	98	-20@22253354,-78@22253407	-20@22253402,-78@22253407	-98,-98	-97,-97	False	1.0	cpx_het	2	size_diff	98	-20@22253354,-78@22253407	-20@22253402	-98,-20	-97,-19	False	1.0	2	881.0,881.1	3,8	11	-20,-99	0	2	0	2	kmeans	2	0	0	0	0	False	False	1	2	1	DEL-92:0/1:PASS:DV6/TC9:V5TP:T2TTP:hapGT1/1	1	1	1	0	0	-78:1/0:TP	1	0	0	-78:1/0:TP	over	equal	over
882	chr19	22321628	22322128	500	22321428	22322328	1	13	13	17	True	402	0.73	2	2	2	17	0.0	False	het	2	-	40	-	-40@22321856	0,-40	0,-40	False	1.0	het	2	-	40	-	-40@22321856	0,-40	0,-40	False	1.0	1	882.0	17	17	-40	0	1	0	1	kmeans	1	0	0	0	0	False	False	0	0	1	DEL-40:1/1:PASS:DV17/TC17:V5ref:T2Tref:hapGT0/1	1	1	0	0	0	-	0	0	0	-	under	under	under
883	chr19	22448375	22451365	2990	22448175	22451565	1	18	3	25	False	0	0.0	2	2	2	22	0.0	False	ref	1	-	0	-	-	0,0	0,-1	False	1.0	ref	1	-	0	-	-	0,0	0,-1	False	1.0	2	883.0,883.1	22,3	25	0,123	0	1	0	2	kmeans	2	3	0	0	0	False	False	1	1	4	INS+102:0/0:PASS:DV3/TC22:V5ref:T2Tref:hapGT0/0;INS+31:0/0:PASS:DV3/TC22:V5ref:T2Tref:hapGT0/0;INS+324:0/0:PASS:DV3/TC20:V5ref:T2Tref:hapGT0/0;DEL-318:0/0:PASS:DV3/TC19:V5ref:T2Tref:hapGT0/0	4	0	0	0	0	-	0	0	0	-	over	over	over
884	chr19	22453036	22453933	897	22452836	22455462	1	6	3	18	True	1561	0.091	2	2	2	15	0.0	False	ref	1	-	0	-	-	0,0	-3,0	False	1.0	ref	1	-	0	-	-	0,0	-3,0	False	1.0	2	884.0,884.1	15,3	18	0,-74	0	1	0	2	kmeans	2	2	0	0	0	False	False	1	1	1	DEL-68:0/0:PASS:DV3/TC16:V5ref:T2Tref:hapGT0/0	1	0	0	0	0	-	0	0	0	-	over	over	over
885	chr19	22771170	22772060	890	22770890	22772260	1	27	23	24	True	1066	0.939	2	2	2	23	0.0	False	hom	1	-	3409	+3409@22771879	+3408@22771879	3409,3408	3409,3408	False	1.0	hom	1	-	3409	+3409@22771879	+3408@22771879	3409,3408	3409,3408	False	1.0	2	885.0,885.1	19,5	24	3408,3416	0	2	0	1	kmeans	2	6	0	0	0	False	False	1	1	1	INS+3408:0/1:PASS:DV22/TC22:V5TP:T2Tref:hapGT1/1	2	1	1	0	0	+3409:1/1:TP	1	1	0	+3408:0/1:TP;+3409:1/0:FN	over	over	over
886	chr19	22862244	22862744	500	22862044	22862944	1	6	6	15	True	339	0.678	2	2	2	15	0.0	False	hom	1	-	32	+32@22862485	+32@22862485	32,32	30,27	False	1.0	hom	1	-	32	+32@22862485	+32@22862485	32,32	30,27	False	1.0	2	886.0,886.1	7,8	15	32,22	0	2	0	2	kmeans	2	1	0	0	0	False	False	1	1	1	INS+32:0/1:PASS:DV7/TC15:V5ref:T2Tref:hapGT1/1	1	1	0	0	0	-	0	0	0	-	over	over	over
887	chr19	22895037	22895537	500	22894837	22895798	1	14	14	14	True	530	0.638	2	2	2	14	0.0	False	cpx_het	2	size_diff	98	-51@22895243,-47@22895247	-47@22895247	-98,-47	-108,-57	False	1.0	hom	1	-	51	-51@22895243	-47@22895247	-51,-47	-61,-57	False	1.0	1	887.0	14	14	-55	0	1	0	1	kmeans	1	0	0	0	0	False	False	0	1	1	DEL-47:1/1:PASS:DV14/TC14:V5TP:T2TTP:hapGT0/1	1	1	1	0	0	-51:1/1:TP	1	0	0	-51:1/0:TP	under	equal	under
888	chr19	22910036	22910536	500	22909836	22911010	1	8	8	22	False	0	0.0	2	2	2	22	0.0	False	het	2	-	36	-	+36@22910297	0,36	18,36	False	1.0	het	2	-	36	-	+36@22910297	0,36	18,36	False	1.0	2	888.0,888.1	9,13	22	36,20	0	2	0	2	kmeans	2	2	0	0	0	False	False	1	1	1	INS+36:0/1:PASS:DV9/TC21:V5ref:T2Tref:hapGT0/1	1	0	0	0	0	-	0	0	0	-	equal	equal	equal
889	chr19	22926602	22928111	1509	22925461	22928311	1	45	17	17	True	2747	1.0	2	2	2	16	0.0	False	cpx_het	2	opposite_sign	507	+179@22926656,-178@22927374,-128@22927415	+178@22926696,+49@22927070,-128@22927415,+408@22927974	-127,507	-124,507	False	1.0	cpx_het	2	one_net_small	507	+179@22926656,-178@22927374	+178@22926696,+49@22927070,-128@22927415,+408@22927974	1,507	4,507	False	1.0	2	889.0,889.1	7,9	16	517,7	0	2	0	2	other	0	0	0	0	0	False	False	1	2	5	INS+180:0/1:PASS:DV16/TC16:V5ref:T2Tref:hapGT0/0;INS+49:0/1:PASS:DV7/TC16:V5ref:T2Tref:hapGT0/0;DEL-178:0/1:PASS:DV9/TC17:V5ref:T2Tref:hapGT0/1;INS+50:0/1:PASS:DV6/TC16:V5ref:T2Tref:hapGT0/0;INS+250:0/1:PASS:DV6/TC16:V5ref:T2Tref:hapGT0/0	6	0	1	4	2	+149:1/1:TP;-178:1/0:FN;-128:0/1:FN;+103:0/1:FN;+304:0/1:FN	1	4	2	+149:1/1:TP;-178:1/0:FN;-127:0/1:FN;+103:0/1:FN;+304:0/1:FN	equal	equal	equal
890	chr19	22957949	22960177	2228	22957749	22960377	1	31	8	24	False	0	0.0	2	2	2	23	0.0	False	het	2	-	69	-	+69@22957999	0,69	0,69	False	0.0	het	2	-	69	-	+69@22957999	0,69	0,69	False	0.0	2	890.0,890.1	16,8	24	0,-2045	0	2	0	2	kmeans	2	1	0	0	0	False	False	1	1	1	DEL-2045:0/1:PASS:DV8/TC22:V5ref:T2Tref:hapGT0/0	1	0	0	0	0	-	0	0	0	-	equal	equal	equal
891	chr19	23116692	23117192	500	23116492	23117392	1	9	9	19	False	0	0.0	2	2	2	19	0.0	False	het	2	-	36	-	-36@23116922	0,-36	1,-35	False	1.0	het	2	-	36	-	-36@23116922	0,-36	1,-35	False	1.0	2	891.0,891.1	10,9	19	0,-36	0	2	0	2	kmeans	2	1	0	0	0	False	False	2	2	1	DEL-36:0/1:PASS:DV9/TC19:V5ref:T2Tref:hapGT0/1	1	0	0	0	0	-	0	0	0	-	equal	equal	equal
892	chr19	23137895	23138395	500	23137695	23138595	1	4	4	14	False	0	0.0	2	2	2	12	0.0	False	het	2	-	317	-	-317@23137986	0,-317	0,-317	False	1.0	het	2	-	317	-	-317@23137986	0,-317	0,-317	False	1.0	2	892.0,892.1	9,5	14	0,-317	0	2	0	2	kmeans	2	1	0	0	0	False	False	2	2	1	DEL-317:0/1:PASS:DV4/TC13:V5TP:T2TTP:hapGT0/1	1	0	1	0	0	-317:0/1:TP	1	0	0	-317:0/1:TP	equal	equal	equal
893	chr19	23214279	23214779	500	23214079	23214979	1	6	6	18	True	91	0.182	2	2	2	18	0.0	False	het	2	-	45	-	+45@23214484	0,45	0,48	False	1.0	het	2	-	45	-	+45@23214484	0,45	0,48	False	1.0	2	893.0,893.1	12,6	18	0,45	0	2	0	2	kmeans	2	1	0	0	0	False	False	2	2	1	INS+45:0/1:PASS:DV6/TC18:V5ref:T2Tref:hapGT0/1	1	0	0	0	0	-	0	0	0	-	equal	equal	equal
894	chr19	23322541	23323041	500	23322179	23324485	1	28	20	22	True	2206	1.0	2	2	2	22	0.0	False	hom	1	-	3047	-46@23322787,+3025@23322941	+3047@23322941	2979,3047	2978,3030	False	1.0	hom	1	-	3047	-46@23322787,+3025@23322941	+3047@23322941	2979,3047	2978,3030	False	1.0	2	894.0,894.1	12,10	22	2948,3043	0	1	1	1	kmeans	2	5	0	0	0	False	False	1	1	1	INS+2963:0/1:PASS:DV21/TC21:V5TP:T2Tref:hapGT1/1	2	1	1	0	0	+3047:1/1:TP	1	1	0	+3025:1/0:TP;+3047:0/1:FN	over	over	over
895	chr19	23419255	23419755	500	23418556	23419955	1	11	9	17	True	1129	0.96	2	2	2	16	0.0	False	het	2	-	46	-	-46@23419472	0,-46	1,-46	False	1.0	het	2	-	46	-	-46@23419472	0,-46	1,-46	False	1.0	1	895.0	16	16	0	0	1	0	1	kmeans	2	0	1	0	0	False	False	1	1	0	-	0	0	0	0	0	-	0	0	0	-	under	under	under
896	chr19	23568045	23568545	500	23567845	23568745	1	11	11	12	True	181	0.362	2	2	2	10	0.0	False	hom	1	-	576	+576@23568277	+576@23568277	576,576	576,576	False	1.0	hom	1	-	576	+576@23568277	+576@23568277	576,576	576,576	False	1.0	1	896.0	12	12	576	0	1	0	1	kmeans	1	0	0	0	0	False	False	1	1	1	INS+576:1/1:PASS:DV11/TC11:V5TP:T2TTP:hapGT1/1	1	0	1	0	0	+576:1/1:TP	1	0	0	+576:1/1:TP	equal	equal	equal
897	chr19	23586036	23586536	500	23585836	23586736	1	18	18	20	True	546	0.948	2	2	2	20	0.0	False	hom	1	-	158	-158@23586147	-158@23586147	-158,-158	-158,-158	False	1.0	hom	1	-	158	-158@23586147	-158@23586147	-158,-158	-158,-158	False	1.0	1	897.0	20	20	-158	0	1	0	1	kmeans	1	1	0	0	0	False	False	1	1	1	DEL-158:1/1:PASS:DV18/TC19:V5TP:T2TTP:hapGT1/1	1	0	1	0	0	-158:1/1:TP	1	0	0	-158:1/1:TP	equal	equal	equal
898	chr2	224858148	224858648	500	224857948	224858848	1	8	8	28	False	0	0.0	2	2	2	27	0.0	False	het	2	-	72	-	-72@224858363	0,-72	0,-72	False	1.0	het	2	-	72	-	-72@224858363	0,-72	0,-72	False	1.0	2	898.0,898.1	20,8	28	0,-72	0	2	0	2	kmeans	2	0	0	0	0	False	False	2	2	1	DEL-72:0/1:PASS:DV8/TC28:V5TP:T2TTP:hapGT0/1	1	0	1	0	0	-72:0/1:TP	1	0	0	-72:0/1:TP	equal	equal	equal
899	chr2	224909548	224910048	500	224909348	224910248	1	20	20	23	False	0	0.0	2	2	2	23	0.0	False	hom	1	-	99	+99@224909792	+99@224909792	99,99	99,99	False	1.0	hom	1	-	99	+99@224909792	+99@224909792	99,99	99,99	False	1.0	1	899.0	23	23	99	0	1	0	1	kmeans	1	3	0	0	0	False	False	1	1	1	INS+99:1/1:PASS:DV21/TC21:V5TP:T2TTP:hapGT1/1	1	0	1	0	0	+99:1/1:TP	1	0	0	+99:1/1:TP	equal	equal	equal
900	chr2	224920862	224921362	500	224920662	224921562	1	7	7	18	False	0	0.0	2	2	2	18	0.0	False	cpx_het	2	near_hom_le10bp	35	+29@224921112	+35@224921112	29,35	28,34	False	1.0	cpx_het	2	near_hom_le10bp	35	+29@224921112	+35@224921112	29,35	28,34	False	1.0	2	900.0,900.1	12,6	18	26,35	0	2	0	2	kmeans	2	0	0	0	0	False	False	2	2	1	INS+35:0/1:PASS:DV6/TC18:V5ref:T2Tref:hapGT1/1	1	1	0	0	0	-	0	0	0	-	equal	equal	equal
901	chr2	224974546	224975046	500	224974346	224975246	1	4	4	17	True	139	0.278	2	2	2	17	0.0	False	het	2	-	93	+93@224974801	-	93,0	93,0	False	1.0	het	2	-	93	+93@224974801	-	93,0	93,0	False	1.0	2	901.0,901.1	10,6	16	0,95	0	2	0	2	kmeans	2	1	0	0	0	False	False	2	2	1	INS+95:0/1:PASS:DV5/TC15:V5TP:T2TTP:hapGT0/1	1	0	1	0	0	+93:1/0:TP	1	0	0	+93:1/0:TP	equal	equal	equal
902	chr2	225018331	225018831	500	225018131	225019038	1	19	19	21	True	501	0.688	2	2	2	20	0.0	False	hom	1	-	160	-160@225018487	-160@225018487	-160,-160	-156,-156	False	1.0	hom	1	-	160	-160@225018487	-160@225018487	-160,-160	-156,-156	False	1.0	1	902.0	21	21	-160	0	1	0	1	kmeans	1	2	0	0	0	False	False	1	1	1	DEL-160:1/1:PASS:DV19/TC21:V5TP:T2TTP:hapGT1/1	1	0	1	0	0	-160:1/1:TP	1	0	0	-160:1/1:TP	equal	equal	equal
903	chr2	225301598	225302098	500	225301398	225302298	1	4	4	18	False	0	0.0	2	2	2	18	0.0	False	het	2	-	37	+37@225301847	-	37,0	37,0	False	1.0	het	2	-	37	+37@225301847	-	37,0	37,0	False	1.0	1	903.0	18	18	0	0	1	0	1	kmeans	2	0	1	0	0	False	False	0	0	0	-	0	0	0	0	0	-	0	0	0	-	under	under	under
904	chr2	225340149	225340649	500	225339949	225340849	1	23	23	26	False	0	0.0	2	2	2	26	0.0	False	hom	1	-	38	+38@225340403	+36@225340403	38,36	38,36	False	1.0	hom	1	-	38	+38@225340403	+36@225340403	38,36	38,36	False	1.0	1	904.0	26	26	38	0	1	0	1	kmeans	1	0	0	0	0	False	False	1	1	1	INS+38:1/1:PASS:DV24/TC25:V5ref:T2Tref:hapGT1/1	1	0	0	0	0	-	0	0	0	-	equal	equal	equal
905	chr2	225612559	225613059	500	225612359	225613259	1	5	5	21	True	57	0.114	2	2	2	21	0.0	False	cpx_het	2	opposite_sign	48	-24@225612796	+48@225612796	-24,48	-24,48	False	1.0	cpx_het	2	opposite_sign	48	-24@225612796	+48@225612796	-24,48	-24,48	False	1.0	2	905.0,905.1	16,5	21	-23,48	0	2	0	2	kmeans	2	0	0	0	0	False	False	2	2	1	INS+48:0/1:PASS:DV5/TC19:V5ref:T2Tref:hapGT0/1	1	0	0	0	0	-	0	0	0	-	equal	equal	equal
906	chr2	225717354	225717854	500	225717154	225718054	1	6	6	13	True	81	0.162	2	2	2	13	0.0	False	het	2	-	30	-	-30@225717589	0,-30	-6,-30	False	1.0	het	2	-	30	-	-30@225717589	0,-30	-6,-30	False	1.0	1	906.0	13	13	0	0	1	0	1	kmeans	1	0	0	0	0	False	False	1	1	0	-	0	0	0	0	0	-	0	0	0	-	under	under	under
907	chr2	225782870	225783721	851	225782420	225783921	1	33	19	20	True	1080	0.799	2	2	2	17	0.0	False	hom	1	-	18	+56@225782469,-28@225782545,-75@225782726,+75@225782803,-46@225783124	+56@225782469,-28@225782545,-75@225782726,+75@225782803,-46@225783124	-18,-18	-29,-10	False	1.0	hom	1	-	18	+56@225782469,-28@225782545,-75@225782726,+75@225782803,-46@225783124	+56@225782469,-28@225782545,-75@225782726,+75@225782803,-46@225783124	-18,-18	-26,-10	False	1.0	1	907.0	20	20	-33	0	1	0	1	kmeans	1	0	0	0	0	False	False	0	0	1	DEL-46:1/1:PASS:DV20/TC20:V5ref:T2Tref:hapGT0/0	1	0	0	3	0	+56:1/1:FN;-75:1/1:FN;+75:1/1:FN	0	3	0	+56:1/1:FN;-75:1/1:FN;+75:1/1:FN	equal	equal	equal
908	chr2	225942201	225942701	500	225942001	225942901	1	22	21	23	True	297	0.594	2	2	2	22	0.0	False	hom	1	-	76	+76@225942433	+76@225942433	76,76	76,76	False	1.0	hom	1	-	76	+76@225942433	+76@225942433	76,76	76,76	False	1.0	1	908.0	23	23	76	0	1	0	1	kmeans	1	1	0	0	0	False	False	1	1	1	INS+76:1/1:PASS:DV21/TC22:V5TP:T2TTP:hapGT1/1	1	0	1	0	0	+76:1/1:TP	1	0	0	+76:1/1:TP	equal	equal	equal
909	chr2	225987474	225988238	764	225986837	225988510	1	19	17	19	True	1573	1.0	2	2	2	18	0.056	False	hom	1	-	61	-61@225987701	-61@225987701	-61,-61	-45,-45	False	1.0	hom	1	-	61	-61@225987701	-61@225987701	-61,-61	-45,-45	False	1.0	1	909.0	19	19	-45	0	1	0	1	kmeans	1	4	0	0	0	False	False	1	1	1	DEL-61:1/1:PASS:DV18/TC19:V5TP:T2TTP:hapGT1/1	1	0	1	0	0	-61:1/1:TP	1	0	0	-61:1/1:TP	equal	equal	equal
910	chr2	226113788	226114288	500	226113588	226114488	1	14	14	26	True	114	0.228	2	2	2	25	0.0	False	het	2	-	100	-	+100@226114030	0,100	0,100	False	1.0	het	2	-	100	-	+100@226114030	0,100	0,100	False	1.0	2	910.0,910.1	14,12	26	100,0	0	2	0	2	kmeans	2	0	0	0	0	False	False	2	2	1	INS+100:0/1:PASS:DV14/TC26:V5TP:T2TTP:hapGT0/1	1	0	1	0	0	+100:0/1:TP	1	0	0	+100:0/1:TP	equal	equal	equal
911	chr2	226300658	226306505	5847	226300458	226306705	1	5	5	22	False	0	0.0	2	2	2	22	0.0	False	het	2	-	5745	-5745@226300708	-	-5745,0	-5747,0	False	1.0	het	2	-	5745	-5745@226300708	-	-5745,0	-5747,0	False	1.0	2	911.0,911.1	6,16	22	-5750,0	0	2	0	2	kmeans	2	1	0	0	0	False	False	2	2	1	DEL-5745:0/1:PASS:DV6/TC20:V5TP:T2TTP:hapGT0/1	1	0	1	0	0	-5745:1/0:TP	1	0	0	-5745:1/0:TP	equal	equal	equal
912	chr2	226363730	226364449	719	226363530	226364649	1	30	12	30	True	619	0.861	2	2	2	22	0.0	False	het	2	-	83	-83@226363994	-	-83,0	-89,22	False	1.0	het	2	-	83	-83@226363994	-	-83,0	-89,22	False	1.0	2	912.0,912.1	7,21	28	-87,22	0	2	0	2	kmeans	2	1	0	0	0	False	False	1	1	1	DEL-83:0/1:PASS:DV7/TC26:V5TP:T2TTP:hapGT0/1	1	0	1	0	0	-83:1/0:TP	1	0	0	-83:1/0:TP	equal	equal	equal
913	chr2	226424489	226424989	500	226424289	226425189	1	6	6	14	True	165	0.33	2	2	2	14	0.0	False	het	2	-	28	-28@226424727	-	-28,0	-34,-2	False	1.0	het	2	-	28	-28@226424727	-	-28,0	-34,-2	False	1.0	1	913.0	14	14	0	0	1	0	1	kmeans	1	0	0	0	0	False	False	0	0	0	-	0	0	0	0	0	-	0	0	0	-	under	under	under
914	chr2	226453096	226453596	500	226452896	226453796	1	22	21	24	True	336	0.672	2	2	2	24	0.0	False	cpx_het	2	size_diff	358	+204@226453365	+358@226453365	204,358	202,356	False	1.0	cpx_het	2	size_diff	358	+204@226453365	+358@226453365	204,358	202,356	False	1.0	2	914.0,914.1	13,11	24	358,204	0	2	0	2	kmeans	2	4	0	0	0	False	False	2	2	2	INS+358:0/1:PASS:DV12/TC24:V5TP:T2TTP:hapGT0/1;INS+204:0/1:PASS:DV11/TC24:V5TP:T2TTP:hapGT0/1	2	0	2	0	0	+358:0/1:TP;+204:1/0:TP	2	0	0	+358:0/1:TP;+204:1/0:TP	equal	equal	equal
915	chr2	226469514	226471169	1655	226469314	226471369	1	32	15	15	True	1785	1.0	2	2	2	15	0.0	False	hom	1	-	2244	-1112@226469596,-1082@226469626,-24@226470962	-1112@226469596,-1082@226469626,-50@226470910	-2218,-2244	-2218,-2248	False	1.0	hom	1	-	1136	-1112@226469596,-24@226470962	-1082@226469626,-50@226470910	-1136,-1132	-1136,-1136	False	1.0	1	915.0	15	15	-1130	0	1	0	1	kmeans	1	0	0	0	0	False	False	0	1	1	DEL-1104:1/1:PASS:DV15/TC15:V5ref:T2Tref:hapGT0/0	1	0	0	1	0	-54:0/1:FN	0	0	0	-	equal	equal	equal
916	chr2	226485719	226486219	500	226485272	226486419	1	7	7	18	True	645	0.496	2	2	2	18	0.0	False	het	2	-	56	-	+56@226485968	0,56	6,46	False	1.0	het	2	-	56	-	+56@226485968	0,56	6,46	False	1.0	2	916.0,916.1	11,7	18	8,43	0	2	0	2	kmeans	2	2	0	0	0	False	False	2	2	1	INS+55:0/1:PASS:DV7/TC18:V5TP:T2TTP:hapGT0/1	1	0	1	0	0	+56:0/1:TP	1	0	0	+56:0/1:TP	equal	equal	equal
917	chr2	226656206	226656706	500	226656006	226656906	1	21	21	22	False	0	0.0	2	2	2	21	0.0	False	hom	1	-	76	+76@226656425	+76@226656425	76,76	76,76	False	1.0	hom	1	-	76	+76@226656425	+76@226656425	76,76	76,76	False	1.0	1	917.0	22	22	76	0	1	0	1	kmeans	1	2	0	0	0	False	False	1	1	1	INS+76:1/1:PASS:DV21/TC21:V5TP:T2TTP:hapGT1/1	1	0	1	0	0	+76:1/1:TP	1	0	0	+76:1/1:TP	equal	equal	equal
918	chr2	226715536	226716036	500	226715336	226716236	1	22	21	28	True	462	0.662	2	2	2	28	0.0	False	hom	1	-	1127	+1127@226715766	+1127@226715766	1127,1127	1127,1127	False	1.0	hom	1	-	1127	+1127@226715766	+1127@226715766	1127,1127	1127,1127	False	1.0	2	918.0,918.1	20,8	28	12,1128	0	1	0	2	kmeans	2	2	0	0	0	False	False	1	1	1	INS+1128:0/1:PASS:DV8/TC25:V5TP:T2TTP:hapGT1/1	1	1	1	0	0	+1127:1/1:TP	1	0	0	+1127:1/1:TP	over	over	over
919	chr2	226727835	226728335	500	226727635	226728535	1	19	19	21	False	0	0.0	2	2	2	21	0.0	False	hom	1	-	34	+34@226728076	+32@226728076	34,32	34,32	False	1.0	hom	1	-	34	+34@226728076	+32@226728076	34,32	34,32	False	1.0	1	919.0	21	21	34	0	1	0	1	kmeans	1	2	0	0	0	False	False	1	1	1	INS+34:1/1:PASS:DV19/TC20:V5ref:T2Tref:hapGT1/1	1	0	0	0	0	-	0	0	0	-	equal	equal	equal
920	chr2	227193721	227194476	755	227193521	227194676	1	32	18	22	True	402	0.522	2	2	2	22	0.0	False	cpx_het	2	opposite_sign	155	-28@227193743,-55@227193998	-28@227193743,+48@227193887,+135@227194053	-83,155	-112,158	False	1.0	cpx_het	2	opposite_sign	155	-55@227193998	-28@227193743,+48@227193887,+135@227194053	-55,155	-84,158	False	1.0	2	920.0,920.1	10,12	22	-69,149	0	2	0	2	kmeans	2	3	0	0	0	False	False	2	2	3	INS+87:0/1:PASS:DV10/TC19:V5ref:T2Tref:hapGT0/0;INS+45:0/1:PASS:DV10/TC20:V5ref:T2Tref:hapGT0/0;DEL-55:0/1:PASS:DV9/TC21:V5ref:T2Tref:hapGT0/0	3	0	1	1	1	-55:1/0:TP;+135:0/1:FN	1	1	1	-55:1/0:TP;+135:0/1:FN	equal	equal	equal
921	chr2	227202760	227203689	929	227202560	227203889	1	135	16	17	True	1064	1.0	2	2	2	17	0.0	False	cpx_het	2	opposite_sign	626	-298@227203032,-152@227203328	+186@227202846,+456@227203286,-152@227203328,+136@227203609	-450,626	-490,639	False	0.193	cpx_het	2	opposite_sign	626	-298@227203032	+186@227202846,+456@227203286,-152@227203328,+136@227203609	-298,626	-313,659	False	0.193	2	921.0,921.1	6,11	17	-315,610	0	2	0	2	kmeans	2	1	0	0	0	False	False	2	2	4	INS+186:0/1:PASS:DV11/TC16:V5ref:T2Tref:hapGT0/0;DEL-270:0/1:PASS:DV5/TC16:V5ref:T2Tref:hapGT0/0;INS+152:0/1:PASS:DV11/TC16:V5ref:T2Tref:hapGT0/0;INS+164:0/1:PASS:DV11/TC17:V5ref:T2Tref:hapGT0/0	4	0	0	0	0	-	0	0	0	-	equal	equal	equal
922	chr2	227248980	227249480	500	227248780	227249680	1	14	14	21	True	96	0.106	2	2	2	21	0.0	False	cpx_het	2	size_diff	63	+63@227249230	+32@227249230	63,32	63,32	False	1.0	cpx_het	2	size_diff	63	+63@227249230	+32@227249230	63,32	63,32	False	1.0	2	922.0,922.1	14,7	21	59,28	0	2	0	2	kmeans	2	1	0	0	0	False	False	2	2	1	INS+59:0/1:PASS:DV14/TC21:V5TP:T2TTP:hapGT0/1	1	0	1	0	0	+63:1/0:TP	1	0	0	+63:1/0:TP	equal	equal	equal
923	chr2	227393211	227393711	500	227393011	227393911	1	10	10	20	True	96	0.192	2	2	2	20	0.0	False	het	2	-	325	+325@227393458	-	325,0	311,-13	False	1.0	het	2	-	325	+325@227393458	-	325,0	311,-13	False	1.0	2	923.0,923.1	6,14	20	-12,310	0	2	0	2	kmeans	2	2	0	0	0	False	False	2	2	1	INS+324:0/1:PASS:DV10/TC16:V5TP:T2TTP:hapGT0/1	1	0	1	0	0	+325:1/0:TP	1	0	0	+325:1/0:TP	equal	equal	equal
924	chr2	227777050	227778257	1207	227776850	227778457	1	26	21	25	True	1132	0.938	2	2	2	24	0.0	False	hom	1	-	120	-28@227777101,-92@227777788	-28@227777101,-92@227777788	-120,-120	-141,-141	False	1.0	hom	1	-	120	-28@227777101,-92@227777788	-28@227777101,-92@227777788	-120,-120	-141,-141	False	1.0	2	924.0,924.1	23,2	25	-132,-22	0	1	0	2	kmeans	2	1	0	0	0	False	False	1	1	1	DEL-88:1/1:PASS:DV20/TC22:V5TP:T2TTP:hapGT1/1	1	0	1	0	0	-92:1/1:TP	1	0	0	-92:1/1:TP	over	over	over
925	chr2	227803354	227803854	500	227803154	227804054	1	7	7	19	False	0	0.0	2	2	2	18	0.0	False	het	2	-	32	-	+32@227803604	0,32	-14,32	False	1.0	het	2	-	32	-	+32@227803604	0,32	-14,32	False	1.0	2	925.0,925.1	7,12	19	35,-14	0	2	0	2	kmeans	2	1	0	0	0	False	False	2	2	1	INS+35:0/1:PASS:DV7/TC18:V5ref:T2Tref:hapGT0/1	1	0	0	0	0	-	0	0	0	-	equal	equal	equal
926	chr2	227821971	227822471	500	227821771	227822671	1	13	13	17	False	0	0.0	2	2	2	16	0.0	False	hom	1	-	30	-30@227822199	-30@227822199	-30,-30	-31,-31	False	1.0	hom	1	-	30	-30@227822199	-30@227822199	-30,-30	-31,-31	False	1.0	1	926.0	17	17	-30	0	1	0	1	kmeans	1	2	0	0	0	False	False	1	1	1	DEL-30:1/1:PASS:DV16/TC16:V5ref:T2Tref:hapGT1/1	1	0	0	0	0	-	0	0	0	-	equal	equal	equal
927	chr2	227843858	227844358	500	227843658	227844902	1	9	9	17	True	769	0.55	2	2	2	17	0.0	False	cpx_het	2	size_diff	35	+35@227844108	+22@227844083	35,22	35,22	False	1.0	cpx_het	2	size_diff	35	+35@227844108	+22@227844083	35,22	35,22	False	1.0	2	927.0,927.1	8,9	17	24,32	0	2	0	2	kmeans	2	1	0	0	0	False	False	2	2	1	INS+32:0/1:PASS:DV9/TC17:V5ref:T2Tref:hapGT0/1	1	0	0	0	0	-	0	0	0	-	equal	equal	equal
928	chr2	227911011	227911511	500	227910811	227911711	1	13	13	24	True	375	0.75	2	2	2	22	0.0	False	het	2	-	42	-	+42@227911239	0,42	0,42	False	1.0	het	2	-	42	-	+42@227911239	0,42	0,42	False	1.0	2	928.0,928.1	11,13	24	0,42	0	2	0	2	kmeans	2	2	0	0	0	False	False	2	2	1	INS+42:0/1:PASS:DV13/TC24:V5ref:T2Tref:hapGT0/1	1	0	0	0	0	-	0	0	0	-	equal	equal	equal
929	chr2	228080480	228080980	500	228080280	228081180	1	8	8	18	True	79	0.158	2	2	2	18	0.0	False	het	2	-	45	-	-45@228080707	0,-45	-15,-45	False	1.0	het	2	-	45	-	-45@228080707	0,-45	-15,-45	False	1.0	2	929.0,929.1	10,8	18	-15,-45	0	2	0	2	kmeans	2	0	0	0	0	False	False	2	2	1	DEL-45:0/1:PASS:DV8/TC18:V5ref:T2Tref:hapGT0/1	1	0	0	0	0	-	0	0	0	-	equal	equal	equal
930	chr2	228092243	228092743	500	228092008	228092943	1	8	8	14	True	655	0.94	2	2	2	14	0.0	False	cpx_het	2	size_diff	50	-50@228092432	-21@228092533	-50,-21	-65,-36	False	1.0	cpx_het	2	size_diff	50	-50@228092432	-21@228092533	-50,-21	-48,-36	False	1.0	2	930.0,930.1	7,7	14	-32,-50	0	2	0	2	kmeans	2	0	0	0	0	False	False	1	1	1	DEL-50:0/1:PASS:DV7/TC14:V5TP:T2TTP:hapGT0/1	1	0	1	0	0	-50:1/0:TP	1	0	0	-50:1/0:TP	equal	equal	equal
931	chr2	228263519	228265147	1628	228263319	228265347	1	51	27	30	True	1577	0.969	2	2	2	20	0.1	False	hom	1	-	10	+20@228263605,-30@228264821	+20@228263605,-30@228264821	-10,-10	-26,-26	False	0.242	hom	1	-	10	+20@228263605,-30@228264821	+20@228263605,-30@228264821	-10,-10	-26,-26	False	0.242	2	931.0,931.1	17,13	30	-24,NA	1	1	0	1	kmeans	2	0	0	0	0	False	False	0	0	1	DEL-30:0/1:PASS:DV17/TC29:V5ref:T2Tref:hapGT0/0	2	0	0	0	0	-	0	0	0	-	over	over	over
932	chr2	228393064	228393564	500	228392864	228393764	1	29	28	31	False	0	0.0	2	2	2	30	0.0	False	hom	1	-	41	+41@228393427	+41@228393427	41,41	42,42	False	1.0	hom	1	-	41	+41@228393427	+41@228393427	41,41	42,42	False	1.0	1	932.0	31	31	41	0	1	0	1	kmeans	1	3	0	0	0	False	False	1	1	1	INS+41:1/1:PASS:DV30/TC31:V5ref:T2Tref:hapGT1/1	1	0	0	0	0	-	0	0	0	-	equal	equal	equal
933	chr2	228399578	228403673	4095	228399378	228403873	1	25	25	25	False	0	0.0	2	2	2	24	0.0	False	hom	1	-	3992	-3992@228399628	-3992@228399628	-3992,-3992	-3992,-3992	False	1.0	hom	1	-	3992	-3992@228399628	-3992@228399628	-3992,-3992	-3992,-3992	False	1.0	1	933.0	25	25	-3992	0	1	0	1	kmeans	1	0	0	0	0	False	False	1	1	1	DEL-3992:1/1:PASS:DV25/TC29:V5TP:T2TTP:hapGT1/1	1	0	1	0	0	-3992:1/1:TP	1	0	0	-3992:1/1:TP	equal	equal	equal
934	chr2	228480073	228480573	500	228479873	228480773	1	16	16	22	True	138	0.276	2	2	2	21	0.0	False	hom	1	-	30	+30@228480331	+30@228480331	30,30	26,26	False	1.0	hom	1	-	30	+30@228480331	+30@228480331	30,30	26,26	False	1.0	1	934.0	22	22	30	0	1	0	1	kmeans	1	2	0	0	0	False	False	1	1	1	INS+30:1/1:PASS:DV20/TC21:V5ref:T2Tref:hapGT1/1	1	0	0	0	0	-	0	0	0	-	equal	equal	equal
935	chr2	228496016	228496516	500	228495816	228496716	1	20	20	23	True	153	0.306	2	2	2	22	0.0	False	hom	1	-	38	-38@228496225	-38@228496225	-38,-38	-38,-38	False	1.0	hom	1	-	38	-38@228496225	-38@228496225	-38,-38	-38,-38	False	1.0	1	935.0	23	23	-38	0	1	0	1	kmeans	1	1	0	0	0	False	False	1	1	1	DEL-38:1/1:PASS:DV21/TC21:V5ref:T2Tref:hapGT1/1	1	0	0	0	0	-	0	0	0	-	equal	equal	equal
936	chr2	229163415	229163915	500	229163215	229164115	1	4	4	22	True	120	0.24	2	2	2	21	0.0	False	het	2	-	28	-28@229163654	-	-28,0	-28,15	False	1.0	het	2	-	28	-28@229163654	-	-28,0	-28,15	False	1.0	1	936.0	22	22	-26	0	1	0	1	kmeans	1	2	0	0	0	False	False	1	1	0	-	0	0	0	0	0	-	0	0	0	-	under	under	under
937	chr2	229183828	229185119	1291	229183628	229185319	1	68	19	26	True	1286	0.99	2	2	2	26	0.0	False	cpx_het	2	one_net_small	53	-69@229184013,-114@229184121,-60@229184404,+190@229184820	-69@229184013,-114@229184121,-45@229184404,+57@229184673,+156@229184848	-53,-15	-19,0	False	1.0	cpx_het	2	one_net_small	53	-69@229184013,-114@229184121,-60@229184404,+190@229184820	-69@229184013,-114@229184121,-45@229184404,+57@229184673,+156@229184848	-53,-15	-19,0	False	1.0	1	937.0	26	26	-18	0	1	0	1	kmeans	1	3	0	0	0	False	False	0	0	0	-	0	0	0	6	0	-69:1/1:FN;-114:1/1:FN;-60:1/0:FN;+57:0/1:FN;+190:1/0:FN;+156:0/1:FN	0	6	0	-69:1/1:FN;-114:1/1:FN;-60:1/0:FN;+57:0/1:FN;+190:1/0:FN;+156:0/1:FN	under	under	under
938	chr2	229249582	229250082	500	229249382	229250282	1	6	6	19	True	213	0.426	2	2	2	18	0.0	False	het	2	-	36	-36@229249813	-	-36,0	-36,0	False	1.0	het	2	-	36	-36@229249813	-	-36,0	-36,0	False	1.0	2	938.0,938.1	11,7	18	0,-36	0	2	0	2	kmeans	2	1	0	0	0	False	False	2	2	1	DEL-36:0/1:PASS:DV6/TC17:V5ref:T2Tref:hapGT0/1	1	0	0	0	0	-	0	0	0	-	equal	equal	equal
939	chr2	229563199	229564684	1485	229562804	229564884	1	16	4	22	True	1896	1.0	2	2	2	18	0.167	False	het	2	-	29	-	+29@229563534	0,29	0,29	False	1.0	het	2	-	29	-	+29@229563534	0,29	0,29	False	1.0	1	939.0	22	22	29	0	0	0	1	kmeans	1	5	0	0	0	False	False	0	0	0	-	0	0	0	0	0	-	0	0	0	-	under	under	under
940	chr2	229596662	229597162	500	229596462	229597362	1	8	8	20	True	215	0.43	2	2	2	20	0.0	False	cpx_het	2	opposite_sign	52	+52@229596912	-24@229597083	52,-24	52,-26	False	1.0	cpx_het	2	opposite_sign	52	+52@229596912	-24@229597083	52,-24	52,-26	False	1.0	2	940.0,940.1	11,9	20	52,-24	0	2	0	2	kmeans	2	1	0	0	0	False	False	2	2	1	INS+52:0/1:PASS:DV8/TC17:V5TP:T2TTP:hapGT0/1	1	0	1	0	0	+52:1/0:TP	1	0	0	+52:1/0:TP	equal	equal	equal
941	chr2	229743101	229743601	500	229742069	229743801	1	26	13	14	True	1592	1.0	2	2	2	14	0.0	False	hom	1	-	48	-50@229743175,+98@229743531	-50@229743175,+98@229743531	48,48	56,57	False	1.0	hom	1	-	48	-50@229743175,+98@229743531	-50@229743175,+98@229743531	48,48	56,57	False	1.0	1	941.0	14	14	60	0	1	1	1	kmeans	1	1	0	0	0	False	False	1	1	2	DEL-50:1/1:PASS:DV13/TC13:V5TP:T2TTP:hapGT0/0;INS+98:1/1:PASS:DV13/TC14:V5TP:T2TTP:hapGT0/0	2	0	2	0	0	-50:1/1:TP;+98:1/1:TP	2	0	0	-50:1/1:TP;+98:1/1:TP	equal	equal	equal
942	chr2	230105661	230106161	500	230105461	230106361	1	4	4	18	True	131	0.262	2	2	2	18	0.0	False	cpx_het	2	opposite_sign	30	+30@230105911	-29@230105891	30,-29	30,-29	False	1.0	cpx_het	2	opposite_sign	30	+30@230105911	-29@230105891	30,-29	30,-29	False	1.0	1	942.0	18	18	30	0	1	0	1	kmeans	1	1	0	0	0	False	False	1	1	1	INS+30:1/1:PASS:DV17/TC17:V5ref:T2Tref:hapGT0/1	1	1	0	0	0	-	0	0	0	-	under	under	under
943	chr2	230118538	230119290	752	230118338	230119490	1	70	18	20	True	772	0.956	2	2	2	20	0.0	False	cpx_het	2	size_diff	519	+308@230119014,+121@230119121	+30@230118588,+398@230119014,+91@230119121	429,519	454,529	False	1.0	cpx_het	2	size_diff	519	+308@230119014,+121@230119121	+30@230118588,+398@230119014,+91@230119121	429,519	454,529	False	1.0	2	943.0,943.1	15,5	20	520,451	0	2	0	2	kmeans	2	2	0	0	0	False	False	2	2	3	INS+308:0/0:PASS:DV4/TC20:V5ref:T2Tref:hapGT0/1;INS+121:0/0:PASS:DV4/TC19:V5ref:T2Tref:hapGT0/0;INS+456:0/1:PASS:DV15/TC19:V5ref:T2Tref:hapGT1/1	3	2	0	0	0	-	0	0	0	-	equal	equal	equal
944	chr2	230145873	230146373	500	230145673	230146661	1	38	19	19	True	546	0.616	2	2	2	18	0.0	False	cpx_het	2	near_hom_le10bp	26	-26@230146159	-22@230146159	-26,-22	-38,-34	False	1.0	cpx_het	2	near_hom_le10bp	26	-26@230146159	-22@230146159	-26,-22	-38,-34	False	1.0	1	944.0	19	19	-34	0	1	0	1	kmeans	1	2	0	0	0	False	False	1	1	0	-	0	0	0	0	0	-	0	0	0	-	under	under	under
945	chr2	230337829	230338329	500	230337629	230338529	1	11	11	29	False	0	0.0	2	2	2	28	0.0	False	het	2	-	4967	+4967@230338021	-	4967,0	4967,0	False	1.0	het	2	-	4967	+4967@230338021	-	4967,0	4967,0	False	1.0	2	945.0,945.1	19,10	29	0,4969	0	2	0	2	kmeans	2	4	0	0	0	False	False	2	2	1	INS+4969:0/1:PASS:DV10/TC29:V5TP:T2TTP:hapGT0/1	1	0	1	0	0	+4967:1/0:TP	1	0	0	+4967:1/0:TP	equal	equal	equal
946	chr2	230343045	230343712	667	230342845	230343912	1	12	12	33	False	0	0.0	2	2	2	32	0.0	False	het	2	-	567	-567@230343095	-	-567,0	-567,0	False	1.0	het	2	-	567	-567@230343095	-	-567,0	-567,0	False	1.0	2	946.0,946.1	20,13	33	0,-567	0	2	0	2	kmeans	2	1	0	0	0	False	False	2	2	1	DEL-567:0/1:PASS:DV13/TC35:V5TP:T2TTP:hapGT0/1	1	0	1	0	0	-567:1/0:TP	1	0	0	-567:1/0:TP	equal	equal	equal
947	chr2	230425143	230425643	500	230424943	230425843	1	3	3	25	False	0	0.0	2	2	2	21	0.0	False	ref	1	-	0	-	-	0,0	0,0	False	1.0	ref	1	-	0	-	-	0,0	0,0	False	1.0	1	947.0	25	25	0	0	1	0	1	kmeans	1	3	0	0	0	False	False	1	1	0	-	0	0	0	0	0	-	0	0	0	-	equal	equal	equal
948	chr2	230436651	230437151	500	230436451	230437351	1	7	7	16	True	173	0.346	2	2	2	15	0.0	False	cpx_het	2	opposite_sign	40	-22@230436943	-20@230436438,+60@230436899	-22,40	-22,40	False	1.0	cpx_het	2	opposite_sign	40	-22@230436943	-20@230436438,+60@230436899	-22,40	-22,40	False	1.0	2	948.0,948.1	8,8	16	-22,53	0	2	0	2	kmeans	2	1	0	0	0	False	False	2	2	1	INS+60:0/1:PASS:DV8/TC15:V5TP:T2TTP:hapGT0/0	1	0	1	0	0	+60:0/1:TP	1	0	0	+60:0/1:TP	equal	equal	equal
949	chr2	230460501	230461001	500	230460301	230461201	1	7	7	21	False	0	0.0	2	2	2	19	0.0	False	cpx_het	2	size_diff	364	-21@230460592	-343@230460579,-21@230460592	-21,-364	-20,-363	False	1.0	cpx_het	2	size_diff	343	-21@230460592	-343@230460579	-21,-343	-20,-342	False	1.0	2	949.0,949.1	13,8	21	-22,-343	0	2	0	2	kmeans	2	1	0	0	0	False	False	2	2	1	DEL-343:0/1:PASS:DV7/TC20:V5TP:T2TTP:hapGT0/1	1	0	1	0	0	-343:0/1:TP	1	0	0	-343:0/1:TP	equal	equal	equal
950	chr2	230497291	230497791	500	230497091	230497991	1	12	11	17	True	208	0.416	2	2	2	17	0.0	False	het	2	-	40	-40@230497534	-	-40,0	-50,-10	False	1.0	het	2	-	40	-40@230497534	-	-40,0	-40,-10	False	1.0	2	950.0,950.1	11,6	17	-40,-8	0	2	0	2	kmeans	2	2	0	0	0	False	False	2	2	1	DEL-30:0/1:PASS:DV11/TC16:V5ref:T2Tref:hapGT0/1	1	0	0	0	0	-	0	0	0	-	equal	equal	equal
951	chr2	230499243	230499743	500	230499043	230499943	1	14	13	20	False	0	0.0	2	2	2	20	0.0	False	het	2	-	223	+223@230499512	-	223,0	223,0	False	1.0	het	2	-	223	+223@230499512	-	223,0	223,0	False	1.0	2	951.0,951.1	13,7	20	221,0	0	2	0	2	kmeans	2	1	0	0	0	False	False	2	2	1	INS+221:0/1:PASS:DV13/TC20:V5TP:T2TTP:hapGT0/1	1	0	1	0	0	+223:1/0:TP	1	0	0	+223:1/0:TP	equal	equal	equal
952	chr2	230536527	230537027	500	230536327	230537227	1	13	13	27	False	0	0.0	2	2	2	26	0.0	False	het	2	-	56	-56@230536749	-	-56,0	-56,0	False	1.0	het	2	-	56	-56@230536749	-	-56,0	-56,0	False	1.0	2	952.0,952.1	14,13	27	-56,0	0	2	0	2	kmeans	2	1	0	0	0	False	False	2	2	1	DEL-56:0/1:PASS:DV13/TC26:V5TP:T2TTP:hapGT0/1	1	0	1	0	0	-56:1/0:TP	1	0	0	-56:1/0:TP	equal	equal	equal
953	chr2	230754165	230754665	500	230753965	230754865	1	6	4	13	True	250	0.5	2	2	2	13	0.0	False	ref	1	-	0	-	-	0,0	36,7	False	1.0	ref	1	-	0	-	-	0,0	36,7	False	1.0	1	953.0	13	13	41	0	1	0	1	kmeans	1	2	0	0	0	False	False	0	0	1	INS+35:1/1:PASS:DV11/TC11:V5ref:T2Tref:hapGT0/0	1	0	0	0	0	-	0	0	0	-	equal	equal	equal
954	chr2	230932764	230933264	500	230932564	230933464	1	23	22	25	False	0	0.0	2	2	2	25	0.0	False	hom	1	-	63	+63@230933158	+63@230933158	63,63	63,65	False	1.0	hom	1	-	63	+63@230933158	+63@230933158	63,63	63,65	False	1.0	1	954.0	25	25	63	0	1	0	1	kmeans	1	2	0	0	0	False	False	1	1	1	INS+63:1/1:PASS:DV22/TC24:V5TP:T2TTP:hapGT1/1	1	0	1	0	0	+63:1/1:TP	1	0	0	+63:1/1:TP	equal	equal	equal
955	chr2	230937194	230937694	500	230936994	230937894	1	25	25	26	False	0	0.0	2	2	2	26	0.0	False	hom	1	-	219	+219@230937443	+219@230937443	219,219	219,219	False	1.0	hom	1	-	219	+219@230937443	+219@230937443	219,219	219,219	False	1.0	1	955.0	26	26	219	0	1	0	1	kmeans	1	1	0	0	0	False	False	1	1	1	INS+219:1/1:PASS:DV25/TC25:V5TP:T2TTP:hapGT1/1	1	0	1	0	0	+219:1/1:TP	1	0	0	+219:1/1:TP	equal	equal	equal
956	chr2	230979827	230980327	500	230979056	230980527	1	11	11	23	True	1195	0.948	2	2	2	23	0.0	False	het	2	-	139	-139@230980019	-	-139,0	-139,0	False	1.0	het	2	-	139	-139@230980019	-	-139,0	-139,0	False	1.0	2	956.0,956.1	11,12	23	0,-139	0	2	0	2	kmeans	2	0	0	0	0	False	False	2	2	1	DEL-139:0/1:PASS:DV11/TC22:V5TP:T2TTP:hapGT0/1	1	0	1	0	0	-139:1/0:TP	1	0	0	-139:1/0:TP	equal	equal	equal
957	chr2	231004861	231005718	857	231004661	231006579	1	19	14	17	True	1618	0.942	2	2	2	11	0.0	False	cpx_het	2	size_diff	1238	+1030@231005542	+1238@231005545	1030,1238	1030,1237	False	1.0	cpx_het	2	size_diff	1238	+1030@231005542	+1238@231005545	1030,1238	1030,1237	False	1.0	2	957.0,957.1	10,7	17	1238,NA	1	1	0	1	other	0	1	0	0	0	False	False	1	1	1	INS+1238:0/1:PASS:DV10/TC15:V5ref:T2Tref:hapGT1/1	1	1	0	0	0	-	0	0	0	-	equal	equal	equal
958	chr2	231131384	231131884	500	231131184	231132084	1	18	18	22	False	0	0.0	2	2	2	22	0.0	False	hom	1	-	324	-324@231131462	-324@231131462	-324,-324	-324,-324	False	1.0	hom	1	-	324	-324@231131462	-324@231131462	-324,-324	-324,-324	False	1.0	1	958.0	22	22	-324	0	1	0	1	kmeans	1	3	0	0	0	False	False	1	1	1	DEL-324:1/1:PASS:DV19/TC19:V5TP:T2TTP:hapGT1/1	1	0	1	0	0	-324:1/1:TP	1	0	0	-324:1/1:TP	equal	equal	equal
959	chr2	231414848	231415348	500	231414648	231415548	1	13	13	15	False	0	0.0	2	2	2	15	0.0	False	hom	1	-	315	+315@231415088	+315@231415088	315,315	314,314	False	1.0	hom	1	-	315	+315@231415088	+315@231415088	315,315	314,314	False	1.0	1	959.0	15	15	312	0	1	0	1	kmeans	1	1	0	0	0	False	False	1	1	1	INS+312:1/1:PASS:DV13/TC13:V5TP:T2TTP:hapGT1/1	1	0	1	0	0	+315:1/1:TP	1	0	0	+315:1/1:TP	equal	equal	equal
960	chr2	231425968	231426468	500	231425768	231426668	1	12	12	14	True	117	0.234	2	2	2	14	0.0	False	hom	1	-	59	-59@231426184	-59@231426184	-59,-59	-59,-59	False	1.0	hom	1	-	59	-59@231426184	-59@231426184	-59,-59	-59,-59	False	1.0	1	960.0	14	14	-59	0	1	0	1	kmeans	1	0	0	0	0	False	False	1	1	1	DEL-59:1/1:PASS:DV12/TC12:V5TP:T2TTP:hapGT1/1	1	0	1	0	0	-59:1/1:TP	1	0	0	-59:1/1:TP	equal	equal	equal
961	chr2	231578911	231579691	780	231578711	231579912	1	45	15	16	True	1035	1.0	2	2	2	16	0.0	False	cpx_het	2	opposite_sign	313	+419@231578961,-375@231579219,-357@231579237	+422@231578973,-357@231579237	-313,65	-314,62	False	1.0	cpx_het	2	size_diff	65	+419@231578961,-375@231579219	+422@231578973,-357@231579237	44,65	43,62	False	1.0	2	961.0,961.1	10,6	16	24,61	0	2	0	2	kmeans	2	1	0	0	0	False	False	1	1	2	INS+52:0/1:PASS:DV16/TC16:V5ref:T2Tref:hapGT0/1;DEL-45:0/1:PASS:DV9/TC15:V5ref:T2Tref:hapGT0/0	3	0	0	0	1	-	0	0	1	-	equal	equal	equal
962	chr2	231604438	231604938	500	231604238	231605138	1	22	14	28	True	66	0.132	2	2	2	28	0.0	False	cpx_het	2	opposite_sign	191	+191@231604674	-35@231604693	191,-35	194,-33	False	1.0	cpx_het	2	opposite_sign	191	+191@231604674	-35@231604693	191,-35	194,-31	False	1.0	2	962.0,962.1	13,15	28	-27,193	0	2	0	2	kmeans	2	1	0	0	0	False	False	2	2	1	INS+193:0/1:PASS:DV15/TC27:V5TP:T2TTP:hapGT0/1	1	0	1	0	0	+191:1/0:TP	1	0	0	+191:1/0:TP	equal	equal	equal
963	chr2	231634230	231634730	500	231633717	231634930	1	21	21	22	True	697	0.468	2	2	2	20	0.0	False	hom	1	-	103	+97@231634481	+103@231634471	97,103	85,97	False	1.0	hom	1	-	103	+97@231634481	+103@231634471	97,103	85,97	False	1.0	1	963.0	22	22	103	0	0	1	1	kmeans	1	0	0	0	0	False	False	1	1	1	INS+103:1/1:PASS:DV21/TC21:V5TP:T2TTP:hapGT1/1	1	0	1	0	0	+103:1/1:TP	2	0	0	+103:0/1:TP;+97:1/0:TP	equal	equal	equal
964	chr2	231715507	231716007	500	231715307	231716207	1	27	23	23	True	368	0.582	2	2	2	23	0.0	False	cpx_het	2	size_diff	168	+168@231715726	+124@231715726	168,124	168,124	False	1.0	cpx_het	2	size_diff	168	+168@231715726	+124@231715726	168,124	168,124	False	1.0	2	964.0,964.1	15,8	23	168,124	0	2	0	2	kmeans	2	0	0	0	0	False	False	2	2	2	INS+124:0/1:PASS:DV8/TC23:V5TP:T2TTP:hapGT1/1;INS+168:0/1:PASS:DV15/TC23:V5TP:T2TTP:hapGT1/1	2	2	2	0	0	+124:0/1:TP;+168:1/0:TP	2	0	0	+124:0/1:TP;+168:1/0:TP	equal	equal	equal
965	chr2	231823193	231848783	25590	231822737	231849865	1	765	35	40	True	27028	1.0	2	2	2	39	0.051	False	hom	1	-	8387	+89@231823187,-308@231823642,-356@231824911,+39@231825379,-52@231825594,+39@231825734,-308@231825914,-129@231826579,-52@231827013,-129@231827155,+39@231827648,-90@231827958,-475@231828501,-39@231829454,-39@231829672,-39@231829801,-39@231830329,+39@231830634,+52@231831120,-39@231831844,+89@231832591,+52@231832754,+231@231833060,+129@231833424,-39@231833864,+488@231835781,+90@231837425,-2351@231838346,-5459@231841327,+180@231848653	+89@231823187,-308@231823642,-356@231824911,+39@231825379,-52@231825594,+39@231825734,-308@231825914,-129@231826579,-52@231827013,-129@231827155,+39@231827648,-90@231827958,-475@231828501,-39@231829454,+39@231830545,-39@231831081,-39@231831844,+89@231832591,+52@231832754,+231@231833060,+129@231833424,+90@231833841,-39@231833993,+488@231835781,+90@231837425,-2351@231838346,-5459@231841327,+180@231848653	-8387,-8271	-8389,-8272	True	0.0	hom	1	-	8387	+89@231823187,-308@231823642,-356@231824911,+39@231825379,-52@231825594,+39@231825734,-308@231825914,-129@231826579,-52@231827013,-129@231827155,+39@231827648,-90@231827958,-475@231828501,-39@231829454,-39@231829672,-39@231829801,-39@231830329,+39@231830634,+52@231831120,-39@231831844,+89@231832591,+52@231832754,+231@231833060,+129@231833424,-39@231833864,+488@231835781,+90@231837425,-2351@231838346,-5459@231841327,+180@231848653	+89@231823187,-308@231823642,-356@231824911,+39@231825379,-52@231825594,+39@231825734,-308@231825914,-129@231826579,-52@231827013,-129@231827155,+39@231827648,-90@231827958,-475@231828501,-39@231829454,+39@231830545,-39@231831081,-39@231831844,+89@231832591,+52@231832754,+231@231833060,+129@231833424,+90@231833841,-39@231833993,+488@231835781,+90@231837425,-2351@231838346,-5459@231841327,+180@231848653	-8387,-8271	-8389,-8270	True	0.0	1	965.1	40	40	-7915	0	0	0	1	other	0	10	1	0	0	False	False	1	1	13	DEL-33:1/1:PASS:DV23/TC23:V5ref:T2Tref:hapGT0/0;DEL-39:1/1:PASS:DV23/TC23:V5ref:T2Tref:hapGT0/0;DEL-51:1/1:PASS:DV23/TC23:V5ref:T2Tref:hapGT0/0;DEL-269:1/1:PASS:DV22/TC22:V5ref:T2Tref:hapGT0/0;DEL-482:1/1:PASS:DV23/TC24:V5ref:T2Tref:hapGT0/0;DEL-83:1/1:PASS:DV23/TC23:V5ref:T2Tref:hapGT0/0;DEL-537:1/1:PASS:DV23/TC23:V5ref:T2Tref:hapGT0/0;DEL-1150:1/1:PASS:DV21/TC21:V5ref:T2Tref:hapGT0/0;DEL-4081:1/1:PASS:DV18/TC18:V5ref:T2Tref:hapGT0/0;DEL-175:1/1:PASS:DV11/TC11:V5ref:T2Tref:hapGT0/0;DEL-535:1/1:PASS:DV11/TC11:V5ref:T2Tref:hapGT0/0;DEL-357:1/1:PASS:DV14/TC14:V5ref:T2Tref:hapGT0/0;DEL-128:1/1:PASS:DV15/TC15:V5ref:T2Tref:hapGT0/0	13	0	0	0	0	-	0	0	0	-	equal	equal	equal
966	chr2	231869795	231870295	500	231869595	231870495	1	19	16	23	True	337	0.674	2	2	2	22	0.0	False	cpx_het	2	size_diff	3175	+3175@231869965	+2022@231869965	3175,2022	3175,2017	False	1.0	cpx_het	2	size_diff	3175	+3175@231869965	+2022@231869965	3175,2022	3175,2017	False	1.0	2	966.0,966.1	15,8	23	2022,3209	0	2	0	2	other	0	7	0	0	0	False	False	2	2	2	INS+3209:0/1:PASS:DV7/TC19:V5TP:T2TTP:hapGT0/1;INS+2027:0/1:PASS:DV12/TC19:V5TP:T2TTP:hapGT0/1	2	0	2	0	0	+3175:1/0:TP;+2022:0/1:TP	2	0	0	+3175:1/0:TP;+2022:0/1:TP	equal	equal	equal
967	chr2	231897431	231898053	622	231897231	231898253	1	4	2	17	False	0	0.0	2	2	2	15	0.0	False	ref	1	-	0	-	-	0,0	0,0	False	1.0	ref	1	-	0	-	-	0,0	0,0	False	1.0	1	967.0	17	17	0	0	1	0	1	kmeans	1	0	0	0	0	False	False	1	1	0	-	0	0	0	0	0	-	0	0	0	-	equal	equal	equal
968	chr2	232086408	232086908	500	232086113	232087108	1	20	20	25	True	525	0.56	2	2	2	25	0.0	False	hom	1	-	32	+32@232086659	+32@232086659	32,32	26,26	False	1.0	hom	1	-	32	+32@232086659	+32@232086659	32,32	26,26	False	1.0	1	968.0	25	25	26	0	1	0	1	kmeans	1	0	0	0	0	False	False	1	1	1	INS+32:1/1:PASS:DV25/TC25:V5ref:T2Tref:hapGT1/1	1	0	0	0	0	-	0	0	0	-	equal	equal	equal
969	chr2	232246663	232247163	500	232246463	232247363	1	16	16	20	False	0	0.0	2	2	2	18	0.0	False	hom	1	-	129	+129@232246907	+129@232246907	129,129	129,129	False	1.0	hom	1	-	129	+129@232246907	+129@232246907	129,129	129,129	False	1.0	1	969.0	20	20	128	0	1	0	1	kmeans	1	3	0	0	0	False	False	1	1	1	INS+128:1/1:PASS:DV16/TC17:V5TP:T2TTP:hapGT1/1	1	0	1	0	0	+129:1/1:TP	1	0	0	+129:1/1:TP	equal	equal	equal
970	chr2	232332956	232333456	500	232332756	232333656	1	9	9	23	True	231	0.462	2	2	2	22	0.0	False	hom	1	-	45	-45@232333182	-45@232333182	-45,-45	-60,-45	False	1.0	het	2	-	45	-	-45@232333182	0,-45	-15,-45	False	1.0	2	970.0,970.1	12,11	23	-15,-45	0	2	0	2	kmeans	2	2	0	0	0	False	False	1	2	1	DEL-45:0/1:PASS:DV8/TC21:V5ref:T2Tref:hapGT1/1	1	1	0	0	0	-	0	0	0	-	over	equal	over
971	chr2	232384865	232385365	500	232384665	232385565	1	12	12	15	True	249	0.498	2	2	2	15	0.0	False	cpx_het	2	near_hom_le10bp	27	+21@232385115	+27@232385115	21,27	39,33	False	0.697	cpx_het	2	near_hom_le10bp	27	+21@232385115	+27@232385115	21,27	39,33	False	0.697	1	971.0	15	15	42	0	1	0	1	kmeans	1	2	0	0	0	False	False	0	0	1	INS+42:1/1:PASS:DV14/TC15:V5ref:T2Tref:hapGT0/0	1	0	0	0	0	-	0	0	0	-	under	under	under
972	chr2	232467958	232468805	847	232467758	232469005	1	17	17	19	False	0	0.0	2	2	2	19	0.0	False	hom	1	-	761	-761@232468008	-761@232468008	-761,-761	-744,-744	False	1.0	hom	1	-	761	-761@232468008	-761@232468008	-761,-761	-744,-744	False	1.0	1	972.0	19	19	-747	0	1	0	1	kmeans	1	1	0	0	0	False	False	1	1	1	DEL-747:1/1:PASS:DV18/TC19:V5TP:T2TTP:hapGT1/1	1	0	1	0	0	-761:1/1:TP	1	0	0	-761:1/1:TP	equal	equal	equal
973	chr2	232499683	232500183	500	232499483	232500383	1	11	11	23	True	140	0.28	2	2	2	21	0.0	False	het	2	-	193	-	-193@232499836	0,-193	0,-193	False	1.0	het	2	-	193	-	-193@232499836	0,-193	0,-193	False	1.0	2	973.0,973.1	11,12	23	-193,0	0	2	0	2	kmeans	2	1	0	0	0	False	False	2	2	1	DEL-193:0/1:PASS:DV11/TC23:V5TP:T2TTP:hapGT0/1	1	0	1	0	0	-193:0/1:TP	1	0	0	-193:0/1:TP	equal	equal	equal
974	chr2	232531039	232531539	500	232530839	232531739	1	14	14	27	True	70	0.14	2	2	2	27	0.0	False	het	2	-	35	-35@232531264	-	-35,0	-35,0	False	1.0	het	2	-	35	-35@232531264	-	-35,0	-35,0	False	1.0	2	974.0,974.1	12,15	27	0,-35	0	2	0	2	kmeans	2	2	0	0	0	False	False	2	2	1	DEL-35:0/1:PASS:DV14/TC25:V5ref:T2Tref:hapGT0/1	1	0	0	0	0	-	0	0	0	-	equal	equal	equal
975	chr2	232583107	232583607	500	232582907	232583807	1	18	16	29	True	204	0.408	2	2	2	29	0.0	False	het	2	-	47	+47@232583365	-	47,0	47,0	False	1.0	het	2	-	47	+47@232583365	-	47,0	47,0	False	1.0	2	975.0,975.1	13,16	29	0,47	0	2	0	2	kmeans	2	1	0	0	0	False	False	2	2	1	INS+47:0/1:PASS:DV16/TC29:V5ref:T2Tref:hapGT0/1	1	0	0	0	0	-	0	0	0	-	equal	equal	equal
976	chr2	232613807	232614307	500	232613552	232614507	1	4	4	28	True	604	0.798	2	2	2	27	0.0	False	cpx_het	2	size_diff	44	+20@232613661,+24@232614057	+24@232614057	44,24	36,30	False	1.0	cpx_het	2	size_diff	44	+20@232613661,+24@232614057	+24@232614057	44,24	36,30	False	1.0	1	976.0	28	28	30	0	1	0	1	kmeans	1	3	0	0	0	False	False	0	0	0	-	0	0	0	0	0	-	0	0	0	-	under	under	under
977	chr2	232803576	232804076	500	232803376	232804276	1	21	21	21	False	0	0.0	2	2	2	21	0.0	False	hom	1	-	305	-305@232803661	-305@232803661	-305,-305	-305,-305	False	1.0	hom	1	-	305	-305@232803661	-305@232803661	-305,-305	-305,-305	False	1.0	1	977.0	20	20	-305	0	1	0	1	kmeans	1	0	0	0	0	False	False	1	1	1	DEL-305:1/1:PASS:DV20/TC21:V5TP:T2TTP:hapGT1/1	1	0	1	0	0	-305:1/1:TP	1	0	0	-305:1/1:TP	equal	equal	equal
978	chr2	232813094	232813594	500	232812894	232813794	1	4	4	27	False	0	0.0	2	2	2	27	0.0	False	het	2	-	24	-24@232813331	-	-24,0	-25,0	False	1.0	het	2	-	24	-24@232813331	-	-24,0	-25,0	False	1.0	1	978.0	27	27	0	0	1	0	1	kmeans	1	1	0	0	0	False	False	0	0	0	-	0	0	0	0	0	-	0	0	0	-	under	under	under
979	chr2	232836085	232836585	500	232835885	232836785	1	4	4	30	True	151	0.302	2	2	2	30	0.0	False	het	2	-	30	-30@232836320	-	-30,0	-28,-12	False	1.0	het	2	-	30	-30@232836320	-	-30,0	-28,-12	False	1.0	1	979.0	30	30	-11	0	1	0	1	kmeans	1	2	0	0	0	False	False	0	0	0	-	0	0	0	0	0	-	0	0	0	-	under	under	under
980	chr2	232885910	232886410	500	232885710	232886610	1	8	8	23	True	384	0.654	2	2	2	21	0.0	False	het	2	-	125	+125@232886141	-	125,0	125,-18	False	1.0	het	2	-	125	+125@232886141	-	125,0	125,-18	False	1.0	2	980.0,980.1	10,12	22	125,-18	0	2	0	2	kmeans	2	1	0	0	0	False	False	2	2	1	INS+125:0/1:PASS:DV8/TC20:V5TP:T2TTP:hapGT0/1	1	0	1	0	0	+125:1/0:TP	1	0	0	+125:1/0:TP	equal	equal	equal
981	chr2	232900070	232900570	500	232898787	232900868	1	23	14	18	True	1981	1.0	2	2	2	18	0.0	False	cpx_het	2	size_diff	234	+198@232899990,-104@232900287	+234@232900423	94,234	108,241	False	1.0	cpx_het	2	size_diff	234	+198@232899990,-104@232900287	+234@232900423	94,234	108,241	False	1.0	2	981.0,981.1	6,12	18	234,94	0	2	0	2	kmeans	2	2	0	0	0	False	False	2	2	3	INS+50:0/1:PASS:DV10/TC16:V5ref:T2Tref:hapGT0/0;INS+38:0/1:PASS:DV9/TC16:V5ref:T2Tref:hapGT0/0;INS+234:0/1:PASS:DV6/TC16:V5ref:T2Tref:hapGT0/1	3	0	0	1	1	-146:1/0:FN	0	1	1	-146:1/0:FN	equal	equal	equal
982	chr2	232905811	232907267	1456	232905004	232907467	1	33	15	16	True	1701	0.648	2	2	2	16	0.0	False	cpx_het	2	size_diff	313	-99@232906118,-51@232906167,-163@232906508	+49@232905895,-51@232906167,-163@232906508	-313,-165	-311,-164	False	1.0	cpx_het	2	size_diff	262	-99@232906118,-163@232906508	+49@232905895,-51@232906167,-163@232906508	-262,-165	-260,-164	False	1.0	2	982.0,982.1	13,3	16	-221,-179	0	1	0	2	kmeans	2	0	0	0	0	False	False	2	2	3	DEL-98:0/1:PASS:DV15/TC15:V5ref:T2Tref:hapGT0/0;DEL-49:0/0:PASS:DV3/TC15:V5ref:T2Tref:hapGT0/0;DEL-163:0/1:PASS:DV12/TC15:V5ref:T2Tref:hapGT0/1;DEL-36:0/0:LowQual:DV2/TC14:V5-:T2T-	5	0	2	1	0	-99:1/0:TP;-51:0/1:FN;-163:1/1:TP	2	1	0	-99:1/0:TP;-51:0/1:FN;-163:1/1:TP	equal	equal	equal
983	chr2	232980922	232981422	500	232980722	232981622	1	12	12	22	False	0	0.0	2	2	2	21	0.0	False	het	2	-	310	+310@232981166	-	310,0	310,0	False	1.0	het	2	-	310	+310@232981166	-	310,0	310,0	False	1.0	2	983.0,983.1	9,13	22	0,311	0	2	0	2	kmeans	2	0	0	0	0	False	False	2	2	1	INS+311:0/1:PASS:DV12/TC20:V5TP:T2TTP:hapGT0/1	1	0	1	0	0	+310:1/0:TP	1	0	0	+310:1/0:TP	equal	equal	equal
984	chr2	232992927	232993427	500	232992247	232993627	1	7	7	20	True	969	0.678	2	2	2	19	0.0	False	het	2	-	123	-	+123@232993155	0,123	-2,121	False	1.0	het	2	-	123	-	+123@232993155	0,123	0,121	False	1.0	2	984.0,984.1	12,8	20	0,123	0	2	0	2	kmeans	2	0	0	0	0	False	False	2	2	1	INS+123:0/1:PASS:DV7/TC18:V5TP:T2TTP:hapGT0/1	1	0	1	0	0	+123:0/1:TP	1	0	0	+123:0/1:TP	equal	equal	equal
985	chr2	232994972	232995628	656	232994772	232995960	1	143	22	26	True	1060	1.0	2	2	2	26	0.0	False	cpx_het	2	size_diff	511	+192@232995016,-44@232995095,+423@232995356,-60@232995455	-66@232995076,-44@232995095,-40@232995168,+74@232995274,+46@232995363,-100@232995366,-60@232995455,+230@232995496,+36@232995578	511,76	500,61	False	1.0	cpx_het	2	size_diff	511	+192@232995016,-44@232995095,+423@232995356,-60@232995455	-66@232995076,-40@232995168,+74@232995274,+46@232995363,-100@232995366,+230@232995496,+36@232995578	511,180	500,181	False	1.0	2	985.0,985.1	15,11	26	485,176	0	2	0	2	other	0	1	0	0	0	False	False	1	2	3	INS+54:0/1:PASS:DV23/TC23:V5ref:T2Tref:hapGT0/1;INS+86:0/1:PASS:DV9/TC24:V5ref:T2Tref:hapGT0/1;INS+382:0/1:PASS:DV15/TC24:V5ref:T2Tref:hapGT0/1	4	0	2	4	0	-118:0/1:FN;+55:1/0:TP;+57:1/0:FN;-58:0/1:FN;+282:0/1:FN;+420:1/0:TP	2	2	1	+192:1/0:FN;-108:0/1:FN;+293:1/0:TP;+192:0/1:TP	equal	equal	equal
986	chr2	233055681	233056181	500	233055422	233056381	1	7	7	17	True	711	1.0	2	2	2	14	0.0	False	het	2	-	36	-36@233055917	-	-36,0	-48,-8	False	1.0	het	2	-	36	-36@233055917	-	-36,0	-48,-8	False	1.0	2	986.0,986.1	10,7	17	-8,-44	0	2	0	2	kmeans	2	0	0	0	0	False	False	2	2	1	DEL-36:0/1:PASS:DV7/TC16:V5ref:T2Tref:hapGT0/1	1	0	0	0	0	-	0	0	0	-	equal	equal	equal
987	chr2	233065402	233065902	500	233065202	233066999	1	19	18	18	True	1386	0.678	2	2	2	16	0.0	False	hom	1	-	65	-65@233065587	-65@233065587	-65,-65	-63,-63	False	1.0	hom	1	-	65	-65@233065587	-65@233065587	-65,-65	-63,-63	False	1.0	1	987.0	18	18	-64	0	1	0	1	kmeans	1	0	0	0	0	False	False	1	1	1	DEL-64:1/1:PASS:DV18/TC18:V5TP:T2TTP:hapGT1/1	1	0	1	0	0	-65:1/1:TP	1	0	0	-65:1/1:TP	equal	equal	equal
988	chr2	233137613	233138113	500	233137413	233138313	1	10	10	28	True	199	0.398	2	2	2	26	0.0	False	cpx_het	2	size_diff	176	+176@233137903	+27@233137985	176,27	156,17	False	1.0	cpx_het	2	size_diff	176	+176@233137903	+27@233137985	176,27	156,17	False	1.0	2	988.0,988.1	12,16	28	153,15	0	2	0	2	kmeans	2	3	0	0	0	False	False	1	1	1	INS+158:0/1:PASS:DV10/TC24:V5TP:T2TTP:hapGT0/1	1	0	1	0	0	+176:1/0:TP	1	0	0	+176:1/0:TP	equal	equal	equal
989	chr2	233144444	233144944	500	233143661	233145144	1	10	8	20	True	1187	0.908	2	2	2	18	0.0	False	cpx_het	2	opposite_sign	60	+60@233144691	-27@233144518	60,-27	60,-27	False	0.992	cpx_het	2	opposite_sign	60	+60@233144691	-27@233144518	60,-27	60,-27	False	0.992	2	989.0,989.1	11,9	20	-27,60	0	2	0	2	kmeans	2	1	0	0	0	False	False	2	2	1	INS+60:0/1:PASS:DV7/TC16:V5TP:T2TTP:hapGT0/1	1	0	1	0	0	+60:1/0:TP	1	0	0	+60:1/0:TP	equal	equal	equal
990	chr2	233175708	233176542	834	233175508	233176927	1	40	20	23	True	574	0.287	2	2	2	23	0.0	False	hom	1	-	668	+775@233176491,-107@233176499	+771@233176491,-107@233176499	668,664	676,677	False	1.0	hom	1	-	668	+775@233176491,-107@233176499	+771@233176491,-107@233176499	668,664	676,677	False	1.0	2	990.0,990.1	21,2	23	655,4	0	1	0	2	kmeans	2	2	0	0	0	False	False	1	1	1	INS+643:1/1:PASS:DV21/TC23:V5ref:T2Tref:hapGT1/1	1	0	0	0	0	-	0	0	0	-	over	over	over
991	chr2	233215077	233215577	500	233214870	233215777	1	11	11	26	True	559	0.804	2	2	2	26	0.0	False	het	2	-	93	-	-93@233215274	0,-93	0,-93	False	1.0	het	2	-	93	-	-93@233215274	0,-93	0,-93	False	1.0	2	991.0,991.1	15,11	26	0,-93	0	2	0	2	kmeans	2	0	0	0	0	False	False	2	2	1	DEL-93:0/1:PASS:DV11/TC26:V5TP:T2TTP:hapGT0/1	1	0	1	0	0	-93:0/1:TP	1	0	0	-93:0/1:TP	equal	equal	equal
992	chr2	233225543	233226043	500	233225343	233226243	1	1	1	27	True	165	0.33	2	2	2	27	0.0	False	ref	1	-	0	-	-	0,0	0,0	False	1.0	ref	1	-	0	-	-	0,0	0,0	False	1.0	1	992.0	27	27	0	0	1	0	1	kmeans	1	1	0	0	0	False	False	1	1	0	-	0	0	0	0	0	-	0	0	0	-	equal	equal	equal
993	chr2	233232652	233233152	500	233232452	233233352	1	15	15	33	False	0	0.0	2	2	2	33	0.0	False	het	2	-	45	-	+45@233232878	0,45	0,45	False	1.0	het	2	-	45	-	+45@233232878	0,45	0,45	False	1.0	2	993.0,993.1	16,17	33	44,0	0	2	0	2	kmeans	2	3	0	0	0	False	False	2	2	1	INS+44:0/1:PASS:DV15/TC32:V5ref:T2Tref:hapGT0/1	1	0	0	0	0	-	0	0	0	-	equal	equal	equal
994	chr2	233432005	233432505	500	233431805	233432705	1	22	22	22	True	504	0.79	2	2	2	22	0.0	False	hom	1	-	134	-134@233432187	-134@233432187	-134,-134	-134,-134	False	1.0	hom	1	-	134	-134@233432187	-134@233432187	-134,-134	-134,-134	False	1.0	1	994.0	22	22	-134	0	1	0	1	kmeans	1	0	0	0	0	False	False	1	1	1	DEL-134:1/1:PASS:DV22/TC22:V5TP:T2TTP:hapGT1/1	1	0	1	0	0	-134:1/1:TP	1	0	0	-134:1/1:TP	equal	equal	equal
995	chr2	233463144	233463748	604	233462944	233463948	1	44	23	25	True	531	0.805	2	2	2	25	0.0	False	hom	1	-	170	+34@233463375,+119@233463515	+34@233463375,+136@233463515	153,170	153,170	False	1.0	hom	1	-	170	+34@233463375,+119@233463515	+34@233463375,+136@233463515	153,170	153,170	False	1.0	1	995.0	25	25	170	0	1	0	1	kmeans	1	2	0	0	0	False	False	1	1	2	INS+34:1/1:PASS:DV23/TC23:V5ref:T2Tref:hapGT0/0;INS+136:1/1:PASS:DV23/TC23:V5TP:T2TTP:hapGT1/1	2	0	2	0	0	+119:1/0:TP;+136:0/1:TP	2	0	0	+119:1/0:TP;+136:0/1:TP	equal	equal	equal
996	chr2	233494572	233495072	500	233494372	233495272	1	22	21	24	True	205	0.41	2	2	2	24	0.0	False	hom	1	-	46	-46@233494915	-46@233494915	-46,-46	-45,-45	False	1.0	hom	1	-	46	-46@233494915	-46@233494915	-46,-46	-45,-45	False	1.0	1	996.0	24	24	-45	0	1	0	1	kmeans	1	1	0	0	0	False	False	1	1	1	DEL-45:1/1:PASS:DV21/TC21:V5ref:T2Tref:hapGT1/1	1	0	0	0	0	-	0	0	0	-	equal	equal	equal
997	chr2	233567268	233568439	1171	233566938	233568639	1	24	15	20	True	1575	1.0	2	2	2	20	0.0	False	hom	1	-	209	-27@233567062,-182@233567788	-26@233567318,-182@233567788	-209,-208	-210,-209	False	1.0	hom	1	-	209	-27@233567062,-182@233567788	-26@233567318,-182@233567788	-209,-208	-209,-209	False	1.0	1	997.0	20	20	-200	0	1	0	1	kmeans	1	5	0	0	0	False	False	1	1	1	DEL-182:1/1:PASS:DV16/TC18:V5TP:T2TTP:hapGT1/1	1	0	1	0	0	-182:1/1:TP	1	0	0	-182:1/1:TP	equal	equal	equal
998	chr2	233724282	233724782	500	233723922	233725367	1	15	15	20	True	1345	1.0	2	2	2	20	0.0	False	het	2	-	39	-39@233724512	-	-39,0	-57,0	False	1.0	het	2	-	39	-39@233724512	-	-39,0	-57,0	False	1.0	1	998.0	20	20	-57	0	1	0	1	kmeans	1	2	0	0	0	False	False	0	0	1	DEL-39:1/1:PASS:DV19/TC19:V5ref:T2Tref:hapGT0/1	1	1	0	0	0	-	0	0	0	-	under	under	under
999	chr2	233787675	233788175	500	233787347	233788375	1	7	7	11	True	810	1.0	2	2	2	11	0.0	False	cpx_het	2	size_diff	208	+126@233787819	+208@233787925	126,208	120,206	False	1.0	cpx_het	2	size_diff	208	+126@233787819	+208@233787925	126,208	120,206	False	1.0	2	999.0,999.1	4,7	11	127,208	0	2	0	2	kmeans	2	1	0	0	0	False	False	2	2	1	INS+34:0/0:LowQual:DV0/TC7:V5-:T2T-;INS+208:0/1:PASS:DV7/TC7:V5ref:T2Tref:hapGT0/1;INS+104:0/0:LowQual:DV0/TC7:V5-:T2T-	3	0	0	0	0	-	0	0	0	-	equal	equal	equal
1000	chr2	233895855	233896355	500	233895655	233896558	1	34	22	25	True	465	0.624	2	2	2	25	0.0	False	cpx_het	2	size_diff	153	+153@233896077	+136@233896087	153,136	151,132	False	1.0	cpx_het	2	size_diff	153	+153@233896077	+136@233896087	153,136	151,132	False	1.0	2	1000.0,1000.1	11,14	25	154,126	0	2	0	2	kmeans	2	2	0	0	0	False	False	2	2	2	INS+154:0/1:PASS:DV10/TC23:V5TP:T2TTP:hapGT1/1;INS+121:0/1:PASS:DV13/TC23:V5TP:T2TTP:hapGT1/1	2	2	2	0	0	+153:1/0:TP;+136:0/1:TP	2	0	0	+153:1/0:TP;+136:0/1:TP	equal	equal	equal
1001	chr2	234407057	234407557	500	234406857	234408746	1	3	3	21	True	1427	0.576	2	2	2	21	0.0	False	het	2	-	26	-26@234407313	-	-26,0	-37,-15	False	1.0	het	2	-	26	-26@234407313	-	-26,0	-27,-15	False	1.0	1	1001.0	20	20	-19	0	1	0	1	kmeans	1	1	0	0	0	False	False	1	1	0	-	0	0	0	0	0	-	0	0	0	-	under	under	under
1002	chr2	234514533	234515070	537	234514098	234515318	1	27	22	25	True	1120	1.0	2	2	2	24	0.0	False	hom	1	-	955	+955@234514745	+955@234514745	955,955	955,962	False	1.0	hom	1	-	955	+955@234514745	+955@234514745	955,955	955,962	False	1.0	2	1002.0,1002.1	23,2	25	39,37	0	0	0	1	other	0	2	0	0	0	False	False	0	0	0	INS+37:0/0:LowQual:DV2/TC24:V5-:T2T-	1	0	0	1	0	+955:1/1:FN	0	2	0	+955:1/0:FN;+955:0/1:FN	over	over	over
1003	chr2	234540696	234541196	500	234540496	234541396	1	49	13	31	True	145	0.29	2	2	2	31	0.0	False	het	2	-	197	-	+232@234540861,-35@234541061	0,197	-2,196	False	1.0	het	2	-	197	-	+232@234540861,-35@234541061	0,197	-2,196	False	1.0	2	1003.0,1003.1	14,17	31	191,0	0	2	0	2	kmeans	2	3	0	0	0	False	False	2	2	2	INS+214:0/1:PASS:DV13/TC30:V5TP:T2TTP:hapGT0/1;DEL-35:0/1:PASS:DV13/TC29:V5ref:T2Tref:hapGT0/0	2	0	1	0	0	+232:0/1:TP	1	0	0	+232:0/1:TP	equal	equal	equal
1004	chr2	234544447	234544947	500	234544247	234545147	1	44	31	34	True	312	0.624	2	2	2	34	0.0	False	cpx_het	2	opposite_sign	84	-84@234544600	+48@234544600	-84,48	-84,46	False	1.0	cpx_het	2	opposite_sign	84	-84@234544600	+48@234544600	-84,48	-72,46	False	1.0	2	1004.0,1004.1	14,20	34	-72,44	0	2	0	2	kmeans	2	2	0	0	0	False	False	2	2	2	INS+44:0/1:PASS:DV17/TC33:V5ref:T2Tref:hapGT0/1;DEL-72:0/1:PASS:DV14/TC33:V5TP:T2TTP:hapGT0/1	2	0	1	0	0	-84:1/0:TP	1	0	0	-84:1/0:TP	equal	equal	equal
1005	chr2	234637735	234638235	500	234637535	234638435	1	31	15	16	False	0	0.0	2	2	2	16	0.0	False	hom	1	-	127	+127@234638091	+126@234638091	127,126	143,133	False	1.0	hom	1	-	127	+127@234638091	+126@234638091	127,126	143,133	False	1.0	1	1005.0	16	16	137	0	1	0	1	kmeans	1	1	0	0	0	False	False	1	1	1	INS+128:1/1:PASS:DV16/TC16:V5TP:T2TTP:hapGT1/1	1	0	1	0	0	+127:1/1:TP	2	0	0	+126:0/1:TP;+127:1/0:TP	equal	equal	equal
1006	chr2	234645469	234649663	4194	234645269	234649863	1	283	24	24	True	4259	0.995	2	2	2	24	0.0	False	cpx_het	2	size_diff	4189	-237@234645820,-135@234645924,-233@234646174,-116@234646291,-34@234646536,-338@234646636,-205@234646741,-34@234647024,-182@234647147,-33@234647377,-34@234647512,-1437@234647806,-182@234647906,-83@234648177,-67@234648453,-605@234648641,-234@234649379	-237@234645820,-135@234645924,-116@234646291,-34@234646486,-338@234646636,-205@234646741,-34@234647024,-182@234647147,-116@234647561,-182@234647906,-83@234648177,-67@234648453,-605@234648641,-234@234649379	-4189,-2568	-4297,-2592	False	1.0	cpx_het	2	size_diff	2561	-135@234645924,-233@234646174,-34@234646536,-205@234646741,-34@234647024,-182@234647147,-33@234647377,-34@234647512,-1437@234647806,-234@234649379	-237@234645820,-116@234646291,-34@234646486,-338@234646636,-34@234647024,-182@234647147,-116@234647561,-182@234647906,-83@234648177,-67@234648453,-605@234648641,-234@234649379	-2561,-2228	-2648,-2250	False	1.0	2	1006.0,1006.1	16,8	24	-2237,-2641	0	2	0	2	other	0	1	0	0	0	False	False	1	2	14	DEL-317:0/1:PASS:DV15/TC23:V5ref:T2Tref:hapGT0/0;DEL-683:0/1:PASS:DV7/TC23:V5ref:T2Tref:hapGT0/0;DEL-382:0/1:PASS:DV23/TC23:V5ref:T2Tref:hapGT0/0;DEL-167:0/1:PASS:DV15/TC23:V5ref:T2Tref:hapGT0/0;DEL-504:0/1:PASS:DV8/TC23:V5ref:T2Tref:hapGT0/0;DEL-84:0/1:PASS:DV22/TC22:V5ref:T2Tref:hapGT0/0;DEL-250:0/1:PASS:DV7/TC22:V5ref:T2Tref:hapGT0/0;DEL-116:0/1:PASS:DV15/TC22:V5ref:T2Tref:hapGT0/0;DEL-133:0/1:PASS:DV7/TC22:V5ref:T2Tref:hapGT0/0;DEL-34:0/1:PASS:DV15/TC22:V5ref:T2Tref:hapGT0/0;DEL-214:0/1:PASS:DV14/TC21:V5ref:T2Tref:hapGT0/0;DEL-67:0/1:PASS:DV14/TC22:V5ref:T2Tref:hapGT0/0;DEL-605:0/1:PASS:DV22/TC22:V5ref:T2Tref:hapGT0/0;DEL-234:0/1:PASS:DV22/TC22:V5ref:T2Tref:hapGT0/0	18	0	7	8	2	-237:0/1:FN;-690:1/0:FN;-116:0/1:TP;-288:0/1:TP;-366:1/0:TP;-232:0/1:TP;-116:0/1:FN;-165:0/1:TP;-115:1/0:FN;-266:1/0:FN;-299:0/1:TP;-85:0/1:FN;-84:1/0:TP;-287:0/1:FN;-234:1/1:FN	6	3	0	+518:1/0:FN;-237:0/1:TP;-116:0/1:FN;-132:1/0:TP;-1985:0/1:FN;-1986:1/0:TP;-187:1/0:TP;-156:1/0:TP;-296:1/0:TP	equal	equal	equal
1007	chr2	234665281	234665781	500	234665081	234665981	1	4	3	25	True	225	0.45	2	2	2	24	0.0	False	ref	1	-	0	-	-	0,0	5,5	False	1.0	ref	1	-	0	-	-	0,0	5,5	False	1.0	1	1007.0	25	25	5	0	1	0	1	kmeans	1	0	0	0	0	False	False	1	1	0	-	0	0	0	0	0	-	0	0	0	-	equal	equal	equal
1008	chr2	234898909	234899409	500	234898709	234899609	1	9	9	20	True	156	0.312	2	2	2	20	0.0	False	het	2	-	50	-	-50@234899096	0,-50	0,-50	False	1.0	het	2	-	50	-	-50@234899096	0,-50	0,-50	False	1.0	2	1008.0,1008.1	11,9	20	0,-50	0	2	0	2	kmeans	2	0	0	0	0	False	False	2	2	1	DEL-50:0/1:PASS:DV9/TC19:V5TP:T2TTP:hapGT0/1	1	0	1	0	0	-50:0/1:TP	1	0	0	-50:0/1:TP	equal	equal	equal
1009	chr2	234901865	234902430	565	234901665	234902630	1	63	21	21	True	500	0.885	2	2	2	21	0.0	False	cpx_het	2	size_diff	139	-23@234901941,-60@234902022,-56@234902023	-56@234902023	-139,-56	-173,-86	False	1.0	cpx_het	2	size_diff	83	-23@234901941,-60@234902022	-56@234902023	-83,-56	-99,-86	False	1.0	1	1009.0	21	21	-85	0	1	0	1	kmeans	1	0	0	0	0	False	False	0	1	1	DEL-56:1/1:PASS:DV21/TC21:V5TP:T2TTP:hapGT0/1	1	1	1	0	0	-60:1/1:TP	2	0	0	-60:1/0:TP;-56:0/1:TP	under	under	under
1010	chr2	234905310	234905810	500	234905110	234906010	1	13	9	21	True	296	0.592	2	2	2	21	0.0	False	het	2	-	36	+36@234905559	-	36,0	40,0	False	1.0	het	2	-	36	+36@234905559	-	36,0	40,0	False	1.0	2	1010.0,1010.1	12,9	21	0,36	0	2	0	2	kmeans	2	1	0	0	0	False	False	2	2	1	INS+36:0/1:PASS:DV9/TC21:V5ref:T2Tref:hapGT0/1	1	0	0	0	0	-	0	0	0	-	equal	equal	equal
1011	chr2	234992486	234992986	500	234992286	234993186	1	14	14	14	True	573	1.0	2	2	2	14	0.0	False	hom	1	-	48	-48@234992705	-48@234992705	-48,-48	-48,-48	False	1.0	hom	1	-	48	-48@234992705	-48@234992705	-48,-48	-48,-48	False	1.0	1	1011.0	14	14	-48	0	1	0	1	kmeans	1	0	0	0	0	False	False	1	1	1	DEL-48:1/1:PASS:DV14/TC14:V5ref:T2Tref:hapGT1/1	1	0	0	0	0	-	0	0	0	-	equal	equal	equal
1012	chr2	235010689	235011189	500	235010471	235011389	1	20	16	18	True	731	1.0	2	2	2	15	0.0	False	cpx_het	2	one_net_small	69	-69@235010748	+42@235010769,-24@235011102	-69,18	-69,19	False	1.0	cpx_het	2	one_net_small	69	-69@235010748	+42@235010769,-24@235011102	-69,18	-69,19	False	1.0	2	1012.0,1012.1	11,5	16	-69,19	0	2	0	2	kmeans	2	3	0	0	0	False	False	2	2	2	DEL-69:0/1:PASS:DV10/TC17:V5TP:T2TTP:hapGT0/1;INS+42:0/1:PASS:DV5/TC17:V5ref:T2Tref:hapGT0/0	2	0	1	0	0	-69:1/0:TP	1	0	0	-69:1/0:TP	equal	equal	equal
1013	chr2	235038149	235038649	500	235037949	235038849	1	19	18	20	True	259	0.518	2	2	2	20	0.0	False	hom	1	-	157	-157@235038238	-157@235038238	-157,-157	-157,-157	False	1.0	hom	1	-	157	-157@235038238	-157@235038238	-157,-157	-157,-157	False	1.0	1	1013.0	20	20	-157	0	1	0	1	kmeans	1	2	0	0	0	False	False	1	1	1	DEL-157:1/1:PASS:DV18/TC20:V5TP:T2TTP:hapGT1/1	1	0	1	0	0	-157:1/1:TP	1	0	0	-157:1/1:TP	equal	equal	equal
1014	chr2	235043289	235043853	564	235043089	235044053	1	20	20	20	True	530	0.933	2	2	2	20	0.0	False	hom	1	-	108	-108@235043339	-108@235043339	-108,-108	-108,-108	False	1.0	hom	1	-	108	-108@235043339	-108@235043339	-108,-108	-108,-108	False	1.0	1	1014.0	20	20	-108	0	1	0	1	kmeans	1	0	0	0	0	False	False	1	1	1	DEL-108:1/1:PASS:DV20/TC20:V5TP:T2TTP:hapGT1/1	1	0	1	0	0	-108:1/1:TP	1	0	0	-108:1/1:TP	equal	equal	equal
1015	chr2	235169019	235169519	500	235168819	235169719	1	22	18	23	True	175	0.35	2	2	2	22	0.0	False	hom	1	-	849	+825@235169314	+849@235169314	825,849	825,849	False	1.0	hom	1	-	849	+825@235169314	+849@235169314	825,849	825,849	False	1.0	2	1015.0,1015.1	21,2	23	849,35	0	1	0	2	kmeans	2	1	0	0	0	False	False	1	1	1	INS+849:0/1:PASS:DV21/TC22:V5TP:T2Tref:hapGT1/1;INS+35:0/0:LowQual:DV1/TC22:V5-:T2T-	2	1	1	0	0	+849:1/1:TP	1	1	0	+828:0/1:TP;+825:1/0:FN	over	over	over
1016	chr2	235185939	235186439	500	235185739	235186639	1	7	7	21	False	0	0.0	2	2	2	21	0.0	False	het	2	-	329	-	-329@235186024	0,-329	0,-329	False	1.0	het	2	-	329	-	-329@235186024	0,-329	0,-329	False	1.0	2	1016.0,1016.1	8,13	21	-329,0	0	2	0	2	kmeans	2	1	0	0	0	False	False	2	2	1	DEL-329:0/1:PASS:DV8/TC21:V5TP:T2TTP:hapGT0/1	1	0	1	0	0	-329:0/1:TP	1	0	0	-329:0/1:TP	equal	equal	equal
1017	chr2	235190071	235190571	500	235189871	235190771	1	11	11	19	False	0	0.0	2	2	2	18	0.0	False	het	2	-	327	+327@235190316	-	327,0	327,0	False	1.0	het	2	-	327	+327@235190316	-	327,0	327,0	False	1.0	2	1017.0,1017.1	8,11	19	0,328	0	2	0	2	kmeans	2	0	0	0	0	False	False	2	2	1	INS+328:0/1:PASS:DV11/TC19:V5TP:T2TTP:hapGT0/1	1	0	1	0	0	+327:1/0:TP	1	0	0	+327:1/0:TP	equal	equal	equal
1018	chr2	235301568	235302323	755	235301368	235302978	1	70	38	47	True	1310	0.934	2	2	2	18	0.111	False	het	2	-	35	-	+35@235302211	0,35	0,31	False	1.0	het	2	-	35	-	+35@235302211	0,35	0,31	False	1.0	1	1018.0	47	47	30	0	0	0	1	kmeans	2	1	1	0	0	False	False	0	0	1	INS+35:1/1:PASS:DV42/TC43:V5ref:T2Tref:hapGT0/1	1	1	0	0	0	-	0	0	0	-	under	under	under
1019	chr2	235365038	235365538	500	235364838	235365738	1	5	5	16	False	0	0.0	2	2	2	15	0.0	False	het	2	-	32	-	+32@235365287	0,32	0,32	False	1.0	het	2	-	32	-	+32@235365287	0,32	0,32	False	1.0	1	1019.0	16	16	31	0	1	0	1	kmeans	1	0	0	0	0	False	False	0	0	1	INS+31:1/1:PASS:DV15/TC15:V5ref:T2Tref:hapGT0/1	1	1	0	0	0	-	0	0	0	-	under	under	under
1020	chr2	235469905	235470405	500	235469705	235470605	1	20	19	20	True	54	0.108	2	2	2	20	0.0	False	hom	1	-	40	-40@235470059	-40@235470059	-40,-40	-40,-40	False	1.0	hom	1	-	40	-40@235470059	-40@235470059	-40,-40	-40,-40	False	1.0	1	1020.0	20	20	-40	0	1	0	1	kmeans	1	0	0	0	0	False	False	1	1	1	DEL-40:1/1:PASS:DV19/TC19:V5ref:T2Tref:hapGT1/1	1	0	0	0	0	-	0	0	0	-	equal	equal	equal
1021	chr2	235488010	235488610	600	235487810	235489038	1	21	8	16	True	920	0.903	2	2	2	16	0.0	False	het	2	-	428	+428@235488556	-	428,0	444,-11	False	1.0	het	2	-	428	+428@235488556	-	428,0	444,-11	False	1.0	2	1021.0,1021.1	8,8	16	-8,444	0	2	0	2	kmeans	2	0	0	0	0	False	False	2	2	1	INS+428:0/1:PASS:DV8/TC16:V5TP:T2TTP:hapGT0/1	1	0	1	0	0	+428:1/0:TP	1	0	0	+428:1/0:TP	equal	equal	equal
1022	chr2	235504177	235504677	500	235503977	235504877	1	15	11	22	True	250	0.5	2	2	2	21	0.0	False	het	2	-	68	+68@235504439	-	68,0	68,0	False	1.0	het	2	-	68	+68@235504439	-	68,0	68,0	False	1.0	2	1022.0,1022.1	10,12	22	0,68	0	2	0	2	kmeans	2	2	0	0	0	False	False	2	2	1	INS+68:0/1:PASS:DV11/TC21:V5TP:T2TTP:hapGT0/1	1	0	1	0	0	+68:1/0:TP	1	0	0	+68:1/0:TP	equal	equal	equal
1023	chr2	235535955	235536455	500	235535755	235536728	1	24	13	25	True	575	0.704	2	2	2	25	0.0	False	het	2	-	48	+48@235536158	-	48,0	68,-6	False	1.0	het	2	-	48	+48@235536158	-	48,0	68,-6	False	1.0	2	1023.0,1023.1	12,13	25	0,72	0	2	0	2	kmeans	2	0	0	0	0	False	False	1	1	1	INS+48:0/1:PASS:DV13/TC25:V5ref:T2Tref:hapGT0/1	1	0	0	0	0	-	0	0	0	-	equal	equal	equal
1024	chr2	235564468	235564968	500	235564268	235565339	1	11	11	23	True	732	0.822	2	2	2	22	0.0	False	het	2	-	30	-	-30@235564751	0,-30	0,-30	False	1.0	het	2	-	30	-	-30@235564751	0,-30	0,-30	False	1.0	2	1024.0,1024.1	11,12	23	-30,0	0	2	0	2	kmeans	2	0	0	0	0	False	False	2	2	1	DEL-30:0/1:PASS:DV11/TC23:V5ref:T2Tref:hapGT0/1	1	0	0	0	0	-	0	0	0	-	equal	equal	equal
1025	chr2	235597640	235598161	521	235597440	235598361	1	17	13	26	True	441	0.846	2	2	2	26	0.0	False	het	2	-	238	-	+238@235597818	0,238	0,238	False	1.0	het	2	-	238	-	+238@235597818	0,238	0,238	False	1.0	2	1025.0,1025.1	11,15	26	0,238	0	2	0	2	kmeans	2	2	0	0	0	False	False	2	2	1	INS+238:0/1:PASS:DV13/TC23:V5TP:T2TTP:hapGT0/1	1	0	1	0	0	+238:0/1:TP	1	0	0	+238:0/1:TP	equal	equal	equal
1026	chr2	235700787	235701287	500	235700587	235701487	1	10	10	19	True	360	0.72	2	2	2	19	0.0	False	het	2	-	33	-33@235700975	-	-33,0	-33,0	False	1.0	het	2	-	33	-33@235700975	-	-33,0	-33,0	False	1.0	2	1026.0,1026.1	9,10	19	0,-33	0	2	0	2	kmeans	2	2	0	0	0	False	False	2	2	1	DEL-33:0/1:PASS:DV10/TC18:V5ref:T2Tref:hapGT0/1	1	0	0	0	0	-	0	0	0	-	equal	equal	equal
1027	chr2	235707421	235707921	500	235707221	235708121	1	14	13	22	True	479	0.8	2	2	2	22	0.0	False	het	2	-	59	-59@235707639	-	-59,0	-60,3	False	1.0	het	2	-	59	-59@235707639	-	-59,0	-60,3	False	1.0	2	1027.0,1027.1	13,9	22	-59,0	0	2	0	2	kmeans	2	1	0	0	0	False	False	2	2	1	DEL-59:0/1:PASS:DV13/TC21:V5TP:T2TTP:hapGT0/1	1	0	1	0	0	-59:1/0:TP	1	0	0	-59:1/0:TP	equal	equal	equal
1028	chr2	235734750	235735250	500	235734550	235735450	1	10	10	20	True	290	0.58	2	2	2	20	0.0	False	het	2	-	145	-145@235734944	-	-145,0	-145,0	False	1.0	het	2	-	145	-145@235734944	-	-145,0	-145,0	False	1.0	2	1028.0,1028.1	9,11	20	0,-145	0	2	0	2	kmeans	2	1	0	0	0	False	False	2	2	1	DEL-145:0/1:PASS:DV10/TC20:V5TP:T2TTP:hapGT0/1	1	0	1	0	0	-145:1/0:TP	1	0	0	-145:1/0:TP	equal	equal	equal
1029	chr2	235764591	235765373	782	235764391	235765573	1	22	7	14	True	693	0.886	2	2	2	14	0.0	False	het	2	-	355	-	+82@235764858,+273@235765114	0,355	0,354	False	1.0	het	2	-	355	-	+82@235764858,+273@235765114	0,355	0,354	False	1.0	2	1029.0,1029.1	5,8	13	0,358	0	2	0	2	other	0	2	0	0	0	False	False	2	2	2	INS+83:0/1:PASS:DV7/TC14:V5TP:T2TTP:hapGT0/0;INS+275:0/1:PASS:DV6/TC12:V5TP:T2TTP:hapGT0/1	2	0	2	0	0	+82:0/1:TP;+273:0/1:TP	2	0	0	+82:0/1:TP;+273:0/1:TP	equal	equal	equal
1030	chr2	235802773	235803273	500	235802573	235803473	1	17	16	18	True	599	0.898	2	2	2	17	0.0	False	hom	1	-	555	+555@235802998	+537@235803007	555,537	556,541	False	1.0	hom	1	-	555	+555@235802998	+537@235803007	555,537	556,541	False	1.0	1	1030.0	18	18	561	0	1	0	1	kmeans	1	2	0	0	0	False	False	1	1	1	INS+555:1/1:PASS:DV18/TC18:V5TP:T2TTP:hapGT1/1	1	0	1	0	0	+555:1/1:TP	2	0	0	+555:1/0:TP;+537:0/1:TP	equal	equal	equal
1031	chr2	235910003	235910503	500	235909803	235910703	1	8	8	19	False	0	0.0	2	2	2	19	0.0	False	het	2	-	128	-	+128@235910216	0,128	0,127	False	1.0	het	2	-	128	-	+128@235910216	0,128	0,127	False	1.0	2	1031.0,1031.1	9,10	19	128,0	0	2	0	2	kmeans	2	0	0	0	0	False	False	2	2	1	INS+128:0/1:PASS:DV8/TC17:V5TP:T2TTP:hapGT0/1	1	0	1	0	0	+128:0/1:TP	1	0	0	+128:0/1:TP	equal	equal	equal
1032	chr2	236344764	236345264	500	236344564	236345464	1	18	13	25	True	544	0.884	2	2	2	24	0.0	False	het	2	-	741	+741@236345131	-	741,0	741,0	False	1.0	het	2	-	741	+741@236345131	-	741,0	741,0	False	1.0	2	1032.0,1032.1	13,12	25	739,0	0	2	0	2	kmeans	2	0	0	0	0	False	False	2	2	1	INS+739:0/1:PASS:DV12/TC23:V5TP:T2TTP:hapGT0/1	1	0	1	0	0	+741:1/0:TP	1	0	0	+741:1/0:TP	equal	equal	equal
1033	chr2	236354012	236354512	500	236353812	236354712	1	18	18	28	True	232	0.464	2	2	2	28	0.0	False	het	2	-	38	+38@236354245	-	38,0	40,0	False	1.0	het	2	-	38	+38@236354245	-	38,0	40,0	False	1.0	2	1033.0,1033.1	19,9	28	38,0	0	2	0	2	kmeans	2	0	0	0	0	False	False	2	2	1	INS+38:0/1:PASS:DV18/TC26:V5ref:T2Tref:hapGT0/1	1	0	0	0	0	-	0	0	0	-	equal	equal	equal
1034	chr2	236357104	236358083	979	236356815	236358526	1	36	20	34	True	1611	1.0	2	2	2	33	0.0	False	cpx_het	2	size_diff	68	+25@236357154	+68@236357990	25,68	13,82	False	1.0	cpx_het	2	size_diff	68	+25@236357154	+68@236357990	25,68	13,82	False	1.0	2	1034.0,1034.1	24,10	34	16,80	0	2	0	2	kmeans	2	4	0	0	0	False	False	1	1	1	INS+68:0/1:PASS:DV10/TC29:V5TP:T2TTP:hapGT0/1	1	0	1	0	0	+68:0/1:TP	1	0	0	+68:0/1:TP	equal	equal	equal
1035	chr2	236379221	236379842	621	236379021	236380042	1	14	12	13	True	717	1.0	2	2	2	13	0.0	False	cpx_het	2	size_diff	214	-88@236379323	-38@236379271,-176@236379323	-88,-214	-88,-214	False	1.0	cpx_het	2	size_diff	214	-88@236379323	-38@236379271,-176@236379323	-88,-214	-88,-214	False	1.0	2	1035.0,1035.1	6,7	13	-86,-214	0	2	0	2	kmeans	2	1	0	0	0	False	False	2	2	2	DEL-208:0/1:PASS:DV7/TC13:V5TP:T2TTP:hapGT0/1;DEL-86:0/1:PASS:DV6/TC13:V5TP:T2TTP:hapGT0/1	2	0	2	0	0	-88:1/0:TP;-176:0/1:TP	2	0	0	-88:1/0:TP;-176:0/1:TP	equal	equal	equal
1036	chr2	236416485	236416985	500	236416285	236417230	1	8	8	14	True	489	0.588	2	2	2	13	0.0	False	het	2	-	30	-	-30@236416721	0,-30	0,-30	False	1.0	het	2	-	30	-	-30@236416721	0,-30	0,-30	False	1.0	1	1036.0	14	14	-28	0	1	0	1	kmeans	2	1	1	0	0	False	False	0	0	0	-	0	0	0	0	0	-	0	0	0	-	under	under	under
1037	chr2	236459333	236459833	500	236459133	236460033	1	3	3	12	True	233	0.466	2	2	2	12	0.0	False	het	2	-	50	-	-34@236459500,+84@236459595	0,50	0,50	False	1.0	het	2	-	50	-	-34@236459500,+84@236459595	0,50	0,50	False	1.0	1	1037.0	12	12	0	0	1	0	1	kmeans	1	0	0	0	0	False	False	1	1	0	-	0	0	0	1	0	+84:0/1:FN	0	1	0	+84:0/1:FN	under	under	under
1038	chr2	236490953	236491453	500	236490737	236491653	1	7	7	26	True	563	0.794	2	2	2	25	0.0	False	het	2	-	85	-	-85@236491142	0,-85	0,-85	False	1.0	het	2	-	85	-	-85@236491142	0,-85	0,-85	False	1.0	2	1038.0,1038.1	19,7	26	0,-85	0	2	0	2	kmeans	2	3	0	0	0	False	False	2	2	1	DEL-85:0/1:PASS:DV6/TC25:V5TP:T2TTP:hapGT0/1	1	0	1	0	0	-85:0/1:TP	1	0	0	-85:0/1:TP	equal	equal	equal
1039	chr2	236664359	236664859	500	236664159	236665059	1	4	2	16	False	0	0.0	2	2	2	15	0.0	False	ref	1	-	0	-	-	0,0	30,5	False	1.0	ref	1	-	0	-	-	0,0	30,5	False	1.0	1	1039.0	16	16	31	0	1	0	1	kmeans	1	1	0	0	0	False	False	0	0	0	-	0	0	0	0	0	-	0	0	0	-	equal	equal	equal
1040	chr2	236793060	236793560	500	236792860	236793760	1	11	11	24	True	94	0.188	2	2	2	23	0.0	False	het	2	-	62	-62@236793272	-	-62,0	-62,0	False	1.0	het	2	-	62	-62@236793272	-	-62,0	-62,0	False	1.0	2	1040.0,1040.1	12,12	24	-62,0	0	2	0	2	kmeans	2	0	0	0	0	False	False	2	2	1	DEL-62:0/1:PASS:DV11/TC23:V5TP:T2TTP:hapGT0/1	1	0	1	0	0	-62:1/0:TP	1	0	0	-62:1/0:TP	equal	equal	equal
1041	chr2	236796436	236796936	500	236796236	236797136	1	8	8	21	True	267	0.534	2	2	2	20	0.0	False	het	2	-	32	-32@236796643	-	-32,0	-30,8	False	1.0	het	2	-	32	-32@236796643	-	-32,0	-30,8	False	1.0	2	1041.0,1041.1	14,7	21	5,-33	0	2	0	2	kmeans	2	1	0	0	0	False	False	2	2	1	DEL-33:0/1:PASS:DV7/TC20:V5ref:T2Tref:hapGT0/1	1	0	0	0	0	-	0	0	0	-	equal	equal	equal
1042	chr2	236848992	236849492	500	236848792	236849692	1	20	20	22	False	0	0.0	2	2	2	20	0.0	False	hom	1	-	145	+144@236849235	+145@236849235	144,145	138,145	False	1.0	hom	1	-	145	+144@236849235	+145@236849235	144,145	138,145	False	1.0	1	1042.0	22	22	138	0	1	0	1	kmeans	1	0	0	0	0	False	False	1	1	1	INS+145:1/1:PASS:DV20/TC20:V5TP:T2TTP:hapGT1/1	1	0	1	0	0	+145:1/1:TP	2	0	0	+145:0/1:TP;+144:1/0:TP	equal	equal	equal
1043	chr2	236887313	236887813	500	236887113	236888013	1	34	32	36	False	0	0.0	2	2	2	34	0.0	False	hom	1	-	829	+828@236887595	+829@236887595	828,829	828,829	False	1.0	hom	1	-	829	+828@236887595	+829@236887595	828,829	828,829	False	1.0	2	1043.0,1043.1	30,6	36	829,829	0	2	0	1	kmeans	2	3	0	0	0	False	False	1	1	1	INS+829:0/1:PASS:DV35/TC36:V5TP:T2Tref:hapGT1/1	2	1	1	0	0	+829:1/1:TP	1	1	0	+829:0/1:TP;+828:1/0:FN	over	over	over
1044	chr2	236891904	236892404	500	236891704	236892604	1	16	16	37	False	0	0.0	2	2	2	35	0.0	False	het	2	-	118	+118@236892137	-	118,0	102,0	False	1.0	het	2	-	118	+118@236892137	-	118,0	102,0	False	1.0	2	1044.0,1044.1	21,16	37	0,109	0	2	0	2	kmeans	2	1	0	0	0	False	False	2	2	1	INS+109:0/1:PASS:DV16/TC37:V5TP:T2TTP:hapGT0/1	1	0	1	0	0	+118:1/0:TP	1	0	0	+118:1/0:TP	equal	equal	equal
1045	chr2	236910275	236910775	500	236910075	236910975	1	28	11	22	True	372	0.744	2	2	2	22	0.0	False	cpx_het	2	size_diff	74	-48@236910421,-26@236910439	-26@236910439	-74,-26	-94,-22	False	1.0	cpx_het	2	size_diff	48	-48@236910421	-26@236910439	-48,-26	-68,-22	False	1.0	2	1045.0,1045.1	12,10	22	-26,-68	0	2	0	2	kmeans	2	0	0	0	0	False	False	2	2	1	DEL-48:0/1:PASS:DV10/TC22:V5ref:T2Tref:hapGT0/0	1	0	0	0	0	-	0	0	0	-	equal	equal	equal
1046	chr2	237030716	237031400	684	237030516	237031625	1	33	11	20	True	894	1.0	2	2	2	19	0.0	False	het	2	-	86	-	-206@237030766,+120@237031350	0,-86	0,-86	False	1.0	het	2	-	86	-	-206@237030766,+120@237031350	0,-86	0,-86	False	1.0	2	1046.0,1046.1	11,9	20	-86,0	0	2	0	2	kmeans	2	2	0	0	0	False	False	2	2	0	-	0	0	0	2	0	-206:0/1:FN;+120:0/1:FN	0	2	0	-206:0/1:FN;+120:0/1:FN	equal	equal	equal
1047	chr2	237211580	237213377	1797	237211380	237213577	1	25	9	28	True	1688	0.939	2	2	2	23	0.043	False	het	2	-	53	-	-53@237211787	0,-53	13,-55	False	1.0	het	2	-	53	-	-53@237211787	0,-53	13,-55	False	1.0	2	1047.0,1047.1	20,8	28	13,-57	0	2	0	2	other	0	4	0	0	0	False	False	2	2	1	DEL-53:0/1:PASS:DV6/TC22:V5TP:T2TTP:hapGT0/1	1	0	1	0	0	-53:0/1:TP	1	0	0	-53:0/1:TP	equal	equal	equal
1048	chr20	54676062	54676565	503	54675862	54676765	1	12	11	27	False	0	0.0	2	2	2	26	0.0	False	het	2	-	314	-314@54676112	-	-314,0	-313,0	False	1.0	het	2	-	314	-314@54676112	-	-314,0	-313,0	False	1.0	2	1048.0,1048.1	14,13	27	0,-314	0	2	0	2	kmeans	2	3	0	0	0	False	False	2	2	1	DEL-314:0/1:PASS:DV13/TC27:V5TP:T2TTP:hapGT0/1	1	0	1	0	0	-314:1/0:TP	1	0	0	-314:1/0:TP	equal	equal	equal
1049	chr20	54690571	54691071	500	54690371	54691271	1	11	11	27	False	0	0.0	2	2	2	27	0.0	False	het	2	-	72	+72@54690824	-	72,0	70,18	False	1.0	het	2	-	72	+72@54690824	-	72,0	70,18	False	1.0	2	1049.0,1049.1	12,15	27	70,12	0	2	0	2	kmeans	2	0	0	0	0	False	False	2	2	1	INS+64:0/1:PASS:DV11/TC26:V5TP:T2TTP:hapGT0/1	1	0	1	0	0	+72:1/0:TP	1	0	0	+72:1/0:TP	equal	equal	equal
1050	chr20	55041102	55041602	500	55040902	55041802	1	5	5	16	False	0	0.0	2	2	2	14	0.0	False	het	2	-	317	-	+317@55041352	0,317	0,317	False	1.0	het	2	-	317	-	+317@55041352	0,317	0,317	False	1.0	2	1050.0,1050.1	5,11	16	317,455	0	2	0	2	kmeans	2	0	0	0	0	False	False	1	1	2	INS+317:0/1:PASS:DV5/TC16:V5ref:T2Tref:hapGT0/1;INS+455:0/1:PASS:DV11/TC16:V5ref:T2Tref:hapGT0/0	2	0	1	0	0	+317:0/1:TP	1	0	0	+317:0/1:TP	equal	equal	equal
1051	chr20	55043652	55044152	500	55043452	55044352	1	14	14	16	True	83	0.166	2	2	2	16	0.0	False	cpx_het	2	size_diff	58	+44@55043902	+58@55043902	44,58	46,52	False	1.0	cpx_het	2	size_diff	58	+44@55043902	+58@55043902	44,58	46,52	False	1.0	1	1051.0	16	16	54	0	1	0	1	kmeans	1	2	0	0	0	False	False	1	1	1	INS+54:1/1:PASS:DV14/TC16:V5TP:T2TTP:hapGT1/1	1	0	1	0	0	+58:0/1:TP	1	0	0	+58:0/1:TP	under	under	under
1052	chr20	55145055	55145555	500	55144855	55145755	1	19	19	20	False	0	0.0	2	2	2	19	0.0	False	hom	1	-	317	+317@55145301	+317@55145301	317,317	317,317	False	1.0	hom	1	-	317	+317@55145301	+317@55145301	317,317	317,317	False	1.0	1	1052.0	20	20	314	0	1	0	1	kmeans	1	0	0	0	0	False	False	1	1	1	INS+314:1/1:PASS:DV19/TC19:V5TP:T2TTP:hapGT1/1	1	0	1	0	0	+317:1/1:TP	1	0	0	+317:1/1:TP	equal	equal	equal
1053	chr20	55347097	55347597	500	55346897	55347797	1	21	21	24	True	159	0.318	2	2	2	24	0.0	False	hom	1	-	78	-78@55347294	-78@55347294	-78,-78	-78,-78	False	1.0	hom	1	-	78	-78@55347294	-78@55347294	-78,-78	-78,-78	False	1.0	1	1053.0	24	24	-78	0	1	0	1	kmeans	1	1	0	0	0	False	False	1	1	1	DEL-78:1/1:PASS:DV21/TC22:V5TP:T2TTP:hapGT1/1	1	0	1	0	0	-78:1/1:TP	1	0	0	-78:1/1:TP	equal	equal	equal
1054	chr20	55353405	55353905	500	55353205	55354105	1	22	21	23	True	165	0.33	2	2	2	23	0.0	False	hom	1	-	40	-36@55353623	-40@55353623	-36,-40	-36,-40	False	1.0	hom	1	-	40	-36@55353623	-40@55353623	-36,-40	-36,-40	False	1.0	1	1054.0	23	23	-36	0	1	0	1	kmeans	1	0	0	0	0	False	False	1	1	1	DEL-36:1/1:PASS:DV23/TC23:V5ref:T2Tref:hapGT1/1	1	0	0	0	0	-	0	0	0	-	equal	equal	equal
1055	chr20	55461986	55462486	500	55461786	55462686	1	8	7	22	True	527	1.0	2	2	2	21	0.0	False	het	2	-	36	+36@55462202	-	36,0	36,0	False	1.0	het	2	-	36	+36@55462202	-	36,0	36,0	False	1.0	2	1055.0,1055.1	15,7	22	0,37	0	2	0	2	kmeans	2	2	0	0	0	False	False	2	2	1	INS+37:0/1:PASS:DV7/TC22:V5ref:T2Tref:hapGT0/1	1	0	0	0	0	-	0	0	0	-	equal	equal	equal
1056	chr20	55497540	55498040	500	55497340	55498240	1	21	21	22	False	0	0.0	2	2	2	21	0.0	False	hom	1	-	320	-320@55497625	-320@55497625	-320,-320	-320,-320	False	1.0	hom	1	-	320	-320@55497625	-320@55497625	-320,-320	-320,-320	False	1.0	1	1056.0	22	22	-320	0	1	0	1	kmeans	1	1	0	0	0	False	False	1	1	1	DEL-320:1/1:PASS:DV21/TC21:V5TP:T2TTP:hapGT1/1	1	0	1	0	0	-320:1/1:TP	1	0	0	-320:1/1:TP	equal	equal	equal
1057	chr20	55532587	55533087	500	55532147	55533403	1	6	4	14	True	1156	1.0	2	2	2	14	0.0	False	het	2	-	169	-169@55532671	-	-169,0	-169,0	False	1.0	het	2	-	169	-169@55532671	-	-169,0	-169,0	False	1.0	2	1057.0,1057.1	8,6	14	0,-169	0	2	0	2	kmeans	2	0	0	0	0	False	False	2	2	1	DEL-169:0/1:PASS:DV4/TC12:V5TP:T2TTP:hapGT0/1	1	0	1	0	0	-169:1/0:TP	1	0	0	-169:1/0:TP	equal	equal	equal
1058	chr20	55586057	55586557	500	55585857	55586757	1	16	16	27	True	78	0.156	2	2	2	26	0.0	False	het	2	-	135	-	+135@55586281	0,135	19,134	False	1.0	het	2	-	135	-	+135@55586281	0,135	19,134	False	1.0	2	1058.0,1058.1	11,16	27	19,135	0	2	0	2	kmeans	2	1	0	0	0	False	False	2	2	1	INS+135:0/1:PASS:DV16/TC26:V5TP:T2TTP:hapGT0/1	1	0	1	0	0	+135:0/1:TP	1	0	0	+135:0/1:TP	equal	equal	equal
1059	chr20	55624461	55625752	1291	55624261	55625952	1	62	16	20	True	1271	0.961	2	2	2	14	0.0	False	cpx_het	2	size_diff	587	+286@55625230,+301@55625485	-33@55625102,-51@55625224,+340@55625485	587,256	587,236	False	1.0	cpx_het	2	size_diff	587	+286@55625230,+301@55625485	-33@55625102,-51@55625224,+340@55625485	587,256	587,236	False	1.0	1	1059.0	20	20	210	0	1	0	1	other	0	5	1	0	1	False	False	0	0	1	INS+199:1/1:PASS:DV16/TC17:V5ref:T2Tref:hapGT0/1	1	1	0	3	1	-51:0/1:FN;+322:1/0:FN;+319:0/1:FN	0	3	1	-51:0/1:FN;+322:1/0:FN;+319:0/1:FN	under	under	under
1060	chr20	55627578	55628363	785	55627319	55628563	1	33	14	16	True	1056	1.0	2	2	2	14	0.0	False	cpx_het	2	size_diff	188	+20@55627808,-124@55628127,-84@55628167	-84@55628167	-188,-84	-184,-100	False	1.0	cpx_het	2	size_diff	104	+20@55627808,-124@55628127	-84@55628167	-104,-84	-100,-100	False	1.0	2	1060.0,1060.1	6,10	16	-97,-133	0	1	1	2	kmeans	2	2	0	0	0	False	False	2	2	2	DEL-136:0/1:PASS:DV5/TC14:V5TP:T2TTP:hapGT0/1;DEL-84:0/1:PASS:DV9/TC15:V5TP:T2TTP:hapGT0/1	2	0	2	0	0	-124:1/0:TP;-84:0/1:TP	2	0	0	-124:1/0:TP;-84:0/1:TP	equal	equal	equal
1061	chr20	55633417	55633917	500	55633217	55634117	1	7	7	17	False	0	0.0	2	2	2	15	0.0	False	het	2	-	147	-147@55633574	-	-147,0	-147,0	False	1.0	het	2	-	147	-147@55633574	-	-147,0	-147,0	False	1.0	2	1061.0,1061.1	8,9	17	-147,0	0	2	0	2	kmeans	2	2	0	0	0	False	False	2	2	1	DEL-147:0/1:PASS:DV7/TC15:V5TP:T2TTP:hapGT0/1	1	0	1	0	0	-147:1/0:TP	1	0	0	-147:1/0:TP	equal	equal	equal
1062	chr20	55638713	55639213	500	55638513	55639413	1	6	6	14	False	0	0.0	2	2	2	13	0.0	False	het	2	-	133	-133@55638896	-	-133,0	-133,0	False	1.0	het	2	-	133	-133@55638896	-	-133,0	-133,0	False	1.0	2	1062.0,1062.1	8,6	14	0,-133	0	2	0	2	kmeans	2	1	0	0	0	False	False	2	2	1	DEL-133:0/1:PASS:DV6/TC13:V5TP:T2TTP:hapGT0/1	1	0	1	0	0	-133:1/0:TP	1	0	0	-133:1/0:TP	equal	equal	equal
1063	chr20	55645227	55645727	500	55645027	55645927	1	5	5	14	True	71	0.142	2	2	2	12	0.0	False	het	2	-	35	-	+35@55645456	0,35	-1,35	False	1.0	het	2	-	35	-	+35@55645456	0,35	-1,35	False	1.0	2	1063.0,1063.1	8,6	14	0,35	0	2	0	2	kmeans	2	1	0	0	0	False	False	2	2	1	INS+35:0/1:PASS:DV5/TC13:V5ref:T2Tref:hapGT0/1	1	0	0	0	0	-	0	0	0	-	equal	equal	equal
1064	chr20	55831411	55831911	500	55831211	55832111	1	28	23	23	True	178	0.356	2	2	2	22	0.0	False	hom	1	-	141	+141@55831616	+141@55831616	141,141	139,141	False	1.0	hom	1	-	141	+141@55831616	+141@55831616	141,141	139,141	False	1.0	1	1064.0	23	23	141	0	1	0	1	kmeans	1	0	0	0	0	False	False	1	1	1	INS+141:1/1:PASS:DV23/TC23:V5TP:T2TTP:hapGT1/1	1	0	1	0	0	+141:1/1:TP	1	0	0	+141:1/1:TP	equal	equal	equal
1065	chr20	55859504	55865610	6106	55859304	55865810	1	32	32	35	False	0	0.0	2	2	2	35	0.029	False	hom	1	-	6006	-6006@55859554	-6006@55859554	-6006,-6006	-6006,-6006	False	1.0	hom	1	-	6006	-6006@55859554	-6006@55859554	-6006,-6006	-6006,-6006	False	1.0	1	1065.0	34	34	-6006	0	1	0	1	kmeans	1	3	0	0	0	False	False	1	1	1	DEL-6006:1/1:PASS:DV34/TC34:V5TP:T2TTP:hapGT1/1	1	0	1	0	0	-6006:1/1:TP	1	0	0	-6006:1/1:TP	equal	equal	equal
1066	chr20	55888076	55888576	500	55887876	55888776	1	22	22	22	False	0	0.0	2	2	2	22	0.0	False	hom	1	-	317	-317@55888164	-317@55888164	-317,-317	-317,-317	False	1.0	hom	1	-	317	-317@55888164	-317@55888164	-317,-317	-317,-317	False	1.0	1	1066.0	22	22	-317	0	1	0	1	kmeans	1	0	0	0	0	False	False	1	1	1	DEL-317:1/1:PASS:DV22/TC22:V5TP:T2TTP:hapGT1/1	1	0	1	0	0	-317:1/1:TP	1	0	0	-317:1/1:TP	equal	equal	equal
1067	chr20	55915653	55916153	500	55915453	55916353	1	20	19	21	False	0	0.0	2	2	2	20	0.0	False	hom	1	-	144	+144@55916053	+144@55916053	144,144	144,144	False	1.0	hom	1	-	144	+144@55916053	+144@55916053	144,144	144,144	False	1.0	1	1067.0	21	21	144	0	1	0	1	kmeans	1	1	0	0	0	False	False	1	1	1	INS+144:1/1:PASS:DV19/TC19:V5TP:T2TTP:hapGT1/1	1	0	1	0	0	+144:1/1:TP	1	0	0	+144:1/1:TP	equal	equal	equal
1068	chr20	55944163	55945687	1524	55943894	55945887	1	61	23	24	True	1827	1.0	2	2	2	24	0.0	False	cpx_het	2	opposite_sign	99	+99@55945043	+36@55944273,+27@55944878,-132@55945043	99,-69	99,-69	False	1.0	cpx_het	2	opposite_sign	99	+99@55945043	+36@55944273,+27@55944878,-132@55945043	99,-69	99,-69	False	1.0	2	1068.0,1068.1	17,7	24	100,-62	0	2	0	2	other	0	1	0	0	0	False	False	2	2	3	INS+36:0/1:PASS:DV7/TC24:V5ref:T2Tref:hapGT0/0;DEL-78:0/1:PASS:DV7/TC23:V5ref:T2Tref:hapGT0/1;INS+100:0/1:PASS:DV16/TC23:V5ref:T2Tref:hapGT0/1	3	0	0	1	0	-128:0/1:FN	0	1	0	-128:0/1:FN	equal	equal	equal
1069	chr20	55966865	55967638	773	55966665	55967838	1	27	11	24	True	752	0.934	2	2	2	22	0.0	False	het	2	-	106	-	-136@55966915,+30@55967465	0,-106	0,-134	False	1.0	het	2	-	106	-	-136@55966915,+30@55967465	0,-106	0,-134	False	1.0	2	1069.0,1069.1	15,8	23	0,-120	0	2	0	2	kmeans	2	1	0	0	0	False	False	2	2	1	DEL-102:0/1:PASS:DV8/TC24:V5TP:T2TTP:hapGT0/1	1	0	1	0	0	-136:0/1:TP	1	0	0	-136:0/1:TP	equal	equal	equal
1070	chr20	55977274	55978023	749	55977074	55978223	1	6	4	19	True	114	0.152	2	2	2	17	0.0	False	ref	1	-	0	-	-	0,0	0,0	False	1.0	ref	1	-	0	-	-	0,0	0,0	False	1.0	1	1070.0	19	19	0	0	1	0	1	kmeans	1	0	0	0	0	False	False	1	1	0	-	0	0	0	0	0	-	0	0	0	-	equal	equal	equal
1071	chr20	56280492	56282099	1607	56280292	56282299	1	56	17	19	True	1634	0.989	2	2	2	19	0.0	False	cpx_het	2	size_diff	603	-32@56280542,-24@56281033,+129@56281740,+530@56281817	+32@56280542,-24@56281033,+26@56281913	603,34	607,22	False	1.0	cpx_het	2	size_diff	603	-32@56280542,-24@56281033,+129@56281740,+530@56281817	+32@56280542,-24@56281033,+26@56281913	603,34	607,22	False	1.0	2	1071.0,1071.1	10,9	19	20,606	0	2	0	2	kmeans	2	4	0	0	0	False	False	1	1	4	INS+32:0/1:PASS:DV8/TC17:V5ref:T2Tref:hapGT0/1;DEL-31:0/1:PASS:DV9/TC17:V5ref:T2Tref:hapGT0/0;INS+97:0/1:PASS:DV8/TC18:V5TP:T2TTP:hapGT0/0;INS+530:0/1:PASS:DV8/TC18:V5TP:T2TTP:hapGT0/1	4	0	2	0	0	+129:1/0:TP;+530:1/0:TP	2	0	0	+129:1/0:TP;+530:1/0:TP	equal	equal	equal
1072	chr20	56283901	56284427	526	56283701	56284627	1	24	19	19	True	85	0.162	2	2	2	18	0.0	False	hom	1	-	2705	+2705@56284359	+2600@56284359	2705,2600	2705,2600	False	1.0	hom	1	-	2705	+2705@56284359	+2600@56284359	2705,2600	2705,2600	False	1.0	2	1072.0,1072.1	9,10	19	2609,2726	0	2	0	1	other	0	3	0	0	0	False	False	1	1	1	INS+2726:0/1:PASS:DV19/TC19:V5TP:T2Tref:hapGT1/1	2	1	1	0	0	+2705:1/1:TP	1	1	0	+2589:0/1:FN;+2694:1/0:TP	over	over	over
1073	chr20	56365706	56366206	500	56365330	56366406	1	11	11	19	False	0	0.0	2	2	2	18	0.0	False	het	2	-	98	-	-98@56365905	0,-98	0,-98	False	1.0	het	2	-	98	-	-98@56365905	0,-98	0,-98	False	1.0	2	1073.0,1073.1	12,7	19	-98,0	0	2	0	2	kmeans	2	1	0	0	0	False	False	2	2	1	DEL-98:0/1:PASS:DV12/TC19:V5TP:T2TTP:hapGT0/1	1	0	1	0	0	-98:0/1:TP	1	0	0	-98:0/1:TP	equal	equal	equal
1074	chr20	56387869	56388369	500	56387669	56388569	1	14	14	14	False	0	0.0	2	2	2	13	0.0	False	hom	1	-	61	+61@56388093	+61@56388093	61,61	61,61	False	1.0	hom	1	-	61	+61@56388093	+61@56388093	61,61	61,61	False	1.0	1	1074.0	14	14	61	0	1	0	1	kmeans	1	1	0	0	0	False	False	1	1	1	INS+61:1/1:PASS:DV14/TC14:V5TP:T2TTP:hapGT1/1	1	0	1	0	0	+61:1/1:TP	1	0	0	+61:1/1:TP	equal	equal	equal
1075	chr20	56551988	56552626	638	56551788	56552826	1	8	4	24	False	0	0.0	2	2	2	19	0.0	False	ref	1	-	0	-	-	0,0	0,0	False	1.0	ref	1	-	0	-	-	0,0	0,0	False	1.0	1	1075.0	23	23	37	0	1	0	1	kmeans	1	1	0	0	0	False	False	0	0	0	-	0	0	0	0	0	-	0	0	0	-	equal	equal	equal
1076	chr20	56710545	56711219	674	56710345	56711419	1	60	36	50	True	584	0.866	2	2	2	29	0.138	False	hom	1	-	448	+407@56710975	+448@56710975	407,448	407,448	False	1.0	hom	1	-	448	+407@56710975	+448@56710975	407,448	407,448	False	1.0	1	1076.0	39	39	450	0	1	0	1	other	0	7	1	0	1	False	False	1	1	1	INS+450:1/1:PASS:DV31/TC39:V5TP:T2TTP:hapGT1/1	1	0	1	0	0	+448:1/1:TP	2	0	0	+448:0/1:TP;+407:1/0:TP	equal	equal	equal
1077	chr20	56781729	56782355	626	56781529	56782555	1	37	23	25	True	480	0.607	2	2	2	25	0.0	False	cpx_het	2	size_diff	84	-24@56782106	-60@56782070,-24@56782106	-24,-84	-40,-84	False	1.0	cpx_het	2	size_diff	60	-24@56782106	-60@56782070	-24,-60	-40,-60	False	1.0	2	1077.0,1077.1	18,7	25	-24,-28	0	2	0	2	kmeans	2	0	0	0	0	False	False	1	1	0	-	0	0	0	1	0	-60:0/1:FN	0	1	0	-60:0/1:FN	equal	equal	equal
1078	chr20	57031665	57032165	500	57031465	57032365	1	19	18	21	True	435	0.782	2	2	2	20	0.0	False	hom	1	-	122	-122@57031838	-122@57031838	-122,-122	-120,-120	False	1.0	hom	1	-	122	-122@57031838	-122@57031838	-122,-122	-120,-120	False	1.0	1	1078.0	21	21	-121	0	1	0	1	kmeans	1	0	0	0	0	False	False	1	1	1	DEL-113:1/1:PASS:DV19/TC19:V5TP:T2TTP:hapGT1/1	2	0	1	0	0	-122:1/1:TP	1	0	0	-122:1/1:TP	equal	equal	equal
1079	chr20	57090910	57091410	500	57090647	57091610	1	27	14	29	True	689	0.952	2	2	2	27	0.0	False	het	2	-	165	+165@57091120	-	165,0	129,0	False	0.344	het	2	-	165	+165@57091120	-	165,0	129,0	False	0.344	2	1079.0,1079.1	14,14	28	136,0	0	2	0	2	kmeans	2	0	0	0	0	False	False	2	2	2	INS+78:0/1:PASS:DV14/TC28:V5ref:T2Tref:hapGT0/0;INS+74:0/1:PASS:DV14/TC28:V5ref:T2Tref:hapGT0/0	2	0	0	0	0	-	0	0	0	-	equal	equal	equal
1080	chr20	57110281	57110781	500	57110081	57110981	1	18	18	18	True	457	0.914	2	2	2	18	0.0	False	cpx_het	2	size_diff	248	-106@57110487	-142@57110451,-106@57110487	-106,-248	-106,-248	False	1.0	cpx_het	2	size_diff	142	-106@57110487	-142@57110451	-106,-142	-106,-142	False	1.0	2	1080.0,1080.1	10,8	18	-142,-106	0	2	0	2	kmeans	2	0	0	0	0	False	False	1	2	2	DEL-142:0/1:PASS:DV10/TC18:V5TP:T2TTP:hapGT0/1;DEL-106:0/1:PASS:DV8/TC18:V5TP:T2TTP:hapGT0/1	2	0	2	0	0	-142:0/1:TP;-106:1/0:TP	2	0	0	-142:0/1:TP;-106:1/0:TP	equal	equal	equal
1081	chr20	57113920	57114420	500	57113720	57114620	1	8	8	18	True	453	0.834	2	2	2	18	0.0	False	het	2	-	33	-33@57114140	-	-33,0	-33,0	False	1.0	het	2	-	33	-33@57114140	-	-33,0	-33,0	False	1.0	2	1081.0,1081.1	8,10	18	-33,0	0	2	0	2	kmeans	2	2	0	0	0	False	False	2	2	1	DEL-33:0/1:PASS:DV8/TC18:V5ref:T2Tref:hapGT0/1	1	0	0	0	0	-	0	0	0	-	equal	equal	equal
1082	chr20	57190112	57190612	500	57189912	57190812	1	14	14	23	True	539	0.796	2	2	2	22	0.0	False	cpx_het	2	one_net_small	36	+68@57190257,-72@57190356	-36@57190356	-4,-36	-4,-36	False	1.0	cpx_het	2	one_net_small	36	+68@57190257,-72@57190356	-36@57190356	-4,-36	-4,-36	False	1.0	2	1082.0,1082.1	12,11	23	-36,0	0	2	0	2	kmeans	2	2	0	0	0	False	False	2	2	1	DEL-36:0/1:PASS:DV12/TC23:V5ref:T2Tref:hapGT0/1	1	0	0	2	0	+68:1/0:FN;-72:1/0:FN	0	2	0	+68:1/0:FN;-72:1/0:FN	equal	equal	equal
1083	chr20	57350652	57351152	500	57350452	57351352	1	18	8	19	True	124	0.248	2	2	2	17	0.059	False	het	2	-	117	+117@57350857	-	117,0	124,-1	False	1.0	het	2	-	117	+117@57350857	-	117,0	125,-1	False	1.0	2	1083.0,1083.1	8,10	18	126,0	0	2	0	2	kmeans	2	2	0	0	0	False	False	2	2	1	INS+117:0/1:PASS:DV7/TC16:V5TP:T2TTP:hapGT0/1	1	0	1	0	0	+117:1/0:TP	1	0	0	+117:1/0:TP	equal	equal	equal
1084	chr20	57394078	57394578	500	57393878	57394778	1	11	11	19	False	0	0.0	2	2	2	17	0.0	False	het	2	-	31	-	-31@57394312	0,-31	0,-31	False	1.0	het	2	-	31	-	-31@57394312	0,-31	0,-31	False	1.0	1	1084.0	19	19	0	0	1	0	1	kmeans	1	1	0	0	0	False	False	1	1	0	-	0	0	0	0	0	-	0	0	0	-	under	under	under
1085	chr20	57417200	57417700	500	57417000	57418259	1	20	20	21	True	912	0.806	2	2	2	20	0.0	False	cpx_het	2	size_diff	132	+132@57417416	+66@57417416	132,66	132,66	False	1.0	cpx_het	2	size_diff	132	+132@57417416	+66@57417416	132,66	132,66	False	1.0	2	1085.0,1085.1	10,11	21	132,66	0	2	0	2	kmeans	2	1	0	0	0	False	False	2	2	2	INS+66:0/1:PASS:DV11/TC21:V5TP:T2TTP:hapGT0/1;INS+132:0/1:PASS:DV10/TC21:V5TP:T2TTP:hapGT0/1	2	0	2	0	0	+66:0/1:TP;+132:1/0:TP	2	0	0	+66:0/1:TP;+132:1/0:TP	equal	equal	equal
1086	chr20	57481929	57482429	500	57481729	57482629	1	6	6	21	True	114	0.228	2	2	2	20	0.0	False	het	2	-	30	+30@57482179	-	30,0	30,8	False	1.0	het	2	-	30	+30@57482179	-	30,0	30,8	False	1.0	1	1086.0	21	21	30	0	1	0	1	kmeans	1	0	0	0	0	False	False	1	1	1	INS+30:1/1:PASS:DV21/TC21:V5ref:T2Tref:hapGT0/1	1	1	0	0	0	-	0	0	0	-	under	under	under
1087	chr20	57598247	57598747	500	57598047	57598947	1	13	13	26	True	99	0.198	2	2	2	26	0.0	False	het	2	-	50	-	-50@57598460	0,-50	0,-51	False	1.0	het	2	-	50	-	-50@57598460	0,-50	0,-51	False	1.0	2	1087.0,1087.1	12,14	26	0,-50	0	2	0	2	kmeans	2	3	0	0	0	False	False	2	2	1	DEL-50:0/1:PASS:DV14/TC26:V5TP:T2TTP:hapGT0/1	1	0	1	0	0	-50:0/1:TP	1	0	0	-50:0/1:TP	equal	equal	equal
1088	chr20	57617067	57617567	500	57616867	57617767	1	2	2	23	False	0	0.0	2	2	2	23	0.0	False	ref	1	-	0	-	-	0,0	0,0	False	1.0	ref	1	-	0	-	-	0,0	0,0	False	1.0	1	1088.0	23	23	0	0	1	0	1	kmeans	1	1	0	0	0	False	False	1	1	0	-	0	0	0	0	0	-	0	0	0	-	equal	equal	equal
1089	chr20	57661730	57662230	500	57661530	57662430	1	9	9	17	True	210	0.42	2	2	2	16	0.0	False	het	2	-	70	-	+70@57661940	0,70	0,71	False	1.0	het	2	-	70	-	+70@57661940	0,70	0,71	False	1.0	2	1089.0,1089.1	9,8	17	70,0	0	2	0	2	kmeans	2	1	0	0	0	False	False	2	2	1	INS+70:0/1:PASS:DV9/TC16:V5TP:T2TTP:hapGT0/1	1	0	1	0	0	+70:0/1:TP	1	0	0	+70:0/1:TP	equal	equal	equal
1090	chr20	57780757	57781257	500	57780557	57781457	1	26	13	21	True	614	0.988	2	2	2	21	0.0	False	het	2	-	60	+60@57781073	-	60,0	77,0	False	1.0	het	2	-	60	+60@57781073	-	60,0	77,0	False	1.0	2	1090.0,1090.1	14,7	21	76,0	0	2	0	2	kmeans	2	0	0	0	0	False	False	2	2	1	INS+60:0/1:PASS:DV13/TC20:V5TP:T2TTP:hapGT0/1	1	0	1	0	0	+60:1/0:TP	1	0	0	+60:1/0:TP	equal	equal	equal
1091	chr20	57811705	57812205	500	57811505	57812405	1	10	10	19	True	67	0.134	2	2	2	18	0.0	False	het	2	-	30	-	-30@57811940	0,-30	-10,-30	False	1.0	het	2	-	30	-	-30@57811940	0,-30	-10,-30	False	1.0	2	1091.0,1091.1	11,8	19	-30,-10	0	2	0	2	kmeans	2	2	0	0	0	False	False	2	2	1	DEL-30:0/1:PASS:DV10/TC18:V5ref:T2Tref:hapGT0/1	1	0	0	0	0	-	0	0	0	-	equal	equal	equal
1092	chr20	57833607	57834107	500	57833403	57834510	1	16	8	17	True	1007	1.0	2	2	2	16	0.0	False	het	2	-	54	-	+54@57833894	0,54	0,73	False	1.0	het	2	-	54	-	+54@57833894	0,54	0,73	False	1.0	2	1092.0,1092.1	9,8	17	0,74	0	2	0	2	kmeans	2	1	0	0	0	False	False	2	2	1	INS+54:0/1:PASS:DV8/TC16:V5TP:T2TTP:hapGT0/1	1	0	1	0	0	+54:0/1:TP	1	0	0	+54:0/1:TP	equal	equal	equal
1093	chr20	57886072	57886572	500	57885872	57886772	1	12	6	16	True	261	0.522	2	2	2	16	0.0	False	het	2	-	73	-	+73@57886254	0,73	2,79	False	1.0	het	2	-	73	-	+73@57886254	0,73	2,79	False	1.0	2	1093.0,1093.1	10,6	16	6,80	0	2	0	2	kmeans	2	1	0	0	0	False	False	2	2	1	INS+74:0/1:PASS:DV6/TC14:V5TP:T2TTP:hapGT0/1	1	0	1	0	0	+73:0/1:TP	1	0	0	+73:0/1:TP	equal	equal	equal
1094	chr20	57894410	57894910	500	57894210	57895110	1	8	8	18	True	419	0.838	2	2	2	18	0.0	False	het	2	-	63	-63@57894722	-	-63,0	-43,15	False	1.0	het	2	-	63	-63@57894722	-	-63,0	-43,15	False	1.0	2	1094.0,1094.1	8,10	18	12,-45	0	2	0	2	kmeans	2	0	0	0	0	False	False	2	2	1	DEL-40:0/1:PASS:DV8/TC16:V5ref:T2Tref:hapGT0/0	1	0	0	1	0	-63:1/0:FN	0	1	0	-63:1/0:FN	equal	equal	equal
1095	chr21	16564484	16564984	500	16564284	16565184	1	36	36	38	False	0	0.0	2	2	2	38	0.0	False	hom	1	-	72	+72@16564734	+72@16564734	72,72	72,72	False	1.0	hom	1	-	72	+72@16564734	+72@16564734	72,72	72,72	False	1.0	1	1095.0	37	37	72	0	1	0	1	kmeans	1	0	0	0	0	False	False	1	1	1	INS+72:1/1:PASS:DV36/TC36:V5TP:T2TTP:hapGT1/1	1	0	1	0	0	+72:1/1:TP	1	0	0	+72:1/1:TP	equal	equal	equal
1096	chr21	16747284	16747784	500	16747084	16747984	1	44	21	24	True	404	0.808	2	2	2	24	0.0	False	cpx_het	2	size_diff	184	-81@16747387,-83@16747413,-20@16747653	-83@16747413,-20@16747653	-184,-103	-184,-102	False	1.0	hom	1	-	103	-81@16747387,-20@16747653	-83@16747413,-20@16747653	-101,-103	-101,-101	False	1.0	1	1096.0	24	24	-101	0	1	0	1	kmeans	1	4	0	0	0	False	False	0	1	1	DEL-81:1/1:PASS:DV21/TC21:V5TP:T2TTP:hapGT0/1	1	1	1	0	0	-81:1/1:TP	2	0	0	-81:1/0:TP;-83:0/1:TP	under	equal	under
1097	chr21	16924959	16925459	500	16924759	16925659	1	31	29	30	True	214	0.428	2	2	2	30	0.0	False	hom	1	-	51	-51@16925120	-51@16925120	-51,-51	-51,-51	False	1.0	hom	1	-	51	-51@16925120	-51@16925120	-51,-51	-51,-51	False	1.0	1	1097.0	29	29	-51	0	1	0	1	kmeans	1	0	0	0	0	False	False	1	1	1	DEL-51:1/1:PASS:DV28/TC29:V5TP:T2TTP:hapGT1/1	1	0	1	0	0	-51:1/1:TP	1	0	0	-51:1/1:TP	equal	equal	equal
1098	chr21	16970943	16972674	1731	16970743	16973524	1	89	19	25	True	2642	1.0	2	2	2	22	0.0	False	hom	1	-	132	+258@16971035,-26@16971505,+52@16971773,-76@16971997,-66@16972436,-70@16972885,+60@16973060	+258@16971035,-26@16971505,+52@16971773,-76@16971997,-71@16972528,-70@16972885,+60@16973060	132,127	152,152	False	1.0	hom	1	-	132	+258@16971035,-26@16971505,+52@16971773,-76@16971997,-66@16972436,-70@16972885,+60@16973060	+258@16971035,-26@16971505,+52@16971773,-76@16971997,-71@16972528,-70@16972885,+60@16973060	132,127	152,152	False	1.0	2	1098.0,1098.1	21,4	25	162,62	0	0	0	2	other	0	5	0	0	0	False	False	1	1	3	INS+157:0/1:PASS:DV16/TC22:V5ref:T2Tref:hapGT1/1;INS+44:0/1:PASS:DV19/TC20:V5ref:T2Tref:hapGT0/0;DEL-60:0/1:PASS:DV17/TC17:V5ref:T2Tref:hapGT0/0	4	1	2	1	0	+155:1/1:TP;+75:1/1:FN;-66:1/1:TP	2	1	0	+155:1/1:TP;+75:1/1:FN;-66:1/1:TP	over	over	over
1099	chr21	17084963	17085463	500	17084763	17085663	1	17	16	17	True	172	0.344	2	2	2	17	0.0	False	cpx_het	2	size_diff	135	-62@17085169,-73@17085190	-73@17085190	-135,-73	-131,-73	False	1.0	cpx_het	2	size_diff	73	-62@17085169	-73@17085190	-62,-73	-58,-73	False	1.0	1	1099.0	17	17	-62	0	1	0	1	kmeans	1	1	0	0	0	False	False	0	1	1	DEL-62:1/1:PASS:DV16/TC16:V5TP:T2TTP:hapGT0/1	1	1	2	0	0	-62:1/0:TP;-73:0/1:TP	2	0	0	-62:1/0:TP;-73:0/1:TP	under	under	under
1100	chr21	17239961	17241432	1471	17239761	17241632	1	7	4	5	False	0	0.0	2	2	2	5	0.2	True	het	2	-	1304	-	-1304@17240011	0,-1304	0,-1314	False	1.0	het	2	-	1304	-	-1304@17240011	0,-1304	0,-1314	False	1.0	1	1100.0	5	5	-1314	0	1	0	1	kmeans	1	0	0	0	0	False	False	0	0	1	DEL-1304:1/1:PASS:DV4/TC4:V5TP:T2TTP:hapGT0/1	1	1	1	0	0	-1304:0/1:TP	1	0	0	-1304:0/1:TP	under	under	under
1101	chr21	17291928	17292428	500	17291728	17292799	1	7	6	13	True	715	0.788	2	2	2	13	0.538	True	hom	1	-	1212	+1212@17292196	+1212@17292196	1212,1212	1212,1212	False	1.0	hom	1	-	1212	+1212@17292196	+1212@17292196	1212,1212	1212,1212	False	1.0	1	1101.0	13	13	1212	0	1	0	1	other	0	1	1	0	0	False	False	1	1	1	INS+1212:1/1:PASS:DV6/TC6:V5TP:T2TTP:hapGT1/1	1	0	1	0	0	+1212:1/1:TP	2	0	0	+1212:0/1:TP;+1212:1/0:TP	equal	equal	equal
1102	chr21	17399879	17400379	500	17399679	17400579	1	23	21	22	True	141	0.282	2	2	2	22	0.0	False	cpx_het	2	size_diff	132	+132@17400126	+79@17400188	132,79	132,75	False	1.0	cpx_het	2	size_diff	132	+132@17400126	+79@17400188	132,79	132,75	False	1.0	2	1102.0,1102.1	9,13	22	130,70	0	2	0	2	kmeans	2	1	0	0	0	False	False	2	2	2	INS+130:0/1:PASS:DV8/TC22:V5TP:T2TTP:hapGT0/1;INS+70:0/1:PASS:DV13/TC22:V5TP:T2TTP:hapGT0/1	2	0	2	0	0	+132:1/0:TP;+79:0/1:TP	2	0	0	+132:1/0:TP;+79:0/1:TP	equal	equal	equal
1103	chr21	17432230	17432730	500	17432030	17432930	1	12	9	18	True	472	0.81	2	2	2	18	0.0	False	cpx_het	2	one_net_small	61	-36@17432380,+24@17432780	+61@17432509	-12,61	0,37	False	1.0	cpx_het	2	one_net_small	61	-36@17432380,+24@17432780	+61@17432509	-12,61	0,37	False	1.0	2	1103.0,1103.1	9,9	18	43,3	0	2	0	2	kmeans	2	0	0	0	0	False	False	2	2	1	INS+65:0/1:PASS:DV9/TC17:V5TP:T2TTP:hapGT0/1	1	0	1	0	0	+61:0/1:TP	1	0	0	+61:0/1:TP	equal	equal	equal
1104	chr21	17507391	17507891	500	17507191	17508091	1	18	16	17	False	0	0.0	2	2	2	17	0.0	False	hom	1	-	322	+322@17507647	+321@17507647	322,321	322,321	False	1.0	hom	1	-	322	+322@17507647	+321@17507647	322,321	322,321	False	1.0	1	1104.0	17	17	321	0	1	0	1	kmeans	1	1	0	0	0	False	False	1	1	1	INS+321:1/1:PASS:DV16/TC16:V5TP:T2TTP:hapGT1/1	1	0	1	0	0	+322:1/1:TP	2	0	0	+321:0/1:TP;+322:1/0:TP	equal	equal	equal
1105	chr21	17533791	17534291	500	17533591	17534491	1	3	3	16	True	118	0.236	2	2	2	16	0.0	False	het	2	-	28	-	+28@17534019	0,28	-2,30	False	1.0	het	2	-	28	-	+28@17534019	0,28	-2,30	False	1.0	1	1105.0	16	16	28	0	1	0	1	kmeans	1	1	0	0	0	False	False	0	0	0	-	0	0	0	0	0	-	0	0	0	-	under	under	under
1106	chr21	17619530	17620030	500	17619330	17620230	1	6	6	12	False	0	0.0	2	2	2	12	0.5	True	hom	1	-	325	+325@17619780	+325@17619780	325,325	326,326	False	1.0	hom	1	-	325	+325@17619780	+325@17619780	325,325	326,326	False	1.0	1	1106.0	12	12	325	0	1	0	1	kmeans	1	0	0	0	0	False	False	1	1	1	INS+325:1/1:PASS:DV6/TC6:V5TP:T2TTP:hapGT1/1	1	0	1	0	0	+325:1/1:TP	1	0	0	+325:1/1:TP	equal	equal	equal
1107	chr21	17719574	17720188	614	17718938	17721216	1	13	6	8	True	2178	1.0	2	2	2	7	0.0	False	hom	1	-	326	+97@17719675,+229@17720091	+97@17719675,+229@17720091	326,326	332,333	False	1.0	hom	1	-	326	+97@17719675,+229@17720091	+97@17719675,+229@17720091	326,326	332,333	False	1.0	1	1107.0	8	8	328	0	1	0	1	kmeans	1	2	0	0	0	False	False	1	1	2	INS+98:1/1:PASS:DV6/TC6:V5TP:T2TTP:hapGT0/0;INS+230:1/1:PASS:DV7/TC7:V5TP:T2TTP:hapGT1/1	2	0	2	0	0	+97:1/1:TP;+229:1/1:TP	2	0	0	+97:1/1:TP;+229:1/1:TP	equal	equal	equal
1108	chr21	17729977	17730477	500	17729777	17730677	1	10	10	10	False	0	0.0	2	2	2	10	0.0	False	hom	1	-	3979	+3979@17730247	+3979@17730247	3979,3979	3979,3979	False	1.0	hom	1	-	3979	+3979@17730247	+3979@17730247	3979,3979	3979,3979	False	1.0	2	1108.0,1108.1	8,2	10	3986,6	0	1	0	2	kmeans	2	2	0	0	0	False	False	1	1	1	INS+3986:1/1:PASS:DV8/TC10:V5TP:T2TTP:hapGT1/1	1	0	1	0	0	+3979:1/1:TP	1	0	0	+3979:1/1:TP	over	over	over
1109	chr21	17902867	17903367	500	17902667	17903567	1	9	8	21	False	0	0.0	2	2	2	21	0.0	False	het	2	-	98	-	+98@17903116	0,98	0,98	False	1.0	het	2	-	98	-	+98@17903116	0,98	0,98	False	1.0	2	1109.0,1109.1	10,11	21	96,0	0	2	0	2	kmeans	2	2	0	0	0	False	False	2	2	1	INS+96:0/1:PASS:DV10/TC21:V5TP:T2TTP:hapGT0/1	1	0	1	0	0	+98:0/1:TP	1	0	0	+98:0/1:TP	equal	equal	equal
1110	chr21	17954233	17957081	2848	17954033	17957281	1	11	11	23	False	0	0.0	2	2	2	23	0.0	False	het	2	-	2509	-	-2509@17954283	0,-2509	-1,-2513	False	1.0	het	2	-	2509	-	-2509@17954283	0,-2509	-1,-2509	False	1.0	2	1110.0,1110.1	10,13	23	0,-2509	0	2	0	2	kmeans	2	4	0	0	0	False	False	2	2	1	DEL-2509:0/1:PASS:DV12/TC24:V5TP:T2TTP:hapGT0/1	1	0	1	0	0	-2509:0/1:TP	1	0	0	-2509:0/1:TP	equal	equal	equal
1111	chr21	18079528	18080028	500	18079239	18080228	1	5	5	12	True	555	0.632	2	2	2	11	0.0	False	het	2	-	32	-	+32@18079778	0,32	0,32	False	1.0	het	2	-	32	-	+32@18079778	0,32	0,32	False	1.0	2	1111.0,1111.1	5,7	12	32,0	0	2	0	2	kmeans	2	0	0	0	0	False	False	2	2	1	INS+32:0/1:PASS:DV5/TC11:V5ref:T2Tref:hapGT0/1	1	0	0	0	0	-	0	0	0	-	equal	equal	equal
1112	chr21	18144738	18145238	500	18144538	18145438	1	9	9	23	False	0	0.0	2	2	2	23	0.0	False	het	2	-	3404	-	+3404@18144979	0,3404	-1,3403	False	1.0	het	2	-	3404	-	+3404@18144979	0,3404	-1,3403	False	1.0	2	1112.0,1112.1	15,8	23	0,3404	0	2	0	2	kmeans	2	3	0	0	0	False	False	2	2	1	INS+3404:0/1:PASS:DV8/TC23:V5TP:T2TTP:hapGT0/1	1	0	1	0	0	+3404:0/1:TP	1	0	0	+3404:0/1:TP	equal	equal	equal
1113	chr21	18173867	18174367	500	18173667	18174567	1	32	30	32	True	63	0.126	2	2	2	32	0.0	False	cpx_het	2	size_diff	138	+100@18174133	+138@18174133	100,138	98,136	False	1.0	cpx_het	2	size_diff	138	+100@18174133	+138@18174133	100,138	98,136	False	1.0	2	1113.0,1113.1	17,15	32	100,140	0	2	0	2	kmeans	2	3	0	0	0	False	False	2	2	2	INS+140:0/1:PASS:DV14/TC32:V5TP:T2TTP:hapGT1/1;INS+100:0/1:PASS:DV17/TC32:V5TP:T2TTP:hapGT1/1	2	2	2	0	0	+138:0/1:TP;+100:1/0:TP	2	0	0	+138:0/1:TP;+100:1/0:TP	equal	equal	equal
1114	chr21	18251260	18251760	500	18251060	18252156	1	13	13	15	True	792	0.892	2	2	2	14	0.0	False	hom	1	-	482	+482@18251498	+482@18251498	482,482	482,482	False	1.0	hom	1	-	482	+482@18251498	+482@18251498	482,482	482,482	False	1.0	1	1114.0	15	15	482	0	1	0	1	kmeans	2	1	1	0	0	False	False	1	1	1	INS+482:1/1:PASS:DV14/TC14:V5TP:T2TTP:hapGT1/1	1	0	1	0	0	+482:1/1:TP	1	0	0	+482:1/1:TP	equal	equal	equal
1115	chr21	18315327	18315827	500	18315127	18316152	1	14	14	16	True	763	0.976	2	2	2	16	0.0	False	hom	1	-	175	-175@18315405	-175@18315405	-175,-175	-177,-177	False	1.0	hom	1	-	175	-175@18315405	-175@18315405	-175,-175	-177,-177	False	1.0	1	1115.0	16	16	-175	0	1	0	1	kmeans	1	2	0	0	0	False	False	1	1	1	DEL-175:1/1:PASS:DV15/TC16:V5TP:T2TTP:hapGT1/1	1	0	1	0	0	-175:1/1:TP	1	0	0	-175:1/1:TP	equal	equal	equal
1116	chr21	18436609	18437109	500	18436409	18437309	1	22	22	22	True	68	0.136	2	2	2	22	0.0	False	hom	1	-	34	-34@18436830	-34@18436830	-34,-34	-34,-34	False	1.0	hom	1	-	34	-34@18436830	-34@18436830	-34,-34	-34,-34	False	1.0	1	1116.0	22	22	-34	0	1	0	1	kmeans	1	0	0	0	0	False	False	1	1	1	DEL-34:1/1:PASS:DV22/TC22:V5ref:T2Tref:hapGT1/1	1	0	0	0	0	-	0	0	0	-	equal	equal	equal
1117	chr21	18587012	18587512	500	18586812	18587712	1	8	8	19	True	456	0.8	2	2	2	19	0.0	False	het	2	-	50	-	+50@18587126	0,50	0,50	False	1.0	het	2	-	50	-	+50@18587126	0,50	0,50	False	1.0	2	1117.0,1117.1	8,11	19	50,0	0	2	0	2	kmeans	2	1	0	0	0	False	False	2	2	1	INS+50:0/1:PASS:DV8/TC19:V5TP:T2TTP:hapGT0/1	1	0	1	0	0	+50:0/1:TP	1	0	0	+50:0/1:TP	equal	equal	equal
1118	chr21	18858984	18859484	500	18858784	18859684	1	9	9	20	True	88	0.176	2	2	2	20	0.0	False	het	2	-	70	-	-70@18859199	0,-70	2,-70	False	1.0	het	2	-	70	-	-70@18859199	0,-70	2,-70	False	1.0	2	1118.0,1118.1	9,11	20	-70,0	0	2	0	2	kmeans	2	3	0	0	0	False	False	2	2	1	DEL-70:0/1:PASS:DV9/TC20:V5TP:T2TTP:hapGT0/1	1	0	1	0	0	-70:0/1:TP	1	0	0	-70:0/1:TP	equal	equal	equal
1119	chr22	35533356	35533856	500	35533156	35534081	1	17	16	18	True	588	0.826	2	2	2	18	0.0	False	hom	1	-	155	+155@35533643	+155@35533643	155,155	155,155	False	1.0	hom	1	-	155	+155@35533643	+155@35533643	155,155	155,155	False	1.0	1	1119.0	18	18	155	0	1	1	1	kmeans	1	2	0	0	0	False	False	1	1	1	INS+155:1/1:PASS:DV16/TC17:V5TP:T2TTP:hapGT1/1	1	0	1	0	0	+155:1/1:TP	1	0	0	+155:1/1:TP	equal	equal	equal
1120	chr22	35577977	35578515	538	35577777	35578715	1	21	18	22	True	454	0.647	2	2	2	20	0.0	False	hom	1	-	124	+124@35578409	+124@35578409	124,124	124,124	False	1.0	hom	1	-	124	+124@35578409	+124@35578409	124,124	124,124	False	1.0	1	1120.0	22	22	124	0	1	0	1	kmeans	1	2	0	0	0	False	False	1	1	1	INS+124:1/1:PASS:DV18/TC18:V5TP:T2TTP:hapGT1/1	1	0	1	0	0	+124:1/1:TP	1	0	0	+124:1/1:TP	equal	equal	equal
1121	chr22	35611602	35612102	500	35611402	35612302	1	11	11	21	True	132	0.264	2	2	2	20	0.0	False	het	2	-	33	-	+33@35611786	0,33	0,33	False	1.0	het	2	-	33	-	+33@35611786	0,33	0,33	False	1.0	2	1121.0,1121.1	9,11	20	0,32	0	2	0	2	kmeans	2	0	0	0	0	False	False	2	2	1	INS+32:0/1:PASS:DV11/TC20:V5ref:T2Tref:hapGT0/1	1	0	0	0	0	-	0	0	0	-	equal	equal	equal
1122	chr22	35630189	35631682	1493	35629989	35631882	1	51	27	32	True	160	0.107	2	2	2	31	0.0	False	cpx_het	2	size_diff	1067	+757@35630244	+750@35630244,+317@35631629	757,1067	757,1064	False	1.0	cpx_het	2	size_diff	1067	+757@35630244	+750@35630244,+317@35631629	757,1067	757,1064	False	1.0	2	1122.0,1122.1	21,11	32	1062,0	0	1	0	2	other	0	6	0	0	0	False	False	1	1	2	INS+747:0/1:PASS:DV20/TC28:V5TP:T2Tref:hapGT1/1;INS+315:0/1:PASS:DV17/TC27:V5TP:T2TTP:hapGT0/0	2	1	2	0	0	+757:1/1:TP;+317:0/1:TP	1	0	0	+317:0/1:TP	equal	equal	equal
1123	chr22	35673506	35674006	500	35673306	35674206	1	9	9	19	False	0	0.0	2	2	2	19	0.0	False	het	2	-	329	-	+329@35673756	0,329	0,329	False	1.0	het	2	-	329	-	+329@35673756	0,329	0,329	False	1.0	2	1123.0,1123.1	9,10	19	324,0	0	2	0	2	kmeans	2	0	0	0	0	False	False	2	2	1	INS+324:0/1:PASS:DV9/TC16:V5TP:T2TTP:hapGT0/1	1	0	1	0	0	+329:0/1:TP	1	0	0	+329:0/1:TP	equal	equal	equal
1124	chr22	35737410	35738295	885	35737210	35738495	1	10	10	25	True	70	0.079	2	2	2	23	0.087	False	het	2	-	766	-766@35737460	-	-766,0	-770,-4	False	1.0	het	2	-	766	-766@35737460	-	-766,0	-766,-4	False	1.0	2	1124.0,1124.1	15,10	25	0,-766	0	2	0	2	kmeans	2	3	0	0	0	False	False	2	2	1	DEL-766:0/1:PASS:DV10/TC25:V5TP:T2TTP:hapGT0/1	1	0	1	0	0	-766:1/0:TP	1	0	0	-766:1/0:TP	equal	equal	equal
1125	chr22	36126293	36126831	538	36126093	36127031	1	39	15	15	True	629	0.909	2	2	2	15	0.0	False	cpx_het	2	size_diff	1342	+506@36126545	+1342@36126633	506,1342	506,1342	False	1.0	cpx_het	2	size_diff	1342	+506@36126545	+1342@36126633	506,1342	506,1342	False	1.0	2	1125.0,1125.1	6,9	15	512,1346	0	2	0	2	other	0	0	0	0	0	False	False	2	2	2	INS+490:0/1:PASS:DV6/TC15:V5TP:T2TTP:hapGT0/1;INS+1324:0/1:PASS:DV9/TC15:V5TP:T2TTP:hapGT0/1	2	0	2	0	0	+506:1/0:TP;+1342:0/1:TP	2	0	0	+506:1/0:TP;+1342:0/1:TP	equal	equal	equal
1126	chr22	36276201	36276701	500	36276001	36276901	1	5	4	20	False	0	0.0	2	2	2	20	0.0	False	hom	1	-	29	+29@36276460	+29@36276460	29,29	29,29	False	1.0	hom	1	-	29	+29@36276460	+29@36276460	29,29	29,29	False	1.0	1	1126.0	20	20	29	0	1	0	1	kmeans	1	0	0	0	0	False	False	1	1	0	-	0	0	0	0	0	-	0	0	0	-	equal	equal	equal
1127	chr22	36316832	36317332	500	36316632	36317532	1	15	15	24	True	173	0.346	2	2	2	24	0.0	False	het	2	-	53	+53@36317053	-	53,0	53,0	False	1.0	het	2	-	53	+53@36317053	-	53,0	53,0	False	1.0	2	1127.0,1127.1	16,7	23	53,0	0	2	0	2	kmeans	2	1	0	0	0	False	False	2	2	1	INS+53:0/1:PASS:DV15/TC23:V5TP:T2TTP:hapGT0/1	1	0	1	0	0	+53:1/0:TP	1	0	0	+53:1/0:TP	equal	equal	equal
1128	chr22	36609138	36609638	500	36608938	36610469	1	8	8	22	True	1313	1.0	2	2	2	20	0.0	False	hom	1	-	30	+30@36609411	+30@36609411	30,30	31,31	False	1.0	hom	1	-	30	+30@36609411	+30@36609411	30,30	31,31	False	1.0	2	1128.0,1128.1	13,8	21	30,30	0	2	0	1	kmeans	2	3	0	0	0	False	False	1	1	1	INS+30:0/1:PASS:DV19/TC20:V5ref:T2Tref:hapGT1/1	2	1	0	0	0	-	0	0	0	-	over	over	over
1129	chr22	36680119	36680735	616	36679859	36680959	1	13	11	13	True	1000	1.0	2	2	2	13	0.0	False	cpx_het	2	size_diff	674	+278@36680685	+396@36680096,+278@36680685	278,674	269,674	False	1.0	cpx_het	2	size_diff	674	+278@36680685	+396@36680096,+278@36680685	278,674	269,674	False	1.0	2	1129.0,1129.1	10,3	13	272,688	0	2	0	2	kmeans	2	0	0	0	0	False	False	2	2	1	INS+409:0/0:LowQual:DV2/TC11:V5-:T2T-;INS+272:0/1:PASS:DV11/TC11:V5ref:T2Tref:hapGT0/1	3	0	0	0	0	-	0	0	0	-	equal	equal	equal
1130	chr22	36730859	36731359	500	36730659	36731559	1	55	27	28	True	346	0.692	2	2	2	26	0.0	False	hom	1	-	172	-172@36731028	-172@36731028	-172,-172	-172,-172	False	1.0	hom	1	-	172	-172@36731028	-172@36731028	-172,-172	-172,-172	False	1.0	1	1130.0	28	28	-171	0	1	0	1	kmeans	1	1	0	0	0	False	False	1	1	1	DEL-171:1/1:PASS:DV27/TC27:V5TP:T2TTP:hapGT1/1	1	0	1	0	0	-172:1/1:TP	1	0	0	-172:1/1:TP	equal	equal	equal
1131	chr22	36747075	36751916	4841	36746875	36752116	1	23	23	24	True	789	0.163	2	2	2	23	0.0	False	hom	1	-	4726	-4726@36747125	-4726@36747125	-4726,-4726	-4726,-4726	False	1.0	hom	1	-	4726	-4726@36747125	-4726@36747125	-4726,-4726	-4726,-4726	False	1.0	1	1131.0	24	24	-4726	0	1	0	1	kmeans	1	1	0	0	0	False	False	1	1	1	DEL-4726:1/1:PASS:DV24/TC24:V5TP:T2TTP:hapGT1/1	1	0	1	0	0	-4726:1/1:TP	1	0	0	-4726:1/1:TP	equal	equal	equal
1132	chr22	36788384	36788884	500	36788184	36789084	1	9	9	14	True	147	0.294	2	2	2	14	0.357	True	hom	1	-	36	-36@36788580	-36@36788580	-36,-36	-37,-37	False	1.0	hom	1	-	36	-36@36788580	-36@36788580	-36,-36	-37,-37	False	1.0	1	1132.0	14	14	-36	0	1	0	1	kmeans	1	0	0	0	0	False	False	1	1	1	DEL-36:1/1:PASS:DV9/TC9:V5ref:T2Tref:hapGT1/1	1	0	0	0	0	-	0	0	0	-	equal	equal	equal
1133	chr22	36799844	36800344	500	36799644	36800544	1	3	3	18	True	444	0.8	2	2	2	18	0.833	True	het	2	-	182	-	-182@36800146	0,-182	-12,-173	False	1.0	het	2	-	182	-	-182@36800146	0,-182	-12,-173	False	1.0	2	1133.0,1133.1	6,12	18	NA,-174	1	1	0	1	kmeans	2	1	0	0	0	False	False	0	0	1	DEL-166:1/1:PASS:DV3/TC3:V5TP:T2TTP:hapGT0/1	1	1	1	0	0	-182:0/1:TP	1	0	0	-182:0/1:TP	equal	equal	equal
1134	chr22	36863363	36863863	500	36863163	36864063	1	3	3	12	True	89	0.178	2	2	2	12	0.083	False	het	2	-	3145	+3145@36863613	-	3145,0	3145,0	False	1.0	het	2	-	3145	+3145@36863613	-	3145,0	3145,0	False	1.0	2	1134.0,1134.1	8,4	12	0,3186	0	2	0	2	kmeans	2	1	0	0	0	False	False	2	2	1	INS+3180:0/1:PASS:DV4/TC12:V5TP:T2TTP:hapGT0/1	1	0	1	0	0	+3145:1/0:TP	1	0	0	+3145:1/0:TP	equal	equal	equal
1135	chr22	36872370	36873485	1115	36872170	36873685	1	56	15	25	True	1096	0.983	2	2	2	17	0.0	False	het	2	-	48	-48@36872623	-	-48,0	-48,0	False	1.0	het	2	-	48	-48@36872623	-	-48,0	-48,0	False	1.0	2	1135.0,1135.1	18,7	25	0,-48	0	2	0	2	kmeans	2	3	0	0	0	False	False	2	2	1	DEL-48:0/1:PASS:DV7/TC25:V5ref:T2Tref:hapGT0/1	1	0	0	0	0	-	0	0	0	-	equal	equal	equal
1136	chr22	36958849	36959349	500	36958649	36959549	1	38	23	29	True	142	0.284	2	2	2	29	0.0	False	hom	1	-	636	+636@36959116	+612@36959116	636,612	636,624	False	1.0	hom	1	-	636	+636@36959116	+612@36959116	636,612	636,624	False	1.0	1	1136.0	29	29	648	0	1	0	1	kmeans	1	5	0	0	0	False	False	1	1	1	INS+648:1/1:PASS:DV26/TC27:V5TP:T2TTP:hapGT1/1	1	0	1	0	0	+636:1/1:TP	2	0	0	+636:1/0:TP;+612:0/1:TP	equal	equal	equal
1137	chr22	37072334	37072834	500	37071758	37073291	1	10	10	15	True	1433	1.0	2	2	2	15	0.067	False	het	2	-	38	-38@37072549	-	-38,0	-38,0	False	1.0	het	2	-	38	-38@37072549	-	-38,0	-38,0	False	1.0	1	1137.0	15	15	-33	0	0	0	1	kmeans	2	1	1	0	0	False	False	1	1	1	DEL-33:1/1:PASS:DV15/TC15:V5ref:T2Tref:hapGT0/1	1	1	0	0	0	-	0	0	0	-	under	under	under
1138	chr22	37097705	37098205	500	37097505	37098405	1	24	20	21	True	503	0.866	2	2	2	21	0.0	False	hom	1	-	414	+383@37098006	+414@37097943	383,414	383,414	False	1.0	hom	1	-	414	+383@37098006	+414@37097943	383,414	383,414	False	1.0	2	1138.0,1138.1	8,13	21	414,382	0	2	0	1	kmeans	2	1	0	0	0	False	False	1	1	1	INS+382:0/1:PASS:DV20/TC20:V5TP:T2Tref:hapGT1/1	2	1	1	0	0	+414:1/1:TP	0	0	0	-	over	over	over
1139	chr22	37220597	37221097	500	37220397	37221297	1	14	14	17	True	85	0.17	2	2	2	17	0.0	False	hom	1	-	43	+43@37220831	+43@37220831	43,43	43,43	False	1.0	hom	1	-	43	+43@37220831	+43@37220831	43,43	43,43	False	1.0	1	1139.0	17	17	43	0	1	0	1	kmeans	1	0	0	0	0	False	False	1	1	1	INS+43:1/1:PASS:DV14/TC14:V5ref:T2Tref:hapGT1/1	1	0	0	0	0	-	0	0	0	-	equal	equal	equal
1140	chr22	37227079	37227579	500	37226824	37227779	1	49	14	17	True	847	1.0	2	2	2	17	0.0	False	hom	1	-	511	+448@37227219,+63@37227454	+448@37227219,+63@37227454	511,511	534,534	False	1.0	hom	1	-	511	+448@37227219,+63@37227454	+448@37227219,+63@37227454	511,511	534,534	False	1.0	1	1140.0	17	17	534	0	1	0	1	kmeans	1	1	0	0	0	False	False	1	1	2	INS+462:1/1:PASS:DV14/TC14:V5TP:T2TTP:hapGT1/1;INS+63:1/1:PASS:DV14/TC14:V5TP:T2TTP:hapGT0/0	2	0	2	0	0	+448:1/1:TP;+63:1/1:TP	2	0	0	+448:1/1:TP;+63:1/1:TP	equal	equal	equal
1141	chr22	37384460	37384960	500	37384260	37385160	1	22	22	23	True	397	0.686	2	2	2	23	0.0	False	hom	1	-	41	-41@37384651	-41@37384651	-41,-41	-41,-41	False	1.0	hom	1	-	41	-41@37384651	-41@37384651	-41,-41	-41,-41	False	1.0	1	1141.0	23	23	-41	0	1	0	1	kmeans	1	0	0	0	0	False	False	1	1	1	DEL-41:1/1:PASS:DV22/TC22:V5ref:T2Tref:hapGT1/1	1	0	0	0	0	-	0	0	0	-	equal	equal	equal
1142	chr22	37399328	37399828	500	37399128	37400028	1	16	16	37	True	228	0.456	2	2	2	36	0.0	False	het	2	-	39	-39@37399480	-	-39,0	-39,0	False	1.0	het	2	-	39	-39@37399480	-	-39,0	-39,0	False	1.0	2	1142.0,1142.1	21,16	37	0,-39	0	2	0	2	kmeans	2	3	0	0	0	False	False	2	2	1	DEL-39:0/1:PASS:DV16/TC36:V5ref:T2Tref:hapGT0/1	1	0	0	0	0	-	0	0	0	-	equal	equal	equal
1143	chr22	37491334	37491834	500	37491134	37492034	1	13	12	12	True	292	0.584	2	2	2	12	0.0	False	hom	1	-	316	+315@37491610	+316@37491610	315,316	315,317	False	1.0	hom	1	-	316	+315@37491610	+316@37491610	315,316	315,317	False	1.0	1	1143.0	12	12	316	0	1	0	1	kmeans	2	0	1	0	0	False	False	1	1	1	INS+316:1/1:PASS:DV12/TC12:V5TP:T2TTP:hapGT1/1	1	0	1	0	0	+316:1/1:TP	2	0	0	+315:1/0:TP;+316:0/1:TP	equal	equal	equal
1144	chr22	37509620	37510246	626	37509420	37510446	1	13	13	14	True	661	0.974	2	2	2	13	0.0	False	hom	1	-	478	-478@37509670	-478@37509670	-478,-478	-484,-484	False	1.0	hom	1	-	478	-478@37509670	-478@37509670	-478,-478	-484,-484	False	1.0	1	1144.0	14	14	-484	0	1	0	1	kmeans	1	1	0	0	0	False	False	1	1	1	DEL-478:1/1:PASS:DV14/TC14:V5TP:T2TTP:hapGT1/1	1	0	1	0	0	-478:1/1:TP	1	0	0	-478:1/1:TP	equal	equal	equal
1145	chr22	37528756	37529256	500	37528556	37529456	1	16	16	16	False	0	0.0	2	2	2	15	0.0	False	hom	1	-	598	+598@37529117	+598@37529117	598,598	598,598	False	1.0	hom	1	-	598	+598@37529117	+598@37529117	598,598	598,598	False	1.0	1	1145.0	16	16	598	0	1	0	1	kmeans	1	2	0	0	0	False	False	1	1	1	INS+598:1/1:PASS:DV16/TC16:V5TP:T2TTP:hapGT1/1	1	0	1	0	0	+598:1/1:TP	1	0	0	+598:1/1:TP	equal	equal	equal
1146	chr22	37647576	37648076	500	37647376	37648276	1	8	5	27	False	0	0.0	2	2	2	21	0.0	False	ref	1	-	0	-	-	0,0	0,0	False	1.0	ref	1	-	0	-	-	0,0	0,0	False	1.0	1	1146.0	22	22	22	0	1	0	1	kmeans	1	1	0	0	0	False	False	0	0	0	-	0	0	0	0	0	-	0	0	0	-	equal	equal	equal
1147	chr22	37704331	37704959	628	37704131	37705444	1	43	22	24	True	1013	0.92	2	2	2	24	0.0	False	hom	1	-	30	-30@37704381	-30@37704381	-30,-30	-43,-43	False	1.0	hom	1	-	30	-30@37704381	-30@37704381	-30,-30	-43,-43	False	1.0	1	1147.0	24	24	-42	0	1	0	1	kmeans	1	0	0	0	0	False	False	1	1	1	DEL-42:1/1:PASS:DV22/TC22:V5ref:T2Tref:hapGT1/1	1	0	0	0	0	-	0	0	0	-	equal	equal	equal
1148	chr22	37723699	37724508	809	37723275	37726295	1	29	24	24	True	2920	1.0	2	2	2	24	0.0	False	hom	1	-	294	+291@37724034	+294@37723895	291,294	288,294	False	1.0	hom	1	-	294	+291@37724034	+294@37723895	291,294	288,294	False	1.0	1	1148.0	24	24	294	0	1	0	1	kmeans	1	0	0	0	0	False	False	1	1	1	INS+294:1/1:PASS:DV24/TC24:V5TP:T2TTP:hapGT1/1	1	0	1	0	0	+294:1/1:TP	2	0	0	+294:0/1:TP;+291:1/0:TP	equal	equal	equal
1149	chr22	37786604	37787104	500	37785564	37789515	1	15	15	15	True	3851	1.0	2	2	2	15	0.0	False	cpx_het	2	size_diff	125	+80@37786799	+125@37786950	80,125	75,118	False	1.0	cpx_het	2	size_diff	125	+80@37786799	+125@37786950	80,125	75,118	False	1.0	2	1149.0,1149.1	10,5	15	118,66	0	2	0	2	kmeans	2	0	0	0	0	False	False	2	2	2	INS+80:0/1:PASS:DV5/TC15:V5TP:T2TTP:hapGT0/1;INS+125:0/1:PASS:DV10/TC15:V5TP:T2TTP:hapGT0/1	2	0	2	0	0	+80:1/0:TP;+125:0/1:TP	2	0	0	+80:1/0:TP;+125:0/1:TP	equal	equal	equal
1150	chr22	37890812	37891312	500	37890347	37891512	1	6	6	16	True	730	0.63	2	2	2	15	0.0	False	het	2	-	45	-	-45@37891039	0,-45	0,-45	False	1.0	het	2	-	45	-	-45@37891039	0,-45	0,-45	False	1.0	2	1150.0,1150.1	6,10	16	-45,0	0	2	0	2	kmeans	2	0	0	0	0	False	False	2	2	1	DEL-45:0/1:PASS:DV6/TC16:V5ref:T2Tref:hapGT0/1	1	0	0	0	0	-	0	0	0	-	equal	equal	equal
1151	chr22	38086125	38086625	500	38085925	38086825	1	12	12	24	False	0	0.0	2	2	2	24	0.0	False	het	2	-	42	-	-42@38086345	0,-42	0,-42	False	1.0	het	2	-	42	-	-42@38086345	0,-42	0,-42	False	1.0	2	1151.0,1151.1	11,13	24	0,-42	0	2	0	2	kmeans	2	0	0	0	0	False	False	2	2	1	DEL-42:0/1:PASS:DV12/TC23:V5ref:T2Tref:hapGT0/1	1	0	0	0	0	-	0	0	0	-	equal	equal	equal
1152	chr22	38109626	38110204	578	38109426	38110404	1	32	18	19	True	149	0.258	2	2	2	19	0.0	False	cpx_het	2	size_diff	1828	+952@38110053,+494@38110120	+1597@38110049,+231@38110135	1446,1828	1452,1828	False	0.837	cpx_het	2	size_diff	1828	+952@38110053,+494@38110120	+1597@38110049,+231@38110135	1446,1828	1452,1828	False	0.837	2	1152.0,1152.1	9,10	19	1466,1824	0	2	0	2	other	0	2	0	0	0	False	False	2	2	2	INS+1337:0/1:PASS:DV19/TC19:V5ref:T2Tref:hapGT1/1;INS+479:0/1:PASS:DV10/TC19:V5ref:T2Tref:hapGT0/0	3	1	0	0	0	-	0	0	0	-	equal	equal	equal
1153	chr22	38188884	38189384	500	38187858	38189584	1	22	10	11	True	1385	0.818	2	2	2	11	0.0	False	hom	1	-	480	+200@38189031,+280@38189211	+200@38189031,+280@38189211	480,480	480,480	False	1.0	hom	1	-	480	+200@38189031,+280@38189211	+200@38189031,+280@38189211	480,480	480,480	False	1.0	1	1153.0	11	11	481	0	1	0	1	kmeans	1	1	0	0	0	False	False	1	1	2	INS+201:1/1:PASS:DV10/TC11:V5TP:T2TTP:hapGT0/0;INS+280:1/1:PASS:DV10/TC11:V5TP:T2TTP:hapGT0/0	2	0	2	0	0	+200:1/1:TP;+280:1/1:TP	2	0	0	+200:1/1:TP;+280:1/1:TP	equal	equal	equal
1154	chr3	185230472	185234754	4282	185230272	185234954	1	47	23	27	True	1773	0.411	2	2	2	27	0.0	False	cpx_het	2	size_diff	668	-243@185230621,-101@185234489	-567@185231107,-101@185234489	-344,-668	-344,-669	False	1.0	cpx_het	2	size_diff	668	-243@185230621,-101@185234489	-567@185231107,-101@185234489	-344,-668	-344,-669	False	1.0	2	1154.0,1154.1	19,8	27	-668,-344	0	2	0	2	other	0	6	0	0	0	False	False	2	2	3	DEL-243:0/1:PASS:DV5/TC19:V5TP:T2TTP:hapGT0/1;DEL-567:0/1:PASS:DV15/TC20:V5TP:T2TTP:hapGT0/1;DEL-101:0/1:PASS:DV22/TC23:V5TP:T2TTP:hapGT0/0	4	0	3	0	0	-243:1/0:TP;-567:0/1:TP;-101:1/1:TP	3	0	0	-243:1/0:TP;-567:0/1:TP;-101:1/1:TP	equal	equal	equal
1155	chr3	185299461	185299961	500	185299261	185300854	1	9	9	27	False	0	0.0	2	2	2	27	0.0	False	het	2	-	325	-325@185299540	-	-325,0	-326,-1	False	1.0	het	2	-	325	-325@185299540	-	-325,0	-325,-1	False	1.0	2	1155.0,1155.1	16,11	27	-5,-330	0	2	0	2	kmeans	2	0	0	0	0	False	False	2	2	1	DEL-325:0/1:PASS:DV9/TC25:V5TP:T2TTP:hapGT0/1	1	0	1	0	0	-325:1/0:TP	1	0	0	-325:1/0:TP	equal	equal	equal
1156	chr3	185453732	185456080	2348	185453532	185456280	1	115	29	35	True	2263	0.964	2	2	2	27	0.037	False	hom	1	-	189	+50@185453856,+24@185454010,+37@185454556,+35@185455257,+123@185455543,-94@185455657	+107@185453934,+24@185454010,+152@185455543,-94@185455657	175,189	141,177	False	1.0	hom	1	-	189	+50@185453856,+24@185454010,+37@185454556,+35@185455257,+123@185455543,-94@185455657	+107@185453934,+24@185454010,+152@185455543,-94@185455657	175,189	141,177	False	1.0	2	1156.0,1156.1	27,8	35	183,138	0	2	0	2	other	0	6	0	0	0	False	False	1	1	3	INS+107:0/1:PASS:DV17/TC23:V5ref:T2Tref:hapGT0/0;INS+33:0/1:PASS:DV8/TC31:V5ref:T2Tref:hapGT0/0;INS+54:0/1:PASS:DV26/TC31:V5ref:T2Tref:hapGT0/0	4	0	2	1	0	+52:1/0:FN;+81:0/1:TP;+54:0/1:TP	2	1	0	+52:1/0:FN;+81:0/1:TP;+54:0/1:TP	over	over	over
1157	chr3	185483463	185483963	500	185483263	185484163	1	12	12	19	False	0	0.0	2	2	2	19	0.0	False	hom	1	-	31	+31@185483711	+31@185483711	31,31	31,31	False	1.0	hom	1	-	31	+31@185483711	+31@185483711	31,31	31,31	False	1.0	2	1157.0,1157.1	12,7	19	34,29	0	2	0	2	kmeans	2	0	0	0	0	False	False	1	1	1	INS+34:0/1:PASS:DV12/TC19:V5ref:T2Tref:hapGT1/1	1	1	0	0	0	-	0	0	0	-	over	over	over
1158	chr3	185538454	185538954	500	185538254	185539709	1	12	10	11	True	960	0.51	2	2	2	11	0.0	False	hom	1	-	95	+42@185538699,+53@185538738	+42@185538699,+53@185538738	95,95	78,95	False	1.0	hom	1	-	95	+42@185538699,+53@185538738	+42@185538699,+53@185538738	95,95	78,95	False	1.0	1	1158.0	11	11	92	0	1	0	1	kmeans	1	1	0	0	0	False	False	1	1	1	INS+92:1/1:PASS:DV11/TC11:V5ref:T2Tref:hapGT1/1	1	0	0	1	1	+53:1/1:FN	0	1	1	+53:1/1:FN	equal	equal	equal
1159	chr3	185562301	185568890	6589	185562101	185569090	2	84	52	79	False	0	0.0	2	2	2	41	0.317	True	ref	1	-	0	-	-	0,0	1,-5	False	1.0	ref	1	-	0	-	-	0,0	1,-5	False	1.0	2	1159.0,1159.1	54,25	79	0,0	0	1	0	1	kmeans+other	1	2	2	1	0	False	False	1	1	0	-	0	0	0	0	0	-	0	0	0	-	over	over	over
1161	chr3	185631212	185631712	500	185631012	185631912	1	8	3	22	True	189	0.378	2	2	2	19	0.0	False	het	2	-	22	-	+22@185631473	0,22	8,51	False	0.448	het	2	-	22	-	+22@185631473	0,22	8,51	False	0.448	1	1161.0	21	21	40	0	1	0	1	kmeans	1	1	0	0	0	False	False	0	0	0	-	0	0	0	0	0	-	0	0	0	-	under	under	under
1162	chr3	185665202	185665702	500	185665002	185666108	1	1	1	17	True	889	1.0	2	2	2	17	0.0	False	ref	1	-	0	-	-	0,0	-6,6	False	1.0	ref	1	-	0	-	-	0,0	-6,6	False	1.0	1	1162.0	17	17	7	0	1	0	1	kmeans	1	1	0	0	0	False	False	1	1	0	-	0	0	0	0	0	-	0	0	0	-	equal	equal	equal
1163	chr3	185877416	185877916	500	185876027	185878706	1	22	20	22	True	2579	1.0	2	2	2	20	0.0	False	hom	1	-	50	+50@185877803	+50@185877803	50,50	52,52	False	1.0	hom	1	-	50	+50@185877803	+50@185877803	50,50	52,52	False	1.0	1	1163.0	22	22	50	0	1	0	1	kmeans	1	1	0	0	0	False	False	1	1	1	INS+50:1/1:PASS:DV20/TC21:V5TP:T2TTP:hapGT1/1	1	0	1	0	0	+50:1/1:TP	1	0	0	+50:1/1:TP	equal	equal	equal
1164	chr3	186014857	186015357	500	186014657	186015557	1	25	22	22	True	106	0.212	2	2	2	21	0.0	False	hom	1	-	67	+67@186015086	+67@186015086	67,67	62,62	False	1.0	hom	1	-	67	+67@186015086	+67@186015086	67,67	62,62	False	1.0	1	1164.0	22	22	67	0	1	0	1	kmeans	1	0	0	0	0	False	False	1	1	1	INS+67:1/1:PASS:DV22/TC22:V5TP:T2TTP:hapGT1/1	1	0	1	0	0	+67:1/1:TP	1	0	0	+67:1/1:TP	equal	equal	equal
1165	chr3	186125991	186126574	583	186125127	186126774	1	18	15	20	True	1511	1.0	2	2	2	20	0.0	False	cpx_het	2	opposite_sign	224	+63@186126387	-224@186126043	63,-224	69,-223	False	1.0	cpx_het	2	opposite_sign	224	+63@186126387	-224@186126043	63,-224	69,-223	False	1.0	2	1165.0,1165.1	14,6	20	63,-222	0	2	0	2	kmeans	2	2	0	0	0	False	False	2	2	2	DEL-222:0/1:PASS:DV5/TC18:V5TP:T2TTP:hapGT0/1;INS+63:0/1:PASS:DV13/TC17:V5TP:T2TTP:hapGT0/1	2	0	2	0	0	-224:0/1:TP;+63:1/0:TP	2	0	0	-224:0/1:TP;+63:1/0:TP	equal	equal	equal
1166	chr3	186302261	186302761	500	186302061	186302961	1	17	17	17	True	193	0.386	2	2	2	16	0.0	False	cpx_het	2	size_diff	102	-36@186302476,-66@186302493	-66@186302493	-102,-66	-94,-60	False	1.0	cpx_het	2	size_diff	66	-36@186302476	-66@186302493	-36,-66	-28,-60	False	1.0	1	1166.0	17	17	-36	0	1	0	1	kmeans	1	0	0	0	0	False	False	0	1	1	DEL-42:1/1:PASS:DV17/TC17:V5ref:T2Tref:hapGT0/0	1	0	0	1	0	-66:0/1:FN	0	1	0	-66:0/1:FN	under	under	under
1167	chr3	186354968	186355468	500	186354768	186355840	1	3	3	15	True	671	0.698	2	2	2	15	0.0	False	het	2	-	104	+104@186355203	-	104,0	104,0	False	1.0	het	2	-	104	+104@186355203	-	104,0	104,0	False	1.0	2	1167.0,1167.1	12,3	15	0,106	0	2	0	2	kmeans	2	1	0	0	0	False	False	2	2	1	INS+106:0/0:PASS:DV3/TC14:V5ref:T2Tref:hapGT0/1	1	1	0	1	0	+104:1/0:FN	0	1	0	+104:1/0:FN	equal	equal	equal
1168	chr3	186405469	186405969	500	186405269	186406169	1	12	12	22	False	0	0.0	2	2	2	22	0.0	False	het	2	-	315	+315@186405719	-	315,0	315,0	False	1.0	het	2	-	315	+315@186405719	-	315,0	315,0	False	1.0	2	1168.0,1168.1	9,13	22	0,316	0	2	0	2	kmeans	2	1	0	0	0	False	False	2	2	1	INS+316:0/1:PASS:DV12/TC21:V5TP:T2TTP:hapGT0/1	1	0	1	0	0	+315:1/0:TP	1	0	0	+315:1/0:TP	equal	equal	equal
1169	chr3	186415017	186415517	500	186414817	186415717	1	9	7	22	True	216	0.432	2	2	2	22	0.0	False	het	2	-	31	-	+31@186415299	0,31	-17,31	False	1.0	het	2	-	31	-	+31@186415299	0,31	-17,31	False	1.0	1	1169.0	22	22	31	0	1	0	1	kmeans	1	1	0	0	0	False	False	0	0	1	INS+31:1/1:PASS:DV22/TC22:V5ref:T2Tref:hapGT0/1	1	1	0	0	0	-	0	0	0	-	under	under	under
1170	chr3	186628171	186628671	500	186627971	186628871	1	20	20	20	False	0	0.0	2	2	2	20	0.0	False	hom	1	-	41	-41@186628397	-41@186628397	-41,-41	-41,-41	False	1.0	hom	1	-	41	-41@186628397	-41@186628397	-41,-41	-41,-41	False	1.0	1	1170.0	20	20	-40	0	1	0	1	kmeans	1	0	0	0	0	False	False	1	1	1	DEL-40:1/1:PASS:DV20/TC20:V5ref:T2Tref:hapGT1/1	1	0	0	0	0	-	0	0	0	-	equal	equal	equal
1171	chr3	186751027	186751527	500	186750480	186751727	1	20	20	21	True	973	0.952	2	2	2	20	0.05	False	hom	1	-	282	+282@186751273	+270@186751273	282,270	282,271	False	1.0	hom	1	-	282	+282@186751273	+270@186751273	282,270	282,271	False	1.0	1	1171.0	21	21	271	0	1	0	1	kmeans	1	0	0	0	0	False	False	1	1	1	INS+271:1/1:PASS:DV20/TC20:V5TP:T2TTP:hapGT1/1	1	0	1	0	0	+282:1/1:TP	2	0	0	+282:1/0:TP;+270:0/1:TP	equal	equal	equal
1172	chr3	186755924	186756424	500	186755724	186756624	1	12	12	18	False	0	0.0	2	2	2	17	0.0	False	het	2	-	338	-	+338@186756167	0,338	0,338	False	1.0	het	2	-	338	-	+338@186756167	0,338	0,338	False	1.0	2	1172.0,1172.1	14,4	18	333,0	0	2	0	2	kmeans	2	2	0	0	0	False	False	2	2	1	INS+333:0/1:PASS:DV12/TC17:V5TP:T2TTP:hapGT0/1	1	0	1	0	0	+338:0/1:TP	1	0	0	+338:0/1:TP	equal	equal	equal
1173	chr3	186863176	186867561	4385	186862976	186867761	1	40	14	15	True	1979	0.451	2	2	2	14	0.0	False	hom	1	-	4269	-4269@186863226	-4269@186863226	-4269,-4269	-4269,-4269	False	1.0	hom	1	-	4269	-4269@186863226	-4269@186863226	-4269,-4269	-4269,-4269	False	1.0	1	1173.1	13	13	-4269	0	1	0	1	other	0	0	1	0	0	False	False	1	1	1	DEL-4269:1/1:PASS:DV13/TC13:V5TP:T2TTP:hapGT1/1	1	0	1	0	0	-4269:1/1:TP	1	0	0	-4269:1/1:TP	equal	equal	equal
1174	chr3	186873858	186874408	550	186873182	186874686	1	20	10	17	True	1404	1.0	2	2	2	17	0.0	False	cpx_het	2	one_net_small	38	+40@186873933,-78@186874266	-40@186873787,+40@186873933	-38,0	-20,18	False	1.0	cpx_het	2	one_net_small	38	+40@186873933,-78@186874266	-40@186873787,+40@186873933	-38,0	-20,18	False	1.0	2	1174.0,1174.1	10,7	17	-21,15	0	2	0	2	kmeans	2	0	0	0	0	False	False	1	1	2	INS+40:0/1:PASS:DV10/TC17:V5ref:T2Tref:hapGT0/0;DEL-78:0/1:PASS:DV10/TC17:V5TP:T2TTP:hapGT0/0	2	0	1	0	0	-78:1/0:TP	1	0	0	-78:1/0:TP	equal	equal	equal
1175	chr3	186925968	186926468	500	186925768	186926668	1	9	9	19	True	55	0.11	2	2	2	19	0.0	False	het	2	-	30	-30@186926202	-	-30,0	-30,-16	False	1.0	het	2	-	30	-30@186926202	-	-30,0	-30,-16	False	1.0	2	1175.0,1175.1	10,9	19	-30,-16	0	2	0	2	kmeans	2	2	0	0	0	False	False	2	2	1	DEL-30:0/1:PASS:DV9/TC18:V5ref:T2Tref:hapGT0/1	1	0	0	0	0	-	0	0	0	-	equal	equal	equal
1176	chr3	186982605	186983105	500	186982405	186983305	1	7	7	20	False	0	0.0	2	2	2	20	0.0	False	het	2	-	2656	-	+2656@186982842	0,2656	0,2656	False	1.0	het	2	-	2656	-	+2656@186982842	0,2656	0,2656	False	1.0	2	1176.0,1176.1	10,10	20	2656,0	0	2	0	2	kmeans	2	3	0	0	0	False	False	2	2	1	INS+2656:0/1:PASS:DV9/TC19:V5TP:T2TTP:hapGT0/1	1	0	1	0	0	+2656:0/1:TP	1	0	0	+2656:0/1:TP	equal	equal	equal
1177	chr3	186984545	186985045	500	186984345	186985245	1	19	19	20	True	216	0.432	2	2	2	20	0.0	False	cpx_het	2	size_diff	166	-85@186984725,-81@186984744	-81@186984744	-166,-81	-166,-81	False	1.0	hom	1	-	85	-85@186984725	-81@186984744	-85,-81	-85,-81	False	1.0	1	1177.0	20	20	-81	0	1	0	1	kmeans	1	0	0	0	0	False	False	0	1	1	DEL-81:1/1:PASS:DV19/TC19:V5TP:T2TTP:hapGT0/1	1	1	1	0	0	-85:1/1:TP	2	0	0	-85:1/0:TP;-81:0/1:TP	under	equal	under
1178	chr3	187108769	187109269	500	187108569	187109469	1	25	24	26	False	0	0.0	2	2	2	26	0.0	False	hom	1	-	314	-314@187108867	-314@187108867	-314,-314	-314,-314	False	1.0	hom	1	-	314	-314@187108867	-314@187108867	-314,-314	-314,-314	False	1.0	1	1178.0	25	25	-314	0	1	0	1	kmeans	2	1	1	0	0	False	False	1	1	1	DEL-314:1/1:PASS:DV24/TC26:V5TP:T2TTP:hapGT1/1	1	0	1	0	0	-314:1/1:TP	1	0	0	-314:1/1:TP	equal	equal	equal
1179	chr3	187383495	187383995	500	187383295	187384195	1	13	13	14	False	0	0.0	2	2	2	14	0.0	False	hom	1	-	64	+64@187383713	+64@187383713	64,64	64,64	False	1.0	hom	1	-	64	+64@187383713	+64@187383713	64,64	64,64	False	1.0	1	1179.0	14	14	64	0	1	0	1	kmeans	1	2	0	0	0	False	False	1	1	1	INS+64:1/1:PASS:DV13/TC14:V5TP:T2TTP:hapGT1/1	1	0	1	0	0	+64:1/1:TP	1	0	0	+64:1/1:TP	equal	equal	equal
1180	chr3	187402214	187402714	500	187402014	187402914	1	22	22	25	True	346	0.692	2	2	2	24	0.0	False	hom	1	-	52	-52@187402408	-52@187402408	-52,-52	-48,-48	False	1.0	hom	1	-	52	-52@187402408	-52@187402408	-52,-52	-48,-48	False	1.0	1	1180.0	25	25	-40	0	1	0	1	kmeans	1	0	0	0	0	False	False	1	1	1	DEL-46:1/1:PASS:DV22/TC22:V5TP:T2TTP:hapGT1/1	1	0	1	0	0	-52:1/1:TP	1	0	0	-52:1/1:TP	equal	equal	equal
1181	chr3	187412182	187424646	12464	187411839	187424846	2	32	22	29	True	2897	0.232	2	2	2	29	0.0	False	hom	1	-	39	+39@187412339	+39@187412339	39,39	39,38	False	0.0	hom	1	-	39	+39@187412339	+39@187412339	39,39	39,38	False	0.0	2	1181.0,1181.1	10,19	29	-8,31	0	1	2	2	kmeans	2	1	0	0	0	False	False	1	1	2	INS+39:1/1:PASS:DV17/TC17:V5ref:T2Tref:hapGT1/1;INV-DUP+0:1/1:PASS:DV28/TC29:V5ref:T2Tref	2	0	0	0	0	-	0	0	0	-	over	over	over
1182	chr3	187417915	187429066	11151	187416647	187429266	2	19	13	26	True	2897	0.151	2	2	2	26	0.0	False	ref	1	-	0	-	-	0,0	0,-1	False	0.0	ref	1	-	0	-	-	0,0	0,-1	False	0.0	1	1182.0	26	26	-8	0	1	1	1	kmeans	1	0	0	0	0	False	False	1	1	1	INV-DUP+0:1/1:PASS:DV28/TC29:V5ref:T2Tref	1	0	0	0	0	-	0	0	0	-	equal	equal	equal
1185	chr3	187597446	187597946	500	187597246	187598146	1	6	6	13	True	67	0.134	2	2	2	13	0.0	False	het	2	-	36	-36@187597700	-	-36,0	-48,-12	False	1.0	het	2	-	36	-36@187597700	-	-36,0	-36,-12	False	1.0	2	1185.0,1185.1	6,7	13	-36,-12	0	2	0	2	kmeans	2	1	0	0	0	False	False	2	2	1	DEL-36:0/1:PASS:DV6/TC12:V5ref:T2Tref:hapGT0/1	1	0	0	0	0	-	0	0	0	-	equal	equal	equal
1186	chr3	187717837	187718337	500	187717637	187718537	1	19	19	19	True	152	0.304	2	2	2	19	0.0	False	hom	1	-	52	+52@187718035	+52@187718035	52,52	52,52	False	1.0	hom	1	-	52	+52@187718035	+52@187718035	52,52	52,52	False	1.0	1	1186.0	19	19	52	0	1	0	1	kmeans	1	0	0	0	0	False	False	1	1	1	INS+52:1/1:PASS:DV19/TC19:V5TP:T2TTP:hapGT1/1	1	0	1	0	0	+52:1/1:TP	1	0	0	+52:1/1:TP	equal	equal	equal
1187	chr3	188116532	188117571	1039	188116332	188117771	1	33	17	43	True	664	0.639	2	2	2	25	0.0	False	ref	1	-	0	-	-	0,0	0,0	False	1.0	ref	1	-	0	-	-	0,0	0,0	False	1.0	1	1187.0	43	43	227	0	0	0	1	kmeans	1	4	0	0	0	False	False	0	0	3	INS+59:1/1:PASS:DV39/TC39:V5FP:T2TFP:hapGT0/0;INS+51:0/1:PASS:DV17/TC39:V5FP:T2TFP:hapGT0/0;INS+40:0/1:PASS:DV15/TC38:V5ref:T2Tref:hapGT0/0	3	0	0	0	2	-	0	0	2	-	equal	equal	equal
1188	chr3	188142349	188142849	500	188142149	188143049	1	11	11	28	True	288	0.576	2	2	2	28	0.0	False	hom	1	-	32	-32@188142584	-32@188142628	-32,-32	-30,-22	False	1.0	hom	1	-	32	-32@188142584	-32@188142628	-32,-32	-30,-22	False	1.0	2	1188.0,1188.1	18,10	28	-18,-32	0	2	0	2	kmeans	2	1	0	0	0	False	False	1	1	1	DEL-32:0/1:PASS:DV9/TC26:V5ref:T2Tref:hapGT1/1	1	1	0	0	0	-	0	0	0	-	over	over	over
1189	chr3	188182527	188183027	500	188182327	188183227	1	7	7	19	True	83	0.166	2	2	2	18	0.0	False	het	2	-	37	+37@188182772	-	37,0	36,0	False	1.0	het	2	-	37	+37@188182772	-	37,0	36,0	False	1.0	2	1189.0,1189.1	12,7	19	0,37	0	2	0	2	kmeans	2	1	0	0	0	False	False	2	2	1	INS+37:0/1:PASS:DV7/TC17:V5ref:T2Tref:hapGT0/1	1	0	0	0	0	-	0	0	0	-	equal	equal	equal
1190	chr3	188276434	188276934	500	188276234	188277134	1	6	6	17	True	55	0.11	2	2	2	17	0.0	False	het	2	-	24	-24@188276671	-	-24,0	-26,0	False	1.0	het	2	-	24	-24@188276671	-	-24,0	-26,0	False	1.0	1	1190.0	17	17	-12	0	1	0	1	kmeans	1	0	0	0	0	False	False	0	0	0	-	0	0	0	0	0	-	0	0	0	-	under	under	under
1191	chr3	188474139	188474639	500	188473939	188474839	1	8	8	22	False	0	0.0	2	2	2	21	0.0	False	cpx_het	2	size_diff	40	+20@188474389	+40@188474389	20,40	20,40	False	1.0	cpx_het	2	size_diff	40	+20@188474389	+40@188474389	20,40	20,40	False	1.0	2	1191.0,1191.1	14,8	22	20,40	0	2	0	2	kmeans	2	0	0	0	0	False	False	2	2	1	INS+40:0/1:PASS:DV8/TC22:V5ref:T2Tref:hapGT0/1	1	0	0	0	0	-	0	0	0	-	equal	equal	equal
1192	chr3	188586966	188587466	500	188586766	188587666	1	19	19	22	False	0	0.0	2	2	2	22	0.0	False	hom	1	-	333	-333@188587043	-333@188587043	-333,-333	-333,-333	False	1.0	hom	1	-	333	-333@188587043	-333@188587043	-333,-333	-333,-333	False	1.0	1	1192.0	22	22	-333	0	1	0	1	kmeans	1	3	0	0	0	False	False	1	1	1	DEL-333:1/1:PASS:DV21/TC22:V5TP:T2TTP:hapGT1/1	1	0	1	0	0	-333:1/1:TP	1	0	0	-333:1/1:TP	equal	equal	equal
1193	chr3	188601867	188602367	500	188601667	188602567	1	21	19	19	True	120	0.24	2	2	2	18	0.0	False	cpx_het	2	size_diff	157	+120@188602164	+157@188602164	120,157	126,161	False	1.0	cpx_het	2	size_diff	157	+120@188602164	+157@188602164	120,157	126,161	False	1.0	2	1193.0,1193.1	13,6	19	126,159	0	2	0	2	kmeans	2	2	0	0	0	False	False	2	2	2	INS+120:0/1:PASS:DV13/TC19:V5TP:T2TTP:hapGT1/1;INS+159:0/1:PASS:DV6/TC19:V5TP:T2TTP:hapGT1/1	2	2	2	0	0	+120:1/0:TP;+157:0/1:TP	2	0	0	+120:1/0:TP;+157:0/1:TP	equal	equal	equal
1194	chr3	188613025	188613525	500	188612825	188613725	1	9	9	20	True	71	0.142	2	2	2	20	0.0	False	het	2	-	42	+42@188613297	-	42,0	42,4	False	1.0	het	2	-	42	+42@188613297	-	42,0	42,4	False	1.0	2	1194.0,1194.1	11,9	20	0,42	0	2	0	2	kmeans	2	0	0	0	0	False	False	2	2	1	INS+42:0/1:PASS:DV9/TC20:V5ref:T2Tref:hapGT0/1	1	0	0	0	0	-	0	0	0	-	equal	equal	equal
1195	chr3	188636684	188637184	500	188636484	188637384	1	6	6	16	False	0	0.0	2	2	2	15	0.0	False	het	2	-	1530	-	+1530@188636933	0,1530	0,1530	False	1.0	het	2	-	1530	-	+1530@188636933	0,1530	0,1530	False	1.0	2	1195.0,1195.1	9,7	16	0,1529	0	2	0	2	kmeans	2	1	0	0	0	False	False	2	2	1	INS+1529:0/1:PASS:DV6/TC15:V5TP:T2TTP:hapGT0/1	1	0	1	0	0	+1530:0/1:TP	1	0	0	+1530:0/1:TP	equal	equal	equal
1196	chr3	188784218	188785585	1367	188784018	188785785	1	52	19	20	True	1297	0.949	2	2	2	17	0.0	False	cpx_het	2	size_diff	894	-128@188784815,-21@188785029	-660@188784586,-128@188784815,-21@188785029,-85@188785450	-149,-894	-158,-917	False	1.0	cpx_het	2	size_diff	745	-128@188784815,-21@188785029	-660@188784586,-85@188785450	-149,-745	-158,-763	False	1.0	2	1196.0,1196.1	15,5	20	-149,-746	0	2	0	2	other	0	0	0	0	0	False	False	2	2	3	DEL-172:0/1:PASS:DV5/TC19:V5ref:T2Tref:hapGT0/1;DEL-128:0/1:PASS:DV15/TC20:V5ref:T2Tref:hapGT0/1;DEL-574:0/1:PASS:DV5/TC20:V5ref:T2Tref:hapGT0/0	3	0	0	1	0	-128:1/0:FN	0	1	0	-128:1/0:FN	equal	equal	equal
1197	chr3	188892814	188893314	500	188892614	188893514	1	21	11	27	True	77	0.154	2	2	2	27	0.0	False	het	2	-	98	-	+98@188893040	0,98	0,80	False	1.0	het	2	-	98	-	+98@188893040	0,98	0,80	False	1.0	2	1197.0,1197.1	16,11	27	0,82	0	2	0	2	kmeans	2	2	0	0	0	False	False	2	2	1	INS+82:0/1:PASS:DV11/TC24:V5TP:T2TTP:hapGT0/1	1	0	1	0	0	+98:0/1:TP	1	0	0	+98:0/1:TP	equal	equal	equal
1198	chr3	189077810	189078310	500	189077610	189078510	1	1	1	31	True	137	0.274	2	2	2	31	0.0	False	het	2	-	20	+20@189078008	-	20,0	28,-12	False	1.0	het	2	-	20	+20@189078008	-	20,0	28,-12	False	1.0	1	1198.0	31	31	28	0	1	0	1	kmeans	1	2	0	0	0	False	False	1	1	0	-	0	0	0	0	0	-	0	0	0	-	under	under	under
1199	chr3	189152477	189152987	510	189152277	189153187	1	22	13	28	True	439	0.861	2	2	2	28	0.0	False	het	2	-	64	+32@189152587,+32@189152768	-	64,0	64,0	False	1.0	het	2	-	64	+32@189152587,+32@189152768	-	64,0	64,0	False	1.0	2	1199.0,1199.1	15,13	28	0,63	0	2	0	2	kmeans	2	2	0	0	0	False	False	2	2	2	INS+31:0/1:PASS:DV12/TC27:V5ref:T2Tref:hapGT0/0;INS+32:0/1:PASS:DV13/TC26:V5ref:T2Tref:hapGT0/0	2	0	0	0	0	-	0	0	0	-	equal	equal	equal
1200	chr3	189165178	189165678	500	189164978	189165878	1	10	10	26	False	0	0.0	2	2	2	26	0.0	False	het	2	-	322	-	+322@189165422	0,322	0,322	False	1.0	het	2	-	322	-	+322@189165422	0,322	0,322	False	1.0	2	1200.0,1200.1	15,10	25	0,321	0	2	0	2	kmeans	2	2	0	0	0	False	False	2	2	1	INS+321:0/1:PASS:DV10/TC26:V5TP:T2TTP:hapGT0/1	1	0	1	0	0	+322:0/1:TP	1	0	0	+322:0/1:TP	equal	equal	equal
1201	chr3	189440234	189440734	500	189440034	189440934	1	49	12	25	True	524	0.828	2	2	2	25	0.04	False	cpx_het	2	opposite_sign	138	-85@189440393,+223@189440577	-25@189440368,-85@189440393	138,-110	147,-110	False	1.0	cpx_het	2	opposite_sign	138	-85@189440393,+223@189440577	-25@189440368	138,-25	148,-25	False	1.0	2	1201.0,1201.1	13,11	24	148,-25	0	2	0	2	other	0	0	0	0	0	False	False	1	2	2	INS+79:0/1:PASS:DV12/TC22:V5ref:T2Tref:hapGT0/0;INS+57:0/1:PASS:DV12/TC22:V5ref:T2Tref:hapGT0/0	2	0	2	0	0	+81:1/0:TP;+64:1/0:TP	2	0	0	+81:1/0:TP;+64:1/0:TP	equal	equal	equal
1202	chr3	189506668	189507632	964	189506468	189507832	1	8	8	22	False	0	0.0	2	2	2	22	0.0	False	het	2	-	864	-864@189506718	-	-864,0	-864,0	False	1.0	het	2	-	864	-864@189506718	-	-864,0	-864,0	False	1.0	2	1202.0,1202.1	13,9	22	0,-864	0	2	0	2	kmeans	2	0	0	0	0	False	False	2	2	1	DEL-864:0/1:PASS:DV8/TC21:V5TP:T2TTP:hapGT0/1	1	0	1	0	0	-864:1/0:TP	1	0	0	-864:1/0:TP	equal	equal	equal
1203	chr3	189537437	189537937	500	189537237	189538137	1	4	4	21	True	63	0.126	2	2	2	21	0.0	False	het	2	-	37	-	+37@189537701	0,37	1,37	False	1.0	het	2	-	37	-	+37@189537701	0,37	1,37	False	1.0	2	1203.0,1203.1	15,6	21	0,37	0	2	0	2	kmeans	2	0	0	0	0	False	False	2	2	1	INS+37:0/0:PASS:DV4/TC19:V5ref:T2Tref:hapGT0/1	1	1	0	0	0	-	0	0	0	-	equal	equal	equal
1204	chr3	189546120	189546620	500	189545920	189546820	1	5	5	17	True	141	0.282	2	2	2	17	0.0	False	het	2	-	70	-	-70@189546310	0,-70	0,-70	False	1.0	het	2	-	70	-	-70@189546310	0,-70	0,-70	False	1.0	2	1204.0,1204.1	10,7	17	0,-70	0	2	0	2	kmeans	2	0	0	0	0	False	False	2	2	1	DEL-70:0/1:PASS:DV5/TC15:V5TP:T2TTP:hapGT0/1	1	0	1	0	0	-70:0/1:TP	1	0	0	-70:0/1:TP	equal	equal	equal
1205	chr3	189858023	189858523	500	189857823	189858846	1	19	19	19	True	662	0.778	2	2	2	19	0.0	False	hom	1	-	322	-322@189858105	-322@189858105	-322,-322	-322,-322	False	1.0	hom	1	-	322	-322@189858105	-322@189858105	-322,-322	-322,-322	False	1.0	1	1205.0	19	19	-322	0	1	0	1	kmeans	1	0	0	0	0	False	False	1	1	1	DEL-322:1/1:PASS:DV19/TC19:V5TP:T2TTP:hapGT1/1	1	0	1	0	0	-322:1/1:TP	1	0	0	-322:1/1:TP	equal	equal	equal
1206	chr3	190007715	190008215	500	190007515	190008415	1	21	21	21	False	0	0.0	2	2	2	21	0.0	False	hom	1	-	34	+32@190007965	+34@190007965	32,34	32,35	False	1.0	hom	1	-	34	+32@190007965	+34@190007965	32,34	32,35	False	1.0	1	1206.0	21	21	36	0	1	0	1	kmeans	1	0	0	0	0	False	False	1	1	1	INS+36:1/1:PASS:DV21/TC21:V5ref:T2Tref:hapGT1/1	1	0	0	0	0	-	0	0	0	-	equal	equal	equal
1207	chr3	190019505	190022787	3282	190019305	190022987	1	6	6	24	True	80	0.016	2	2	2	24	0.0	False	het	2	-	3180	-	-3180@190019555	0,-3180	-14,-3196	False	1.0	het	2	-	3180	-	-3180@190019555	0,-3180	-14,-3180	False	1.0	2	1207.0,1207.1	15,9	24	-16,-3180	0	2	0	2	kmeans	2	3	0	0	0	False	False	2	2	1	DEL-3180:0/1:PASS:DV8/TC23:V5TP:T2TTP:hapGT0/1	1	0	1	0	0	-3180:0/1:TP	1	0	0	-3180:0/1:TP	equal	equal	equal
1208	chr3	190028472	190028972	500	190028272	190029172	1	19	19	21	True	158	0.316	2	2	2	21	0.0	False	hom	1	-	52	+52@190028670	+52@190028670	52,52	52,52	False	1.0	hom	1	-	52	+52@190028670	+52@190028670	52,52	52,52	False	1.0	1	1208.0	21	21	52	0	1	0	1	kmeans	1	1	0	0	0	False	False	1	1	1	INS+52:1/1:PASS:DV19/TC20:V5TP:T2TTP:hapGT1/1	1	0	1	0	0	+52:1/1:TP	1	0	0	+52:1/1:TP	equal	equal	equal
1209	chr3	190200575	190201075	500	190200375	190201275	1	16	16	21	True	358	0.716	2	2	2	21	0.0	False	cpx_het	2	size_diff	68	+50@190200870	+68@190200780	50,68	56,68	False	1.0	cpx_het	2	size_diff	68	+50@190200870	+68@190200780	50,68	56,68	False	1.0	1	1209.0	21	21	50	0	1	0	1	kmeans	1	5	0	0	0	False	False	1	1	1	INS+50:1/1:PASS:DV16/TC18:V5TP:T2TTP:hapGT1/1	1	0	2	0	0	+68:0/1:TP;+50:1/0:TP	2	0	0	+68:0/1:TP;+50:1/0:TP	under	under	under
1210	chr3	190241352	190241852	500	190241152	190242052	1	15	8	19	True	65	0.13	2	2	2	19	0.0	False	het	2	-	2111	+2081@190241590,+30@190241621	-	2111,0	2111,10	False	1.0	het	2	-	2111	+2081@190241590,+30@190241621	-	2111,0	2111,10	False	1.0	2	1210.0,1210.1	9,10	19	2109,10	0	2	0	2	kmeans	2	2	0	0	0	False	False	2	2	1	INS+2109:0/1:PASS:DV8/TC17:V5TP:T2TTP:hapGT0/1	1	0	1	0	0	+2081:1/0:TP	1	0	0	+2081:1/0:TP	equal	equal	equal
1211	chr3	190250359	190250859	500	190250159	190251059	1	19	10	17	True	206	0.412	2	2	2	17	0.0	False	het	2	-	108	+108@190250636	-	108,0	104,-20	False	1.0	het	2	-	108	+108@190250636	-	108,0	104,-20	False	1.0	2	1211.0,1211.1	10,7	17	104,-16	0	2	0	2	kmeans	2	0	0	0	0	False	False	2	2	1	INS+96:0/1:PASS:DV10/TC17:V5TP:T2TTP:hapGT0/1	1	0	1	0	0	+108:1/0:TP	1	0	0	+108:1/0:TP	equal	equal	equal
1212	chr3	190379933	190380433	500	190379733	190380633	1	39	20	21	True	313	0.626	2	2	2	21	0.0	False	cpx_het	2	size_diff	73	+32@190380131,+41@190380234	+53@190380234	73,53	77,68	False	1.0	cpx_het	2	size_diff	73	+32@190380131,+41@190380234	+53@190380234	73,53	77,68	False	1.0	1	1212.0	21	21	84	0	1	0	1	kmeans	1	3	0	0	0	False	False	1	1	2	INS+32:1/1:PASS:DV20/TC20:V5ref:T2Tref:hapGT0/0;INS+52:1/1:PASS:DV20/TC21:V5TP:T2TTP:hapGT1/1	2	0	1	0	0	+53:0/1:TP	1	0	0	+53:0/1:TP	under	under	under
1213	chr3	190401017	190401517	500	190400817	190401717	1	11	11	21	False	0	0.0	2	2	2	21	0.0	False	het	2	-	66	-	-66@190401242	0,-66	-1,-67	False	1.0	het	2	-	66	-	-66@190401242	0,-66	-1,-66	False	1.0	2	1213.0,1213.1	10,11	21	0,-66	0	2	0	2	kmeans	2	0	0	0	0	False	False	2	2	1	DEL-66:0/1:PASS:DV11/TC21:V5TP:T2TTP:hapGT0/1	1	0	1	0	0	-66:0/1:TP	1	0	0	-66:0/1:TP	equal	equal	equal
1214	chr3	190408975	190409475	500	190408720	190409675	1	13	13	26	True	651	0.892	2	2	2	26	0.038	False	cpx_het	2	size_diff	78	+78@190409186	+26@190409167	78,26	78,26	False	1.0	cpx_het	2	size_diff	78	+78@190409186	+26@190409167	78,26	78,26	False	1.0	2	1214.0,1214.1	13,12	25	78,24	0	2	0	2	kmeans	2	1	0	0	0	False	False	2	2	1	INS+78:0/1:PASS:DV13/TC25:V5TP:T2TTP:hapGT0/1	1	0	1	0	0	+78:1/0:TP	1	0	0	+78:1/0:TP	equal	equal	equal
1215	chr3	190473283	190473783	500	190472613	190473983	1	7	7	18	True	1035	0.83	2	2	2	18	0.0	False	het	2	-	78	-	+78@190473530	0,78	0,78	False	1.0	het	2	-	78	-	+78@190473530	0,78	0,78	False	1.0	2	1215.0,1215.1	9,9	18	0,73	0	2	0	2	kmeans	2	1	0	0	0	False	False	2	2	1	INS+78:0/1:PASS:DV7/TC14:V5TP:T2TTP:hapGT0/1	1	0	1	0	0	+78:0/1:TP	1	0	0	+78:0/1:TP	equal	equal	equal
1216	chr3	190572749	190573249	500	190572549	190573449	1	16	16	31	False	0	0.0	2	2	2	29	0.0	False	het	2	-	297	-	-297@190572850	0,-297	8,-297	False	1.0	het	2	-	297	-	-297@190572850	0,-297	8,-297	False	1.0	2	1216.0,1216.1	16,15	31	-297,5	0	2	0	2	kmeans	2	0	0	0	0	False	False	2	2	1	DEL-297:0/1:PASS:DV16/TC31:V5TP:T2TTP:hapGT0/1	1	0	1	0	0	-297:0/1:TP	1	0	0	-297:0/1:TP	equal	equal	equal
1217	chr3	190732181	190732742	561	190731981	190732942	1	10	6	30	True	145	0.258	2	2	2	23	0.0	False	ref	1	-	0	-	-	0,0	0,4	False	1.0	ref	1	-	0	-	-	0,0	0,4	False	1.0	1	1217.0	30	30	42	0	1	0	1	kmeans	1	1	0	0	0	False	False	0	0	1	INS+42:1/1:PASS:DV23/TC23:V5ref:T2Tref:hapGT0/0	1	0	0	0	0	-	0	0	0	-	equal	equal	equal
1218	chr3	190747993	190748493	500	190747793	190748693	1	37	26	27	True	426	0.852	2	2	2	27	0.0	False	cpx_het	2	size_diff	87	-29@190748087,-29@190748265	-58@190748236,-29@190748265	-58,-87	-58,-87	False	1.0	hom	1	-	58	-29@190748087,-29@190748265	-58@190748236	-58,-58	-58,-58	False	1.0	1	1218.0	27	27	-58	0	1	0	1	kmeans	1	2	0	0	0	False	False	1	1	0	-	0	0	0	1	0	-58:0/1:FN	0	1	0	-58:0/1:FN	under	equal	under
1219	chr3	190751029	190751529	500	190750419	190751729	1	14	10	19	True	854	0.588	2	2	2	19	0.0	False	het	2	-	127	-	+22@190751183,-149@190751204	0,-127	0,-129	False	1.0	het	2	-	127	-	+22@190751183,-149@190751204	0,-127	0,-129	False	1.0	2	1219.0,1219.1	8,11	19	0,-138	0	2	0	2	kmeans	2	1	0	0	0	False	False	2	2	1	DEL-129:0/1:PASS:DV10/TC19:V5TP:T2TTP:hapGT0/1	1	0	1	0	0	-149:0/1:TP	1	0	0	-149:0/1:TP	equal	equal	equal
1220	chr3	190760506	190761006	500	190760306	190761206	1	17	17	17	False	0	0.0	2	2	2	17	0.0	False	hom	1	-	176	-176@190760669	-176@190760669	-176,-176	-174,-174	False	1.0	hom	1	-	176	-176@190760669	-176@190760669	-176,-176	-174,-174	False	1.0	1	1220.0	17	17	-176	0	1	0	1	kmeans	1	0	0	0	0	False	False	1	1	1	DEL-176:1/1:PASS:DV17/TC17:V5TP:T2TTP:hapGT1/1	1	0	1	0	0	-176:1/1:TP	1	0	0	-176:1/1:TP	equal	equal	equal
1221	chr3	190856027	190856527	500	190855827	190856727	1	12	12	21	True	456	0.694	2	2	2	20	0.0	False	het	2	-	33	-	-33@190856222	0,-33	0,-21	False	1.0	het	2	-	33	-	-33@190856222	0,-33	0,-21	False	1.0	2	1221.0,1221.1	8,13	21	0,-27	0	2	0	2	kmeans	2	4	0	0	0	False	False	2	2	1	DEL-33:0/1:PASS:DV12/TC20:V5ref:T2Tref:hapGT0/1	1	0	0	0	0	-	0	0	0	-	equal	equal	equal
1222	chr3	191007596	191008096	500	191007396	191008296	1	35	35	35	True	318	0.636	2	2	2	35	0.0	False	cpx_het	2	size_diff	127	-42@191007878	-85@191007834,-42@191007878	-42,-127	-42,-127	False	0.617	cpx_het	2	size_diff	85	-42@191007878	-85@191007834	-42,-85	-42,-85	False	0.617	2	1222.0,1222.1	17,18	35	-82,-46	0	2	0	2	kmeans	2	1	0	0	0	False	False	1	2	2	DEL-82:0/1:PASS:DV17/TC35:V5ref:T2Tref:hapGT0/0;DEL-46:0/1:PASS:DV18/TC35:V5ref:T2Tref:hapGT0/1	2	0	0	0	0	-	0	0	0	-	equal	equal	equal
1223	chr3	191069238	191070202	964	191069038	191070402	1	5	5	20	False	0	0.0	2	2	2	19	0.0	False	het	2	-	864	-	-864@191069288	0,-864	-6,-870	False	1.0	het	2	-	864	-	-864@191069288	0,-864	-6,-864	False	1.0	2	1223.0,1223.1	13,7	20	-8,-864	0	2	0	2	kmeans	2	0	0	0	0	False	False	2	2	1	DEL-864:0/1:PASS:DV5/TC18:V5TP:T2TTP:hapGT0/1	1	0	1	0	0	-864:0/1:TP	1	0	0	-864:0/1:TP	equal	equal	equal
1224	chr3	191092478	191092978	500	191092278	191093178	1	3	3	20	True	366	0.732	2	2	2	19	0.0	False	het	2	-	62	-	-62@191092697	0,-62	2,-62	False	1.0	het	2	-	62	-	-62@191092697	0,-62	2,-62	False	1.0	2	1224.0,1224.1	6,14	20	-62,0	0	2	0	2	kmeans	2	2	0	0	0	False	False	2	2	1	DEL-62:0/0:PASS:DV3/TC19:V5ref:T2Tref:hapGT0/1	1	1	0	1	0	-62:0/1:FN	0	1	0	-62:0/1:FN	equal	equal	equal
1225	chr3	191115546	191116046	500	191115346	191116246	1	18	9	21	True	295	0.59	2	2	2	21	0.0	False	het	2	-	274	-	+274@191115783	0,274	-16,286	False	1.0	het	2	-	274	-	+274@191115783	0,274	-16,286	False	1.0	2	1225.0,1225.1	11,10	21	288,-14	0	2	0	2	kmeans	2	3	0	0	0	False	False	2	2	1	INS+274:0/1:PASS:DV9/TC18:V5TP:T2TTP:hapGT0/1	1	0	1	0	0	+274:0/1:TP	1	0	0	+274:0/1:TP	equal	equal	equal
1226	chr3	191281418	191281918	500	191281218	191282118	1	8	8	23	False	0	0.0	2	2	2	21	0.0	False	het	2	-	324	+324@191281661	-	324,0	327,0	False	1.0	het	2	-	324	+324@191281661	-	324,0	327,0	False	1.0	2	1226.0,1226.1	9,14	23	322,0	0	2	0	2	kmeans	2	0	0	0	0	False	False	2	2	1	INS+322:0/1:PASS:DV8/TC22:V5TP:T2TTP:hapGT0/1	1	0	1	0	0	+324:1/0:TP	1	0	0	+324:1/0:TP	equal	equal	equal
1227	chr3	191390360	191390901	541	191390160	191391101	1	26	25	27	False	0	0.0	2	2	2	26	0.0	False	hom	1	-	78	+78@191390411	+78@191390411	78,78	78,78	False	1.0	hom	1	-	78	+78@191390411	+78@191390411	78,78	78,78	False	1.0	1	1227.0	27	27	78	0	1	0	1	kmeans	1	2	0	0	0	False	False	1	1	1	INS+78:1/1:PASS:DV25/TC25:V5TP:T2TTP:hapGT1/1	1	0	1	0	0	+78:1/1:TP	1	0	0	+78:1/1:TP	equal	equal	equal
1228	chr3	191546350	191548515	2165	191546150	191548715	1	19	19	33	False	0	0.0	2	2	2	33	0.0	False	het	2	-	1949	-	-1949@191546400	0,-1949	0,-1949	False	1.0	het	2	-	1949	-	-1949@191546400	0,-1949	0,-1949	False	1.0	2	1228.0,1228.1	19,14	33	-1949,0	0	2	0	2	kmeans	2	2	0	0	0	False	False	2	2	1	DEL-1949:0/1:PASS:DV19/TC33:V5TP:T2TTP:hapGT0/1	1	0	1	0	0	-1949:0/1:TP	1	0	0	-1949:0/1:TP	equal	equal	equal
1229	chr3	191863039	191863539	500	191862839	191863739	1	22	22	26	True	426	0.852	2	2	2	26	0.0	False	cpx_het	2	size_diff	297	-231@191863114	-297@191863114	-231,-297	-231,-297	False	1.0	cpx_het	2	size_diff	297	-231@191863114	-297@191863114	-231,-297	-231,-297	False	1.0	2	1229.0,1229.1	16,10	26	-297,-231	0	2	0	2	kmeans	2	3	0	0	0	False	False	2	2	2	DEL-231:0/1:PASS:DV9/TC24:V5TP:T2TTP:hapGT1/1;DEL-297:0/1:PASS:DV15/TC24:V5TP:T2TTP:hapGT1/1	2	2	2	0	0	-231:1/0:TP;-297:0/1:TP	2	0	0	-231:1/0:TP;-297:0/1:TP	equal	equal	equal
1230	chr3	192041406	192041906	500	192041206	192042106	1	10	10	25	True	121	0.242	2	2	2	25	0.0	False	het	2	-	32	-	-32@192041629	0,-32	8,-40	False	1.0	het	2	-	32	-	-32@192041629	0,-32	8,-40	False	1.0	1	1230.0	25	25	8	0	1	0	1	kmeans	1	3	0	0	0	False	False	1	1	0	-	0	0	0	0	0	-	0	0	0	-	under	under	under
1231	chr3	192138222	192138722	500	192138022	192138922	1	16	16	16	False	0	0.0	2	2	2	16	0.0	False	hom	1	-	338	-338@192138296	-338@192138296	-338,-338	-338,-338	False	1.0	hom	1	-	338	-338@192138296	-338@192138296	-338,-338	-338,-338	False	1.0	1	1231.0	16	16	-338	0	1	0	1	kmeans	1	0	0	0	0	False	False	1	1	1	DEL-338:1/1:PASS:DV16/TC16:V5TP:T2TTP:hapGT1/1	1	0	1	0	0	-338:1/1:TP	1	0	0	-338:1/1:TP	equal	equal	equal
1232	chr3	192158254	192158754	500	192158054	192158954	1	12	9	24	True	431	0.862	2	2	2	24	0.0	False	cpx_het	2	near_hom_le10bp	31	+27@192158666	+31@192158662	27,31	23,32	False	1.0	cpx_het	2	near_hom_le10bp	31	+27@192158666	+31@192158662	27,31	23,32	False	1.0	1	1232.0	24	24	21	0	1	0	1	kmeans	2	2	1	0	0	False	False	1	1	0	-	0	0	0	0	0	-	0	0	0	-	under	under	under
1233	chr3	192345303	192345803	500	192345103	192346003	1	9	9	20	False	0	0.0	2	2	2	20	0.0	False	het	2	-	310	-	-310@192345392	0,-310	0,-310	False	1.0	het	2	-	310	-	-310@192345392	0,-310	0,-310	False	1.0	2	1233.0,1233.1	10,10	20	0,-310	0	2	0	2	kmeans	2	1	0	0	0	False	False	2	2	1	DEL-310:0/1:PASS:DV10/TC20:V5TP:T2TTP:hapGT0/1	1	0	1	0	0	-310:0/1:TP	1	0	0	-310:0/1:TP	equal	equal	equal
1234	chr3	192512609	192513109	500	192512409	192513309	1	7	7	18	False	0	0.0	2	2	2	16	0.0	False	het	2	-	35	-	+35@192512835	0,35	18,35	False	1.0	het	2	-	35	-	+35@192512835	0,35	18,35	False	1.0	2	1234.0,1234.1	11,7	18	16,34	0	2	0	2	kmeans	2	0	0	0	0	False	False	2	2	1	INS+34:0/1:PASS:DV7/TC18:V5ref:T2Tref:hapGT0/1	1	0	0	0	0	-	0	0	0	-	equal	equal	equal
1235	chr3	192595868	192596368	500	192595668	192596568	1	10	10	23	True	51	0.102	2	2	2	22	0.0	False	het	2	-	35	+35@192596117	-	35,0	35,5	False	1.0	het	2	-	35	+35@192596117	-	35,0	35,5	False	1.0	2	1235.0,1235.1	12,11	23	5,35	0	2	0	2	kmeans	2	2	0	0	0	False	False	2	2	1	INS+35:0/1:PASS:DV10/TC23:V5ref:T2Tref:hapGT0/1	1	0	0	0	0	-	0	0	0	-	equal	equal	equal
1236	chr3	192640744	192641454	710	192640544	192641762	1	19	17	25	True	923	0.937	2	2	2	24	0.0	False	het	2	-	300	-	-300@192641104	0,-300	-5,-308	False	1.0	het	2	-	300	-	-300@192641104	0,-300	-5,-308	False	1.0	2	1236.0,1236.1	17,8	25	-309,0	0	2	0	2	kmeans	2	0	0	0	0	False	False	2	2	1	DEL-301:0/1:PASS:DV17/TC25:V5TP:T2TTP:hapGT0/1	1	0	1	0	0	-300:0/1:TP	1	0	0	-300:0/1:TP	equal	equal	equal
1237	chr3	192828372	192828872	500	192828172	192829072	1	5	5	16	True	72	0.144	2	2	2	16	0.0	False	cpx_het	2	near_hom_le10bp	30	-21@192828591	-30@192828591	-21,-30	-21,-30	False	1.0	cpx_het	2	near_hom_le10bp	30	-21@192828591	-30@192828591	-21,-30	-21,-30	False	1.0	1	1237.0	16	16	-22	0	1	0	1	kmeans	1	0	0	0	0	False	False	1	1	0	-	0	0	0	0	0	-	0	0	0	-	under	under	under
1238	chr3	192955314	192955814	500	192954866	192956014	1	12	12	26	False	0	0.0	2	2	2	24	0.0	False	het	2	-	68	-68@192955530	-	-68,0	-68,0	False	1.0	het	2	-	68	-68@192955530	-	-68,0	-68,0	False	1.0	2	1238.0,1238.1	12,14	26	-68,0	0	2	0	2	kmeans	2	3	0	0	0	False	False	2	2	1	DEL-68:0/1:PASS:DV12/TC26:V5TP:T2TTP:hapGT0/1	1	0	1	0	0	-68:1/0:TP	1	0	0	-68:1/0:TP	equal	equal	equal
1239	chr3	193026514	193027154	640	193026314	193027354	1	12	12	20	False	0	0.0	2	2	2	20	0.0	False	het	2	-	540	-540@193026564	-	-540,0	-540,0	False	1.0	het	2	-	540	-540@193026564	-	-540,0	-540,0	False	1.0	2	1239.0,1239.1	12,8	20	-540,0	0	2	0	2	kmeans	2	2	0	0	0	False	False	2	2	1	DEL-540:0/1:PASS:DV12/TC20:V5TP:T2TTP:hapGT0/1	1	0	1	0	0	-540:1/0:TP	1	0	0	-540:1/0:TP	equal	equal	equal
1240	chr3	193119374	193119874	500	193119174	193120074	1	19	19	24	False	0	0.0	2	2	2	24	0.0	False	het	2	-	36	-	-36@193119609	0,-36	-4,-40	False	1.0	het	2	-	36	-	-36@193119609	0,-36	-4,-40	False	1.0	1	1240.0	23	23	-36	0	1	0	1	kmeans	1	0	0	0	0	False	False	0	0	1	DEL-36:1/1:PASS:DV23/TC24:V5ref:T2Tref:hapGT0/1	1	1	0	0	0	-	0	0	0	-	under	under	under
1241	chr3	193157490	193167666	10176	193157290	193167866	1	8	8	27	False	0	0.0	2	2	2	25	0.0	False	het	2	-	10076	-	-10076@193157540	0,-10076	0,-10076	False	1.0	het	2	-	10076	-	-10076@193157540	0,-10076	0,-10076	False	1.0	2	1241.0,1241.1	18,9	27	0,-10076	0	2	0	2	kmeans	2	3	0	0	0	False	False	2	2	1	DEL-10076:0/1:PASS:DV9/TC26:V5TP:T2TTP:hapGT0/1	1	0	1	0	0	-10076:0/1:TP	1	0	0	-10076:0/1:TP	equal	equal	equal
1242	chr3	193211689	193212189	500	193211489	193212389	1	11	11	25	True	81	0.162	2	2	2	25	0.0	False	het	2	-	48	-	-48@193211896	0,-48	0,-48	False	1.0	het	2	-	48	-	-48@193211896	0,-48	0,-48	False	1.0	2	1242.0,1242.1	12,13	25	-48,0	0	2	0	2	kmeans	2	0	0	0	0	False	False	2	2	1	DEL-48:0/1:PASS:DV11/TC24:V5ref:T2Tref:hapGT0/1	1	0	0	0	0	-	0	0	0	-	equal	equal	equal
1243	chr3	193216610	193217110	500	193216073	193217310	1	10	10	24	True	887	0.8	2	2	2	24	0.0	False	cpx_het	2	size_diff	56	-28@193216711	-56@193216711	-28,-56	-28,-56	False	1.0	cpx_het	2	size_diff	56	-28@193216711	-56@193216711	-28,-56	-28,-56	False	1.0	2	1243.0,1243.1	9,15	24	-56,-28	0	2	0	2	kmeans	2	3	0	0	0	False	False	2	2	1	DEL-56:0/1:PASS:DV9/TC23:V5TP:T2TTP:hapGT0/1	1	0	1	0	0	-56:0/1:TP	1	0	0	-56:0/1:TP	equal	equal	equal
1244	chr3	193511458	193511958	500	193511258	193512158	1	8	8	24	True	211	0.422	2	2	2	23	0.0	False	het	2	-	104	+104@193511680	-	104,0	104,0	False	1.0	het	2	-	104	+104@193511680	-	104,0	104,0	False	1.0	2	1244.0,1244.1	10,14	24	104,0	0	2	0	2	kmeans	2	3	0	0	0	False	False	2	2	1	INS+104:0/1:PASS:DV8/TC21:V5TP:T2TTP:hapGT0/1	1	0	1	0	0	+104:1/0:TP	1	0	0	+104:1/0:TP	equal	equal	equal
1245	chr3	193582589	193583089	500	193582034	193583289	1	10	10	21	True	958	0.906	2	2	2	21	0.0	False	cpx_het	2	size_diff	52	-52@193582745	-26@193582745	-52,-26	-50,-26	False	1.0	cpx_het	2	size_diff	52	-52@193582745	-26@193582745	-52,-26	-50,-26	False	1.0	2	1245.0,1245.1	11,10	21	-52,-26	0	2	0	2	kmeans	2	1	0	0	0	False	False	2	2	1	DEL-52:0/1:PASS:DV10/TC19:V5TP:T2TTP:hapGT0/1	1	0	1	0	0	-52:1/0:TP	1	0	0	-52:1/0:TP	equal	equal	equal
1246	chr3	194077515	194078015	500	194077315	194078215	1	7	7	19	False	0	0.0	2	2	2	19	0.0	False	het	2	-	36	+36@194077754	-	36,0	36,0	False	1.0	het	2	-	36	+36@194077754	-	36,0	36,0	False	1.0	2	1246.0,1246.1	9,10	19	36,0	0	2	0	2	kmeans	2	3	0	0	0	False	False	2	2	1	INS+36:0/1:PASS:DV8/TC18:V5ref:T2Tref:hapGT0/1	1	0	0	0	0	-	0	0	0	-	equal	equal	equal
1247	chr3	194083386	194083886	500	194083186	194084086	1	7	6	20	True	130	0.26	2	2	2	20	0.0	False	het	2	-	30	+30@194083585	-	30,0	30,0	False	1.0	het	2	-	30	+30@194083585	-	30,0	30,0	False	1.0	1	1247.0	20	20	30	0	1	0	1	kmeans	1	3	0	0	0	False	False	1	1	1	INS+30:1/1:PASS:DV18/TC19:V5ref:T2Tref:hapGT0/1	1	1	0	0	0	-	0	0	0	-	under	under	under
1248	chr3	194216727	194217227	500	194216527	194217427	1	11	11	22	True	296	0.574	2	2	2	22	0.0	False	het	2	-	38	+38@194216963	-	38,0	38,-16	False	1.0	het	2	-	38	+38@194216963	-	38,0	38,-16	False	1.0	2	1248.0,1248.1	12,10	22	38,-16	0	2	0	2	kmeans	2	1	0	0	0	False	False	2	2	1	INS+38:0/1:PASS:DV11/TC22:V5ref:T2Tref:hapGT0/1	1	0	0	0	0	-	0	0	0	-	equal	equal	equal
1249	chr3	194268047	194268547	500	194267847	194268747	1	10	10	22	True	237	0.474	2	2	2	22	0.0	False	het	2	-	78	-	-78@194268243	0,-78	-2,-80	False	1.0	het	2	-	78	-	-78@194268243	0,-78	-2,-80	False	1.0	2	1249.0,1249.1	11,11	22	-78,0	0	2	0	2	kmeans	2	0	0	0	0	False	False	2	2	1	DEL-78:0/1:PASS:DV10/TC21:V5TP:T2TTP:hapGT0/1	1	0	1	0	0	-78:0/1:TP	1	0	0	-78:0/1:TP	equal	equal	equal
1250	chr3	194275501	194276001	500	194275301	194276201	1	18	18	22	True	65	0.13	2	2	2	22	0.0	False	cpx_het	2	size_diff	1080	+725@194275737	+1080@194275737	725,1080	725,1080	False	1.0	cpx_het	2	size_diff	1080	+725@194275737	+1080@194275737	725,1080	725,1080	False	1.0	2	1250.0,1250.1	11,11	22	725,1080	0	2	0	2	other	0	2	0	0	0	False	False	2	2	2	INS+725:0/1:PASS:DV11/TC22:V5TP:T2TTP:hapGT0/1;INS+1080:0/1:PASS:DV11/TC22:V5TP:T2TTP:hapGT0/1	2	0	2	0	0	+725:1/0:TP;+1080:0/1:TP	2	0	0	+725:1/0:TP;+1080:0/1:TP	equal	equal	equal
1251	chr3	194347615	194348307	692	194347415	194348507	1	21	10	10	True	726	0.99	2	2	2	10	0.0	False	hom	1	-	384	-26@194347665,-358@194347853	-26@194347665,-358@194347853	-384,-384	-384,-384	False	1.0	hom	1	-	384	-26@194347665,-358@194347853	-26@194347665,-358@194347853	-384,-384	-384,-384	False	1.0	1	1251.0	10	10	-384	0	1	0	1	kmeans	1	0	0	0	0	False	False	1	1	1	DEL-358:1/1:PASS:DV10/TC10:V5TP:T2TTP:hapGT1/1	1	0	1	0	0	-358:1/1:TP	1	0	0	-358:1/1:TP	equal	equal	equal
1252	chr3	194375202	194375702	500	194375002	194375902	1	11	11	14	False	0	0.0	2	2	2	14	0.0	False	cpx_het	2	size_diff	307	+267@194375455	+307@194375455	267,307	267,307	False	1.0	cpx_het	2	size_diff	307	+267@194375455	+307@194375455	267,307	267,307	False	1.0	2	1252.0,1252.1	12,2	14	311,-438	0	2	0	2	kmeans	2	0	0	0	0	False	False	1	1	1	DEL-356:0/0:LowQual:DV2/TC13:V5-:T2T-;INS+311:0/1:PASS:DV11/TC13:V5ref:T2Tref:hapGT1/1;DEL-59:0/0:LowQual:DV2/TC13:V5-:T2T-	3	1	1	1	0	+267:1/0:FN;+307:0/1:TP	1	1	0	+267:1/0:FN;+307:0/1:TP	equal	equal	equal
1253	chr3	194381870	194382370	500	194381670	194382570	1	3	3	16	True	367	0.734	2	2	2	16	0.0	False	het	2	-	153	-153@194381979	-	-153,0	-153,1	False	1.0	het	2	-	153	-153@194381979	-	-153,0	-153,1	False	1.0	2	1253.0,1253.1	12,4	16	0,-153	0	2	0	2	kmeans	2	0	0	0	0	False	False	2	2	1	DEL-153:0/0:PASS:DV3/TC15:V5ref:T2Tref:hapGT0/1	1	1	0	1	0	-153:1/0:FN	0	1	0	-153:1/0:FN	equal	equal	equal
1254	chr3	194400384	194401242	858	194400184	194401442	1	12	12	22	True	183	0.213	2	2	2	21	0.048	False	het	2	-	757	-	-757@194400435	0,-757	0,-757	False	1.0	het	2	-	757	-	-757@194400435	0,-757	0,-757	False	1.0	2	1254.0,1254.1	14,7	21	-757,0	0	2	0	2	kmeans	2	3	0	0	0	False	False	2	2	1	DEL-757:0/1:PASS:DV13/TC21:V5TP:T2TTP:hapGT0/1	1	0	1	0	0	-757:0/1:TP	1	0	0	-757:0/1:TP	equal	equal	equal
1255	chr3	194420886	194421386	500	194420686	194421586	1	16	16	23	True	55	0.11	2	2	2	23	0.0	False	hom	1	-	85	+85@194421137	+81@194421137	85,81	85,81	False	1.0	hom	1	-	85	+85@194421137	+81@194421137	85,81	85,81	False	1.0	1	1255.0	23	23	85	0	1	0	1	kmeans	1	5	0	0	0	False	False	1	1	1	INS+85:1/1:PASS:DV19/TC21:V5TP:T2TTP:hapGT1/1	1	0	1	0	0	+85:1/1:TP	2	0	0	+81:0/1:TP;+85:1/0:TP	equal	equal	equal
1256	chr3	194526768	194527268	500	194526568	194527468	1	17	15	16	True	175	0.35	2	2	2	16	0.0	False	cpx_het	2	size_diff	92	+74@194527048	+46@194527010,+46@194527039	74,92	73,87	False	0.781	cpx_het	2	size_diff	92	+74@194527048	+46@194527010,+46@194527039	74,92	73,87	False	0.781	1	1256.0	16	16	82	0	1	0	1	kmeans	1	1	0	0	0	False	False	1	1	1	INS+77:1/1:PASS:DV16/TC16:V5ref:T2Tref:hapGT1/1	1	0	0	0	0	-	0	0	0	-	under	under	under
1257	chr3	194567556	194568056	500	194567356	194568256	1	19	18	18	False	0	0.0	2	2	2	18	0.0	False	hom	1	-	35	-35@194567796	-35@194567796	-35,-35	-36,-36	False	1.0	hom	1	-	35	-35@194567796	-35@194567796	-35,-35	-36,-36	False	1.0	1	1257.0	18	18	-35	0	1	0	1	kmeans	1	1	0	0	0	False	False	1	1	1	DEL-35:1/1:PASS:DV18/TC18:V5ref:T2Tref:hapGT1/1	1	0	0	0	0	-	0	0	0	-	equal	equal	equal
1258	chr3	194569447	194569947	500	194569160	194570147	1	21	21	23	True	733	0.992	2	2	2	23	0.0	False	hom	1	-	245	-245@194569554	-245@194569554	-245,-245	-244,-243	False	1.0	hom	1	-	245	-245@194569554	-245@194569554	-245,-245	-244,-243	False	1.0	1	1258.0	23	23	-245	0	1	0	1	kmeans	1	2	0	0	0	False	False	1	1	1	DEL-245:1/1:PASS:DV22/TC23:V5TP:T2TTP:hapGT1/1	1	0	1	0	0	-245:1/1:TP	1	0	0	-245:1/1:TP	equal	equal	equal
1259	chr3	194645286	194645786	500	194645086	194645986	1	6	6	23	True	127	0.254	2	2	2	21	0.0	False	het	2	-	42	-	-42@194645535	0,-42	6,-42	False	1.0	het	2	-	42	-	-42@194645535	0,-42	6,-42	False	1.0	2	1259.0,1259.1	8,15	23	-40,6	0	2	0	2	kmeans	2	4	0	0	0	False	False	2	2	1	DEL-34:0/1:PASS:DV6/TC20:V5ref:T2Tref:hapGT0/1	1	0	0	0	0	-	0	0	0	-	equal	equal	equal
1260	chr3	194663213	194663840	627	194663013	194664040	1	14	11	27	True	467	0.745	2	2	2	25	0.0	False	het	2	-	392	-	-392@194663356	0,-392	0,-392	False	1.0	het	2	-	392	-	-392@194663356	0,-392	0,-392	False	1.0	2	1260.0,1260.1	16,11	27	0,-392	0	2	0	2	kmeans	2	1	0	0	0	False	False	2	2	1	DEL-392:0/1:PASS:DV10/TC26:V5TP:T2TTP:hapGT0/1	1	0	1	0	0	-392:0/1:TP	1	0	0	-392:0/1:TP	equal	equal	equal
1261	chr3	194677903	194679668	1765	194677703	194679868	1	11	11	28	False	0	0.0	2	2	2	28	0.0	False	het	2	-	1608	-	-1608@194677953	0,-1608	0,-1608	False	1.0	het	2	-	1608	-	-1608@194677953	0,-1608	0,-1608	False	1.0	2	1261.0,1261.1	11,17	28	-1608,0	0	2	0	2	kmeans	2	1	0	0	0	False	False	2	2	1	DEL-1608:0/1:PASS:DV11/TC29:V5TP:T2TTP:hapGT0/1	1	0	1	0	0	-1608:0/1:TP	1	0	0	-1608:0/1:TP	equal	equal	equal
1262	chr3	194706031	194706531	500	194705831	194706731	1	20	19	19	True	281	0.562	2	2	2	19	0.0	False	hom	1	-	43	-43@194706262	-43@194706262	-43,-43	-37,-35	False	1.0	hom	1	-	43	-43@194706262	-43@194706262	-43,-43	-37,-35	False	1.0	1	1262.0	19	19	-30	0	1	0	1	kmeans	1	0	0	0	0	False	False	0	0	1	DEL-43:1/1:PASS:DV19/TC19:V5ref:T2Tref:hapGT1/1	1	0	0	0	0	-	0	0	0	-	equal	equal	equal
1263	chr3	194822319	194822819	500	194822119	194823019	1	17	17	22	False	0	0.0	2	2	2	20	0.0	False	het	2	-	167	-	+167@194822580	0,167	0,154	False	1.0	het	2	-	167	-	+167@194822580	0,167	0,154	False	1.0	2	1263.0,1263.1	17,5	22	155,0	0	2	0	2	kmeans	2	2	0	0	0	False	False	2	2	1	INS+155:1/1:PASS:DV17/TC21:V5TP:T2TTP:hapGT0/1	1	1	1	0	0	+167:0/1:TP	1	0	0	+167:0/1:TP	equal	equal	equal
1264	chr3	194845676	194846516	840	194845319	194846755	1	16	8	21	True	1336	1.0	2	2	2	19	0.0	False	het	2	-	501	-553@194845671,+52@194846468	-	-501,0	-504,0	False	1.0	het	2	-	501	-553@194845671,+52@194846468	-	-501,0	-504,0	False	1.0	2	1264.0,1264.1	9,12	21	-498,0	0	2	0	2	kmeans	2	1	0	0	0	False	False	2	2	2	DEL-217:0/1:PASS:DV8/TC20:V5ref:T2Tref:hapGT0/0;DEL-281:0/1:PASS:DV8/TC20:V5ref:T2Tref:hapGT0/0	2	0	1	0	0	-275:1/0:TP	1	0	0	-275:1/0:TP	equal	equal	equal
1265	chr3	194913024	194913524	500	194912824	194913724	1	14	14	16	False	0	0.0	2	2	2	16	0.0	False	hom	1	-	42	+42@194913253	+42@194913253	42,42	42,42	False	1.0	hom	1	-	42	+42@194913253	+42@194913253	42,42	42,42	False	1.0	1	1265.0	16	16	42	0	1	0	1	kmeans	1	1	0	0	0	False	False	1	1	1	INS+42:1/1:PASS:DV14/TC14:V5ref:T2Tref:hapGT1/1	1	0	0	0	0	-	0	0	0	-	equal	equal	equal
1266	chr3	194929211	194929711	500	194929011	194929911	1	17	17	19	True	105	0.21	2	2	2	18	0.0	False	hom	1	-	36	+36@194929419	+36@194929419	36,36	36,36	False	1.0	hom	1	-	36	+36@194929419	+36@194929419	36,36	36,36	False	1.0	1	1266.0	19	19	36	0	1	0	1	kmeans	1	1	0	0	0	False	False	1	1	1	INS+36:1/1:PASS:DV17/TC17:V5ref:T2Tref:hapGT1/1	1	0	0	0	0	-	0	0	0	-	equal	equal	equal
1267	chr3	194943213	194943744	531	194943013	194943944	1	68	22	23	True	514	0.968	2	2	2	23	0.0	False	hom	1	-	994	+364@194943570,+630@194943676	+364@194943570,+630@194943676	994,994	1005,1005	False	1.0	hom	1	-	994	+364@194943570,+630@194943676	+364@194943570,+630@194943676	994,994	1005,1005	False	1.0	2	1267.0,1267.1	21,2	23	1004,700	0	2	0	2	other	0	1	0	0	0	False	False	1	1	2	INS+364:0/1:PASS:DV23/TC23:V5TP:T2TTP:hapGT0/0;INS+630:0/1:PASS:DV20/TC23:V5TP:T2TTP:hapGT0/0	3	0	2	0	0	+364:1/1:TP;+630:1/1:TP	2	0	0	+364:1/1:TP;+630:1/1:TP	over	over	over
1268	chr3	194951836	194952336	500	194951636	194952536	1	28	11	20	True	229	0.458	2	2	2	20	0.0	False	het	2	-	44	+20@194952010,+24@194952151	-	44,0	44,32	False	1.0	het	2	-	44	+20@194952010,+24@194952151	-	44,0	44,32	False	1.0	2	1268.0,1268.1	8,12	20	44,30	0	2	0	2	kmeans	2	1	0	0	0	False	False	1	1	0	-	0	0	0	0	0	-	0	0	0	-	equal	equal	equal
1269	chr3	195042028	195042528	500	195041828	195042728	1	10	10	23	True	192	0.384	2	2	2	23	0.0	False	het	2	-	49	-	+49@195042257	0,49	-3,49	False	1.0	het	2	-	49	-	+49@195042257	0,49	-3,49	False	1.0	2	1269.0,1269.1	11,12	23	49,0	0	2	0	2	kmeans	2	1	0	0	0	False	False	2	2	1	INS+49:0/1:PASS:DV10/TC23:V5ref:T2Tref:hapGT0/1	1	0	0	0	0	-	0	0	0	-	equal	equal	equal
1270	chr3	195047404	195047904	500	195047204	195048104	1	24	23	24	False	0	0.0	2	2	2	24	0.0	False	hom	1	-	319	+319@195047788	+319@195047788	319,319	319,319	False	1.0	hom	1	-	319	+319@195047788	+319@195047788	319,319	319,319	False	1.0	1	1270.0	24	24	318	0	1	0	1	kmeans	1	1	0	0	0	False	False	1	1	1	INS+318:1/1:PASS:DV23/TC23:V5TP:T2TTP:hapGT1/1	1	0	1	0	0	+319:1/1:TP	1	0	0	+319:1/1:TP	equal	equal	equal
1271	chr3	195049549	195050049	500	195049349	195050249	1	1	1	25	False	0	0.0	2	2	2	25	0.0	False	ref	1	-	0	-	-	0,0	2,2	False	1.0	ref	1	-	0	-	-	0,0	2,2	False	1.0	1	1271.0	25	25	5	0	1	0	1	kmeans	2	2	1	0	0	False	False	1	1	0	-	0	0	0	0	0	-	0	0	0	-	equal	equal	equal
1272	chr3	195055286	195055786	500	195055086	195055986	1	24	24	25	True	82	0.164	2	2	2	25	0.0	False	cpx_het	2	size_diff	116	+116@195055545	+78@195055545	116,78	113,75	False	1.0	cpx_het	2	size_diff	116	+116@195055545	+78@195055545	116,78	113,75	False	1.0	2	1272.0,1272.1	14,11	25	112,74	0	2	0	2	kmeans	2	1	0	0	0	False	False	2	2	2	INS+74:0/1:PASS:DV11/TC25:V5TP:T2TTP:hapGT0/1;INS+112:0/1:PASS:DV13/TC25:V5TP:T2TTP:hapGT0/1	2	0	2	0	0	+78:0/1:TP;+116:1/0:TP	2	0	0	+78:0/1:TP;+116:1/0:TP	equal	equal	equal
1273	chr3	195109344	195111017	1673	195109144	195111217	1	82	18	21	True	1703	0.961	2	2	2	19	0.0	False	hom	1	-	334	+286@195109742,+48@195110448	+286@195109742,+48@195110448	334,334	319,319	False	0.216	hom	1	-	334	+286@195109742,+48@195110448	+286@195109742,+48@195110448	334,334	319,319	False	0.216	2	1273.0,1273.1	18,3	21	-245,-48	0	2	1	2	kmeans	2	4	0	0	0	False	False	0	0	1	DEL-182:1/1:PASS:DV14/TC15:V5ref:T2Tref:hapGT0/0	1	0	0	0	0	-	0	0	0	-	over	over	over
1274	chr3	195118287	195118787	500	195118087	195118987	1	13	13	20	False	0	0.0	2	2	2	15	0.0	False	hom	1	-	30	+30@195118536	+30@195118536	30,30	30,30	False	1.0	hom	1	-	30	+30@195118536	+30@195118536	30,30	30,30	False	1.0	1	1274.0	19	19	30	0	1	0	1	kmeans	1	2	0	0	0	False	False	1	1	1	INS+30:1/1:PASS:DV17/TC18:V5ref:T2Tref:hapGT1/1	1	0	0	0	0	-	0	0	0	-	equal	equal	equal
1275	chr3	195474838	195500438	25600	195474638	195507116	1	762	52	58	True	29883	0.906	2	2	2	56	0.107	True	cpx_het	2	opposite_sign	14019	+161@195474888,+38@195478318,+114@195478460,-46@195478808,+38@195479395,-27@195479605,+38@195479846,+38@195479922,-293@195480083,-65@195480278,+38@195480575,+76@195480697,-65@195480779,+190@195481006,+76@195481099,-229@195481474,+76@195482185,-103@195483398,+38@195483852,-722@195484608,+38@195485665,+76@195486437,-76@195486987,+380@195488204,+113@195488469,-79@195488750,+38@195489192,+76@195490335,-76@195490634,+76@195493037,+38@195493266,-456@195493711,-445@195494348,+76@195495068,+136@195495417,-190@195495538,+258@195496069,-37@195496317,-103@195497372,+76@195497710,+521@195498141,+76@195499956,+291@195500165,+65@195500204,+65@195500403,+114@195500543,-38@195500895,-76@195501035,+38@195501288,+38@195501757,-646@195502388,+38@195503601,-38@195503976,-647@195504385,-212@195505166	+299@195474888,-798@195478475,-46@195478808,-255@195479534,-27@195479605,-304@195479893,-293@195480083,-65@195480278,-76@195480507,-331@195480659,-65@195480779,+76@195481806,-445@195483162,-103@195483398,-722@195484608,+38@195485667,-76@195486987,+3621@195487956,+380@195488179,+113@195488469,+681@195488778,+254@195489476,+2752@195490176,-38@195490784,+494@195492492,+38@195492971,+228@195493869,+38@195495158,+407@195495386,+788@195497556,-38@195498045,+73@195499198,+6440@195499755,+521@195500269,+342@195500381,+114@195500543,-38@195500895,+38@195501256,-38@195501667,+76@195503601,+76@195503782,-39@195503931,+141@195504520,-212@195505166	-1121,14019	-1133,14000	False	0.781	cpx_het	2	opposite_sign	14553	+161@195474888,+38@195478318,+114@195478460,-46@195478808,+38@195479395,-27@195479605,+38@195479846,+38@195479922,-293@195480083,+38@195480575,+76@195480697,-65@195480779,+190@195481006,+76@195481099,-229@195481474,+76@195482185,-103@195483398,+38@195483852,-722@195484608,+38@195485665,+76@195486437,-76@195486987,+380@195488204,+113@195488469,-79@195488750,+38@195489192,+76@195490335,-76@195490634,+76@195493037,+38@195493266,-456@195493711,-445@195494348,+76@195495068,+136@195495417,-190@195495538,+258@195496069,-37@195496317,-103@195497372,+76@195497710,+521@195498141,+76@195499956,+291@195500165,+65@195500204,+65@195500403,+114@195500543,-38@195500895,-76@195501035,+38@195501288,+38@195501757,-646@195502388,+38@195503601,-38@195503976,-647@195504385,-212@195505166	+299@195474888,-798@195478475,-255@195479534,-304@195479893,-65@195480278,-76@195480507,-331@195480659,+76@195481806,-445@195483162,-722@195484608,+38@195485667,-76@195486987,+3621@195487956,+380@195488179,+113@195488469,+681@195488778,+254@195489476,+2752@195490176,-38@195490784,+494@195492492,+38@195492971,+228@195493869,+38@195495158,+407@195495386,+788@195497556,-38@195498045,+73@195499198,+6440@195499755,+521@195500269,+342@195500381,+114@195500543,-38@195500895,+38@195501256,-38@195501667,+76@195503601,+76@195503782,-39@195503931,+141@195504520,-212@195505166	-1056,14553	-1068,14542	False	0.781	2	1275.0,1275.1	30,28	58	1596,-6216	0	1	0	2	other	0	8	0	0	0	False	False	0	0	26	INS+157:0/1:PASS:DV13/TC17:V5ref:T2Tref:hapGT0/0;DEL-106:0/0:LowQual:DV0/TC15:V5-:T2T-;INS+106:0/1:PASS:DV8/TC15:V5ref:T2Tref:hapGT0/0;DEL-266:0/0:LowQual:DV0/TC16:V5-:T2T-;DEL-102:0/0:LowQual:DV0/TC16:V5-:T2T-;INS+45:0/0:LowQual:DV0/TC17:V5-:T2T-;INS+194:0/1:PASS:DV7/TC22:V5ref:T2Tref:hapGT0/0;INS+93:0/1:PASS:DV8/TC23:V5ref:T2Tref:hapGT0/0;DEL-722:0/1:PASS:DV8/TC26:V5ref:T2Tref:hapGT0/0;INS+380:0/1:PASS:DV11/TC27:V5ref:T2Tref:hapGT0/0;DEL-53:0/1:PASS:DV20/TC29:V5ref:T2Tref:hapGT0/0;DEL-598:0/0:PASS:DV7/TC33:V5ref:T2Tref:hapGT0/0;INS+154:0/1:PASS:DV14/TC31:V5ref:T2Tref:hapGT0/0;INS+145:0/1:PASS:DV26/TC31:V5ref:T2Tref:hapGT0/0;DEL-103:0/1:PASS:DV7/TC31:V5ref:T2Tref:hapGT0/0;DEL-287:0/1:PASS:DV28/TC31:V5ref:T2Tref:hapGT0/0;DEL-1136:0/1:PASS:DV7/TC31:V5ref:T2Tref:hapGT0/1;DEL-190:0/1:PASS:DV7/TC28:V5ref:T2Tref:hapGT0/0;DEL-152:0/1:PASS:DV16/TC31:V5ref:T2Tref:hapGT0/0;DEL-217:0/1:PASS:DV7/TC30:V5ref:T2Tref:hapGT0/0;DEL-137:0/1:PASS:DV16/TC30:V5ref:T2Tref:hapGT0/0;DEL-756:0/1:PASS:DV7/TC31:V5ref:T2Tref:hapGT0/0;DEL-564:0/1:PASS:DV16/TC31:V5ref:T2Tref:hapGT0/0;DEL-152:0/1:PASS:DV7/TC31:V5ref:T2Tref:hapGT0/0;DEL-265:0/1:PASS:DV15/TC31:V5ref:T2Tref:hapGT0/0;DEL-1059:0/1:PASS:DV7/TC31:V5ref:T2Tref:hapGT0/1;INS+145:0/1:PASS:DV28/TC31:V5ref:T2Tref:hapGT0/0;DEL-334:0/1:PASS:DV27/TC31:V5ref:T2Tref:hapGT0/0;DEL-237:0/0:PASS:DV3/TC29:V5ref:T2Tref:hapGT0/0;INS+2758:0/1:PASS:DV12/TC27:V5ref:T2Tref:hapGT0/0	35	0	11	36	18	+163:0/1:FN;+163:1/0:TP;+136:0/1:FN;-1243:0/1:FN;+114:1/0:FN;+76:0/1:FN;-293:1/1:TP;-369:0/1:FN;+76:1/1:FN;-103:1/0:FN;-722:1/1:TP;+76:1/0:FN;+76:0/1:FN;+494:0/1:FN;+494:1/0:FN;-646:1/0:FN;+900:0/1:FN;+1396:0/1:FN;+111:0/1:FN;-114:0/1:TP;-114:1/0:TP;+1779:0/1:FN;+528:1/0:FN;+254:0/1:FN;+2752:0/1:FN;+152:1/1:TP;+76:1/1:TP;+114:0/1:FN;+342:0/1:FN;-152:1/1:TP;-339:1/0:TP;+68:0/1:FN;-342:1/1:TP;+114:0/1:TP;+103:1/0:FN;+788:0/1:FN;+521:1/0:FN;+3617:0/1:FN;+759:0/1:FN;+304:0/1:FN;+190:0/1:FN;+369:0/1:FN;+144:0/1:FN;+115:0/1:FN;+711:0/1:FN;+304:0/1:FN;+76:1/0:FN	12	48	14	+163:0/1:FN;+163:1/0:TP;+136:0/1:FN;-1509:0/1:FN;-266:1/0:FN;-76:1/0:FN;-141:1/0:FN;+65:1/0:FN;-255:0/1:FN;-76:0/1:FN;-65:0/1:FN;+76:0/1:FN;+76:1/0:FN;+73:1/0:FN;+76:0/1:TP;+76:1/0:FN;-445:0/1:FN;-103:1/0:FN;-76:1/0:FN;+76:1/0:FN;-722:1/1:TP;+76:1/0:FN;+76:0/1:FN;+494:0/1:FN;+494:1/0:FN;+76:1/0:FN;-646:1/0:FN;+900:0/1:FN;-266:1/0:TP;+1396:0/1:FN;+228:1/0:FN;+111:0/1:FN;-114:0/1:TP;-114:1/0:TP;+1779:0/1:FN;+528:1/0:FN;+254:0/1:FN;+2752:0/1:FN;+152:1/1:TP;+76:1/1:TP;+114:0/1:FN;+342:0/1:FN;-152:1/1:TP;-339:1/0:TP;+68:0/1:FN;-342:1/1:TP;+114:0/1:TP;+103:1/0:FN;+788:0/1:FN;+521:1/0:FN;+3617:0/1:FN;+759:0/1:FN;+304:0/1:FN;+190:0/1:FN;+369:0/1:FN;+144:0/1:FN;+115:0/1:FN;+711:0/1:FN;+304:0/1:FN;+76:1/0:FN	equal	equal	equal
1276	chr4	7019517	7020017	500	7019317	7020268	1	20	20	21	True	547	0.692	2	2	2	21	0.0	False	hom	1	-	54	-54@7019749	-54@7019749	-54,-54	-53,-53	False	1.0	hom	1	-	54	-54@7019749	-54@7019749	-54,-54	-53,-53	False	1.0	1	1276.0	21	21	-54	0	1	0	1	kmeans	1	1	0	0	0	False	False	1	1	1	DEL-54:1/1:PASS:DV20/TC20:V5TP:T2TTP:hapGT1/1	1	0	1	0	0	-54:1/1:TP	1	0	0	-54:1/1:TP	equal	equal	equal
1277	chr4	7131076	7131576	500	7130600	7132132	1	18	18	21	True	1432	1.0	2	2	2	20	0.0	False	hom	1	-	472	+472@7131300	+472@7131300	472,472	471,471	False	1.0	hom	1	-	472	+472@7131300	+472@7131300	472,472	471,471	False	1.0	1	1277.0	21	21	472	0	1	0	1	kmeans	1	3	0	0	0	False	False	1	1	1	INS+472:1/1:PASS:DV18/TC19:V5TP:T2TTP:hapGT1/1	1	0	1	0	0	+472:1/1:TP	1	0	0	+472:1/1:TP	equal	equal	equal
1278	chr4	7180621	7181991	1370	7180421	7182191	1	45	29	32	True	432	0.267	2	2	2	32	0.0	False	cpx_het	2	size_diff	236	+32@7180671,+204@7181924	+208@7181936	236,208	240,210	False	1.0	cpx_het	2	size_diff	236	+32@7180671,+204@7181924	+208@7181936	236,208	240,210	False	1.0	2	1278.0,1278.1	27,5	32	237,34	0	1	0	2	kmeans	2	4	0	0	0	False	False	1	1	2	INS+32:0/1:PASS:DV28/TC28:V5ref:T2Tref:hapGT0/0;INS+200:0/1:PASS:DV24/TC27:V5TP:T2Tref:hapGT1/1	3	1	1	0	0	+204:1/1:TP	1	1	0	+208:0/1:FN;+212:1/0:TP	equal	equal	equal
1279	chr4	7255667	7256167	500	7255467	7256367	1	8	8	17	True	252	0.504	2	2	2	17	0.0	False	het	2	-	105	-	-105@7255854	0,-105	0,-105	False	1.0	het	2	-	105	-	-105@7255854	0,-105	0,-105	False	1.0	2	1279.0,1279.1	10,7	17	-105,0	0	2	0	2	kmeans	2	0	0	0	0	False	False	2	2	1	DEL-105:0/1:PASS:DV8/TC15:V5TP:T2TTP:hapGT0/1	1	0	1	0	0	-105:0/1:TP	1	0	0	-105:0/1:TP	equal	equal	equal
1280	chr4	7294586	7295287	701	7294386	7295487	1	153	65	95	True	746	0.929	2	2	2	33	0.455	True	ref	1	-	0	-	-	0,0	-1,0	False	1.0	ref	1	-	0	-	-	0,0	-1,0	False	1.0	1	1280.0	94	94	6	0	1	0	1	other	0	8	1	0	0	False	False	1	1	0	-	0	0	0	0	0	-	0	0	0	-	equal	equal	equal
1281	chr4	7362870	7364140	1270	7362628	7364340	1	12	6	15	True	1482	1.0	2	2	2	14	0.0	False	het	2	-	314	-30@7362920,-284@7363429	-	-314,0	-314,-3	False	1.0	het	2	-	314	-30@7362920,-284@7363429	-	-314,0	-314,-3	False	1.0	2	1281.0,1281.1	9,6	15	0,-314	0	2	0	2	kmeans	2	0	0	0	0	False	False	2	2	2	DEL-30:0/1:PASS:DV6/TC16:V5ref:T2Tref:hapGT0/0;DEL-284:0/1:PASS:DV6/TC15:V5TP:T2TTP:hapGT0/1	2	0	1	0	0	-284:1/0:TP	1	0	0	-284:1/0:TP	equal	equal	equal
1282	chr4	7387040	7387934	894	7386021	7388205	1	37	15	18	True	2084	1.0	2	2	2	17	0.059	False	cpx_het	2	opposite_sign	463	-284@7387090,-179@7387173	-179@7387173,+94@7387357,+304@7387843	-463,219	-471,228	False	1.0	cpx_het	2	opposite_sign	284	-284@7387090	-179@7387173,+94@7387357,+304@7387843	-284,219	-290,228	False	1.0	2	1282.0,1282.1	14,4	18	NA,-284	1	1	0	1	other	0	2	0	0	0	False	False	0	1	1	DEL-284:0/1:PASS:DV4/TC18:V5ref:T2Tref:hapGT0/0	1	0	1	2	0	-96:0/1:FN;-99:1/0:TP;+304:0/1:FN	1	2	0	-96:0/1:FN;-99:1/0:TP;+304:0/1:FN	equal	equal	equal
1283	chr4	7426056	7426556	500	7425856	7426756	1	4	4	24	False	0	0.0	2	2	2	23	0.0	False	hom	1	-	28	-28@7426290	-28@7426290	-28,-28	-28,-28	False	1.0	hom	1	-	28	-28@7426290	-28@7426290	-28,-28	-28,-28	False	1.0	1	1283.0	24	24	-28	0	1	0	1	kmeans	1	0	0	0	0	False	False	1	1	0	-	0	0	0	0	0	-	0	0	0	-	equal	equal	equal
1284	chr4	7441693	7442579	886	7441493	7442789	1	28	10	21	True	1143	1.0	2	2	2	20	0.0	False	cpx_het	2	size_diff	464	-348@7441743,-58@7442283,-29@7442390,-29@7442430	+116@7441787,-116@7442280,-58@7442283,-29@7442390	-464,-87	-464,-87	False	1.0	cpx_het	2	one_net_small	464	-348@7441743,-58@7442283,-29@7442390,-29@7442430	+116@7441787,-116@7442280	-464,0	-464,0	False	1.0	2	1284.0,1284.1	12,8	20	-2,-464	0	2	0	2	kmeans	2	2	0	0	0	False	False	1	2	2	DEL-348:0/1:PASS:DV7/TC21:V5ref:T2Tref:hapGT0/1;DEL-116:0/1:PASS:DV7/TC19:V5ref:T2Tref:hapGT0/1	2	0	1	0	0	-406:1/0:TP	1	0	0	-406:1/0:TP	equal	equal	equal
1285	chr4	7448336	7449351	1015	7448136	7449551	1	52	16	19	True	1017	0.963	2	2	2	17	0.0	False	hom	1	-	536	+80@7448836,-65@7448939,-38@7449143,+559@7449234	+217@7448866,+91@7449141,+200@7449233	536,508	521,499	False	1.0	hom	1	-	536	+80@7448836,-65@7448939,-38@7449143,+559@7449234	+217@7448866,+91@7449141,+200@7449233	536,508	521,499	False	1.0	1	1285.0	19	19	663	0	1	0	1	other	0	3	1	0	0	False	False	1	1	4	INS+236:1/1:PASS:DV17/TC19:V5ref:T2Tref:hapGT0/0;INS+87:1/1:PASS:DV17/TC19:V5ref:T2Tref:hapGT0/0;INS+163:1/1:PASS:DV17/TC18:V5ref:T2Tref:hapGT0/0;INS+150:1/1:PASS:DV18/TC18:V5ref:T2Tref:hapGT0/0	4	0	2	0	0	+555:1/0:TP;+481:0/1:TP	2	0	0	+555:1/0:TP;+481:0/1:TP	equal	equal	equal
1286	chr4	7454877	7455377	500	7452745	7455965	1	12	6	14	True	3120	1.0	2	2	2	14	0.0	False	het	2	-	152	-	-20@7453946,-20@7455020,-112@7455131	0,-152	0,-170	False	1.0	het	2	-	152	-	-20@7453946,-20@7455020,-112@7455131	0,-152	0,-170	False	1.0	2	1286.0,1286.1	6,8	14	-159,0	0	2	0	2	kmeans	2	0	0	0	0	False	False	2	2	1	DEL-112:0/1:PASS:DV6/TC14:V5TP:T2TTP:hapGT0/1	1	0	1	0	0	-112:0/1:TP	1	0	0	-112:0/1:TP	equal	equal	equal
1287	chr4	7510421	7510921	500	7510221	7511121	1	18	18	19	True	189	0.378	2	2	2	19	0.0	False	hom	1	-	49	+49@7510717	+49@7510717	49,49	49,49	False	1.0	hom	1	-	49	+49@7510717	+49@7510717	49,49	49,49	False	1.0	1	1287.0	19	19	49	0	1	0	1	kmeans	1	0	0	0	0	False	False	1	1	1	INS+49:1/1:PASS:DV18/TC18:V5ref:T2Tref:hapGT1/1	1	0	0	0	0	-	0	0	0	-	equal	equal	equal
1288	chr4	7522562	7523062	500	7522362	7523262	1	12	11	12	True	605	0.934	2	2	2	12	0.0	False	hom	1	-	244	-244@7522696	-244@7522696	-244,-244	-244,-244	False	1.0	hom	1	-	244	-244@7522696	-244@7522696	-244,-244	-244,-244	False	1.0	1	1288.0	12	12	-243	0	1	0	1	kmeans	1	0	0	0	0	False	False	1	1	1	DEL-243:1/1:PASS:DV11/TC11:V5TP:T2TTP:hapGT1/1	1	0	1	0	0	-244:1/1:TP	1	0	0	-244:1/1:TP	equal	equal	equal
1289	chr4	7543573	7544073	500	7543213	7544273	1	7	3	11	True	941	1.0	2	2	2	11	0.0	False	hom	1	-	32	+32@7543939	+32@7543919	32,32	-4,-3	False	1.0	hom	1	-	32	+32@7543939	+32@7543919	32,32	-4,9	False	1.0	1	1289.0	11	11	20	0	1	0	1	kmeans	1	1	0	0	0	False	False	0	0	0	-	0	0	0	0	0	-	0	0	0	-	equal	equal	equal
1290	chr4	7561300	7561800	500	7561100	7562034	1	15	15	24	True	602	0.836	2	2	2	24	0.0	False	het	2	-	43	-	+43@7561511	0,43	0,31	False	1.0	het	2	-	43	-	+43@7561511	0,43	0,31	False	1.0	2	1290.0,1290.1	16,8	24	31,0	0	2	0	2	kmeans	2	2	0	0	0	False	False	2	2	1	INS+43:0/1:PASS:DV15/TC23:V5ref:T2Tref:hapGT0/1	1	0	0	0	0	-	0	0	0	-	equal	equal	equal
1291	chr4	7565776	7566276	500	7565287	7567023	1	11	10	29	True	1636	1.0	2	2	2	28	0.0	False	cpx_het	2	size_diff	377	-356@7565834,-21@7565991	-21@7565991	-377,-21	-377,-27	False	1.0	cpx_het	2	size_diff	356	-356@7565834	-21@7565991	-356,-21	-356,-27	False	1.0	2	1291.0,1291.1	21,8	29	-27,-356	0	1	0	2	kmeans	2	2	0	0	0	False	False	2	2	1	DEL-356:0/1:PASS:DV8/TC27:V5TP:T2TTP:hapGT0/1	1	0	1	0	0	-356:1/0:TP	1	0	0	-356:1/0:TP	equal	equal	equal
1292	chr4	7633494	7634176	682	7633294	7634376	1	18	9	16	False	0	0.0	2	2	2	16	0.0	False	het	2	-	341	-	-341@7633784	0,-341	11,-355	False	1.0	het	2	-	341	-	-341@7633784	0,-341	11,-355	False	1.0	2	1292.0,1292.1	6,10	16	12,-347	0	2	0	2	kmeans	2	0	0	0	0	False	False	2	2	1	DEL-341:0/1:PASS:DV9/TC15:V5TP:T2TTP:hapGT0/1	1	0	1	0	0	-341:0/1:TP	1	0	0	-341:0/1:TP	equal	equal	equal
1293	chr4	7641662	7642162	500	7641462	7642362	1	23	21	22	True	409	0.818	2	2	2	22	0.0	False	hom	1	-	38	+38@7641858	+38@7641858	38,38	34,34	False	1.0	hom	1	-	38	+38@7641858	+38@7641858	38,38	34,34	False	1.0	1	1293.0	22	22	38	0	1	0	1	kmeans	1	0	0	0	0	False	False	1	1	1	INS+38:1/1:PASS:DV22/TC22:V5ref:T2Tref:hapGT1/1	1	0	0	0	0	-	0	0	0	-	equal	equal	equal
1294	chr4	7683063	7683563	500	7682863	7683763	1	20	19	19	True	270	0.54	2	2	2	19	0.0	False	hom	1	-	66	-66@7683312	-66@7683312	-66,-66	-64,-64	False	1.0	hom	1	-	66	-66@7683312	-66@7683312	-66,-66	-64,-64	False	1.0	1	1294.0	19	19	-66	0	1	0	1	kmeans	1	0	0	0	0	False	False	1	1	1	DEL-66:1/1:PASS:DV19/TC19:V5TP:T2TTP:hapGT1/1	1	0	1	0	0	-66:1/1:TP	1	0	0	-66:1/1:TP	equal	equal	equal
1295	chr4	7695462	7695962	500	7695132	7696162	1	8	5	19	True	835	1.0	2	2	2	19	0.0	False	hom	1	-	20	-20@7695740	-20@7695740	-20,-20	-32,-24	False	1.0	hom	1	-	20	-20@7695740	-20@7695740	-20,-20	-32,-24	False	1.0	1	1295.0	19	19	-27	0	1	0	1	kmeans	1	0	0	0	0	False	False	1	1	0	-	0	0	0	0	0	-	0	0	0	-	equal	equal	equal
1296	chr4	7724486	7724986	500	7724034	7725186	1	10	5	14	True	971	1.0	2	2	2	13	0.0	False	cpx_het	2	size_diff	282	+21@7724126,-36@7724766,+21@7724841,+46@7724867	+282@7724931	52,282	59,267	False	1.0	cpx_het	2	size_diff	282	+21@7724126,-36@7724766,+21@7724841,+46@7724867	+282@7724931	52,282	59,267	False	1.0	2	1296.0,1296.1	5,9	14	258,17	0	2	0	2	kmeans	2	1	0	0	0	False	False	1	1	2	INS+46:0/1:PASS:DV5/TC13:V5ref:T2Tref:hapGT0/1;INS+212:0/1:PASS:DV5/TC13:V5TP:T2TTP:hapGT0/1	2	0	1	0	0	+282:0/1:TP	1	0	0	+282:0/1:TP	equal	equal	equal
1297	chr4	7748494	7748994	500	7748294	7749194	1	10	10	17	True	165	0.33	2	2	2	17	0.0	False	het	2	-	66	-66@7748677	-	-66,0	-66,0	False	1.0	het	2	-	66	-66@7748677	-	-66,0	-66,0	False	1.0	2	1297.0,1297.1	12,5	17	-65,0	0	2	0	2	kmeans	2	2	0	0	0	False	False	2	2	1	DEL-65:0/1:PASS:DV11/TC17:V5TP:T2TTP:hapGT0/1	1	0	1	0	0	-66:1/0:TP	1	0	0	-66:1/0:TP	equal	equal	equal
1298	chr4	7752710	7753210	500	7752510	7753410	1	16	16	18	False	0	0.0	2	2	2	18	0.0	False	hom	1	-	162	+162@7752960	+162@7752960	162,162	162,162	False	1.0	hom	1	-	162	+162@7752960	+162@7752960	162,162	162,162	False	1.0	1	1298.0	18	18	162	0	1	0	1	kmeans	1	2	0	0	0	False	False	1	1	1	INS+162:1/1:PASS:DV17/TC18:V5TP:T2TTP:hapGT1/1	1	0	1	0	0	+162:1/1:TP	1	0	0	+162:1/1:TP	equal	equal	equal
1299	chr4	7756141	7756693	552	7755941	7756893	1	20	10	16	True	239	0.433	2	2	2	16	0.0	False	het	2	-	80	-80@7756557	-	-80,0	-88,0	False	1.0	het	2	-	80	-80@7756557	-	-80,0	-88,0	False	1.0	2	1299.0,1299.1	10,6	16	-89,0	0	2	0	2	kmeans	2	0	0	0	0	False	False	2	2	1	DEL-80:0/1:PASS:DV10/TC16:V5TP:T2TTP:hapGT0/1	1	0	1	0	0	-80:1/0:TP	1	0	0	-80:1/0:TP	equal	equal	equal
1300	chr4	7789172	7789672	500	7788972	7789872	1	13	13	24	True	431	0.58	2	2	2	24	0.0	False	het	2	-	65	-	-65@7789382	0,-65	0,-65	False	1.0	het	2	-	65	-	-65@7789382	0,-65	0,-65	False	1.0	2	1300.0,1300.1	13,11	24	-65,0	0	2	0	2	kmeans	2	0	0	0	0	False	False	2	2	1	DEL-65:0/1:PASS:DV13/TC24:V5TP:T2TTP:hapGT0/1	1	0	1	0	0	-65:0/1:TP	1	0	0	-65:0/1:TP	equal	equal	equal
1301	chr4	7798031	7798694	663	7797831	7798894	1	29	14	31	True	496	0.698	2	2	2	31	0.0	False	het	2	-	140	-	-112@7798101,-28@7798444	0,-140	0,-140	False	1.0	het	2	-	140	-	-112@7798101,-28@7798444	0,-140	0,-140	False	1.0	2	1301.0,1301.1	16,15	31	0,-140	0	2	0	2	kmeans	2	1	0	0	0	False	False	2	2	1	DEL-112:0/1:PASS:DV15/TC31:V5TP:T2TTP:hapGT0/1	1	0	1	0	0	-112:0/1:TP	1	0	0	-112:0/1:TP	equal	equal	equal
1302	chr4	7834889	7835389	500	7834689	7835953	1	17	17	20	True	1049	1.0	2	2	2	18	0.0	False	hom	1	-	42	+42@7835035	+42@7835035	42,42	42,42	False	1.0	hom	1	-	42	+42@7835035	+42@7835035	42,42	42,42	False	1.0	1	1302.0	20	20	42	0	1	0	1	kmeans	1	2	0	0	0	False	False	1	1	1	INS+42:1/1:PASS:DV17/TC18:V5ref:T2Tref:hapGT1/1	1	0	0	0	0	-	0	0	0	-	equal	equal	equal
1303	chr4	7863804	7864304	500	7863604	7864504	1	45	25	25	True	226	0.452	2	2	2	25	0.0	False	cpx_het	2	size_diff	6522	+1104@7863999,+96@7864141	+120@7863942,+6402@7863999	1200,6522	1200,6522	False	1.0	cpx_het	2	size_diff	6522	+1104@7863999,+96@7864141	+120@7863942,+6402@7863999	1200,6522	1200,6522	False	1.0	2	1303.0,1303.1	15,10	25	-270,6524	0	2	0	2	other	0	2	0	0	0	False	False	1	1	3	DEL-270:0/1:PASS:DV14/TC25:V5ref:T2Tref:hapGT0/0;INS+120:0/1:PASS:DV10/TC25:V5ref:T2Tref:hapGT0/0;INS+6404:0/1:PASS:DV10/TC25:V5ref:T2Tref:hapGT0/1	16	0	3	2	2	+120:0/1:TP;+1104:1/0:FN;+6306:0/1:TP;+96:1/0:FN;+96:0/1:TP	3	2	2	+120:0/1:TP;+1104:1/0:FN;+6306:0/1:TP;+96:1/0:FN;+96:0/1:TP	equal	equal	equal
1304	chr4	7896373	7896873	500	7896173	7897073	1	7	7	16	True	421	0.706	2	2	2	15	0.0	False	het	2	-	58	-58@7896520	-	-58,0	-58,0	False	1.0	het	2	-	58	-58@7896520	-	-58,0	-58,0	False	1.0	2	1304.0,1304.1	9,7	16	0,-58	0	2	0	2	kmeans	2	0	0	0	0	False	False	2	2	1	DEL-58:0/1:PASS:DV7/TC16:V5TP:T2TTP:hapGT0/1	1	0	1	0	0	-58:1/0:TP	1	0	0	-58:1/0:TP	equal	equal	equal
1305	chr4	7900110	7900610	500	7899910	7900810	1	17	16	16	False	0	0.0	2	2	2	16	0.0	False	hom	1	-	43	-43@7900336	-43@7900336	-43,-43	-43,-43	False	0.933	hom	1	-	43	-43@7900336	-43@7900336	-43,-43	-43,-43	False	0.933	1	1305.0	16	16	-39	0	1	0	1	kmeans	1	0	0	0	0	False	False	1	1	1	DEL-39:1/1:PASS:DV16/TC16:V5ref:T2Tref:hapGT1/1	1	0	0	0	0	-	0	0	0	-	equal	equal	equal
1306	chr4	7915017	7915517	500	7914812	7915717	1	9	9	20	True	294	0.278	2	2	2	19	0.0	False	het	2	-	31	-	+31@7915267	0,31	0,32	False	1.0	het	2	-	31	-	+31@7915267	0,31	0,32	False	1.0	2	1306.0,1306.1	9,11	20	31,0	0	2	0	2	kmeans	2	0	0	0	0	False	False	2	2	1	INS+31:0/1:PASS:DV9/TC20:V5ref:T2Tref:hapGT0/1	1	0	0	0	0	-	0	0	0	-	equal	equal	equal
1307	chr4	7918432	7919087	655	7918091	7919287	1	24	10	18	True	1005	1.0	2	2	2	18	0.0	False	het	2	-	252	-	+42@7918482,+210@7919007	0,252	0,249	False	1.0	het	2	-	252	-	+42@7918482,+210@7919007	0,252	0,249	False	1.0	2	1307.0,1307.1	10,8	18	253,0	0	2	0	2	kmeans	2	0	0	0	0	False	False	2	2	2	INS+42:0/1:PASS:DV10/TC18:V5ref:T2Tref:hapGT0/0;INS+211:0/1:PASS:DV10/TC18:V5TP:T2TTP:hapGT0/1	2	0	1	0	0	+210:0/1:TP	1	0	0	+210:0/1:TP	equal	equal	equal
1308	chr4	7930140	7930640	500	7929940	7930840	1	15	15	22	True	60	0.12	2	2	2	22	0.0	False	hom	1	-	30	-30@7930359	-30@7930359	-30,-30	-30,-30	False	1.0	hom	1	-	30	-30@7930359	-30@7930359	-30,-30	-30,-30	False	1.0	1	1308.0	22	22	-30	0	1	0	1	kmeans	1	1	0	0	0	False	False	1	1	1	DEL-30:1/1:PASS:DV22/TC22:V5ref:T2Tref:hapGT1/1	1	0	0	0	0	-	0	0	0	-	equal	equal	equal
1309	chr4	7994017	7995233	1216	7993817	7995433	1	11	11	23	False	0	0.0	2	2	2	23	0.0	False	het	2	-	1099	-	-1099@7994067	0,-1099	-6,-1105	False	1.0	het	2	-	1099	-	-1099@7994067	0,-1099	-6,-1099	False	1.0	2	1309.0,1309.1	11,12	23	-1099,-9	0	2	0	2	kmeans	2	2	0	0	0	False	False	2	2	1	DEL-1099:0/1:PASS:DV11/TC23:V5TP:T2TTP:hapGT0/1	1	0	1	0	0	-1099:0/1:TP	1	0	0	-1099:0/1:TP	equal	equal	equal
1310	chr4	8026593	8027093	500	8026393	8027293	1	5	5	17	True	188	0.376	2	2	2	17	0.0	False	het	2	-	31	-	-31@8026827	0,-31	0,-31	False	1.0	het	2	-	31	-	-31@8026827	0,-31	0,-31	False	1.0	1	1310.0	17	17	0	0	1	0	1	kmeans	1	0	0	0	0	False	False	1	1	0	-	0	0	0	0	0	-	0	0	0	-	under	under	under
1311	chr4	8076637	8077137	500	8076437	8077337	1	13	13	14	True	358	0.716	2	2	2	14	0.0	False	hom	1	-	39	-39@8076813	-39@8076813	-39,-39	-39,-39	False	1.0	hom	1	-	39	-39@8076813	-39@8076813	-39,-39	-39,-39	False	1.0	1	1311.0	14	14	-39	0	1	0	1	kmeans	1	2	0	0	0	False	False	1	1	1	DEL-39:1/1:PASS:DV13/TC13:V5ref:T2Tref:hapGT1/1	1	0	0	0	0	-	0	0	0	-	equal	equal	equal
1312	chr4	8091415	8091915	500	8091215	8092115	1	35	9	22	True	745	1.0	2	2	2	20	0.05	False	het	2	-	70	-	-121@8091281,+36@8091479,+101@8091512,-79@8091560,+133@8091692	0,70	0,97	False	1.0	het	2	-	70	-	-121@8091281,+36@8091479,+101@8091512,-79@8091560,+133@8091692	0,70	0,97	False	1.0	2	1312.0,1312.1	9,13	22	75,0	0	2	0	2	kmeans	2	2	0	0	0	False	False	2	2	1	INS+43:0/1:PASS:DV9/TC21:V5ref:T2Tref:hapGT0/0	1	0	0	4	0	-121:0/1:FN;+101:0/1:FN;-79:0/1:FN;+133:0/1:FN	0	4	0	-121:0/1:FN;+101:0/1:FN;-79:0/1:FN;+133:0/1:FN	equal	equal	equal
1313	chr4	8184621	8185121	500	8184421	8185321	1	16	16	20	True	197	0.394	2	2	2	20	0.0	False	hom	1	-	50	-50@8184864	-50@8184864	-50,-50	-50,-50	False	1.0	hom	1	-	50	-50@8184864	-50@8184864	-50,-50	-50,-50	False	1.0	1	1313.0	20	20	-50	0	1	0	1	kmeans	1	3	0	0	0	False	False	1	1	1	DEL-50:1/1:PASS:DV16/TC17:V5TP:T2TTP:hapGT1/1	1	0	1	0	0	-50:1/1:TP	1	0	0	-50:1/1:TP	equal	equal	equal
1314	chr4	8211176	8211676	500	8210949	8211876	1	14	10	20	True	566	0.778	2	2	2	20	0.0	False	het	2	-	74	-	+33@8211369,+41@8211427	0,74	6,73	False	1.0	het	2	-	74	-	+33@8211369,+41@8211427	0,74	6,73	False	1.0	2	1314.0,1314.1	11,9	20	74,7	0	2	0	2	kmeans	2	2	0	0	0	False	False	2	2	2	INS+33:0/1:PASS:DV10/TC20:V5ref:T2Tref:hapGT0/0;INS+41:0/1:PASS:DV10/TC20:V5ref:T2Tref:hapGT0/0	2	0	0	0	0	-	0	0	0	-	equal	equal	equal
1315	chr4	8233929	8234632	703	8233507	8234832	1	35	12	27	True	1089	1.0	2	2	2	26	0.0	False	het	2	-	58	-	-31@8233979,-27@8234144	0,-58	0,-66	False	1.0	het	2	-	58	-	-31@8233979,-27@8234144	0,-58	0,-66	False	1.0	2	1315.0,1315.1	12,15	27	-70,0	0	2	0	2	kmeans	2	2	0	0	0	False	False	2	2	1	DEL-31:0/1:PASS:DV12/TC26:V5ref:T2Tref:hapGT0/0	1	0	0	0	0	-	0	0	0	-	equal	equal	equal
1316	chr4	8254291	8254791	500	8254041	8254991	1	17	17	21	True	734	1.0	2	2	2	21	0.0	False	hom	1	-	33	+33@8254534	+33@8254534	33,33	33,33	False	1.0	hom	1	-	33	+33@8254534	+33@8254534	33,33	33,33	False	1.0	1	1316.0	21	21	33	0	1	0	1	kmeans	1	2	0	0	0	False	False	1	1	1	INS+33:1/1:PASS:DV18/TC20:V5ref:T2Tref:hapGT1/1	1	0	0	0	0	-	0	0	0	-	equal	equal	equal
1317	chr4	8294562	8295217	655	8294362	8295417	1	29	15	18	True	656	0.994	2	2	2	18	0.0	False	hom	1	-	1175	+152@8294618,+1019@8294666	+44@8294615,+1131@8294663	1171,1175	1171,1175	False	1.0	hom	1	-	1175	+152@8294618,+1019@8294666	+44@8294615,+1131@8294663	1171,1175	1171,1175	False	1.0	2	1317.0,1317.1	16,2	18	1175,0	0	1	0	2	other	0	1	0	0	0	False	False	1	1	1	INS+1175:1/1:PASS:DV16/TC17:V5ref:T2Tref:hapGT1/1	1	0	0	2	0	+152:1/0:FN;+116:1/1:FN	0	2	0	+116:0/1:FN;+120:1/0:FN	over	over	over
1318	chr4	8316296	8316796	500	8316096	8316996	1	9	9	20	True	363	0.726	2	2	2	19	0.0	False	het	2	-	38	-	-38@8316515	0,-38	0,-38	False	1.0	het	2	-	38	-	-38@8316515	0,-38	0,-38	False	1.0	2	1318.0,1318.1	11,9	20	0,-38	0	2	0	2	kmeans	2	0	0	0	0	False	False	2	2	1	DEL-38:0/1:PASS:DV9/TC20:V5ref:T2Tref:hapGT0/1	1	0	0	0	0	-	0	0	0	-	equal	equal	equal
1319	chr4	8537478	8537978	500	8537278	8538178	1	8	8	19	True	287	0.574	2	2	2	19	0.0	False	het	2	-	69	-69@8537695	-	-69,0	-69,0	False	1.0	het	2	-	69	-69@8537695	-	-69,0	-69,0	False	1.0	2	1319.0,1319.1	8,11	19	-69,0	0	2	0	2	kmeans	2	0	0	0	0	False	False	2	2	1	DEL-69:0/1:PASS:DV8/TC19:V5TP:T2TTP:hapGT0/1	1	0	1	0	0	-69:1/0:TP	1	0	0	-69:1/0:TP	equal	equal	equal
1320	chr4	8552185	8552685	500	8551985	8552885	1	10	10	17	False	0	0.0	2	2	2	17	0.0	False	het	2	-	124	-	+124@8552399	0,124	0,124	False	1.0	het	2	-	124	-	+124@8552399	0,124	0,124	False	1.0	2	1320.0,1320.1	10,7	17	124,0	0	2	0	2	kmeans	2	0	0	0	0	False	False	2	2	1	INS+124:0/1:PASS:DV10/TC17:V5TP:T2TTP:hapGT0/1	1	0	1	0	0	+124:0/1:TP	1	0	0	+124:0/1:TP	equal	equal	equal
1321	chr4	8608591	8609234	643	8608391	8609745	1	30	16	18	True	713	0.392	2	2	2	17	0.0	False	cpx_het	2	size_diff	84	+20@8608641,+39@8609148	+20@8608641,+36@8609059,+28@8609184	59,84	55,97	False	1.0	cpx_het	2	size_diff	84	+20@8608641,+39@8609148	+20@8608641,+36@8609059,+28@8609184	59,84	55,97	False	1.0	2	1321.0,1321.1	10,8	18	51,89	0	2	0	2	kmeans	2	0	0	0	0	False	False	2	2	1	INS+39:0/1:PASS:DV16/TC17:V5ref:T2Tref:hapGT0/0	2	0	0	0	0	-	0	0	0	-	equal	equal	equal
1322	chr4	8619997	8620497	500	8619797	8620697	1	20	8	25	False	0	0.0	2	2	2	24	0.0	False	ref	1	-	0	-	-	0,0	0,0	False	1.0	ref	1	-	0	-	-	0,0	0,0	False	1.0	1	1322.0	25	25	0	0	1	0	1	kmeans	1	9	0	0	0	False	False	1	1	0	-	0	0	0	0	0	-	0	0	0	-	equal	equal	equal
1323	chr4	8636925	8637425	500	8636725	8637625	1	20	8	22	False	0	0.0	2	2	2	18	0.0	False	het	2	-	39484	-	+39484@8636911	0,39484	-6,39484	False	1.0	het	2	-	39484	-	+39484@8636911	0,39484	-6,39484	False	1.0	1	1323.0	22	22	0	0	1	1	1	kmeans	1	5	0	0	0	False	False	1	1	0	-	0	0	0	1	0	+39484:0/1:FN	0	1	0	+39484:0/1:FN	under	under	under
1324	chr4	8737910	8738410	500	8737710	8738610	1	8	8	21	False	0	0.0	2	2	2	21	0.0	False	het	2	-	77	-	+77@8738160	0,77	0,68	False	1.0	het	2	-	77	-	+77@8738160	0,77	0,68	False	1.0	2	1324.0,1324.1	13,8	21	0,65	0	2	0	2	kmeans	2	0	0	0	0	False	False	2	2	1	INS+65:0/1:PASS:DV8/TC21:V5TP:T2TTP:hapGT0/1	1	0	1	0	0	+77:0/1:TP	1	0	0	+77:0/1:TP	equal	equal	equal
1325	chr4	8741922	8742422	500	8741722	8742622	1	9	9	20	True	452	0.76	2	2	2	20	0.0	False	het	2	-	79	-	+79@8742172	0,79	0,79	False	1.0	het	2	-	79	-	+79@8742172	0,79	0,79	False	1.0	2	1325.0,1325.1	9,11	20	79,0	0	2	0	2	kmeans	2	1	0	0	0	False	False	2	2	1	INS+79:0/1:PASS:DV9/TC20:V5TP:T2TTP:hapGT0/1	1	0	1	0	0	+79:0/1:TP	1	0	0	+79:0/1:TP	equal	equal	equal
1326	chr4	8758687	8759493	806	8758487	8759693	1	48	17	18	True	883	0.991	2	2	2	18	0.0	False	cpx_het	2	size_diff	533	-325@8758833,-98@8759227,-70@8759280,-40@8759403	-325@8758833,-70@8759280,-40@8759403	-533,-435	-540,-453	False	1.0	cpx_het	2	size_diff	463	-325@8758833,-98@8759227,-40@8759403	-325@8758833,-70@8759280	-463,-395	-456,-413	False	1.0	2	1326.0,1326.1	9,9	18	-417,-457	0	2	0	1	kmeans	2	2	0	0	0	False	False	2	2	3	DEL-325:0/1:PASS:DV18/TC18:V5TP:T2TTP:hapGT0/1;DEL-132:0/1:PASS:DV9/TC17:V5TP:T2TTP:hapGT0/0;DEL-68:0/1:PASS:DV8/TC17:V5TP:T2TTP:hapGT0/0	4	0	3	0	0	-325:1/1:TP;-98:1/0:TP;-70:0/1:TP	3	0	0	-325:1/1:TP;-98:1/0:TP;-70:0/1:TP	equal	equal	equal
1327	chr4	8769335	8769835	500	8769135	8770452	1	11	10	16	True	1201	1.0	2	2	2	16	0.0	False	cpx_het	2	size_diff	46	+23@8769642	+46@8769642	23,46	23,46	False	1.0	cpx_het	2	size_diff	46	+23@8769642	+46@8769642	23,46	23,46	False	1.0	2	1327.0,1327.1	9,7	16	46,23	0	2	0	2	kmeans	2	0	0	0	0	False	False	2	2	1	INS+46:0/1:PASS:DV9/TC16:V5ref:T2Tref:hapGT0/1	1	0	0	0	0	-	0	0	0	-	equal	equal	equal
1328	chr4	8792019	8792907	888	8791819	8793107	1	55	9	25	True	808	0.91	2	2	2	17	0.235	True	ref	1	-	0	-	-	0,0	0,0	False	0.0	ref	1	-	0	-	-	0,0	0,0	False	0.0	1	1328.0	25	25	0	0	1	0	1	kmeans	2	1	1	0	0	False	False	1	1	0	-	0	0	0	0	0	-	0	0	0	-	equal	equal	equal
1329	chr4	8797211	8816748	19537	8797011	8816948	2	33	18	18	False	0	0.0	2	2	2	18	0.0	False	ref	1	-	0	-	-	0,0	0,0	False	0.0	ref	1	-	0	-	-	0,0	0,0	False	0.0	1	1329.0	18	18	-18268	0	1	1	1	kmeans	1	1	0	0	0	False	False	0	0	0	-	0	0	0	0	0	-	0	0	0	-	equal	equal	equal
1331	chr4	9156177	9326094	169917	9155977	9326294	2	28	18	172	True	2677	0.016	4	4	4	280	0.768	True	cpx_het	2	size_diff	137678	+47507@9210212,+90171@9325323	-197@9209616,+200@9209814,+37998@9251863	137678,38001	137721,38048	False	0.0	cpx_het	2	size_diff	137678	+47507@9210212,+90171@9325323	-197@9209616,+200@9209814,+37998@9251863	137678,38001	137723,38048	False	0.0	1	1331.0	170	170	24	0	0	0	1	kmeans	1	5	0	0	0	False	False	0	0	0	-	0	0	0	0	0	-	0	0	0	-	under	under	under
1332	chr4	9322667	9323167	500	9322467	9323367	1	3	3	23	False	0	0.0	4	4	4	23	0.87	True	ref	1	-	0	-	-	0,0	0,0	False	0.0	ref	1	-	0	-	-	0,0	0,0	False	0.0	1	1332.0	23	23	0	0	0	0	1	kmeans	1	0	0	0	0	False	False	1	1	0	-	0	0	0	0	0	-	0	0	0	-	equal	equal	equal
1334	chr4	9368817	9369317	500	9368617	9369517	1	3	3	24	False	0	0.0	2	2	2	23	0.174	False	ref	1	-	0	-	-	0,0	0,0	False	0.0	ref	1	-	0	-	-	0,0	0,0	False	0.0	1	1334.0	23	23	0	0	1	0	1	kmeans	1	1	0	0	0	False	False	1	1	0	-	0	0	0	0	0	-	0	0	0	-	equal	equal	equal
1335	chr4	9449088	9449588	500	9448888	9449788	1	9	9	25	False	0	0.0	2	2	2	25	0.0	False	het	2	-	138	-	+138@9449340	0,138	0,138	False	0.0	het	2	-	138	-	+138@9449340	0,138	0,138	False	0.0	2	1335.0,1335.1	13,12	25	0,138	0	2	0	2	kmeans	2	0	0	0	0	False	False	2	2	1	INS+138:0/1:PASS:DV9/TC22:V5ref:T2Tref:hapGT0/1	1	0	0	0	0	-	0	0	0	-	equal	equal	equal
1336	chr4	9457001	9457501	500	9456110	9458454	1	5	5	23	True	2244	1.0	2	2	2	21	0.0	False	het	2	-	24410	-	-24410@9455374	0,-24410	0,-24410	False	0.0	het	2	-	24410	-	-24410@9455374	0,-24410	0,-24410	False	0.0	2	1336.0,1336.1	15,8	23	-6,79	0	1	0	2	kmeans	2	0	0	0	0	False	False	1	1	1	INS+74:0/1:PASS:DV5/TC20:V5ref:T2Tref:hapGT0/0	1	0	0	0	0	-	0	0	0	-	equal	equal	equal
1337	chr4	9473448	9475224	1776	9473134	9475424	1	15	15	15	True	2162	1.0	2	2	2	16	0.0	False	cpx_het	2	opposite_sign	24495	+85@9473511,-85@9474567,+85@9474776	-24410@9455374,-85@9474567	85,-24495	85,-24495	False	0.0	cpx_het	2	opposite_sign	24410	+85@9473511,-85@9474567,+85@9474776	-24410@9455374	85,-24410	85,-24410	False	0.0	1	1337.0	13	13	94	0	1	0	1	kmeans	1	0	0	0	0	False	False	1	1	1	INS+85:1/1:PASS:DV12/TC12:V5ref:T2Tref:hapGT0/1	1	1	0	0	0	-	0	0	0	-	under	under	under
1338	chr4	9571146	9571646	500	9570946	9571846	1	10	8	21	False	0	0.0	2	2	2	21	0.0	False	het	2	-	108	-	-108@9571438	0,-108	1,-108	False	0.0	het	2	-	108	-	-108@9571438	0,-108	1,-108	False	0.0	2	1338.0,1338.1	8,13	21	-108,0	0	2	0	2	kmeans	2	0	0	0	0	False	False	2	2	1	DEL-108:0/1:PASS:DV8/TC21:V5ref:T2Tref:hapGT0/1	1	0	0	0	0	-	0	0	0	-	equal	equal	equal
1339	chr4	9575275	9575874	599	9575075	9576074	1	8	8	21	False	0	0.0	2	2	2	21	0.0	False	het	2	-	471	-	-471@9575353	0,-471	0,-471	False	0.0	het	2	-	471	-	-471@9575353	0,-471	0,-471	False	0.0	2	1339.0,1339.1	7,13	20	-471,-5	0	2	0	2	kmeans	2	0	0	0	0	False	False	2	2	1	DEL-471:0/1:PASS:DV7/TC22:V5ref:T2Tref:hapGT0/1	1	0	0	0	0	-	0	0	0	-	equal	equal	equal
1340	chr4	9598866	9599366	500	9598533	9599566	1	26	13	20	True	286	0.006	2	2	2	20	0.0	False	cpx_het	2	size_diff	41	+20@9599186	+20@9599186,+21@9599270	20,41	32,47	False	0.0	cpx_het	2	size_diff	41	+20@9599186	+20@9599186,+21@9599270	20,41	32,47	False	0.0	2	1340.0,1340.1	8,12	20	29,41	0	2	0	2	kmeans	2	0	0	0	0	False	False	1	1	1	INS+41:0/1:PASS:DV19/TC19:V5ref:T2Tref:hapGT0/1	2	0	0	0	0	-	0	0	0	-	equal	equal	equal
1341	chr4	9601367	9601867	500	9601167	9602067	1	10	10	20	False	0	0.0	2	2	2	20	0.0	False	het	2	-	973	-	+973@9601614	0,973	-5,966	False	0.0	het	2	-	973	-	+973@9601614	0,973	-5,966	False	0.0	2	1341.0,1341.1	13,7	20	0,967	0	2	0	2	kmeans	2	2	0	0	0	False	False	2	2	1	INS+973:0/1:PASS:DV7/TC19:V5ref:T2Tref:hapGT0/1	1	0	0	0	0	-	0	0	0	-	equal	equal	equal
1342	chr4	9614932	9615432	500	9614355	9615632	1	17	16	17	True	790	0.526	2	2	2	17	0.0	False	hom	1	-	44	-43@9615306	-44@9615306	-43,-44	-43,-44	False	0.0	hom	1	-	44	-43@9615306	-44@9615306	-43,-44	-43,-44	False	0.0	1	1342.0	17	17	-35	0	1	0	1	kmeans	1	0	0	0	0	False	False	1	1	1	DEL-44:1/1:PASS:DV16/TC16:V5ref:T2Tref:hapGT1/1	1	0	0	0	0	-	0	0	0	-	equal	equal	equal
1343	chr4	9702955	9703455	500	9702755	9703655	1	4	4	18	False	0	0.0	2	2	2	18	0.0	False	het	2	-	3136	-	+3136@9703203	0,3136	0,3136	False	0.0	het	2	-	3136	-	+3136@9703203	0,3136	0,3136	False	0.0	2	1343.0,1343.1	12,5	17	0,3133	0	2	0	2	kmeans	2	2	0	0	0	False	False	2	2	1	INS+3133:0/1:PASS:DV5/TC17:V5ref:T2Tref:hapGT0/1	1	0	0	0	0	-	0	0	0	-	equal	equal	equal
1344	chr4	9740160	9740660	500	9739960	9740860	1	1	1	16	True	405	0.586	2	2	2	15	0.0	False	ref	1	-	0	-	-	0,0	0,0	False	0.0	ref	1	-	0	-	-	0,0	0,0	False	0.0	1	1344.0	16	16	0	0	1	0	1	kmeans	1	1	0	0	0	False	False	1	1	0	-	0	0	0	0	0	-	0	0	0	-	equal	equal	equal
1345	chr4	9926019	9926519	500	9925819	9926719	1	4	4	15	True	152	0.304	2	2	2	15	0.0	False	het	2	-	41	-41@9926245	-	-41,0	-41,0	False	1.0	het	2	-	41	-41@9926245	-	-41,0	-41,0	False	1.0	2	1345.0,1345.1	9,6	15	0,-41	0	2	0	2	kmeans	2	1	0	0	0	False	False	2	2	1	DEL-41:0/1:PASS:DV4/TC12:V5ref:T2Tref:hapGT0/1	1	0	0	0	0	-	0	0	0	-	equal	equal	equal
1346	chr4	9931692	9932192	500	9931492	9932392	1	9	9	19	True	86	0.172	2	2	2	18	0.0	False	het	2	-	46	-	+46@9931962	0,46	-10,46	False	1.0	het	2	-	46	-	+46@9931962	0,46	-10,46	False	1.0	2	1346.0,1346.1	8,11	19	46,-8	0	2	0	2	kmeans	2	3	0	0	0	False	False	2	2	1	INS+40:0/1:PASS:DV8/TC18:V5ref:T2Tref:hapGT0/1	1	0	0	0	0	-	0	0	0	-	equal	equal	equal
1347	chr4	9950549	9951049	500	9950349	9951249	1	12	12	20	False	0	0.0	2	2	2	20	0.0	False	cpx_het	2	opposite_sign	250	+32@9950892	-250@9950666	32,-250	32,-240	False	1.0	cpx_het	2	opposite_sign	250	+32@9950892	-250@9950666	32,-250	32,-240	False	1.0	2	1347.0,1347.1	8,12	20	15,-240	0	2	0	2	kmeans	2	1	0	0	0	False	False	1	1	1	DEL-250:0/1:PASS:DV12/TC20:V5TP:T2TTP:hapGT0/1	1	0	1	0	0	-250:0/1:TP	1	0	0	-250:0/1:TP	equal	equal	equal
1348	chr4	9955111	9955611	500	9954911	9955811	1	12	12	20	False	0	0.0	2	2	2	20	0.0	False	het	2	-	318	-	-318@9955197	0,-318	-1,-319	False	1.0	het	2	-	318	-	-318@9955197	0,-318	-1,-318	False	1.0	2	1348.0,1348.1	8,12	20	0,-318	0	2	0	2	kmeans	2	0	0	0	0	False	False	2	2	1	DEL-318:0/1:PASS:DV12/TC20:V5TP:T2TTP:hapGT0/1	1	0	1	0	0	-318:0/1:TP	1	0	0	-318:0/1:TP	equal	equal	equal
1349	chr4	9981029	9981529	500	9980829	9981729	1	24	24	26	True	408	0.68	2	2	2	26	0.0	False	hom	1	-	378	+378@9981278	+378@9981278	378,378	378,378	False	1.0	hom	1	-	378	+378@9981278	+378@9981278	378,378	378,378	False	1.0	1	1349.0	26	26	378	0	1	0	1	kmeans	1	2	0	0	0	False	False	1	1	1	INS+378:1/1:PASS:DV24/TC24:V5TP:T2TTP:hapGT1/1	1	0	1	0	0	+378:1/1:TP	2	0	0	+378:0/1:TP;+378:1/0:TP	equal	equal	equal
1350	chr4	10131362	10131862	500	10131162	10132062	1	19	16	16	True	376	0.726	2	2	2	16	0.0	False	cpx_het	2	size_diff	92	+92@10131508	+46@10131508	92,46	92,46	False	1.0	cpx_het	2	size_diff	92	+92@10131508	+46@10131508	92,46	92,46	False	1.0	2	1350.0,1350.1	11,5	16	46,92	0	2	0	2	kmeans	2	0	0	0	0	False	False	2	2	2	INS+46:0/1:PASS:DV11/TC16:V5ref:T2Tref:hapGT0/1;INS+92:0/1:PASS:DV5/TC16:V5TP:T2TTP:hapGT0/1	2	0	1	0	0	+92:1/0:TP	1	0	0	+92:1/0:TP	equal	equal	equal
1351	chr4	10134433	10135130	697	10134233	10135330	1	16	16	16	True	614	0.881	2	2	2	16	0.0	False	cpx_het	2	size_diff	391	-221@10134483	-391@10134483	-221,-391	-221,-391	False	1.0	cpx_het	2	size_diff	391	-221@10134483	-391@10134483	-221,-391	-221,-391	False	1.0	2	1351.0,1351.1	6,10	16	-221,-391	0	2	0	2	kmeans	2	0	0	0	0	False	False	2	2	2	DEL-221:0/1:PASS:DV6/TC16:V5TP:T2TTP:hapGT0/1;DEL-391:0/1:PASS:DV10/TC16:V5TP:T2TTP:hapGT0/1	2	0	2	0	0	-221:1/0:TP;-391:0/1:TP	2	0	0	-221:1/0:TP;-391:0/1:TP	equal	equal	equal
1352	chr4	10139848	10140348	500	10139648	10140548	1	9	9	18	True	85	0.17	2	2	2	18	0.0	False	het	2	-	38	-38@10140068	-	-38,0	-40,-19	False	1.0	het	2	-	38	-38@10140068	-	-38,0	-40,-19	False	1.0	2	1352.0,1352.1	9,9	18	-38,-18	0	2	0	2	kmeans	2	1	0	0	0	False	False	2	2	1	DEL-38:0/1:PASS:DV9/TC18:V5ref:T2Tref:hapGT0/1	1	0	0	0	0	-	0	0	0	-	equal	equal	equal
1353	chr4	10144563	10145768	1205	10144363	10145968	1	19	10	19	True	277	0.23	2	2	2	19	0.0	False	het	2	-	180	-	-65@10144613,-115@10145472	0,-180	0,-189	False	1.0	het	2	-	180	-	-65@10144613,-115@10145472	0,-180	0,-189	False	1.0	2	1353.0,1353.1	10,9	19	-180,0	0	2	0	2	kmeans	2	1	0	0	0	False	False	2	2	2	DEL-65:0/1:PASS:DV9/TC19:V5TP:T2TTP:hapGT0/0;DEL-115:0/1:PASS:DV10/TC19:V5TP:T2TTP:hapGT0/0	2	0	2	0	0	-65:0/1:TP;-115:0/1:TP	2	0	0	-65:0/1:TP;-115:0/1:TP	equal	equal	equal
1354	chr4	10209392	10233199	23807	10209192	10233399	2	44	23	27	False	0	0.0	2	2	2	27	0.0	False	hom	1	-	23307	-23307@10209636	-23307@10209636	-23307,-23307	-23307,-23307	False	1.0	hom	1	-	23307	-23307@10209636	-23307@10209636	-23307,-23307	-23307,-23307	False	1.0	1	1354.0	27	27	-23307	0	1	1	1	kmeans	1	1	0	0	0	False	False	1	1	1	DEL-23300:1/1:PASS:DV23/TC26:V5TP:T2TTP:hapGT1/1	1	0	1	0	0	-23307:1/1:TP	1	0	0	-23307:1/1:TP	equal	equal	equal
1356	chr4	10379579	10380118	539	10379314	10380362	1	4	2	20	True	948	1.0	2	2	2	20	0.0	False	ref	1	-	0	-	-	0,0	16,14	False	1.0	ref	1	-	0	-	-	0,0	16,14	False	1.0	1	1356.0	20	20	18	0	1	0	1	kmeans	1	2	0	0	0	False	False	1	1	0	-	0	0	0	0	0	-	0	0	0	-	equal	equal	equal
1357	chr4	10410605	10411105	500	10410405	10411305	1	7	7	24	False	0	0.0	2	2	2	24	0.0	False	het	2	-	32	-32@10410838	-	-32,0	-32,0	False	1.0	het	2	-	32	-32@10410838	-	-32,0	-32,0	False	1.0	2	1357.0,1357.1	8,16	24	-32,0	0	2	0	2	kmeans	2	2	0	0	0	False	False	2	2	1	DEL-32:0/1:PASS:DV7/TC21:V5ref:T2Tref:hapGT0/1	1	0	0	0	0	-	0	0	0	-	equal	equal	equal
1358	chr4	10616541	10617041	500	10616341	10617241	1	7	7	26	False	0	0.0	2	2	2	24	0.0	False	het	2	-	34	+34@10616790	-	34,0	34,-11	False	1.0	het	2	-	34	+34@10616790	-	34,0	34,-11	False	1.0	2	1358.0,1358.1	17,9	26	-8,36	0	2	0	2	kmeans	2	2	0	0	0	False	False	2	2	1	INS+36:0/1:PASS:DV7/TC24:V5ref:T2Tref:hapGT0/1	1	0	0	0	0	-	0	0	0	-	equal	equal	equal
1359	chr4	10630808	10631308	500	10630608	10631508	1	14	13	32	False	0	0.0	2	2	2	26	0.0	False	het	2	-	6075	+6075@10631054	-	6075,0	6075,0	False	1.0	het	2	-	6075	+6075@10631054	-	6075,0	6075,0	False	1.0	2	1359.0,1359.1	14,18	32	0,6064	0	2	0	2	other	0	4	0	0	0	False	False	2	2	1	INS+6064:0/1:PASS:DV13/TC27:V5TP:T2TTP:hapGT0/1	1	0	1	0	0	+6075:1/0:TP	1	0	0	+6075:1/0:TP	equal	equal	equal
1360	chr4	10654284	10655700	1416	10654084	10655900	1	22	14	27	True	63	0.044	2	2	2	26	0.0	False	het	2	-	46	+46@10654393	-	46,0	21,2	False	1.0	het	2	-	46	+46@10654393	-	46,0	21,2	False	1.0	2	1360.0,1360.1	17,10	27	26,0	0	2	0	2	kmeans	2	3	0	0	0	False	False	1	1	1	INS+48:0/1:PASS:DV14/TC24:V5ref:T2Tref:hapGT0/1	1	0	0	0	0	-	0	0	0	-	equal	equal	equal
1361	chr4	10699119	10699619	500	10698919	10699819	1	25	18	18	True	351	0.702	2	2	2	17	0.0	False	cpx_het	2	size_diff	116	+60@10699268	+62@10699237,+54@10699343	60,116	61,130	False	1.0	cpx_het	2	size_diff	116	+60@10699268	+62@10699237,+54@10699343	60,116	61,130	False	1.0	2	1361.0,1361.1	11,7	18	110,52	0	2	0	2	kmeans	2	1	0	0	0	False	False	2	2	2	INS+58:0/1:PASS:DV7/TC18:V5ref:T2Tref:hapGT0/1;INS+104:0/1:PASS:DV11/TC18:V5ref:T2Tref:hapGT0/1	2	0	0	2	1	+62:1/1:FN;+54:0/1:FN	1	2	1	+60:0/1:FN;+60:1/0:FN;+52:0/1:TP	equal	equal	equal
1362	chr4	10720411	10720911	500	10720211	10721111	1	5	5	16	False	0	0.0	2	2	2	16	0.0	False	het	2	-	216	+216@10720654	-	216,0	216,0	False	1.0	het	2	-	216	+216@10720654	-	216,0	216,0	False	1.0	2	1362.0,1362.1	10,6	16	0,211	0	2	0	2	kmeans	2	3	0	0	0	False	False	2	2	1	INS+211:0/1:PASS:DV5/TC13:V5TP:T2TTP:hapGT0/1	1	0	1	0	0	+216:1/0:TP	1	0	0	+216:1/0:TP	equal	equal	equal
1363	chr4	10723657	10724157	500	10723457	10724357	1	6	6	23	False	0	0.0	2	2	2	23	0.043	False	het	2	-	67	+67@10723897	-	67,0	67,0	False	1.0	het	2	-	67	+67@10723897	-	67,0	67,0	False	1.0	2	1363.0,1363.1	16,7	23	0,71	0	2	1	2	kmeans	2	2	0	0	0	False	False	2	2	1	INS+71:0/1:PASS:DV6/TC20:V5TP:T2TTP:hapGT0/1	1	0	1	0	0	+67:1/0:TP	1	0	0	+67:1/0:TP	equal	equal	equal
1364	chr4	10766425	10766925	500	10766225	10767125	1	8	8	25	True	76	0.152	2	2	2	25	0.0	False	cpx_het	2	size_diff	35	+20@10766640	+35@10766640	20,35	20,35	False	1.0	cpx_het	2	size_diff	35	+20@10766640	+35@10766640	20,35	20,35	False	1.0	2	1364.0,1364.1	8,17	25	35,20	0	2	0	2	kmeans	2	1	0	0	0	False	False	2	2	1	INS+35:0/1:PASS:DV8/TC25:V5ref:T2Tref:hapGT0/1	1	0	0	0	0	-	0	0	0	-	equal	equal	equal
1365	chr4	10787221	10787721	500	10787021	10787921	1	34	18	23	True	360	0.72	2	2	2	22	0.0	False	hom	1	-	20	-20@10787338	-20@10787338	-20,-20	-45,-35	False	1.0	het	2	-	20	-	-20@10787338	0,-20	-25,-35	False	1.0	2	1365.0,1365.1	9,14	23	-29,-24	0	2	0	2	kmeans	2	0	0	0	0	False	False	1	1	0	-	0	0	0	0	0	-	0	0	0	-	over	equal	over
1366	chr4	10903028	10903528	500	10902828	10903728	1	25	25	25	True	182	0.364	2	2	2	25	0.0	False	hom	1	-	36	-36@10903253	-36@10903253	-36,-36	-40,-40	False	1.0	hom	1	-	36	-36@10903253	-36@10903253	-36,-36	-40,-40	False	1.0	1	1366.0	25	25	-36	0	1	0	1	kmeans	1	1	0	0	0	False	False	1	1	1	DEL-36:1/1:PASS:DV25/TC25:V5ref:T2Tref:hapGT1/1	1	0	0	0	0	-	0	0	0	-	equal	equal	equal
1367	chr4	10916042	10916542	500	10915842	10916742	1	10	10	24	True	73	0.146	2	2	2	24	0.0	False	cpx_het	2	size_diff	45	-45@10916264	-25@10916264	-45,-25	-45,-25	False	1.0	cpx_het	2	size_diff	45	-45@10916264	-25@10916264	-45,-25	-45,-25	False	1.0	2	1367.0,1367.1	12,12	24	-25,-45	0	2	0	2	kmeans	2	4	0	0	0	False	False	2	2	1	DEL-45:0/1:PASS:DV10/TC22:V5ref:T2Tref:hapGT0/1	1	0	0	0	0	-	0	0	0	-	equal	equal	equal
1368	chr4	10963704	10964204	500	10963504	10964404	1	8	8	25	True	752	1.0	2	2	2	25	0.0	False	het	2	-	50	-	+50@10963949	0,50	0,43	False	1.0	het	2	-	50	-	+50@10963949	0,50	0,43	False	1.0	2	1368.0,1368.1	8,17	25	43,0	0	2	0	2	kmeans	2	0	0	0	0	False	False	2	2	1	INS+50:0/1:PASS:DV8/TC22:V5TP:T2TTP:hapGT0/1	1	0	1	0	0	+50:0/1:TP	1	0	0	+50:0/1:TP	equal	equal	equal
1369	chr4	11054915	11055415	500	11054715	11055615	1	13	13	27	True	87	0.174	2	2	2	27	0.0	False	het	2	-	35	-	+35@11055139	0,35	10,35	False	1.0	het	2	-	35	-	+35@11055139	0,35	10,35	False	1.0	2	1369.0,1369.1	13,14	27	35,6	0	2	0	2	kmeans	2	0	0	0	0	False	False	2	2	1	INS+35:0/1:PASS:DV13/TC27:V5ref:T2Tref:hapGT0/1	1	0	0	0	0	-	0	0	0	-	equal	equal	equal
1370	chr4	11105368	11105868	500	11105168	11106068	1	9	9	18	False	0	0.0	2	2	2	18	0.0	False	het	2	-	35	-	+35@11105608	0,35	0,35	False	1.0	het	2	-	35	-	+35@11105608	0,35	0,35	False	1.0	2	1370.0,1370.1	9,9	18	37,0	0	2	0	2	kmeans	2	1	0	0	0	False	False	2	2	1	INS+37:0/1:PASS:DV9/TC17:V5ref:T2Tref:hapGT0/1	1	0	0	0	0	-	0	0	0	-	equal	equal	equal
1371	chr4	11140327	11140827	500	11140127	11141027	1	9	8	43	True	284	0.568	2	2	2	31	0.032	False	ref	1	-	0	-	-	0,0	12,-6	False	1.0	ref	1	-	0	-	-	0,0	12,-6	False	1.0	1	1371.0	43	43	12	0	1	0	1	kmeans	1	1	0	0	0	False	False	1	1	0	-	0	0	0	0	0	-	0	0	0	-	equal	equal	equal
1372	chr4	11444881	11445381	500	11444681	11445581	1	35	25	27	True	205	0.41	2	2	2	27	0.0	False	cpx_het	2	opposite_sign	153	-131@11445079,-148@11445092,+432@11445234	-148@11445092	153,-148	156,-146	False	1.0	cpx_het	2	opposite_sign	301	-131@11445079,+432@11445234	-148@11445092	301,-148	304,-146	False	1.0	2	1372.0,1372.1	11,16	27	289,-145	0	2	0	2	kmeans	2	2	0	0	0	False	False	1	2	2	INS+265:0/1:PASS:DV11/TC26:V5ref:T2Tref:hapGT0/0;DEL-145:0/1:PASS:DV15/TC27:V5ref:T2Tref:hapGT0/1	2	0	1	2	0	-148:0/1:FN;+54:1/0:TP;+208:1/0:FN	1	2	0	-148:0/1:FN;+54:1/0:TP;+208:1/0:FN	equal	equal	equal
1373	chr4	11452898	11453398	500	11452698	11453598	1	20	20	22	False	0	0.0	2	2	2	22	0.0	False	cpx_het	2	size_diff	64	+64@11453143	+39@11453147	64,39	64,39	False	0.919	cpx_het	2	size_diff	64	+64@11453143	+39@11453147	64,39	64,39	False	0.919	1	1373.0	22	22	63	0	1	0	1	kmeans	1	0	0	0	0	False	False	1	1	1	INS+63:1/1:PASS:DV22/TC22:V5ref:T2Tref:hapGT0/1	1	1	0	0	0	-	0	0	0	-	under	under	under
1374	chr4	11454721	11455221	500	11454521	11455421	1	43	26	27	True	209	0.418	2	2	2	25	0.0	False	hom	1	-	101	+101@11454866	+101@11454980	101,101	108,108	False	1.0	hom	1	-	101	+101@11454866	+101@11454980	101,101	108,108	False	1.0	1	1374.0	27	27	109	0	1	0	1	kmeans	1	1	0	0	0	False	False	1	1	1	INS+99:1/1:PASS:DV27/TC27:V5TP:T2TTP:hapGT1/1	1	0	1	0	0	+101:1/1:TP	2	0	0	+101:1/0:TP;+101:0/1:TP	equal	equal	equal
1375	chr4	11468275	11468775	500	11468075	11468975	1	18	18	18	True	215	0.43	2	2	2	18	0.0	False	cpx_het	2	size_diff	140	-46@11468466,-94@11468474	-94@11468474	-140,-94	-140,-94	False	1.0	cpx_het	2	size_diff	94	-46@11468466	-94@11468474	-46,-94	-46,-94	False	1.0	2	1375.0,1375.1	10,8	18	-88,-44	0	2	0	2	kmeans	2	0	0	0	0	False	False	1	2	2	DEL-44:0/1:PASS:DV8/TC18:V5ref:T2Tref:hapGT0/0;DEL-88:0/1:PASS:DV10/TC18:V5TP:T2TTP:hapGT0/1	2	0	1	0	0	-94:0/1:TP	1	0	0	-94:0/1:TP	equal	equal	equal
1376	chr4	11565564	11566064	500	11565364	11566264	1	12	6	13	True	202	0.404	2	2	2	13	0.0	False	het	2	-	228	+228@11565769	-	228,0	208,0	False	1.0	het	2	-	228	+228@11565769	-	228,0	208,0	False	1.0	2	1376.0,1376.1	8,5	13	199,0	0	2	0	2	kmeans	2	2	0	0	0	False	False	2	2	2	INS+57:0/1:PASS:DV6/TC11:V5ref:T2Tref:hapGT0/0;INS+127:0/1:PASS:DV7/TC12:V5ref:T2Tref:hapGT0/0	2	0	2	0	0	+75:1/0:TP;+136:1/0:TP	2	0	0	+75:1/0:TP;+136:1/0:TP	equal	equal	equal
1377	chr4	11717221	11717721	500	11717021	11717921	1	18	9	23	True	195	0.39	2	2	2	23	0.0	False	het	2	-	2308	-	+2344@11717445,-36@11717523	0,2308	0,2308	False	1.0	het	2	-	2308	-	+2344@11717445,-36@11717523	0,2308	0,2308	False	1.0	2	1377.0,1377.1	16,7	23	0,2319	0	2	0	2	kmeans	2	1	0	0	0	False	False	2	2	2	INS+2355:0/1:PASS:DV5/TC20:V5TP:T2TTP:hapGT0/1;DEL-36:0/1:PASS:DV5/TC20:V5ref:T2Tref:hapGT0/0	2	0	1	0	0	+2344:0/1:TP	1	0	0	+2344:0/1:TP	equal	equal	equal
1378	chr4	11934204	11934704	500	11934004	11934904	1	6	6	19	True	113	0.226	2	2	2	19	0.053	False	het	2	-	36	-36@11934436	-	-36,0	-42,-4	False	1.0	het	2	-	36	-36@11934436	-	-36,0	-38,-4	False	1.0	2	1378.0,1378.1	11,7	18	0,-36	0	2	0	2	kmeans	2	0	0	0	0	False	False	2	2	1	DEL-36:0/1:PASS:DV6/TC18:V5ref:T2Tref:hapGT0/1	1	0	0	0	0	-	0	0	0	-	equal	equal	equal
1379	chr4	12107879	12109556	1677	12107679	12109832	1	40	21	29	True	1924	1.0	2	2	2	28	0.0	False	cpx_het	2	opposite_sign	390	-75@12108062	+37@12107938,+353@12108962,-52@12109227,+23@12109380,+29@12109502	-75,390	-63,399	False	0.157	cpx_het	2	opposite_sign	390	-75@12108062	+37@12107938,+353@12108962,-52@12109227,+23@12109380,+29@12109502	-75,390	-63,399	False	0.157	2	1379.0,1379.1	13,16	29	417,-65	0	2	0	2	other	0	4	0	0	0	False	False	2	2	3	INS+31:0/1:PASS:DV9/TC22:V5ref:T2Tref:hapGT0/0;DEL-75:0/1:PASS:DV11/TC20:V5ref:T2Tref:hapGT0/1;INS+355:0/1:PASS:DV10/TC22:V5ref:T2Tref:hapGT0/1	3	0	0	0	0	-	0	0	0	-	equal	equal	equal
1380	chr4	12237403	12238098	695	12237203	12238420	1	78	28	30	True	917	0.928	2	2	2	29	0.0	False	hom	1	-	207	+139@12237652,+50@12238039	+139@12237652,+26@12238017,+42@12238044	189,207	199,213	False	1.0	hom	1	-	207	+139@12237652,+50@12238039	+139@12237652,+26@12238017,+42@12238044	189,207	199,213	False	1.0	1	1380.0	30	30	218	0	1	0	1	kmeans	1	1	0	0	0	False	False	1	1	2	INS+138:1/1:PASS:DV29/TC29:V5ref:T2Tref:hapGT0/1;INS+72:1/1:PASS:DV28/TC30:V5ref:T2Tref:hapGT0/0	2	1	1	1	1	+139:1/1:TP;+50:1/0:FN	1	1	1	+139:1/1:TP;+50:1/0:FN	equal	equal	equal
1381	chr4	12386048	12386548	500	12385848	12386768	1	18	15	27	True	772	1.0	2	2	2	27	0.0	False	het	2	-	80	-	+80@12386246	0,80	0,83	False	1.0	het	2	-	80	-	+80@12386246	0,80	0,83	False	1.0	2	1381.0,1381.1	12,15	27	0,80	0	2	0	2	kmeans	2	1	0	0	0	False	False	2	2	1	INS+80:0/1:PASS:DV15/TC24:V5TP:T2TTP:hapGT0/1	1	0	1	0	0	+80:0/1:TP	1	0	0	+80:0/1:TP	equal	equal	equal
1382	chr4	12407112	12407612	500	12406912	12407812	1	14	14	22	False	0	0.0	2	2	2	21	0.0	False	het	2	-	56	-	+56@12407352	0,56	0,56	False	1.0	het	2	-	56	-	+56@12407352	0,56	0,56	False	1.0	2	1382.0,1382.1	8,14	22	0,50	0	2	0	2	kmeans	2	1	0	0	0	False	False	2	2	1	INS+50:0/1:PASS:DV14/TC22:V5TP:T2TTP:hapGT0/1	1	0	1	0	0	+56:0/1:TP	1	0	0	+56:0/1:TP	equal	equal	equal
1383	chr4	12648354	12648854	500	12648154	12649080	1	15	10	15	True	770	1.0	2	2	2	15	0.0	False	cpx_het	2	size_diff	1468	+1468@12648593	+498@12648575	1468,498	1459,498	False	1.0	cpx_het	2	size_diff	1468	+1468@12648593	+498@12648575	1468,498	1459,498	False	1.0	2	1383.0,1383.1	9,6	15	498,1478	0	2	0	2	other	0	4	0	0	0	False	False	2	2	2	INS+498:0/1:PASS:DV8/TC14:V5TP:T2TTP:hapGT0/1;INS+1469:0/1:PASS:DV5/TC13:V5TP:T2TTP:hapGT0/1	2	0	2	0	0	+498:0/1:TP;+1468:1/0:TP	2	0	0	+498:0/1:TP;+1468:1/0:TP	equal	equal	equal
1384	chr4	12665598	12667296	1698	12665398	12667496	1	37	11	11	True	1730	0.981	2	2	2	10	0.0	False	cpx_het	2	size_diff	1146	+317@12665815,+612@12666000,+119@12666062,-152@12666151,+185@12666346,-32@12666884,+38@12667167,+59@12667246	+126@12666111,+32@12666762	1146,158	1147,158	False	1.0	cpx_het	2	size_diff	1146	+317@12665815,+612@12666000,+119@12666062,-152@12666151,+185@12666346,-32@12666884,+38@12667167,+59@12667246	+126@12666111,+32@12666762	1146,158	1147,158	False	1.0	2	1384.0,1384.1	4,7	11	158,238	0	1	0	2	other	0	1	0	0	0	False	False	1	1	4	INS+126:0/1:PASS:DV4/TC10:V5ref:T2Tref:hapGT0/1;INS+185:0/1:PASS:DV6/TC10:V5ref:T2Tref:hapGT0/1;INS+32:0/1:PASS:DV4/TC10:V5ref:T2Tref:hapGT0/0;INS+58:0/1:PASS:DV7/TC11:V5ref:T2Tref:hapGT0/0	5	0	3	2	0	+721:1/0:FN;+119:0/1:FN;+130:1/0:TP;+185:1/0:TP;+59:1/0:TP	3	2	0	+721:1/0:FN;+126:0/1:TP;+128:1/0:FN;+185:1/0:TP;+57:1/0:TP	equal	equal	equal
1385	chr4	12713435	12715631	2196	12713235	12715831	1	56	18	25	True	2091	0.952	2	2	2	21	0.0	False	hom	1	-	352	-67@12713916,+401@12714032,-34@12714606,+26@12715189,+26@12715267	-67@12713916,+345@12714032,-34@12714606,+33@12714904,+26@12715189,+26@12715267	352,329	333,312	False	1.0	hom	1	-	352	-67@12713916,+401@12714032,-34@12714606,+26@12715189,+26@12715267	-67@12713916,+345@12714032,-34@12714606,+33@12714904,+26@12715189,+26@12715267	352,329	333,312	False	1.0	2	1385.0,1385.1	6,19	25	180,350	0	1	0	2	kmeans	2	6	0	0	0	False	False	1	1	2	INS+197:0/1:PASS:DV13/TC17:V5ref:T2Tref:hapGT0/0;INS+88:1/1:PASS:DV14/TC17:V5ref:T2Tref:hapGT0/0	2	0	3	1	0	+237:1/1:TP;+87:0/1:TP;+87:1/0:TP;-50:0/1:FN	3	1	0	+237:1/1:TP;+87:0/1:TP;+87:1/0:TP;-50:0/1:FN	over	over	over
1386	chr4	12889341	12889841	500	12889141	12890041	1	2	2	22	False	0	0.0	2	2	2	21	0.0	False	ref	1	-	0	-	-	0,0	26,26	False	1.0	ref	1	-	0	-	-	0,0	26,26	False	1.0	1	1386.0	22	22	26	0	1	0	1	kmeans	1	1	0	0	0	False	False	0	0	0	-	0	0	0	0	0	-	0	0	0	-	equal	equal	equal
1387	chr4	12934286	12934786	500	12934086	12934986	1	6	6	20	True	62	0.124	2	2	2	20	0.0	False	hom	1	-	30	+30@12934508	+30@12934508	30,30	30,30	False	1.0	hom	1	-	30	+30@12934508	+30@12934508	30,30	30,30	False	1.0	1	1387.0	20	20	29	0	1	0	1	kmeans	1	3	0	0	0	False	False	1	1	0	-	0	0	0	0	0	-	0	0	0	-	equal	equal	equal
1388	chr4	12945593	12946093	500	12945393	12946293	1	15	14	19	True	213	0.426	2	2	2	19	0.0	False	cpx_het	2	size_diff	44	+28@12945920	+44@12945920	28,44	32,48	False	1.0	cpx_het	2	size_diff	44	+28@12945920	+44@12945920	28,44	32,48	False	1.0	2	1388.0,1388.1	13,6	19	48,28	0	2	0	2	kmeans	2	1	0	0	0	False	False	2	2	1	INS+48:0/1:PASS:DV13/TC19:V5ref:T2Tref:hapGT0/1	1	0	0	0	0	-	0	0	0	-	equal	equal	equal
1389	chr4	13061520	13062509	989	13061320	13062709	1	37	16	18	True	993	0.854	2	2	2	18	0.0	False	hom	1	-	158	-158@13062056	-158@13062056	-158,-158	-174,-174	False	1.0	hom	1	-	158	-158@13062056	-158@13062056	-158,-158	-174,-174	False	1.0	1	1389.0	18	18	-171	0	1	0	1	kmeans	1	1	0	0	0	False	False	1	1	1	DEL-157:1/1:PASS:DV16/TC16:V5TP:T2TTP:hapGT1/1	1	0	1	0	0	-158:1/1:TP	1	0	0	-158:1/1:TP	equal	equal	equal
1390	chr4	13226327	13226827	500	13226127	13227027	1	13	13	34	False	0	0.0	2	2	2	34	0.0	False	het	2	-	1863	-	+1863@13226580	0,1863	0,1863	False	1.0	het	2	-	1863	-	+1863@13226580	0,1863	0,1863	False	1.0	2	1390.0,1390.1	20,13	33	1863,0	0	2	0	2	other	0	2	0	0	0	False	False	2	2	1	INS+1863:0/1:PASS:DV18/TC32:V5TP:T2TTP:hapGT0/1	1	0	1	0	0	+1863:0/1:TP	1	0	0	+1863:0/1:TP	equal	equal	equal
1391	chr4	13232681	13233181	500	13232481	13233381	1	18	16	30	True	230	0.46	2	2	2	30	0.0	False	het	2	-	66	-	-66@13232978	0,-66	-4,-48	False	1.0	het	2	-	66	-	-66@13232978	0,-66	-4,-48	False	1.0	1	1391.1	30	30	-29	0	1	0	1	kmeans	2	2	1	0	0	False	False	0	0	0	-	0	0	0	1	0	-66:0/1:FN	0	1	0	-66:0/1:FN	under	under	under
1392	chr4	13306980	13307480	500	13306780	13307680	1	7	5	15	True	326	0.652	2	2	2	15	0.0	False	cpx_het	2	opposite_sign	44	-20@13307167	+76@13307114,-36@13307142,-20@13307167,+24@13307345	-20,44	-8,51	False	0.61	cpx_het	2	opposite_sign	64	-20@13307167	+76@13307114,-36@13307142,+24@13307345	-20,64	-8,71	False	0.61	2	1392.0,1392.1	10,5	15	-6,72	0	2	0	2	kmeans	2	1	0	0	0	False	False	0	1	1	INS+42:0/1:PASS:DV5/TC14:V5ref:T2Tref:hapGT0/1	1	0	0	0	0	-	0	0	0	-	equal	equal	equal
1393	chr4	13760967	13761467	500	13760767	13762211	1	18	16	17	True	1175	0.962	2	2	2	17	0.0	False	hom	1	-	146	+146@13761219	+146@13761219	146,146	133,138	False	1.0	hom	1	-	146	+146@13761219	+146@13761219	146,146	133,138	False	1.0	1	1393.0	17	17	140	0	1	0	1	kmeans	1	1	0	0	0	False	False	1	1	1	INS+146:1/1:PASS:DV17/TC17:V5TP:T2TTP:hapGT1/1	1	0	1	0	0	+146:1/1:TP	2	0	0	+146:1/0:TP;+146:0/1:TP	equal	equal	equal
1394	chr4	13940537	13941037	500	13940337	13941237	1	21	21	26	True	72	0.144	2	2	2	26	0.0	False	hom	1	-	31	-31@13940762	-31@13940762	-31,-31	-31,-31	False	1.0	hom	1	-	31	-31@13940762	-31@13940762	-31,-31	-31,-31	False	1.0	1	1394.0	26	26	-31	0	1	0	1	kmeans	1	3	0	0	0	False	False	1	1	1	DEL-31:1/1:PASS:DV24/TC24:V5ref:T2Tref:hapGT1/1	1	0	0	0	0	-	0	0	0	-	equal	equal	equal
1395	chr4	14072206	14072706	500	14072006	14073005	1	9	9	30	True	625	0.752	2	2	2	29	0.0	False	het	2	-	33	-33@14072433	-	-33,0	-33,0	False	1.0	het	2	-	33	-33@14072433	-	-33,0	-33,0	False	1.0	1	1395.0	30	30	0	0	1	0	1	kmeans	1	4	0	0	0	False	False	0	0	0	-	0	0	0	0	0	-	0	0	0	-	under	under	under
1396	chr4	14204504	14205004	500	14204304	14205204	1	25	25	29	True	113	0.226	2	2	2	29	0.0	False	cpx_het	2	size_diff	151	-76@14204700,-75@14204727	-75@14204727	-151,-75	-151,-75	False	1.0	hom	1	-	76	-76@14204700	-75@14204727	-76,-75	-76,-75	False	1.0	1	1396.0	28	28	-73	0	1	0	1	kmeans	1	4	0	0	0	False	False	0	1	1	DEL-73:1/1:PASS:DV25/TC28:V5TP:T2TTP:hapGT0/1	1	1	1	0	0	-76:1/1:TP	2	0	0	-76:1/0:TP;-75:0/1:TP	under	equal	under
1397	chr4	14491487	14491987	500	14491287	14492187	1	4	4	20	True	462	0.844	2	2	2	20	0.0	False	het	2	-	74	-	-74@14491700	0,-74	0,-60	False	1.0	het	2	-	74	-	-74@14491700	0,-74	0,-60	False	1.0	2	1397.0,1397.1	12,8	20	0,-62	0	2	0	2	kmeans	2	2	0	0	0	False	False	2	2	1	DEL-74:0/1:PASS:DV5/TC17:V5TP:T2TTP:hapGT0/1	1	0	1	0	0	-74:0/1:TP	1	0	0	-74:0/1:TP	equal	equal	equal
1398	chr4	14560681	14561181	500	14560481	14561381	1	3	3	29	True	61	0.122	2	2	2	28	0.0	False	cpx_het	2	near_hom_le10bp	28	+20@14560908	+28@14560908	20,28	19,27	False	1.0	cpx_het	2	near_hom_le10bp	28	+20@14560908	+28@14560908	20,28	19,27	False	1.0	1	1398.0	29	29	28	0	1	0	1	kmeans	1	0	0	0	0	False	False	1	1	0	-	0	0	0	0	0	-	0	0	0	-	under	under	under
1399	chr4	14637700	14638200	500	14637500	14638400	1	16	16	19	True	237	0.474	2	2	2	19	0.0	False	hom	1	-	45	+45@14637971	+42@14637929	45,42	45,39	False	1.0	hom	1	-	45	+45@14637971	+42@14637929	45,42	45,39	False	1.0	1	1399.0	19	19	48	0	1	0	1	kmeans	1	0	0	0	0	False	False	1	1	1	INS+48:1/1:PASS:DV16/TC16:V5ref:T2Tref:hapGT1/1	1	0	0	0	0	-	0	0	0	-	equal	equal	equal
1400	chr4	14726039	14726539	500	14725839	14726739	1	27	27	32	False	0	0.0	2	2	2	32	0.0	False	hom	1	-	95	+95@14726288	+95@14726288	95,95	95,95	False	1.0	hom	1	-	95	+95@14726288	+95@14726288	95,95	95,95	False	1.0	1	1400.0	32	32	95	0	1	0	1	kmeans	1	2	0	0	0	False	False	1	1	1	INS+95:1/1:PASS:DV27/TC29:V5TP:T2TTP:hapGT1/1	1	0	1	0	0	+95:1/1:TP	1	0	0	+95:1/1:TP	equal	equal	equal
1401	chr4	14786670	14787170	500	14786470	14787784	1	10	10	13	True	974	0.82	2	2	2	12	0.0	False	cpx_het	2	size_diff	118	-31@14786830	-87@14786830,-31@14786831	-31,-118	-31,-118	False	1.0	cpx_het	2	size_diff	87	-31@14786830	-87@14786830	-31,-87	-31,-87	False	1.0	2	1401.0,1401.1	7,6	13	-83,-31	0	2	0	2	kmeans	2	2	0	0	0	False	False	2	2	2	DEL-83:0/1:PASS:DV6/TC11:V5TP:T2TTP:hapGT0/1;DEL-31:0/1:PASS:DV5/TC11:V5ref:T2Tref:hapGT0/1	2	0	1	0	0	-87:0/1:TP	1	0	0	-87:0/1:TP	equal	equal	equal
1402	chr4	14796517	14797017	500	14796317	14797217	1	9	9	17	False	0	0.0	2	2	2	16	0.0	False	het	2	-	56	+56@14796767	-	56,0	56,8	False	0.914	het	2	-	56	+56@14796767	-	56,0	56,8	False	0.914	2	1402.0,1402.1	7,10	17	8,56	0	2	0	2	kmeans	2	1	0	0	0	False	False	2	2	1	INS+56:0/1:PASS:DV9/TC17:V5ref:T2Tref:hapGT0/1	1	0	0	0	0	-	0	0	0	-	equal	equal	equal
1403	chr4	14836644	14837437	793	14836266	14837637	1	10	3	18	True	1241	1.0	2	2	2	17	0.0	False	het	2	-	13	-	+27@14836396,-76@14836803,+36@14837329	0,-13	-18,11	False	1.0	het	2	-	13	-	+27@14836396,-76@14836803,+36@14837329	0,-13	-18,11	False	1.0	1	1403.0	18	18	-69	0	0	1	1	kmeans	1	2	0	0	0	False	False	0	0	0	-	2	0	0	0	1	-	0	0	1	-	under	under	under
1404	chr4	14844848	14845348	500	14844648	14845548	1	13	11	18	True	165	0.33	2	2	2	17	0.0	False	het	2	-	42	-	-42@14845083	0,-42	0,-42	False	1.0	het	2	-	42	-	-42@14845083	0,-42	0,-42	False	1.0	2	1404.0,1404.1	6,12	18	0,-42	0	2	0	2	kmeans	2	2	0	0	0	False	False	2	2	1	DEL-42:0/1:PASS:DV11/TC16:V5ref:T2Tref:hapGT0/1	1	0	0	0	0	-	0	0	0	-	equal	equal	equal
1405	chr4	14914403	14914903	500	14914203	14915103	1	16	13	15	True	578	1.0	2	2	2	15	0.0	False	cpx_het	2	size_diff	353	+353@14914594	+302@14914594	353,302	353,302	False	1.0	cpx_het	2	size_diff	353	+353@14914594	+302@14914594	353,302	353,302	False	1.0	2	1405.0,1405.1	4,11	15	302,353	0	2	0	2	kmeans	2	1	0	0	0	False	False	2	2	2	INS+353:0/1:PASS:DV9/TC13:V5TP:T2TTP:hapGT1/1;INS+302:0/1:PASS:DV4/TC13:V5TP:T2TTP:hapGT1/1	2	2	2	0	0	+353:1/0:TP;+302:0/1:TP	2	0	0	+353:1/0:TP;+302:0/1:TP	equal	equal	equal
1406	chr4	14922132	14924132	2000	14921932	14924332	1	27	14	17	True	1977	0.989	2	2	2	12	0.083	False	cpx_het	2	size_diff	2558	+2520@14922633,+38@14922774	+1906@14922620	2558,1906	2560,1906	False	1.0	cpx_het	2	size_diff	2558	+2520@14922633,+38@14922774	+1906@14922620	2558,1906	2560,1906	False	1.0	2	1406.0,1406.1	10,7	17	2565,1914	0	1	0	2	other	0	2	0	0	0	False	False	2	2	3	INS+1914:0/1:PASS:DV6/TC13:V5TP:T2TTP:hapGT1/1;INS+2526:0/1:PASS:DV7/TC13:V5TP:T2TTP:hapGT1/1;INS+39:0/1:PASS:DV6/TC14:V5ref:T2Tref:hapGT0/0	3	2	2	0	0	+1906:0/1:TP;+2520:1/0:TP	2	0	0	+1906:0/1:TP;+2520:1/0:TP	equal	equal	equal
1407	chr4	14933153	14933653	500	14932953	14933853	1	5	5	16	True	301	0.602	2	2	2	16	0.0	False	het	2	-	32	+32@14933385	-	32,0	32,0	False	1.0	het	2	-	32	+32@14933385	-	32,0	32,0	False	1.0	2	1407.0,1407.1	8,8	16	32,0	0	2	0	2	kmeans	2	1	0	0	0	False	False	2	2	1	INS+32:0/1:PASS:DV6/TC14:V5ref:T2Tref:hapGT0/1	1	0	0	0	0	-	0	0	0	-	equal	equal	equal
1408	chr4	15212532	15213032	500	15212332	15213232	1	22	22	24	True	153	0.306	2	2	2	24	0.0	False	hom	1	-	76	-76@15212731	-76@15212731	-76,-76	-76,-76	False	1.0	hom	1	-	76	-76@15212731	-76@15212731	-76,-76	-76,-76	False	1.0	1	1408.0	24	24	-76	0	1	0	1	kmeans	1	3	0	0	0	False	False	1	1	1	DEL-76:1/1:PASS:DV22/TC24:V5TP:T2TTP:hapGT1/1	1	0	1	0	0	-76:1/1:TP	1	0	0	-76:1/1:TP	equal	equal	equal
1409	chr4	15350053	15350553	500	15349853	15350753	1	26	23	23	True	452	0.826	2	2	2	21	0.0	False	hom	1	-	179	+179@15350308	+179@15350308	179,179	179,179	False	1.0	hom	1	-	179	+179@15350308	+179@15350308	179,179	179,179	False	1.0	1	1409.0	23	23	179	0	1	0	1	kmeans	1	0	0	0	0	False	False	1	1	1	INS+179:1/1:PASS:DV23/TC23:V5TP:T2TTP:hapGT1/1	1	0	1	0	0	+179:1/1:TP	1	0	0	+179:1/1:TP	equal	equal	equal
1410	chr4	15450326	15450826	500	15450126	15451026	1	18	18	31	True	71	0.142	2	2	2	31	0.0	False	cpx_het	2	one_net_small	30	+20@15450512,-30@15450545	-30@15450545	-10,-30	-13,-25	False	1.0	cpx_het	2	one_net_small	30	+20@15450512,-30@15450545	-30@15450545	-10,-30	-13,-25	False	1.0	2	1410.0,1410.1	15,15	30	-23,-13	0	2	0	2	kmeans	2	1	0	0	0	False	False	2	2	1	DEL-30:0/1:PASS:DV15/TC30:V5ref:T2Tref:hapGT0/1	1	0	0	0	0	-	0	0	0	-	equal	equal	equal
1411	chr4	15615316	15615816	500	15615116	15616319	1	19	19	19	True	888	0.87	2	2	2	18	0.0	False	hom	1	-	238	+238@15615473	+238@15615473	238,238	238,238	False	1.0	hom	1	-	238	+238@15615473	+238@15615473	238,238	238,238	False	1.0	1	1411.0	19	19	238	0	1	0	1	kmeans	1	0	0	0	0	False	False	1	1	1	INS+238:1/1:PASS:DV19/TC19:V5TP:T2TTP:hapGT1/1	1	0	1	0	0	+238:1/1:TP	1	0	0	+238:1/1:TP	equal	equal	equal
1412	chr4	15791091	15791636	545	15790054	15791955	1	11	11	19	True	1801	1.0	2	2	2	18	0.0	False	het	2	-	403	-	-403@15791141	0,-403	0,-396	False	1.0	het	2	-	403	-	-403@15791141	0,-403	0,-396	False	1.0	2	1412.0,1412.1	13,6	19	-391,0	0	2	0	2	kmeans	2	1	0	0	0	False	False	2	2	1	DEL-403:0/1:PASS:DV11/TC17:V5TP:T2TTP:hapGT0/1	1	0	1	0	0	-403:0/1:TP	1	0	0	-403:0/1:TP	equal	equal	equal
1413	chr4	15867652	15868152	500	15867452	15868352	1	35	11	15	True	516	0.932	2	2	2	14	0.0	False	cpx_het	2	size_diff	151	+151@15867863	+35@15867869,+26@15867962	151,61	170,84	False	1.0	cpx_het	2	size_diff	151	+151@15867863	+35@15867869,+26@15867962	151,61	170,84	False	1.0	2	1413.0,1413.1	7,8	15	85,166	0	2	0	2	kmeans	2	3	0	0	0	False	False	2	2	2	INS+151:0/1:PASS:DV7/TC14:V5TP:T2TTP:hapGT0/1;INS+35:0/1:PASS:DV6/TC14:V5ref:T2Tref:hapGT0/0	2	0	1	0	0	+151:1/0:TP	1	0	0	+151:1/0:TP	equal	equal	equal
1414	chr4	15985640	15986140	500	15985440	15986340	1	11	10	12	False	0	0.0	2	2	2	11	0.0	False	hom	1	-	42	+42@15985886	+42@15985886	42,42	42,42	False	1.0	hom	1	-	42	+42@15985886	+42@15985886	42,42	42,42	False	1.0	1	1414.0	11	11	42	0	1	0	1	kmeans	1	0	0	0	0	False	False	1	1	1	INS+42:1/1:PASS:DV9/TC10:V5ref:T2Tref:hapGT1/1	1	0	0	0	0	-	0	0	0	-	equal	equal	equal
1415	chr4	16109982	16110482	500	16109782	16110682	1	11	7	30	True	235	0.47	2	2	2	18	0.0	False	cpx_het	2	size_diff	75	+75@16110297	+24@16110212	75,24	83,26	False	1.0	cpx_het	2	size_diff	75	+75@16110297	+24@16110212	75,24	83,26	False	1.0	2	1415.0,1415.1	11,8	19	23,81	0	2	0	2	kmeans	2	0	0	0	0	False	False	2	2	2	INS+50:0/1:PASS:DV7/TC18:V5ref:T2Tref:hapGT0/0;INS+31:0/1:PASS:DV7/TC18:V5ref:T2Tref:hapGT0/1	2	0	1	0	0	+68:1/0:TP	1	0	0	+68:1/0:TP	equal	equal	equal
1416	chr4	16159231	16159731	500	16159031	16159931	1	8	8	19	False	0	0.0	2	2	2	19	0.0	False	het	2	-	42	+42@16159481	-	42,0	42,0	False	1.0	het	2	-	42	+42@16159481	-	42,0	42,0	False	1.0	2	1416.0,1416.1	11,8	19	0,42	0	2	0	2	kmeans	2	1	0	0	0	False	False	2	2	1	INS+42:0/1:PASS:DV8/TC19:V5ref:T2Tref:hapGT0/1	1	0	0	0	0	-	0	0	0	-	equal	equal	equal
1417	chr4	16323315	16323815	500	16323115	16324015	1	15	14	17	True	427	0.842	2	2	2	17	0.0	False	hom	1	-	120	-120@16323596	-120@16323596	-120,-120	-120,-120	False	1.0	hom	1	-	120	-120@16323596	-120@16323596	-120,-120	-120,-120	False	1.0	1	1417.0	17	17	-120	0	1	0	1	kmeans	2	1	1	0	0	False	False	1	1	1	DEL-120:1/1:PASS:DV15/TC15:V5TP:T2TTP:hapGT1/1	1	0	1	0	0	-120:1/1:TP	1	0	0	-120:1/1:TP	equal	equal	equal
1418	chr4	16393288	16393788	500	16392998	16394400	1	23	22	24	True	1302	1.0	2	2	2	23	0.0	False	cpx_het	2	size_diff	80	+80@16393501	+40@16393544	80,40	85,52	False	1.0	cpx_het	2	size_diff	80	+80@16393501	+40@16393544	80,40	85,52	False	1.0	2	1418.0,1418.1	15,9	24	52,86	0	2	0	2	kmeans	2	0	0	0	0	False	False	2	2	2	INS+80:0/1:PASS:DV8/TC23:V5TP:T2TTP:hapGT0/1;INS+40:0/1:PASS:DV15/TC23:V5ref:T2Tref:hapGT0/1	2	0	1	0	0	+80:1/0:TP	1	0	0	+80:1/0:TP	equal	equal	equal
1419	chr4	16396946	16397446	500	16396746	16397646	1	8	8	23	True	62	0.124	2	2	2	22	0.0	False	cpx_het	2	size_diff	66	-38@16397197,-28@16397207	-28@16397207	-66,-28	-66,-28	False	1.0	cpx_het	2	near_hom_le10bp	38	-38@16397197	-28@16397207	-38,-28	-38,-28	False	1.0	2	1419.0,1419.1	9,14	23	-38,-28	0	2	0	2	kmeans	2	2	0	0	0	False	False	1	2	1	DEL-38:0/1:PASS:DV8/TC22:V5ref:T2Tref:hapGT0/1	1	0	0	0	0	-	0	0	0	-	equal	equal	equal
1420	chr4	16425104	16425604	500	16424904	16425804	1	8	8	19	True	111	0.222	2	2	2	19	0.0	False	het	2	-	56	-56@16425320	-	-56,0	-62,-6	False	1.0	het	2	-	56	-56@16425320	-	-56,0	-56,-6	False	1.0	2	1420.0,1420.1	8,11	19	-56,-6	0	2	0	2	kmeans	2	0	0	0	0	False	False	2	2	1	DEL-56:0/1:PASS:DV8/TC19:V5TP:T2TTP:hapGT0/1	1	0	1	0	0	-56:1/0:TP	1	0	0	-56:1/0:TP	equal	equal	equal
1421	chr4	16690231	16690731	500	16690031	16690931	1	9	9	24	True	111	0.222	2	2	2	22	0.0	False	het	2	-	32	-	+32@16690459	0,32	4,32	False	1.0	het	2	-	32	-	+32@16690459	0,32	4,32	False	1.0	2	1421.0,1421.1	8,16	24	31,0	0	2	0	2	kmeans	2	2	0	0	0	False	False	2	2	1	INS+31:0/1:PASS:DV8/TC22:V5ref:T2Tref:hapGT0/1	1	0	0	0	0	-	0	0	0	-	equal	equal	equal
1422	chr4	16739356	16739856	500	16739156	16740102	1	6	5	17	True	452	0.512	2	2	2	14	0.0	False	het	2	-	74	-	+74@16739711	0,74	1,69	False	1.0	het	2	-	74	-	+74@16739711	0,74	1,69	False	1.0	2	1422.0,1422.1	12,5	17	0,60	0	2	0	2	kmeans	2	1	0	0	0	False	False	2	2	1	INS+60:0/1:PASS:DV5/TC16:V5TP:T2TTP:hapGT0/1	1	0	1	0	0	+74:0/1:TP	1	0	0	+74:0/1:TP	equal	equal	equal
1423	chr4	16755263	16755763	500	16755063	16755963	1	14	12	14	True	95	0.19	2	2	2	14	0.0	False	cpx_het	2	size_diff	68	-36@16755516,-32@16755520	-32@16755520	-68,-32	-68,-32	False	1.0	cpx_het	2	near_hom_le10bp	36	-36@16755516	-32@16755520	-36,-32	-36,-32	False	1.0	1	1423.0	14	14	-32	0	1	0	1	kmeans	1	1	0	0	0	False	False	0	1	1	DEL-32:1/1:PASS:DV12/TC13:V5ref:T2Tref:hapGT0/1	1	1	0	0	0	-	0	0	0	-	under	under	under
1424	chr4	16810397	16810897	500	16810197	16811097	1	18	18	18	True	315	0.63	2	2	2	17	0.0	False	hom	1	-	160	-160@16810561	-160@16810561	-160,-160	-160,-160	False	1.0	hom	1	-	160	-160@16810561	-160@16810561	-160,-160	-160,-160	False	1.0	1	1424.0	18	18	-160	0	1	0	1	kmeans	1	0	0	0	0	False	False	1	1	1	DEL-160:1/1:PASS:DV18/TC18:V5TP:T2TTP:hapGT1/1	1	0	1	0	0	-160:1/1:TP	1	0	0	-160:1/1:TP	equal	equal	equal
1425	chr4	16897689	16898189	500	16897489	16898389	1	5	5	11	True	101	0.202	2	2	2	11	0.0	False	het	2	-	56	-	-56@16897895	0,-56	-10,-56	False	1.0	het	2	-	56	-	-56@16897895	0,-56	-10,-56	False	1.0	2	1425.0,1425.1	6,5	11	-55,-12	0	2	0	2	kmeans	2	0	0	0	0	False	False	2	2	1	DEL-55:0/1:PASS:DV5/TC10:V5TP:T2TTP:hapGT0/1	1	0	1	0	0	-56:0/1:TP	1	0	0	-56:0/1:TP	equal	equal	equal
1426	chr4	16996301	16996801	500	16996101	16997001	1	8	8	18	False	0	0.0	2	2	2	18	0.0	False	het	2	-	44	-	+44@16996551	0,44	16,44	False	1.0	het	2	-	44	-	+44@16996551	0,44	16,44	False	1.0	2	1426.0,1426.1	10,8	18	16,44	0	2	0	2	kmeans	2	1	0	0	0	False	False	2	2	1	INS+44:0/1:PASS:DV8/TC17:V5ref:T2Tref:hapGT0/1	1	0	0	0	0	-	0	0	0	-	equal	equal	equal
1427	chr5	169559036	169559536	500	169558836	169559736	1	20	20	21	False	0	0.0	2	2	2	21	0.0	False	hom	1	-	40	+40@169559286	+40@169559286	40,40	36,37	False	1.0	hom	1	-	40	+40@169559286	+40@169559286	40,40	36,37	False	1.0	1	1427.0	21	21	36	0	1	0	1	kmeans	1	1	0	0	0	False	False	1	1	1	INS+36:1/1:PASS:DV21/TC21:V5ref:T2Tref:hapGT1/1	1	0	0	0	0	-	0	0	0	-	equal	equal	equal
1428	chr5	169608366	169608866	500	169608166	169609066	1	16	16	24	False	0	0.0	2	2	2	24	0.0	False	het	2	-	330	-	+330@169608611	0,330	0,330	False	1.0	het	2	-	330	-	+330@169608611	0,330	0,330	False	1.0	2	1428.0,1428.1	8,16	24	0,329	0	2	0	2	kmeans	2	0	0	0	0	False	False	2	2	1	INS+329:0/1:PASS:DV16/TC24:V5TP:T2TTP:hapGT0/1	1	0	1	0	0	+330:0/1:TP	1	0	0	+330:0/1:TP	equal	equal	equal
1429	chr5	169617038	169617583	545	169616838	169617784	1	31	30	30	True	278	0.233	2	2	2	30	0.0	False	hom	1	-	32	-32@169617456	-32@169617456	-32,-32	-32,-32	False	1.0	hom	1	-	32	-32@169617456	-32@169617456	-32,-32	-32,-32	False	1.0	1	1429.0	30	30	-32	0	1	0	1	kmeans	1	1	0	0	0	False	False	1	1	1	DEL-32:1/1:PASS:DV30/TC30:V5ref:T2Tref:hapGT1/1	1	0	0	0	0	-	0	0	0	-	equal	equal	equal
1430	chr5	169635547	169636047	500	169635347	169636247	1	7	6	17	True	184	0.368	2	2	2	17	0.0	False	cpx_het	2	near_hom_le10bp	28	+28@169635833	+24@169635861	28,24	31,29	False	1.0	cpx_het	2	near_hom_le10bp	28	+28@169635833	+24@169635861	28,24	31,29	False	1.0	1	1430.0	17	17	34	0	1	0	1	kmeans	1	0	0	0	0	False	False	1	1	0	-	0	0	0	0	0	-	0	0	0	-	under	under	under
1431	chr5	169664878	169665378	500	169664678	169665578	1	10	10	22	True	560	0.898	2	2	2	22	0.0	False	het	2	-	12	+32@169664968,-20@169665420	-	12,0	12,0	False	1.0	het	2	-	12	+32@169664968,-20@169665420	-	12,0	12,0	False	1.0	2	1431.0,1431.1	12,10	22	0,12	0	2	0	1	kmeans	2	0	0	0	0	False	False	2	2	1	INS+32:0/1:PASS:DV10/TC22:V5ref:T2Tref:hapGT0/0	1	0	0	0	0	-	0	0	0	-	equal	equal	equal
1432	chr5	169834143	169834678	535	169833841	169834878	1	15	15	23	True	868	1.0	2	2	2	23	0.0	False	het	2	-	80	-	+80@169834420	0,80	0,80	False	1.0	het	2	-	80	-	+80@169834420	0,80	0,80	False	1.0	2	1432.0,1432.1	15,8	23	80,0	0	2	0	2	kmeans	2	0	0	0	0	False	False	2	2	1	INS+80:0/1:PASS:DV15/TC23:V5TP:T2TTP:hapGT0/1	1	0	1	0	0	+80:0/1:TP	1	0	0	+80:0/1:TP	equal	equal	equal
1433	chr5	169972315	169972815	500	169972115	169973015	1	12	12	20	True	87	0.174	2	2	2	20	0.0	False	hom	1	-	43	-43@169972543	-43@169972543	-43,-43	-40,-36	False	1.0	het	2	-	43	-	-43@169972543	0,-43	3,-36	False	1.0	2	1433.0,1433.1	13,7	20	-36,7	0	2	0	2	kmeans	2	1	0	0	0	False	False	1	2	1	DEL-43:0/1:PASS:DV12/TC19:V5ref:T2Tref:hapGT1/1	1	1	0	0	0	-	0	0	0	-	over	equal	over
1434	chr5	170105109	170105609	500	170104782	170105809	1	5	5	18	False	0	0.0	2	2	2	18	0.0	False	cpx_het	2	near_hom_le10bp	38	+38@170105368	+30@170105348	38,30	38,32	False	1.0	cpx_het	2	near_hom_le10bp	38	+38@170105368	+30@170105348	38,30	38,32	False	1.0	2	1434.0,1434.1	12,6	18	27,39	0	2	0	2	kmeans	2	1	0	0	0	False	False	2	2	1	INS+39:0/1:PASS:DV6/TC18:V5ref:T2Tref:hapGT1/1	1	1	0	0	0	-	0	0	0	-	equal	equal	equal
1435	chr5	170133228	170133728	500	170133028	170133928	1	10	10	24	False	0	0.0	2	2	2	22	0.0	False	het	2	-	260	+260@170133480	-	260,0	260,0	False	1.0	het	2	-	260	+260@170133480	-	260,0	260,0	False	1.0	2	1435.0,1435.1	11,13	24	260,0	0	2	0	2	kmeans	2	0	0	0	0	False	False	2	2	1	INS+260:0/1:PASS:DV10/TC23:V5TP:T2TTP:hapGT0/1	1	0	1	0	0	+260:1/0:TP	1	0	0	+260:1/0:TP	equal	equal	equal
1436	chr5	170171498	170171998	500	170171298	170172198	1	8	8	20	False	0	0.0	2	2	2	20	0.0	False	het	2	-	233	+233@170171747	-	233,0	233,0	False	1.0	het	2	-	233	+233@170171747	-	233,0	233,0	False	1.0	2	1436.0,1436.1	11,9	20	0,229	0	2	0	2	kmeans	2	1	0	0	0	False	False	2	2	1	INS+229:0/1:PASS:DV8/TC18:V5TP:T2TTP:hapGT0/1	1	0	1	0	0	+233:1/0:TP	1	0	0	+233:1/0:TP	equal	equal	equal
1437	chr5	170268660	170269160	500	170268460	170269360	1	7	7	15	False	0	0.0	2	2	2	14	0.0	False	het	2	-	40	-	+40@170268880	0,40	0,40	False	1.0	het	2	-	40	-	+40@170268880	0,40	0,40	False	1.0	2	1437.0,1437.1	7,8	15	0,39	0	2	0	2	kmeans	2	1	0	0	0	False	False	2	2	1	INS+39:0/1:PASS:DV7/TC12:V5ref:T2Tref:hapGT0/1	1	0	0	0	0	-	0	0	0	-	equal	equal	equal
1438	chr5	170410057	170410557	500	170409857	170410757	1	13	12	24	True	312	0.624	2	2	2	24	0.0	False	het	2	-	43	-43@170410261	-	-43,0	-41,-1	False	1.0	het	2	-	43	-43@170410261	-	-43,0	-41,-1	False	1.0	2	1438.0,1438.1	13,11	24	-43,0	0	2	0	2	kmeans	2	2	0	0	0	False	False	2	2	1	DEL-43:0/1:PASS:DV11/TC23:V5ref:T2Tref:hapGT0/1	1	0	0	0	0	-	0	0	0	-	equal	equal	equal
1439	chr5	170517550	170518050	500	170517350	170518271	1	11	11	23	True	790	1.0	2	2	2	23	0.0	False	het	2	-	89	-	-89@170517728	0,-89	0,-92	False	1.0	het	2	-	89	-	-89@170517728	0,-89	0,-92	False	1.0	2	1439.0,1439.1	12,11	23	-89,0	0	2	0	2	kmeans	2	0	0	0	0	False	False	2	2	1	DEL-89:0/1:PASS:DV11/TC22:V5TP:T2TTP:hapGT0/1	1	0	1	0	0	-89:0/1:TP	1	0	0	-89:0/1:TP	equal	equal	equal
1440	chr5	170597733	170599739	2006	170597533	170599939	1	23	21	24	True	212	0.106	2	2	2	24	0.0	False	cpx_het	2	size_diff	64	-24@170597784,-40@170599624	-30@170597784	-64,-30	-50,-30	False	1.0	cpx_het	2	size_diff	64	-24@170597784,-40@170599624	-30@170597784	-64,-30	-50,-30	False	1.0	1	1440.0	24	24	-11	0	1	0	1	kmeans	1	2	0	0	0	False	False	0	0	0	-	0	0	0	0	0	-	0	0	0	-	under	under	under
1441	chr5	170702680	170704564	1884	170702480	170704764	1	11	11	21	False	0	0.0	2	2	2	21	0.0	False	het	2	-	1471	-1471@170702730	-	-1471,0	-1471,0	False	1.0	het	2	-	1471	-1471@170702730	-	-1471,0	-1471,0	False	1.0	2	1441.0,1441.1	10,11	21	-1471,0	0	2	0	2	kmeans	2	1	0	0	0	False	False	2	2	1	DEL-1471:0/1:PASS:DV10/TC21:V5TP:T2TTP:hapGT0/1	1	0	1	0	0	-1471:1/0:TP	1	0	0	-1471:1/0:TP	equal	equal	equal
1442	chr5	170731611	170732111	500	170731411	170732311	1	17	17	18	False	0	0.0	2	2	2	18	0.0	False	hom	1	-	89	-89@170731813	-89@170731813	-89,-89	-89,-96	False	1.0	hom	1	-	89	-89@170731813	-89@170731813	-89,-89	-89,-96	False	1.0	1	1442.0	18	18	-89	0	1	0	1	kmeans	1	2	0	0	0	False	False	1	1	1	DEL-89:1/1:PASS:DV18/TC18:V5TP:T2TTP:hapGT1/1	1	0	1	0	0	-89:1/1:TP	1	0	0	-89:1/1:TP	equal	equal	equal
1443	chr5	170753803	170754303	500	170753603	170755089	1	16	15	18	True	934	0.396	2	2	2	17	0.0	False	hom	1	-	156	+148@170754158	+156@170754158	148,156	152,156	False	1.0	hom	1	-	156	+148@170754158	+156@170754158	148,156	152,156	False	1.0	1	1443.0	18	18	148	0	1	0	1	kmeans	1	2	0	0	0	False	False	1	1	1	INS+148:1/1:PASS:DV16/TC17:V5TP:T2TTP:hapGT1/1	1	0	1	0	0	+156:1/1:TP	2	0	0	+148:1/0:TP;+156:0/1:TP	equal	equal	equal
1444	chr5	170774071	170774571	500	170773871	170774771	1	6	6	19	False	0	0.0	2	2	2	19	0.0	False	het	2	-	310	-	+310@170774321	0,310	0,310	False	1.0	het	2	-	310	-	+310@170774321	0,310	0,310	False	1.0	2	1444.0,1444.1	6,13	19	311,0	0	2	0	2	kmeans	2	2	0	0	0	False	False	2	2	1	INS+311:0/1:PASS:DV6/TC17:V5TP:T2TTP:hapGT0/1	1	0	1	0	0	+310:0/1:TP	1	0	0	+310:0/1:TP	equal	equal	equal
1445	chr5	170833846	170834346	500	170833646	170834546	1	12	11	13	True	299	0.598	2	2	2	12	0.0	False	hom	1	-	730	+676@170834078	+730@170834078	676,730	676,730	False	1.0	hom	1	-	730	+676@170834078	+730@170834078	676,730	676,730	False	1.0	2	1445.0,1445.1	2,11	13	952,730	0	2	0	2	kmeans	2	2	0	0	0	False	False	1	1	1	INS+730:0/1:PASS:DV11/TC13:V5TP:T2Tref:hapGT1/1;INS+946:0/0:LowQual:DV2/TC13:V5-:T2T-	2	1	1	0	0	+730:1/1:TP	0	0	0	-	over	over	over
1446	chr5	170841500	170842000	500	170841300	170842200	1	8	8	10	False	0	0.0	2	2	2	9	0.0	False	hom	1	-	36	+36@170841729	+36@170841729	36,36	36,36	False	1.0	hom	1	-	36	+36@170841729	+36@170841729	36,36	36,36	False	1.0	1	1446.0	10	10	36	0	1	0	1	kmeans	1	1	0	0	0	False	False	1	1	1	INS+36:1/1:PASS:DV10/TC10:V5ref:T2Tref:hapGT1/1	1	0	0	0	0	-	0	0	0	-	equal	equal	equal
1447	chr5	170915889	170916389	500	170915689	170916589	1	12	12	23	True	301	0.602	2	2	2	23	0.0	False	het	2	-	108	-108@170916101	-	-108,0	-108,0	False	1.0	het	2	-	108	-108@170916101	-	-108,0	-108,0	False	1.0	2	1447.0,1447.1	13,10	23	-108,0	0	2	0	2	kmeans	2	1	0	0	0	False	False	2	2	1	DEL-108:0/1:PASS:DV12/TC22:V5TP:T2TTP:hapGT0/1	1	0	1	0	0	-108:1/0:TP	1	0	0	-108:1/0:TP	equal	equal	equal
1448	chr5	171052734	171053234	500	171052534	171053434	1	11	11	21	False	0	0.0	2	2	2	20	0.0	False	het	2	-	32	+32@171052982	-	32,0	32,0	False	1.0	het	2	-	32	+32@171052982	-	32,0	32,0	False	1.0	2	1448.0,1448.1	11,10	21	0,32	0	2	0	2	kmeans	2	1	0	0	0	False	False	2	2	1	INS+32:0/1:PASS:DV10/TC19:V5ref:T2Tref:hapGT0/1	1	0	0	0	0	-	0	0	0	-	equal	equal	equal
1449	chr5	171403864	171404364	500	171403398	171404842	1	28	15	25	True	1344	1.0	2	2	2	24	0.0	False	het	2	-	259	-259@171403994	-	-259,0	-255,0	False	1.0	het	2	-	259	-259@171403994	-	-259,0	-255,0	False	1.0	2	1449.0,1449.1	11,14	25	0,-255	0	2	0	2	kmeans	2	0	0	0	0	False	False	2	2	1	DEL-255:0/1:PASS:DV14/TC25:V5TP:T2TTP:hapGT0/1	1	0	1	0	0	-259:1/0:TP	1	0	0	-259:1/0:TP	equal	equal	equal
1450	chr5	171473492	171473992	500	171472911	171474192	1	3	2	18	True	838	0.614	2	2	2	17	0.0	False	ref	1	-	0	-	-	0,0	28,4	False	0.891	ref	1	-	0	-	-	0,0	28,4	False	0.891	1	1450.0	18	18	28	0	1	0	1	kmeans	2	0	1	0	0	False	False	0	0	0	-	0	0	0	0	0	-	0	0	0	-	equal	equal	equal
1451	chr5	171952197	171952697	500	171951997	171952897	1	3	3	23	True	74	0.148	2	2	2	23	0.0	False	cpx_het	2	near_hom_le10bp	33	+33@171952447	+26@171952447	33,26	33,26	False	0.873	cpx_het	2	near_hom_le10bp	33	+33@171952447	+26@171952447	33,26	33,26	False	0.873	1	1451.0	23	23	26	0	1	0	1	kmeans	1	2	0	0	0	False	False	1	1	0	-	0	0	0	0	0	-	0	0	0	-	under	under	under
1452	chr5	172234629	172235129	500	172234429	172235329	1	6	6	14	False	0	0.0	2	2	2	14	0.0	False	het	2	-	47	-47@172234855	-	-47,0	-46,0	False	1.0	het	2	-	47	-47@172234855	-	-47,0	-46,0	False	1.0	2	1452.0,1452.1	7,7	14	0,-47	0	2	0	2	kmeans	2	1	0	0	0	False	False	2	2	1	DEL-47:0/1:PASS:DV6/TC13:V5ref:T2Tref:hapGT0/1	1	0	0	0	0	-	0	0	0	-	equal	equal	equal
1453	chr5	172296654	172297154	500	172296454	172298166	1	16	9	21	True	1423	0.922	2	2	2	21	0.0	False	het	2	-	64	-	+64@172296736	0,64	-1,64	False	1.0	het	2	-	64	-	+64@172296736	0,64	-1,64	False	1.0	2	1453.0,1453.1	12,9	21	0,64	0	2	0	2	kmeans	2	0	0	0	0	False	False	2	2	1	INS+64:0/1:PASS:DV9/TC19:V5TP:T2TTP:hapGT0/1	1	0	1	0	0	+64:0/1:TP	1	0	0	+64:0/1:TP	equal	equal	equal
1454	chr5	172368320	172368820	500	172368120	172369020	1	27	17	18	True	457	0.736	2	2	2	18	0.0	False	cpx_het	2	opposite_sign	212	-212@172368474	+58@172368496,+46@172368615	-212,104	-211,103	False	1.0	cpx_het	2	opposite_sign	212	-212@172368474	+58@172368496,+46@172368615	-212,104	-211,103	False	1.0	2	1454.0,1454.1	11,7	18	104,-210	0	2	0	2	kmeans	2	1	0	0	0	False	False	2	2	3	DEL-210:0/1:PASS:DV7/TC18:V5TP:T2TTP:hapGT0/1;INS+58:0/1:PASS:DV11/TC18:V5TP:T2TTP:hapGT0/0;INS+46:0/1:PASS:DV10/TC18:V5ref:T2Tref:hapGT0/0	3	0	2	0	0	-212:1/0:TP;+58:0/1:TP	2	0	0	-212:1/0:TP;+58:0/1:TP	equal	equal	equal
1455	chr5	172493216	172493716	500	172493016	172493916	1	3	3	22	True	262	0.524	2	2	2	22	0.0	False	het	2	-	28	+28@172493389	-	28,0	28,0	False	1.0	het	2	-	28	+28@172493389	-	28,0	28,0	False	1.0	1	1455.0	22	22	28	0	1	0	1	kmeans	1	0	0	0	0	False	False	1	1	0	-	0	0	0	0	0	-	0	0	0	-	under	under	under
1456	chr5	172596659	172597159	500	172596459	172597584	1	7	7	23	True	866	0.982	2	2	2	23	0.0	False	het	2	-	34	+34@172596893	-	34,0	34,0	False	1.0	het	2	-	34	+34@172596893	-	34,0	34,0	False	1.0	2	1456.0,1456.1	9,14	23	34,0	0	2	0	2	kmeans	2	2	0	0	0	False	False	2	2	1	INS+34:0/1:PASS:DV7/TC21:V5ref:T2Tref:hapGT0/1	1	0	0	0	0	-	0	0	0	-	equal	equal	equal
1457	chr5	172718557	172719057	500	172718357	172719257	1	14	7	24	True	620	1.0	2	2	2	23	0.0	False	het	2	-	128	-90@172718634,-38@172718941	-	-128,0	-128,-8	False	1.0	het	2	-	128	-90@172718634,-38@172718941	-	-128,0	-128,-8	False	1.0	2	1457.0,1457.1	15,9	24	-8,-128	0	2	0	2	kmeans	2	1	0	0	0	False	False	2	2	2	DEL-90:0/1:PASS:DV7/TC22:V5TP:T2TTP:hapGT0/1;DEL-38:0/1:PASS:DV7/TC23:V5ref:T2Tref:hapGT0/0	2	0	1	0	0	-90:1/0:TP	1	0	0	-90:1/0:TP	equal	equal	equal
1458	chr5	172805133	172805633	500	172804933	172805833	1	4	2	22	True	311	0.622	2	2	2	22	0.0	False	ref	1	-	0	-	-	0,0	16,29	False	1.0	ref	1	-	0	-	-	0,0	16,29	False	1.0	1	1458.0	22	22	32	0	1	0	1	kmeans	1	1	0	0	0	False	False	0	0	0	-	0	0	0	0	0	-	0	0	0	-	equal	equal	equal
1459	chr5	172978438	172978938	500	172978238	172979744	1	14	13	27	True	1118	0.724	2	2	2	26	0.0	False	het	2	-	32	-	-32@172978695	0,-32	8,-46	False	1.0	het	2	-	32	-	-32@172978695	0,-32	8,-46	False	1.0	2	1459.0,1459.1	15,12	27	-44,8	0	2	0	2	kmeans	2	3	0	0	0	False	False	2	2	1	DEL-32:0/1:PASS:DV14/TC26:V5ref:T2Tref:hapGT0/1	1	0	0	0	0	-	0	0	0	-	equal	equal	equal
1460	chr5	173117319	173117819	500	173117119	173118363	1	19	8	16	True	841	0.694	2	2	2	16	0.0	False	het	2	-	32	+32@173117579	-	32,0	48,5	False	1.0	het	2	-	32	+32@173117579	-	32,0	48,5	False	1.0	1	1460.0	16	16	46	0	1	0	1	kmeans	1	0	0	0	0	False	False	0	0	1	INS+36:1/1:PASS:DV16/TC16:V5ref:T2Tref:hapGT0/1	1	1	0	0	0	-	0	0	0	-	under	under	under
1461	chr5	173132277	173132777	500	173131680	173132977	1	1	1	26	True	1193	1.0	2	2	2	25	0.0	False	hom	1	-	22	-22@173132440	-22@173132440	-22,-22	-34,-27	False	1.0	hom	1	-	22	-22@173132440	-22@173132440	-22,-22	-34,-27	False	1.0	1	1461.0	26	26	-36	0	1	0	1	kmeans	1	0	0	0	0	False	False	0	0	0	-	0	0	0	0	0	-	0	0	0	-	equal	equal	equal
1462	chr5	173198701	173199201	500	173198501	173199401	1	16	6	27	True	439	0.716	2	2	2	27	0.0	False	het	2	-	9	-21@173198766,+30@173198960	-	9,0	21,-4	False	1.0	het	2	-	9	-21@173198766,+30@173198960	-	9,0	21,-4	False	1.0	1	1462.0	27	27	23	0	1	0	1	kmeans	1	0	0	0	0	False	False	0	0	0	-	0	0	0	0	0	-	0	0	0	-	under	under	under
1463	chr5	173260701	173261384	683	173260501	173261584	1	15	15	16	True	716	0.927	2	2	2	16	0.0	False	cpx_het	2	size_diff	658	-338@173261047	-320@173260911,-338@173261052	-338,-658	-338,-661	False	1.0	hom	1	-	338	-338@173261047	-320@173260911	-338,-320	-338,-323	False	1.0	1	1463.0	16	16	-320	0	1	0	1	kmeans	1	1	0	0	0	False	False	1	1	1	DEL-320:1/1:PASS:DV15/TC15:V5TP:T2TTP:hapGT0/1	1	1	1	0	0	-320:1/1:TP	2	0	0	-320:0/1:TP;-338:1/0:TP	under	equal	under
1464	chr5	173301093	173301593	500	173300776	173301793	1	6	5	14	True	552	0.57	2	2	2	14	0.0	False	cpx_het	2	opposite_sign	45	-24@173301047	+45@173301364	-24,45	-32,45	False	1.0	cpx_het	2	opposite_sign	45	-24@173301047	+45@173301364	-24,45	-24,45	False	1.0	2	1464.0,1464.1	9,5	14	-24,48	0	2	0	2	kmeans	2	1	0	0	0	False	False	2	2	1	INS+46:0/1:PASS:DV5/TC14:V5ref:T2Tref:hapGT0/1	1	0	0	0	0	-	0	0	0	-	equal	equal	equal
1465	chr5	173462660	173463289	629	173462460	173463489	1	30	29	29	False	0	0.0	2	2	2	28	0.0	False	hom	1	-	333	-333@173462710	-333@173462710	-333,-333	-333,-333	False	1.0	hom	1	-	333	-333@173462710	-333@173462710	-333,-333	-333,-333	False	1.0	1	1465.0	29	29	-333	0	1	0	1	kmeans	1	0	0	0	0	False	False	1	1	1	DEL-333:1/1:PASS:DV29/TC29:V5TP:T2TTP:hapGT1/1	1	0	1	0	0	-333:1/1:TP	1	0	0	-333:1/1:TP	equal	equal	equal
1466	chr5	173735706	173736206	500	173735506	173736406	1	12	12	25	False	0	0.0	2	2	2	24	0.0	False	het	2	-	93	+93@173735920	-	93,0	92,0	False	1.0	het	2	-	93	+93@173735920	-	93,0	92,0	False	1.0	2	1466.0,1466.1	12,13	25	0,93	0	2	0	2	kmeans	2	2	0	0	0	False	False	2	2	1	INS+93:0/1:PASS:DV12/TC25:V5TP:T2TTP:hapGT0/1	1	0	1	0	0	+93:1/0:TP	1	0	0	+93:1/0:TP	equal	equal	equal
1467	chr5	173739817	173740317	500	173739617	173740517	1	16	15	28	True	87	0.174	2	2	2	27	0.0	False	het	2	-	45	-45@173740034	-	-45,0	-45,0	False	1.0	het	2	-	45	-45@173740034	-	-45,0	-45,0	False	1.0	2	1467.0,1467.1	15,13	28	-45,0	0	2	0	2	kmeans	2	1	0	0	0	False	False	2	2	1	DEL-45:0/1:PASS:DV15/TC27:V5ref:T2Tref:hapGT0/1	1	0	0	0	0	-	0	0	0	-	equal	equal	equal
1468	chr5	173765696	173766196	500	173765496	173766396	1	22	22	24	False	0	0.0	2	2	2	23	0.0	False	hom	1	-	210	+210@173765944	+210@173765944	210,210	210,210	False	1.0	hom	1	-	210	+210@173765944	+210@173765944	210,210	210,210	False	1.0	1	1468.0	24	24	210	0	1	0	1	kmeans	1	2	0	0	0	False	False	1	1	1	INS+210:1/1:PASS:DV22/TC23:V5TP:T2TTP:hapGT1/1	1	0	1	0	0	+210:1/1:TP	1	0	0	+210:1/1:TP	equal	equal	equal
1469	chr5	173811026	173811526	500	173810486	173811802	1	9	9	20	True	1216	1.0	2	2	2	19	0.0	False	het	2	-	45	+45@173811268	-	45,0	42,-3	False	1.0	het	2	-	45	+45@173811268	-	45,0	42,-3	False	1.0	2	1469.0,1469.1	9,11	20	45,0	0	2	0	2	kmeans	2	0	0	0	0	False	False	2	2	1	INS+45:0/1:PASS:DV9/TC20:V5ref:T2Tref:hapGT0/1	1	0	0	0	0	-	0	0	0	-	equal	equal	equal
1470	chr5	173860016	173860516	500	173859816	173860716	1	8	8	22	True	81	0.162	2	2	2	21	0.0	False	cpx_het	2	size_diff	61	-34@173860249,-27@173860252	-27@173860252	-61,-27	-61,-27	False	0.899	cpx_het	2	near_hom_le10bp	34	-34@173860249	-27@173860252	-34,-27	-34,-27	False	0.748	2	1470.0,1470.1	9,13	22	-34,-13	0	2	0	2	kmeans	2	0	0	0	0	False	False	1	1	1	DEL-34:0/1:PASS:DV8/TC21:V5ref:T2Tref:hapGT0/1	1	0	0	0	0	-	0	0	0	-	equal	equal	equal
1471	chr5	173872746	173873246	500	173872522	173873446	1	6	6	18	True	489	0.63	2	2	2	17	0.0	False	het	2	-	14	-26@173872572,+40@173872968	-	14,0	8,-5	False	1.0	het	2	-	14	-26@173872572,+40@173872968	-	14,0	12,-5	False	1.0	2	1471.0,1471.1	11,7	18	0,15	0	2	0	1	kmeans	2	1	0	0	0	False	False	2	2	1	INS+40:0/1:PASS:DV7/TC18:V5ref:T2Tref:hapGT0/0	1	0	0	0	0	-	0	0	0	-	equal	equal	equal
1472	chr5	173964269	173964769	500	173964069	173964969	1	9	8	27	True	202	0.404	2	2	2	26	0.0	False	het	2	-	65	-65@173964522	-	-65,0	-65,0	False	1.0	het	2	-	65	-65@173964522	-	-65,0	-65,0	False	1.0	2	1472.0,1472.1	17,10	27	0,-65	0	2	0	2	kmeans	2	1	0	0	0	False	False	2	2	1	DEL-65:0/1:PASS:DV7/TC23:V5TP:T2TTP:hapGT0/1	1	0	1	0	0	-65:1/0:TP	1	0	0	-65:1/0:TP	equal	equal	equal
1473	chr5	174068550	174069050	500	174068350	174069340	1	22	22	24	True	821	1.0	2	2	2	24	0.0	False	hom	1	-	53	-53@174068676	-53@174068676	-53,-53	-53,-53	False	1.0	hom	1	-	53	-53@174068676	-53@174068676	-53,-53	-53,-53	False	1.0	1	1473.0	24	24	-53	0	1	0	1	kmeans	1	1	0	0	0	False	False	1	1	1	DEL-53:1/1:PASS:DV23/TC23:V5TP:T2TTP:hapGT1/1	1	0	1	0	0	-53:1/1:TP	1	0	0	-53:1/1:TP	equal	equal	equal
1474	chr5	174114068	174114568	500	174113868	174114768	1	29	16	16	True	140	0.28	2	2	2	15	0.0	False	cpx_het	2	size_diff	774	+603@174114282	+109@174114286,+665@174114358	603,774	598,775	False	1.0	cpx_het	2	size_diff	774	+603@174114282	+109@174114286,+665@174114358	603,774	598,775	False	1.0	2	1474.0,1474.1	5,11	16	772,599	0	2	0	2	other	0	0	0	0	0	False	False	2	2	3	INS+161:0/1:PASS:DV11/TC16:V5ref:T2Tref:hapGT0/0;INS+772:0/1:PASS:DV5/TC16:V5ref:T2Tref:hapGT1/1;INS+430:0/1:PASS:DV11/TC16:V5ref:T2Tref:hapGT0/1	3	1	1	1	0	+596:1/1:TP;+116:0/1:FN	2	0	0	+603:1/0:TP;+756:0/1:TP	equal	equal	equal
1475	chr5	174117877	174118377	500	174117677	174118577	1	11	9	17	True	374	0.748	2	2	2	17	0.0	False	het	2	-	148	-148@174118072	-	-148,0	-140,4	False	1.0	het	2	-	148	-148@174118072	-	-148,0	-140,4	False	1.0	2	1475.0,1475.1	7,10	17	0,-132	0	2	0	2	kmeans	2	1	0	0	0	False	False	2	2	1	DEL-119:0/1:PASS:DV10/TC17:V5TP:T2TTP:hapGT0/1	1	0	1	0	0	-148:1/0:TP	1	0	0	-148:1/0:TP	equal	equal	equal
1476	chr5	174320460	174320995	535	174320260	174321195	1	24	16	21	True	506	0.931	2	2	2	19	0.0	False	cpx_het	2	size_diff	308	-258@174320528,-40@174320592,-30@174320915,+20@174321171	-40@174320592	-308,-40	-307,-40	False	1.0	cpx_het	2	size_diff	268	-258@174320528,-30@174320915,+20@174321171	-40@174320592	-268,-40	-267,-40	False	1.0	2	1476.0,1476.1	11,8	19	-40,-268	0	2	0	2	kmeans	2	4	0	0	0	False	False	2	2	3	DEL-258:0/1:PASS:DV8/TC18:V5TP:T2TTP:hapGT0/1;DEL-40:0/1:PASS:DV8/TC18:V5ref:T2Tref:hapGT0/1;DEL-30:0/1:PASS:DV8/TC20:V5ref:T2Tref:hapGT0/1	3	0	1	0	0	-258:1/0:TP	1	0	0	-258:1/0:TP	equal	equal	equal
1477	chr5	174378017	174378517	500	174377817	174378717	1	5	5	28	False	0	0.0	2	2	2	28	0.0	False	hom	1	-	28	+28@174378267	+28@174378267	28,28	29,29	False	0.908	hom	1	-	28	+28@174378267	+28@174378267	28,28	29,29	False	0.908	1	1477.0	28	28	28	0	1	0	1	kmeans	1	2	0	0	0	False	False	1	1	0	-	0	0	0	0	0	-	0	0	0	-	equal	equal	equal
1478	chr5	174521675	174522604	929	174521475	174522804	1	52	14	16	True	930	0.974	2	2	2	16	0.062	False	cpx_het	2	opposite_sign	270	-29@174521761,+35@174521860,-41@174521997,-35@174522484	-39@174521718,+35@174521860,+348@174522131,-39@174522447,-35@174522484	-70,270	-72,276	False	0.29	cpx_het	2	opposite_sign	305	-29@174521761,+35@174521860,-41@174521997,-35@174522484	-39@174521718,+35@174521860,+348@174522131,-39@174522447	-70,305	-70,311	False	0.29	2	1478.0,1478.1	7,9	16	336,-65	0	2	0	2	other	0	3	0	0	0	False	False	2	2	3	INS+166:0/1:PASS:DV6/TC14:V5ref:T2Tref:hapGT0/0;DEL-33:0/1:PASS:DV8/TC14:V5ref:T2Tref:hapGT0/0;INS+115:0/1:PASS:DV6/TC14:V5ref:T2Tref:hapGT0/0	3	0	0	0	0	-	0	0	0	-	equal	equal	equal
1479	chr5	174568235	174568735	500	174568035	174568935	1	10	9	20	False	0	0.0	2	2	2	19	0.0	False	het	2	-	64	-	+64@174568489	0,64	0,66	False	1.0	het	2	-	64	-	+64@174568489	0,64	0,66	False	1.0	2	1479.0,1479.1	9,11	20	0,64	0	2	0	2	kmeans	2	0	0	0	0	False	False	2	2	1	INS+64:0/1:PASS:DV9/TC18:V5TP:T2TTP:hapGT0/1	1	0	1	0	0	+64:0/1:TP	1	0	0	+64:0/1:TP	equal	equal	equal
1480	chr5	174743122	174743622	500	174742922	174743822	1	23	22	27	True	207	0.414	2	2	2	26	0.0	False	hom	1	-	5124	+5086@174743276	+5124@174743276	5086,5124	5086,5124	False	1.0	hom	1	-	5124	+5086@174743276	+5124@174743276	5086,5124	5086,5124	False	1.0	2	1480.0,1480.1	9,18	27	5295,5195	0	2	1	1	other	0	3	0	0	0	False	False	1	1	1	INS+5195:0/1:PASS:DV17/TC27:V5TP:T2Tref:hapGT1/1	6	1	1	0	0	+5124:1/1:TP	1	1	0	+5086:1/0:FN;+5124:0/1:TP	over	over	over
1481	chr5	175050661	175051161	500	175050461	175051361	1	40	32	36	True	361	0.722	2	2	2	36	0.0	False	cpx_het	2	size_diff	615	+615@175050852	+448@175050803	615,448	615,448	False	1.0	cpx_het	2	size_diff	615	+615@175050852	+448@175050803	615,448	615,448	False	1.0	2	1481.0,1481.1	21,15	36	448,615	0	2	0	2	other	0	3	0	0	0	False	False	2	2	2	INS+448:0/1:PASS:DV19/TC34:V5TP:T2TTP:hapGT1/1;INS+615:0/1:PASS:DV15/TC34:V5TP:T2TTP:hapGT1/1	2	2	2	0	0	+448:0/1:TP;+615:1/0:TP	2	0	0	+448:0/1:TP;+615:1/0:TP	equal	equal	equal
1482	chr5	175086823	175087323	500	175086623	175087523	1	9	9	22	True	108	0.216	2	2	2	22	0.0	False	het	2	-	44	-	-44@175087042	0,-44	11,-50	False	1.0	het	2	-	44	-	-44@175087042	0,-44	11,-50	False	1.0	2	1482.0,1482.1	13,9	22	0,-48	0	2	0	2	kmeans	2	1	0	0	0	False	False	2	2	1	DEL-42:0/1:PASS:DV9/TC21:V5ref:T2Tref:hapGT0/1	1	0	0	0	0	-	0	0	0	-	equal	equal	equal
1483	chr5	175113772	175114272	500	175113572	175114472	1	19	18	21	True	122	0.244	2	2	2	21	0.0	False	cpx_het	2	size_diff	85	+85@175114025	+42@175114025	85,42	85,42	False	1.0	cpx_het	2	size_diff	85	+85@175114025	+42@175114025	85,42	85,42	False	1.0	2	1483.0,1483.1	8,13	21	42,84	0	2	0	2	kmeans	2	1	0	0	0	False	False	2	2	2	INS+42:0/1:PASS:DV6/TC19:V5ref:T2Tref:hapGT0/1;INS+84:0/1:PASS:DV13/TC19:V5TP:T2TTP:hapGT0/1	2	0	1	0	0	+85:1/0:TP	1	0	0	+85:1/0:TP	equal	equal	equal
1484	chr5	175218791	175219291	500	175218591	175219491	1	9	9	18	True	349	0.698	2	2	2	17	0.0	False	het	2	-	50	-50@175218922	-	-50,0	-50,0	False	1.0	het	2	-	50	-50@175218922	-	-50,0	-50,0	False	1.0	2	1484.0,1484.1	11,7	18	-50,0	0	2	0	2	kmeans	2	0	0	0	0	False	False	2	2	1	DEL-50:0/1:PASS:DV9/TC16:V5TP:T2TTP:hapGT0/1	1	0	1	0	0	-50:1/0:TP	1	0	0	-50:1/0:TP	equal	equal	equal
1485	chr5	175333545	175334045	500	175333345	175334245	1	10	10	23	False	0	0.0	2	2	2	23	0.043	False	het	2	-	317	-	+317@175333786	0,317	0,317	False	1.0	het	2	-	317	-	+317@175333786	0,317	0,317	False	1.0	2	1485.0,1485.1	11,12	23	317,0	0	2	0	2	kmeans	2	1	0	0	0	False	False	2	2	1	INS+317:0/1:PASS:DV10/TC20:V5TP:T2TTP:hapGT0/1	1	0	1	0	0	+317:0/1:TP	1	0	0	+317:0/1:TP	equal	equal	equal
1486	chr5	175337698	175338198	500	175337498	175338398	1	11	11	21	True	134	0.016	2	2	2	21	0.048	False	het	2	-	96	-	+96@175337924	0,96	0,93	False	1.0	het	2	-	96	-	+96@175337924	0,96	0,93	False	1.0	2	1486.0,1486.1	14,6	20	97,0	0	2	0	2	kmeans	2	3	0	0	0	False	False	2	2	1	INS+97:0/1:PASS:DV13/TC19:V5TP:T2TTP:hapGT0/1	1	0	1	0	0	+96:0/1:TP	1	0	0	+96:0/1:TP	equal	equal	equal
1487	chr5	175392649	175393326	677	175392449	175393526	1	16	11	13	True	662	0.965	2	2	2	13	0.0	False	cpx_het	2	opposite_sign	365	-365@175392871	+35@175392777,+35@175393074	-365,70	-364,79	False	1.0	cpx_het	2	opposite_sign	365	-365@175392871	+35@175392777,+35@175393074	-365,70	-363,79	False	1.0	2	1487.0,1487.1	8,5	13	70,-364	0	2	0	2	kmeans	2	2	0	0	0	False	False	2	2	3	INS+35:0/1:PASS:DV7/TC10:V5ref:T2Tref:hapGT0/0;DEL-364:0/1:PASS:DV3/TC12:V5TP:T2TTP:hapGT0/1;INS+35:0/1:PASS:DV7/TC11:V5ref:T2Tref:hapGT0/0	3	0	1	0	0	-365:1/0:TP	1	0	0	-365:1/0:TP	equal	equal	equal
1488	chr5	176030659	176034015	3356	176030459	176034215	1	49	18	27	True	1716	0.492	2	2	2	27	0.0	False	het	2	-	321	-50@176030809,+64@176031087,-335@176033512	-	-321,0	-333,0	False	1.0	het	2	-	321	-50@176030809,+64@176031087,-335@176033512	-	-321,0	-333,0	False	1.0	2	1488.0,1488.1	8,19	27	38,41	0	2	0	1	other	0	4	0	0	0	False	False	0	0	2	DEL-74:0/1:PASS:DV8/TC22:V5ref:T2Tref:hapGT0/0;INS+134:0/1:PASS:DV8/TC27:V5ref:T2Tref:hapGT0/0	2	0	0	1	1	-335:1/0:FN	0	1	1	-335:1/0:FN	equal	equal	equal
1489	chr5	176061260	176062877	1617	176061060	176063077	1	40	19	21	True	260	0.161	2	2	2	20	0.0	False	cpx_het	2	opposite_sign	475	+133@176061455,-608@176062210	+228@176061374	-475,228	-474,228	False	1.0	cpx_het	2	opposite_sign	475	+133@176061455,-608@176062210	+228@176061374	-475,228	-474,228	False	1.0	2	1489.0,1489.1	11,10	21	228,-475	0	2	0	2	kmeans	2	3	0	0	0	False	False	2	2	3	INS+228:0/1:PASS:DV10/TC20:V5TP:T2TTP:hapGT0/1;INS+133:0/1:PASS:DV9/TC19:V5TP:T2TTP:hapGT0/0;DEL-608:0/1:PASS:DV9/TC19:V5TP:T2TTP:hapGT0/1	3	0	3	0	0	+228:0/1:TP;+133:1/0:TP;-608:1/0:TP	3	0	0	+228:0/1:TP;+133:1/0:TP;-608:1/0:TP	equal	equal	equal
1490	chr5	176134038	176134538	500	176133838	176134738	1	24	24	27	True	155	0.31	2	2	2	26	0.0	False	hom	1	-	85	-85@176134212	-85@176134212	-85,-85	-85,-85	False	1.0	hom	1	-	85	-85@176134212	-85@176134212	-85,-85	-85,-85	False	1.0	1	1490.0	27	27	-84	0	1	0	1	kmeans	1	1	0	0	0	False	False	1	1	1	DEL-84:1/1:PASS:DV24/TC24:V5TP:T2TTP:hapGT1/1	1	0	1	0	0	-85:1/1:TP	1	0	0	-85:1/1:TP	equal	equal	equal
1491	chr5	176200513	176201013	500	176200313	176202304	1	13	12	28	True	1631	0.78	2	2	2	28	0.0	False	cpx_het	2	opposite_sign	81	+81@176200774	-27@176200714	81,-27	78,-27	False	1.0	cpx_het	2	opposite_sign	81	+81@176200774	-27@176200714	81,-27	78,-27	False	1.0	2	1491.0,1491.1	15,12	27	-27,76	0	2	0	2	kmeans	2	1	0	0	0	False	False	2	2	1	INS+81:0/1:PASS:DV12/TC26:V5TP:T2TTP:hapGT0/1	1	0	1	0	0	+81:1/0:TP	1	0	0	+81:1/0:TP	equal	equal	equal
1492	chr5	176207347	176209409	2062	176205084	176209609	1	18	15	30	True	2549	0.163	2	2	2	27	0.0	False	het	2	-	52	-	-52@176207465	0,-52	2,-53	False	1.0	het	2	-	52	-	-52@176207465	0,-52	2,-53	False	1.0	2	1492.0,1492.1	16,14	30	5,-52	0	2	0	2	kmeans	2	2	0	0	0	False	False	2	2	1	DEL-52:0/1:PASS:DV12/TC25:V5TP:T2TTP:hapGT0/1	1	0	1	0	0	-52:0/1:TP	1	0	0	-52:0/1:TP	equal	equal	equal
1493	chr5	176214443	176214943	500	176214243	176215143	1	12	12	27	True	337	0.674	2	2	2	27	0.0	False	het	2	-	37	-	+37@176214677	0,37	0,37	False	1.0	het	2	-	37	-	+37@176214677	0,37	0,37	False	1.0	2	1493.0,1493.1	12,15	27	37,0	0	2	0	2	kmeans	2	0	0	0	0	False	False	2	2	1	INS+37:0/1:PASS:DV12/TC27:V5ref:T2Tref:hapGT0/1	1	0	0	0	0	-	0	0	0	-	equal	equal	equal
1494	chr5	176305086	176306252	1166	176304497	176306461	1	64	15	17	True	1864	1.0	2	2	2	16	0.0	False	cpx_het	2	size_diff	187	-215@176305304,+253@176305804,+51@176306178	-215@176305304,+351@176305738,+51@176306178	89,187	96,194	False	0.068	cpx_het	2	size_diff	187	-215@176305304,+253@176305804,+51@176306178	-215@176305304,+351@176305738,+51@176306178	89,187	96,194	False	0.068	2	1494.0,1494.1	8,9	17	98,190	0	2	0	2	other	0	1	0	0	0	False	False	2	2	3	DEL-41:0/1:PASS:DV13/TC16:V5ref:T2Tref:hapGT0/0;INS+103:0/1:PASS:DV14/TC14:V5ref:T2Tref:hapGT0/1;INS+124:0/1:PASS:DV7/TC14:V5ref:T2Tref:hapGT0/1	5	0	0	0	0	-	0	0	0	-	equal	equal	equal
1495	chr5	176371165	176371665	500	176370965	176371865	1	7	7	13	True	179	0.334	2	2	2	13	0.0	False	het	2	-	38	-	+38@176371498	0,38	0,38	False	1.0	het	2	-	38	-	+38@176371498	0,38	0,38	False	1.0	2	1495.0,1495.1	8,5	13	39,0	0	2	0	2	kmeans	2	1	0	0	0	False	False	2	2	1	INS+39:0/1:PASS:DV7/TC12:V5ref:T2Tref:hapGT0/1	1	0	0	0	0	-	0	0	0	-	equal	equal	equal
1496	chr5	176432674	176433228	554	176432474	176434364	1	42	19	20	True	1330	0.44	2	2	2	20	0.0	False	cpx_het	2	size_diff	119	+72@176433034,+47@176433097	+46@176433011	119,46	127,58	False	1.0	cpx_het	2	size_diff	119	+72@176433034,+47@176433097	+46@176433011	119,46	127,58	False	1.0	2	1496.0,1496.1	12,8	20	59,124	0	2	0	2	kmeans	2	2	0	0	0	False	False	2	2	3	INS+46:0/1:PASS:DV12/TC19:V5ref:T2Tref:hapGT0/1;INS+53:0/1:PASS:DV7/TC19:V5ref:T2Tref:hapGT0/1;INS+71:0/1:PASS:DV7/TC19:V5ref:T2Tref:hapGT0/0	3	0	1	0	0	+72:1/0:TP	1	0	0	+72:1/0:TP	equal	equal	equal
1497	chr5	176451598	176452098	500	176451398	176452368	1	15	8	20	True	603	0.766	2	2	2	20	0.0	False	het	2	-	154	+154@176451831	-	154,0	146,-10	False	1.0	het	2	-	154	+154@176451831	-	154,0	146,-10	False	1.0	2	1497.0,1497.1	10,10	20	0,150	0	2	0	2	kmeans	2	3	0	0	0	False	False	2	2	1	INS+150:0/1:PASS:DV8/TC19:V5TP:T2TTP:hapGT0/1	1	0	1	0	0	+154:1/0:TP	1	0	0	+154:1/0:TP	equal	equal	equal
1498	chr5	176529805	176530526	721	176529605	176530726	1	27	25	25	True	343	0.427	2	2	2	24	0.0	False	cpx_het	2	size_diff	96	-96@176530228	-52@176530332	-96,-52	-96,-52	False	1.0	cpx_het	2	size_diff	96	-96@176530228	-52@176530332	-96,-52	-96,-52	False	1.0	2	1498.0,1498.1	17,8	25	-48,-96	0	2	0	2	kmeans	2	0	0	0	0	False	False	2	2	2	DEL-96:0/1:PASS:DV8/TC25:V5TP:T2TTP:hapGT0/1;DEL-43:0/1:PASS:DV17/TC25:V5TP:T2TTP:hapGT0/1	2	0	2	0	0	-96:1/0:TP;-52:0/1:TP	2	0	0	-96:1/0:TP;-52:0/1:TP	equal	equal	equal
1499	chr5	176591549	176592049	500	176591349	176592709	1	27	19	23	True	1147	1.0	2	2	2	22	0.0	False	cpx_het	2	size_diff	1195	+189@176591689	+1195@176591759	189,1195	192,1189	False	1.0	cpx_het	2	size_diff	1195	+189@176591689	+1195@176591759	189,1195	192,1189	False	1.0	2	1499.0,1499.1	15,8	23	1187,189	0	1	1	2	other	0	1	0	0	0	False	False	2	2	2	INS+189:0/1:PASS:DV7/TC22:V5ref:T2Tref:hapGT0/1;DEL-30:0/1:PASS:DV14/TC22:V5ref:T2Tref:hapGT0/0	2	0	1	0	0	+53:1/0:TP	1	0	0	+53:1/0:TP	equal	equal	equal
1500	chr5	176692294	176692794	500	176692094	176692994	1	17	17	19	False	0	0.0	2	2	2	19	0.0	False	hom	1	-	77	+77@176692542	+77@176692542	77,77	77,77	False	1.0	hom	1	-	77	+77@176692542	+77@176692542	77,77	77,77	False	1.0	1	1500.0	19	19	77	0	1	0	1	kmeans	1	3	0	0	0	False	False	1	1	1	INS+77:1/1:PASS:DV17/TC18:V5TP:T2TTP:hapGT1/1	1	0	1	0	0	+77:1/1:TP	1	0	0	+77:1/1:TP	equal	equal	equal
1501	chr5	176766094	176766873	779	176765894	176767073	1	12	2	18	False	0	0.0	2	2	2	16	0.0	False	ref	1	-	0	-	-	0,0	1,1	False	1.0	ref	1	-	0	-	-	0,0	1,1	False	1.0	1	1501.0	16	16	0	0	1	0	1	kmeans	1	4	0	0	0	False	False	1	1	0	-	0	0	0	0	0	-	0	0	0	-	equal	equal	equal
1502	chr5	176829114	176831038	1924	176828718	176831238	1	93	19	22	True	1567	0.635	2	2	2	17	0.0	False	hom	1	-	28	-28@176829178	-28@176829178	-28,-28	-12,-20	False	1.0	hom	1	-	28	-28@176829178	-28@176829178	-28,-28	-12,-20	False	1.0	1	1502.0	21	21	-4460	0	0	1	1	kmeans	1	2	0	0	0	False	False	0	0	0	-	0	0	0	0	0	-	0	0	0	-	equal	equal	equal
1503	chr5	176859054	176859887	833	176858650	176860087	1	50	19	20	True	1152	0.958	2	2	2	20	0.0	False	hom	1	-	300	-30@176859104,-60@176859284,-210@176859586	-30@176859104,-60@176859284,-210@176859586	-300,-300	-288,-284	False	1.0	hom	1	-	300	-30@176859104,-60@176859284,-210@176859586	-30@176859104,-60@176859284,-210@176859586	-300,-300	-288,-284	False	1.0	1	1503.0	20	20	-294	0	1	0	1	kmeans	1	2	0	0	0	False	False	1	1	2	DEL-90:1/1:PASS:DV19/TC20:V5ref:T2Tref:hapGT0/0;DEL-210:1/1:PASS:DV19/TC19:V5ref:T2Tref:hapGT1/1	2	0	0	0	0	-	0	0	0	-	equal	equal	equal
1504	chr5	176870934	176873178	2244	176870723	176873378	1	75	19	20	True	2448	1.0	2	2	2	20	0.0	False	cpx_het	2	size_diff	474	-339@176870984,+33@176871941,-168@176872243	-339@176870984,+33@176871941,-168@176872243,+68@176873146	-474,-406	-474,-406	False	1.0	cpx_het	2	size_diff	474	-339@176870984,+33@176871941,-168@176872243	-339@176870984,+33@176871941,-168@176872243,+68@176873146	-474,-406	-474,-406	False	1.0	2	1504.0,1504.1	6,14	20	-471,-402	0	2	0	2	other	0	4	0	0	0	False	False	2	2	5	DEL-68:0/1:PASS:DV19/TC19:V5ref:T2Tref:hapGT0/0;DEL-169:0/1:PASS:DV19/TC19:V5ref:T2Tref:hapGT0/0;DEL-100:0/1:PASS:DV18/TC18:V5ref:T2Tref:hapGT0/0;DEL-168:0/1:PASS:DV6/TC18:V5ref:T2Tref:hapGT0/0;DEL-65:0/1:PASS:DV11/TC18:V5ref:T2Tref:hapGT0/0	8	0	1	1	0	-168:1/1:TP;+68:0/1:FN	1	1	0	-168:1/1:TP;+68:0/1:FN	equal	equal	equal
1505	chr5	176910888	176911388	500	176910688	176911588	1	18	18	19	True	67	0.134	2	2	2	18	0.0	False	cpx_het	2	size_diff	81	-38@176911137	-43@176911132,-38@176911137	-38,-81	-38,-81	False	1.0	cpx_het	2	near_hom_le10bp	43	-38@176911137	-43@176911132	-38,-43	-38,-43	False	1.0	1	1505.0	19	19	-38	0	1	0	1	kmeans	1	1	0	0	0	False	False	1	1	1	DEL-38:1/1:PASS:DV18/TC18:V5ref:T2Tref:hapGT0/1	1	1	0	0	0	-	0	0	0	-	under	under	under
1506	chr5	176920875	176921375	500	176920675	176921575	1	2	2	17	False	0	0.0	2	2	2	17	0.0	False	ref	1	-	0	-	-	0,0	0,0	False	1.0	ref	1	-	0	-	-	0,0	0,0	False	1.0	1	1506.0	16	16	13	0	1	0	1	kmeans	1	1	0	0	0	False	False	1	1	0	-	0	0	0	0	0	-	0	0	0	-	equal	equal	equal
1507	chr5	176960528	176963230	2702	176959372	176963430	1	54	18	21	True	3398	0.848	2	2	2	20	0.0	False	hom	1	-	2601	-2601@176960578	-2601@176960578	-2601,-2601	-2601,-2601	False	1.0	hom	1	-	2601	-2601@176960578	-2601@176960578	-2601,-2601	-2601,-2601	False	1.0	1	1507.0	21	21	-2593	0	1	1	1	kmeans	1	3	0	0	0	False	False	1	1	1	DEL-2593:1/1:PASS:DV20/TC20:V5ref:T2Tref:hapGT1/1	2	0	1	0	0	-2601:1/1:TP	1	0	0	-2601:1/1:TP	equal	equal	equal
1508	chr5	177028258	177028758	500	177027536	177028958	1	9	9	16	True	734	0.124	2	2	2	16	0.0	False	cpx_het	2	near_hom_le10bp	36	+36@177028496	+28@177028496	36,28	28,20	False	1.0	cpx_het	2	near_hom_le10bp	36	+36@177028496	+28@177028496	36,28	28,20	False	1.0	2	1508.0,1508.1	6,10	16	16,19	0	2	0	1	kmeans	2	1	0	0	0	False	False	0	0	1	INS+36:0/1:PASS:DV9/TC15:V5ref:T2Tref:hapGT1/1	1	1	0	0	0	-	0	0	0	-	equal	equal	equal
1509	chr5	177096749	177097249	500	177096549	177097449	1	53	18	23	True	440	0.88	2	2	2	23	0.0	False	cpx_het	2	size_diff	234	+24@177096878,+210@177097081	+126@177096947,-30@177097079	234,96	246,96	False	1.0	cpx_het	2	size_diff	234	+24@177096878,+210@177097081	+126@177096947,-30@177097079	234,96	246,96	False	1.0	2	1509.0,1509.1	10,13	23	97,245	0	2	1	2	kmeans	2	2	0	0	0	False	False	2	2	4	INS+120:0/1:PASS:DV12/TC18:V5ref:T2Tref:hapGT0/1;INS+56:0/1:PASS:DV12/TC18:V5ref:T2Tref:hapGT0/0;INS+45:0/1:PASS:DV12/TC18:V5ref:T2Tref:hapGT0/0;INS+84:0/1:PASS:DV6/TC18:V5ref:T2Tref:hapGT0/1	4	0	2	1	0	+126:0/1:FN;+141:1/0:TP;+69:1/0:TP	2	1	0	+126:0/1:FN;+141:1/0:TP;+69:1/0:TP	equal	equal	equal
1510	chr5	177326652	177327152	500	177326452	177327352	1	6	5	13	True	214	0.428	2	2	2	13	0.0	False	het	2	-	60	-	-60@177326845	0,-60	-8,-65	False	1.0	het	2	-	60	-	-60@177326845	0,-60	-8,-57	False	1.0	2	1510.0,1510.1	7,6	13	-8,-60	0	2	0	2	kmeans	2	1	0	0	0	False	False	2	2	1	DEL-60:0/1:PASS:DV5/TC11:V5TP:T2TTP:hapGT0/1	1	0	1	0	0	-60:0/1:TP	1	0	0	-60:0/1:TP	equal	equal	equal
1511	chr5	177343334	177343834	500	177343134	177344034	1	4	4	12	False	0	0.0	2	2	2	12	0.0	False	het	2	-	44	-	+44@177343584	0,44	-2,44	False	1.0	het	2	-	44	-	+44@177343584	0,44	-2,44	False	1.0	2	1511.0,1511.1	4,8	12	44,0	0	2	0	2	kmeans	2	0	0	0	0	False	False	2	2	1	INS+44:0/1:PASS:DV4/TC10:V5ref:T2Tref:hapGT0/1	1	0	0	0	0	-	0	0	0	-	equal	equal	equal
1512	chr5	177396294	177396794	500	177396094	177396994	1	8	8	30	True	279	0.558	2	2	2	29	0.0	False	het	2	-	189	-	-189@177396406	0,-189	0,-189	False	1.0	het	2	-	189	-	-189@177396406	0,-189	0,-189	False	1.0	2	1512.0,1512.1	20,9	29	0,-189	0	2	0	2	kmeans	2	0	0	0	0	False	False	2	2	1	DEL-189:0/1:PASS:DV8/TC28:V5TP:T2TTP:hapGT0/1	1	0	1	0	0	-189:0/1:TP	1	0	0	-189:0/1:TP	equal	equal	equal
1513	chr5	177420382	177420882	500	177418312	177421082	1	19	19	19	True	2345	0.65	2	2	2	19	0.0	False	hom	1	-	50	-50@177420561	-50@177420561	-50,-50	-51,-51	False	1.0	hom	1	-	50	-50@177420561	-50@177420561	-50,-50	-51,-51	False	1.0	1	1513.0	19	19	-50	0	1	0	1	kmeans	1	0	0	0	0	False	False	1	1	1	DEL-50:1/1:PASS:DV19/TC19:V5TP:T2TTP:hapGT1/1	1	0	1	0	0	-50:1/1:TP	1	0	0	-50:1/1:TP	equal	equal	equal
1514	chr5	177451384	177451884	500	177451184	177452084	1	8	7	16	True	541	0.946	2	2	2	16	0.0	False	het	2	-	218	-218@177451563	-	-218,0	-217,0	False	1.0	het	2	-	218	-218@177451563	-	-218,0	-217,0	False	1.0	2	1514.0,1514.1	7,9	16	-218,0	0	2	0	2	kmeans	2	0	0	0	0	False	False	2	2	1	DEL-218:0/1:PASS:DV7/TC16:V5TP:T2TTP:hapGT0/1	1	0	1	0	0	-218:1/0:TP	1	0	0	-218:1/0:TP	equal	equal	equal
1515	chr5	177467794	177468294	500	177467594	177468494	1	23	23	23	True	168	0.336	2	2	2	23	0.0	False	hom	1	-	56	-56@177467970	-56@177467970	-56,-56	-56,-56	False	1.0	hom	1	-	56	-56@177467970	-56@177467970	-56,-56	-56,-56	False	1.0	1	1515.0	23	23	-56	0	1	0	1	kmeans	1	0	0	0	0	False	False	1	1	1	DEL-56:1/1:PASS:DV23/TC23:V5TP:T2TTP:hapGT1/1	1	0	1	0	0	-56:1/1:TP	1	0	0	-56:1/1:TP	equal	equal	equal
1516	chr5	177517647	177519087	1440	177517447	177519287	1	16	16	17	True	1447	0.977	2	2	2	17	0.0	False	hom	1	-	723	-723@177517697	-723@177517697	-723,-723	-723,-723	False	1.0	hom	1	-	723	-723@177517697	-723@177517697	-723,-723	-723,-723	False	1.0	1	1516.0	17	17	-723	0	1	0	1	kmeans	1	1	0	0	0	False	False	1	1	1	DEL-723:1/1:PASS:DV17/TC17:V5TP:T2TTP:hapGT1/1	1	0	1	0	0	-723:1/1:TP	1	0	0	-723:1/1:TP	equal	equal	equal
1517	chr5	177580616	177581116	500	177580416	177581316	1	12	12	22	False	0	0.0	2	2	2	22	0.0	False	cpx_het	2	size_diff	36	+24@177580883	+36@177580859	24,36	24,36	False	1.0	cpx_het	2	size_diff	36	+24@177580883	+36@177580859	24,36	24,36	False	1.0	2	1517.0,1517.1	13,9	22	37,22	0	2	0	2	kmeans	2	3	0	0	0	False	False	2	2	1	INS+37:0/1:PASS:DV12/TC20:V5ref:T2Tref:hapGT0/1	1	0	0	0	0	-	0	0	0	-	equal	equal	equal
1518	chr5	177635484	177635984	500	177635284	177636184	1	18	18	20	False	0	0.0	2	2	2	20	0.0	False	hom	1	-	1225	+1225@177635731	+1225@177635731	1225,1225	1226,1215	False	1.0	hom	1	-	1225	+1225@177635731	+1225@177635731	1225,1225	1226,1215	False	1.0	2	1518.0,1518.1	17,3	20	1226,779	0	2	0	2	kmeans	2	2	0	0	0	False	False	1	1	3	INS+1226:0/1:PASS:DV16/TC19:V5TP:T2Tref:hapGT1/1;INS+251:0/0:PASS:DV3/TC19:V5ref:T2Tref:hapGT0/0;INS+218:0/0:PASS:DV3/TC19:V5ref:T2Tref:hapGT0/0;INS+80:0/0:LowQual:DV1/TC16:V5-:T2T-;INS+96:0/0:LowQual:DV1/TC16:V5-:T2T-;INS+38:0/0:LowQual:DV1/TC16:V5-:T2T-	6	1	1	0	0	+1225:1/1:TP	1	1	0	+1225:0/1:FN;+1225:1/0:TP	over	over	over
1519	chr5	177640061	177640561	500	177639861	177640761	1	8	7	18	True	417	0.834	2	2	2	18	0.0	False	het	2	-	104	+104@177640202	-	104,0	95,3	False	1.0	het	2	-	104	+104@177640202	-	104,0	95,3	False	1.0	2	1519.0,1519.1	9,9	18	96,1	0	2	0	2	kmeans	2	3	0	0	0	False	False	2	2	1	INS+104:0/1:PASS:DV7/TC17:V5TP:T2TTP:hapGT0/1	1	0	1	0	0	+104:1/0:TP	1	0	0	+104:1/0:TP	equal	equal	equal
1520	chr5	177772181	177779792	7611	177771981	177779992	1	17	9	22	False	0	0.0	2	2	2	21	0.048	False	het	2	-	5956	-6050@177772231,+94@177779713	-	-5956,0	-5964,0	False	1.0	het	2	-	5956	-6050@177772231,+94@177779713	-	-5956,0	-5964,0	False	1.0	2	1520.0,1520.1	13,9	22	0,-5956	0	2	0	2	kmeans	2	6	0	0	0	False	False	2	2	2	DEL-6050:0/1:PASS:DV8/TC20:V5TP:T2TTP:hapGT0/1;INS+94:0/1:PASS:DV9/TC21:V5TP:T2TTP:hapGT0/0	2	0	2	0	0	-6050:1/0:TP;+94:1/0:TP	2	0	0	-6050:1/0:TP;+94:1/0:TP	equal	equal	equal
1521	chr5	177781318	177782756	1438	177781118	177782956	1	35	21	24	True	127	0.088	2	2	2	23	0.087	False	cpx_het	2	opposite_sign	608	-608@177781368,+228@177782666	+608@177782643	-380,608	-381,608	False	1.0	cpx_het	2	opposite_sign	608	-608@177781368,+228@177782666	+608@177782643	-380,608	-381,608	False	1.0	2	1521.0,1521.1	12,11	23	608,-381	0	2	0	2	other	0	3	0	0	0	False	False	2	2	3	DEL-608:0/1:PASS:DV10/TC20:V5TP:T2TTP:hapGT0/0;INS+608:0/1:PASS:DV11/TC24:V5TP:T2TTP:hapGT0/1;INS+227:0/1:PASS:DV10/TC24:V5TP:T2TTP:hapGT0/0	3	0	3	0	0	-608:1/0:TP;+608:0/1:TP;+228:1/0:TP	3	0	0	-608:1/0:TP;+608:0/1:TP;+228:1/0:TP	equal	equal	equal
1522	chr5	177809870	177810370	500	177809670	177810570	1	10	10	10	False	0	0.0	2	2	2	10	0.1	False	cpx_het	2	size_diff	1005	+1005@177810113	+536@177810113	1005,536	1005,536	False	1.0	cpx_het	2	size_diff	1005	+1005@177810113	+536@177810113	1005,536	1005,536	False	1.0	2	1522.0,1522.1	6,4	10	536,1005	0	2	0	2	kmeans	2	0	0	0	0	False	False	2	2	2	INS+536:0/1:PASS:DV6/TC10:V5TP:T2TTP:hapGT0/1;INS+1005:0/1:PASS:DV4/TC10:V5TP:T2TTP:hapGT0/1	2	0	2	0	0	+536:0/1:TP;+1005:1/0:TP	2	0	0	+536:0/1:TP;+1005:1/0:TP	equal	equal	equal
1523	chr5	177812548	177813188	640	177812348	177813388	1	50	13	13	True	812	1.0	2	2	2	13	0.077	False	het	2	-	212	-	-264@177812718,+52@177813080	0,-212	-58,-228	False	1.0	het	2	-	212	-	-264@177812718,+52@177813080	0,-212	-58,-196	False	1.0	2	1523.0,1523.1	8,5	13	-194,-49	0	2	0	2	other	0	0	0	0	0	False	False	1	1	1	DEL-174:0/1:PASS:DV8/TC13:V5ref:T2Tref:hapGT0/1	1	0	0	0	0	-	0	0	0	-	equal	equal	equal
1524	chr5	177937960	177938460	500	177937692	177938660	1	5	3	3	True	638	0.84	2	2	2	3	1.0	True	hom	1	-	87	-33@177938129,-54@177938253	-33@177938129,-54@177938253	-87,-87	-87,-87	False	1.0	hom	1	-	87	-33@177938129,-54@177938253	-33@177938129,-54@177938253	-87,-87	-87,-87	False	1.0	1	1524.0	3	3	NA	1	0	0	0	kmeans	1	0	0	0	0	False	False	0	0	0	-	1	0	0	1	0	-54:1/1:FN	0	1	0	-54:1/1:FN	equal	equal	equal
1525	chr5	177951332	177951832	500	177949984	177952032	1	4	4	5	True	1642	0.688	2	2	2	5	1.0	True	hom	1	-	51	+51@177951570	+51@177951570	51,51	51,51	False	1.0	hom	1	-	51	+51@177951570	+51@177951570	51,51	51,51	False	1.0	1	1525.0	5	5	NA	1	0	0	0	kmeans	1	1	0	0	0	False	False	0	0	0	-	1	0	0	1	0	+51:1/1:FN	0	1	0	+51:1/1:FN	equal	equal	equal
1526	chr5	177961389	177962679	1290	177961109	177962879	1	37	8	10	True	1580	1.0	2	2	2	9	1.0	True	hom	1	-	2366	+344@177961439,+258@177961754,+215@177962340,+817@177962467,+732@177962588	+344@177961439,+258@177961754,+215@177962340,+817@177962467,+603@177962588	2366,2237	2364,2235	False	1.0	hom	1	-	2366	+344@177961439,+258@177961754,+215@177962340,+817@177962467,+732@177962588	+344@177961439,+258@177961754,+215@177962340,+817@177962467,+603@177962588	2366,2237	2364,2235	False	1.0	2	1526.0,1526.1	8,2	10	NA,2327	1	1	0	1	other	0	1	0	0	0	False	False	1	1	0	INS+358:0/1:LowQual:DV2/TC8:V5-:T2T-;INS+223:0/1:LowQual:DV2/TC8:V5-:T2T-;INS+92:0/1:LowQual:DV2/TC8:V5-:T2T-;INS+630:0/1:LowQual:DV2/TC8:V5-:T2T-;INS+351:0/1:LowQual:DV2/TC8:V5-:T2T-;INS+45:0/1:LowQual:DV2/TC8:V5-:T2T-;INS+623:0/1:LowQual:DV2/TC8:V5-:T2T-	10	0	0	6	0	+344:1/1:FN;+258:1/1:FN;+215:1/1:FN;+817:1/1:FN;+603:0/1:FN;+732:1/0:FN	0	6	0	+344:1/1:FN;+258:1/1:FN;+215:1/1:FN;+817:1/1:FN;+603:0/1:FN;+732:1/0:FN	over	over	over
1527	chr5	177978784	177980688	1904	177978584	177980888	1	101	8	8	True	1869	0.982	2	2	2	8	0.125	False	hom	1	-	1029	+80@177979222,+66@177979393,+168@177979459,+44@177979594,-42@177979858,+231@177979923,+64@177980056,+72@177980455,+192@177980560,+154@177980638	+44@177978834,+94@177978968,+50@177979302,+282@177979450,+34@177979648,+166@177979722,-42@177979858,+170@177980102,+148@177980611	1029,946	971,923	False	1.0	hom	1	-	1029	+80@177979222,+66@177979393,+168@177979459,+44@177979594,-42@177979858,+231@177979923,+64@177980056,+72@177980455,+192@177980560,+154@177980638	+44@177978834,+94@177978968,+50@177979302,+282@177979450,+34@177979648,+166@177979722,-42@177979858,+170@177980102,+148@177980611	1029,946	977,955	False	1.0	2	1527.0,1527.1	4,4	8	1031,1112	0	2	0	1	kmeans	2	2	0	0	0	False	False	1	1	10	INS+66:0/1:PASS:DV8/TC8:V5ref:T2Tref:hapGT0/0;INS+99:0/1:PASS:DV4/TC8:V5ref:T2Tref:hapGT0/0;INS+154:0/1:PASS:DV4/TC8:V5ref:T2Tref:hapGT0/0;INS+338:0/1:PASS:DV4/TC8:V5ref:T2Tref:hapGT0/0;INS+179:0/1:PASS:DV8/TC8:V5ref:T2Tref:hapGT0/0;INS+338:0/1:PASS:DV4/TC8:V5ref:T2Tref:hapGT0/0;INS+79:0/1:PASS:DV4/TC8:V5ref:T2Tref:hapGT0/0;INS+116:0/1:PASS:DV3/TC8:V5ref:T2Tref:hapGT0/0;INS+31:0/1:PASS:DV4/TC7:V5ref:T2Tref:hapGT0/0;INS+152:0/1:PASS:DV3/TC7:V5ref:T2Tref:hapGT0/0	12	0	10	4	1	+94:0/1:FN;+80:1/0:FN;+126:0/1:TP;+66:1/0:TP;+56:0/1:TP;+102:0/1:TP;+168:1/1:TP;+140:0/1:FN;+231:1/0:TP;+64:1/0:TP;+58:0/1:TP;+72:1/0:TP;+192:1/0:FN;+148:1/1:TP	12	5	1	+94:0/1:FN;+64:0/1:FN;+80:1/0:TP;+66:1/0:FN;+58:0/1:TP;+54:0/1:TP;+168:1/0:TP;+170:0/1:TP;+166:0/1:TP;+140:0/1:FN;+231:1/0:TP;+64:1/0:TP;+58:0/1:TP;+72:1/0:TP;+192:1/0:FN;+148:0/1:TP;+154:1/0:TP	over	over	over
1528	chr5	177985673	177986173	500	177985473	177986373	1	16	10	10	True	176	0.352	2	2	2	10	0.0	False	cpx_het	2	opposite_sign	118	+118@177985966	-30@177985936	118,-30	133,-30	False	1.0	cpx_het	2	opposite_sign	118	+118@177985966	-30@177985936	118,-30	133,-30	False	1.0	2	1528.0,1528.1	6,4	10	-30,133	0	2	0	2	kmeans	2	0	0	0	0	False	False	2	2	2	DEL-45:0/1:PASS:DV6/TC10:V5ref:T2Tref:hapGT0/0;INS+118:0/1:PASS:DV4/TC10:V5TP:T2TTP:hapGT0/1	2	0	1	0	0	+118:1/0:TP	1	0	0	+118:1/0:TP	equal	equal	equal
1529	chr5	177988650	177989150	500	177988450	177989350	1	7	7	14	True	100	0.2	2	2	2	14	0.0	False	het	2	-	32	-	+32@177988883	0,32	-6,31	False	1.0	het	2	-	32	-	+32@177988883	0,32	-6,31	False	1.0	2	1529.0,1529.1	7,7	14	-6,32	0	2	0	2	kmeans	2	1	0	0	0	False	False	2	2	1	INS+32:0/1:PASS:DV7/TC14:V5ref:T2Tref:hapGT0/1	1	0	0	0	0	-	0	0	0	-	equal	equal	equal
1530	chr5	178006806	178007306	500	178006606	178007506	1	12	9	12	True	274	0.548	2	2	2	12	0.0	False	cpx_het	2	size_diff	627	+29@178006955,+399@178007153	+627@178007134	428,627	428,627	False	1.0	cpx_het	2	size_diff	627	+29@178006955,+399@178007153	+627@178007134	428,627	428,627	False	1.0	2	1530.0,1530.1	9,3	12	629,433	0	2	0	2	kmeans	2	3	0	0	0	False	False	2	2	2	INS+629:0/1:PASS:DV7/TC12:V5TP:T2TTP:hapGT0/1;INS+404:0/1:PASS:DV3/TC12:V5TP:T2TTP:hapGT0/1	2	0	2	0	0	+627:0/1:TP;+399:1/0:TP	2	0	0	+627:0/1:TP;+399:1/0:TP	equal	equal	equal
1531	chr5	178018095	178020319	2224	178017895	178020519	1	9	9	19	True	546	0.246	2	2	2	18	0.0	False	het	2	-	2118	-	-2118@178018145	0,-2118	0,-2118	False	1.0	het	2	-	2118	-	-2118@178018145	0,-2118	0,-2118	False	1.0	2	1531.0,1531.1	10,9	19	-2118,0	0	2	0	2	kmeans	2	3	0	0	0	False	False	2	2	1	DEL-2118:0/1:PASS:DV10/TC19:V5TP:T2TTP:hapGT0/1	1	0	1	0	0	-2118:0/1:TP	1	0	0	-2118:0/1:TP	equal	equal	equal
1532	chr5	178047897	178048397	500	178047697	178048597	1	25	25	28	True	145	0.29	2	2	2	27	0.0	False	hom	1	-	36	+36@178048192	+36@178048077	36,36	32,32	False	1.0	hom	1	-	36	+36@178048192	+36@178048077	36,36	32,32	False	1.0	1	1532.0	28	28	36	0	1	0	1	kmeans	1	0	0	0	0	False	False	1	1	1	INS+36:1/1:PASS:DV27/TC27:V5ref:T2Tref:hapGT1/1	1	0	0	0	0	-	0	0	0	-	equal	equal	equal
1533	chr5	178070260	178070760	500	178070060	178070960	1	17	16	22	True	77	0.154	2	2	2	21	0.0	False	het	2	-	40	-	-40@178070463	0,-40	-18,-58	False	1.0	het	2	-	40	-	-40@178070463	0,-40	-18,-40	False	1.0	1	1533.0	22	22	-40	0	1	0	1	kmeans	1	1	0	0	0	False	False	0	0	1	DEL-40:1/1:PASS:DV21/TC21:V5ref:T2Tref:hapGT0/1	1	1	0	0	0	-	0	0	0	-	under	under	under
1534	chr5	178095125	178096996	1871	178094925	178097196	1	25	17	18	True	2064	1.0	2	2	2	18	0.0	False	cpx_het	2	size_diff	1505	-129@178095175,-129@178095454,-989@178095902,-43@178096024,-43@178096198,-172@178096548	+43@178095252,+43@178095429,-43@178096024,-43@178096198,-172@178096548	-1505,-172	-1505,-172	False	1.0	cpx_het	2	size_diff	1247	-129@178095175,-129@178095454,-989@178095902	+43@178095252,+43@178095429,-43@178096024,-43@178096198,-172@178096548	-1247,-172	-1247,-172	False	1.0	2	1534.0,1534.1	14,4	18	-172,-1242	0	2	0	2	other	0	0	0	0	0	False	False	2	2	5	DEL-129:0/1:PASS:DV4/TC18:V5ref:T2Tref:hapGT0/1;DEL-172:0/1:PASS:DV4/TC18:V5ref:T2Tref:hapGT0/1;DEL-644:0/1:PASS:DV4/TC17:V5ref:T2Tref:hapGT0/0;DEL-172:0/1:PASS:DV13/TC16:V5ref:T2Tref:hapGT0/1;DEL-297:0/0:PASS:DV3/TC16:V5ref:T2Tref:hapGT0/0	5	0	1	1	1	-989:1/0:FN;-172:0/1:TP	1	1	1	-989:1/0:FN;-172:0/1:TP	equal	equal	equal
1535	chr5	178250484	178250984	500	178250284	178251184	1	24	24	25	True	62	0.012	2	2	2	25	0.0	False	hom	1	-	44	-44@178250710	-44@178250710	-44,-44	-45,-45	False	1.0	hom	1	-	44	-44@178250710	-44@178250710	-44,-44	-45,-45	False	1.0	1	1535.0	25	25	-44	0	1	0	1	kmeans	1	1	0	0	0	False	False	1	1	1	DEL-44:1/1:PASS:DV24/TC25:V5ref:T2Tref:hapGT1/1	1	0	0	0	0	-	0	0	0	-	equal	equal	equal
1536	chr5	178258012	178258512	500	178257812	178259244	1	9	9	21	True	790	0.216	2	2	2	21	0.0	False	het	2	-	40	-	+40@178258262	0,40	-2,41	False	1.0	het	2	-	40	-	+40@178258262	0,40	-2,41	False	1.0	2	1536.0,1536.1	9,12	21	40,0	0	2	0	2	kmeans	2	0	0	0	0	False	False	2	2	1	INS+40:0/1:PASS:DV9/TC21:V5ref:T2Tref:hapGT0/1	1	0	0	0	0	-	0	0	0	-	equal	equal	equal
1537	chr5	178269117	178269617	500	178268917	178269909	1	12	12	22	True	572	0.66	2	2	2	20	0.0	False	het	2	-	40	-	-40@178269336	0,-40	20,-40	False	1.0	het	2	-	40	-	-40@178269336	0,-40	20,-40	False	1.0	2	1537.0,1537.1	13,9	22	-40,16	0	2	0	2	kmeans	2	1	0	0	0	False	False	2	2	1	DEL-40:0/1:PASS:DV12/TC21:V5ref:T2Tref:hapGT0/1	1	0	0	0	0	-	0	0	0	-	equal	equal	equal
1538	chr5	178294139	178294639	500	178293939	178294839	1	27	24	24	True	311	0.622	2	2	2	23	0.0	False	cpx_het	2	opposite_sign	238	+214@178294428	-238@178294293	214,-238	214,-238	False	1.0	cpx_het	2	opposite_sign	238	+214@178294428	-238@178294293	214,-238	214,-238	False	1.0	2	1538.0,1538.1	14,10	24	-238,214	0	2	0	2	kmeans	2	0	0	0	0	False	False	2	2	2	DEL-238:0/1:PASS:DV14/TC24:V5TP:T2TTP:hapGT0/1;INS+214:0/1:PASS:DV10/TC24:V5TP:T2TTP:hapGT0/1	2	0	2	0	0	-238:0/1:TP;+214:1/0:TP	2	0	0	-238:0/1:TP;+214:1/0:TP	equal	equal	equal
1539	chr5	178301888	178302388	500	178301688	178302588	1	21	19	21	True	744	1.0	2	2	2	20	0.0	False	cpx_het	2	size_diff	69	-33@178302237	-102@178301938,+33@178302282	-33,-69	-33,-72	False	1.0	cpx_het	2	size_diff	69	-33@178302237	-102@178301938,+33@178302282	-33,-69	-33,-72	False	1.0	1	1539.0	21	21	-33	0	1	0	1	kmeans	1	1	0	0	0	False	False	1	1	1	DEL-33:1/1:PASS:DV21/TC21:V5ref:T2Tref:hapGT0/1	1	1	0	1	0	-102:0/1:FN	0	1	0	-102:0/1:FN	under	under	under
1540	chr5	178311299	178311799	500	178311099	178311999	1	25	12	17	True	95	0.19	2	2	2	16	0.0	False	hom	1	-	22	-22@178311487	-22@178311487	-22,-22	-43,-33	False	1.0	hom	1	-	22	-22@178311487	-22@178311487	-22,-22	-31,-33	False	1.0	2	1540.0,1540.1	8,9	17	-34,-33	0	2	0	1	kmeans	2	3	0	0	0	False	False	0	0	0	-	0	0	0	0	0	-	0	0	0	-	over	over	over
1541	chr5	178349268	178349768	500	178349068	178349968	1	8	8	17	False	0	0.0	2	2	2	17	0.0	False	het	2	-	40	-40@178349497	-	-40,0	-39,0	False	1.0	het	2	-	40	-40@178349497	-	-40,0	-39,0	False	1.0	2	1541.0,1541.1	8,9	17	-40,0	0	2	0	2	kmeans	2	0	0	0	0	False	False	2	2	1	DEL-40:0/1:PASS:DV8/TC17:V5ref:T2Tref:hapGT0/1	1	0	0	0	0	-	0	0	0	-	equal	equal	equal
1542	chr5	178357884	178358384	500	178357659	178358839	1	10	5	19	True	1080	1.0	2	2	2	19	0.0	False	ref	1	-	0	-	-	0,0	18,0	False	1.0	ref	1	-	0	-	-	0,0	18,0	False	1.0	2	1542.0,1542.1	12,6	18	0,14	0	2	0	1	kmeans	2	1	0	0	0	False	False	1	1	0	-	0	0	0	0	0	-	0	0	0	-	over	over	over
1543	chr5	178394845	178396758	1913	178394645	178396958	1	35	18	18	True	2026	0.999	2	2	2	18	0.0	False	cpx_het	2	opposite_sign	1672	-1672@178394895	+88@178395444,+264@178396149	-1672,352	-1672,351	False	1.0	cpx_het	2	opposite_sign	1672	-1672@178394895	+88@178395444,+264@178396149	-1672,352	-1672,351	False	1.0	2	1543.0,1543.1	9,9	18	352,-1672	0	2	0	2	kmeans	2	0	0	0	0	False	False	2	2	2	DEL-1672:0/1:PASS:DV9/TC18:V5ref:T2Tref:hapGT0/1;INS+352:0/1:PASS:DV9/TC18:V5ref:T2Tref:hapGT0/1	2	0	0	1	1	-1672:1/0:FN	0	1	1	-1672:1/0:FN	equal	equal	equal
1544	chr5	178457917	178458417	500	178457717	178458617	1	21	21	22	False	0	0.0	2	2	2	22	0.045	False	hom	1	-	63	+63@178458166	+63@178458166	63,63	63,63	False	1.0	hom	1	-	63	+63@178458166	+63@178458166	63,63	63,63	False	1.0	1	1544.0	22	22	63	0	1	0	1	kmeans	1	1	0	0	0	False	False	1	1	1	INS+63:1/1:PASS:DV21/TC21:V5TP:T2TTP:hapGT1/1	1	0	1	0	0	+63:1/1:TP	1	0	0	+63:1/1:TP	equal	equal	equal
1545	chr5	178472840	178473340	500	178472640	178473540	1	8	8	19	False	0	0.0	2	2	2	19	0.0	False	het	2	-	36	-36@178473071	-	-36,0	-37,-1	False	0.947	het	2	-	36	-36@178473071	-	-36,0	-37,-1	False	0.947	2	1545.0,1545.1	11,8	19	0,-30	0	2	0	2	kmeans	2	1	0	0	0	False	False	2	2	1	DEL-30:0/1:PASS:DV8/TC19:V5ref:T2Tref:hapGT0/1	1	0	0	0	0	-	0	0	0	-	equal	equal	equal
1546	chr5	178524969	178525784	815	178524767	178525984	1	27	16	19	True	926	0.95	2	2	2	19	0.0	False	hom	1	-	1260	+1260@178525130	+1260@178525250	1260,1260	1260,1260	False	1.0	hom	1	-	1260	+1260@178525130	+1260@178525250	1260,1260	1260,1260	False	1.0	1	1546.0	19	19	1260	0	1	0	1	kmeans	2	2	1	0	0	False	False	1	1	1	INS+1260:1/1:PASS:DV17/TC17:V5TP:T2TTP:hapGT1/1	1	0	1	0	0	+1260:1/1:TP	2	0	0	+1260:1/0:TP;+1260:0/1:TP	equal	equal	equal
1547	chr5	178547421	178548099	678	178547221	178548299	1	75	15	17	True	687	0.981	2	2	2	17	0.0	False	hom	1	-	51	-39@178547597,+90@178547928	-39@178547597,+90@178547928	51,51	85,84	False	1.0	hom	1	-	51	-39@178547597,+90@178547928	-39@178547597,+90@178547928	51,51	85,84	False	1.0	1	1547.0	17	17	85	0	1	0	1	kmeans	1	3	0	0	0	False	False	0	0	2	DEL-39:1/1:PASS:DV15/TC15:V5ref:T2Tref:hapGT0/0;INS+90:1/1:PASS:DV15/TC16:V5TP:T2TTP:hapGT0/0	2	0	1	0	0	+90:1/1:TP	1	0	0	+90:1/1:TP	equal	equal	equal
1548	chr5	178550913	178551413	500	178550713	178551613	1	19	18	22	True	114	0.228	2	2	2	22	0.0	False	hom	1	-	42	+42@178551134	+42@178551134	42,42	42,42	False	1.0	hom	1	-	42	+42@178551134	+42@178551134	42,42	42,42	False	1.0	1	1548.0	22	22	42	0	1	0	1	kmeans	1	4	0	0	0	False	False	1	1	1	INS+42:1/1:PASS:DV19/TC21:V5ref:T2Tref:hapGT1/1	1	0	0	0	0	-	0	0	0	-	equal	equal	equal
1549	chr5	178584269	178585795	1526	178584069	178585995	1	213	27	29	True	470	0.308	2	2	2	29	0.0	False	cpx_het	2	size_diff	10554	+2712@178585607,+465@178585731	+10554@178585669	3177,10554	3179,10554	False	1.0	cpx_het	2	size_diff	10554	+2712@178585607,+465@178585731	+10554@178585669	3177,10554	3179,10554	False	1.0	2	1549.0,1549.1	20,9	29	3177,93	0	1	0	2	other	0	2	0	0	0	False	False	1	1	3	INS+2712:0/1:PASS:DV18/TC28:V5ref:T2Tref:hapGT0/1;INS+93:0/1:PASS:DV8/TC28:V5ref:T2Tref:hapGT0/0;INS+465:0/1:PASS:DV18/TC28:V5ref:T2Tref:hapGT0/0	3	0	4	5	0	+2330:0/1:FN;+408:1/0:TP;+564:1/0:TP;+3368:0/1:FN;+94:0/1:FN;+934:1/0:TP;+2055:0/1:FN;+2707:0/1:FN;+1271:1/0:TP	4	5	0	+2330:0/1:FN;+408:1/0:TP;+564:1/0:TP;+3368:0/1:FN;+94:0/1:FN;+934:1/0:TP;+2055:0/1:FN;+2707:0/1:FN;+1271:1/0:TP	equal	equal	equal
1550	chr5	178660463	178660963	500	178660263	178661163	1	21	20	21	False	0	0.0	2	2	2	21	0.0	False	hom	1	-	32	+32@178660757	+32@178660757	32,32	32,33	False	1.0	hom	1	-	32	+32@178660757	+32@178660757	32,32	32,33	False	1.0	1	1550.0	21	21	32	0	1	0	1	kmeans	1	0	0	0	0	False	False	1	1	1	INS+32:1/1:PASS:DV21/TC21:V5ref:T2Tref:hapGT1/1	1	0	0	0	0	-	0	0	0	-	equal	equal	equal
1551	chr5	178699765	178700664	899	178699565	178700864	1	21	11	22	True	122	0.136	2	2	2	20	0.0	False	het	2	-	90	-	+60@178699882,+30@178700614	0,90	0,90	False	1.0	het	2	-	90	-	+60@178699882,+30@178700614	0,90	0,90	False	1.0	2	1551.0,1551.1	11,11	22	0,90	0	2	0	2	kmeans	2	3	0	0	0	False	False	2	2	2	INS+60:0/1:PASS:DV11/TC19:V5TP:T2TTP:hapGT0/0;INS+30:0/1:PASS:DV11/TC20:V5ref:T2Tref:hapGT0/0	2	0	1	0	0	+60:0/1:TP	1	0	0	+60:0/1:TP	equal	equal	equal
1552	chr5	178755803	178756303	500	178755603	178756503	1	29	15	16	True	125	0.25	2	2	2	16	0.0	False	cpx_het	2	size_diff	1115	+846@178756118	+1115@178756118	846,1115	855,1124	False	1.0	cpx_het	2	size_diff	1115	+846@178756118	+1115@178756118	846,1115	855,1124	False	1.0	2	1552.0,1552.1	9,7	16	1124,855	0	2	0	2	other	0	1	0	0	0	False	False	2	2	2	INS+846:0/1:PASS:DV7/TC16:V5TP:T2TTP:hapGT1/1;INS+1115:0/1:PASS:DV9/TC16:V5TP:T2TTP:hapGT1/1	2	2	2	0	0	+846:1/0:TP;+1115:0/1:TP	2	0	0	+846:1/0:TP;+1115:0/1:TP	equal	equal	equal
1553	chr5	178796544	178797044	500	178796344	178797595	1	10	10	21	True	889	0.776	2	2	2	21	0.0	False	het	2	-	37	-	+37@178796751	0,37	0,37	False	1.0	het	2	-	37	-	+37@178796751	0,37	0,37	False	1.0	2	1553.0,1553.1	10,11	21	37,5	0	2	0	2	kmeans	2	2	0	0	0	False	False	2	2	1	INS+37:0/1:PASS:DV10/TC20:V5ref:T2Tref:hapGT0/1	1	0	0	0	0	-	0	0	0	-	equal	equal	equal
1554	chr5	178832251	178832751	500	178832051	178832951	1	13	12	21	False	0	0.0	2	2	2	21	0.0	False	het	2	-	84	-	+84@178832641	0,84	0,77	False	1.0	het	2	-	84	-	+84@178832641	0,84	0,77	False	1.0	2	1554.0,1554.1	12,9	21	84,0	0	2	0	2	kmeans	2	1	0	0	0	False	False	2	2	1	INS+84:0/1:PASS:DV12/TC21:V5TP:T2TTP:hapGT0/1	1	0	1	0	0	+84:0/1:TP	1	0	0	+84:0/1:TP	equal	equal	equal
1555	chr5	179001351	179001851	500	179001151	179002051	1	13	13	25	True	223	0.446	2	2	2	25	0.0	False	het	2	-	56	-	-56@179001504	0,-56	-12,-58	False	1.0	het	2	-	56	-	-56@179001504	0,-56	-10,-58	False	1.0	2	1555.0,1555.1	13,12	25	-56,-10	0	2	0	2	kmeans	2	1	0	0	0	False	False	2	2	1	DEL-56:0/1:PASS:DV13/TC24:V5TP:T2TTP:hapGT0/1	1	0	1	0	0	-56:0/1:TP	1	0	0	-56:0/1:TP	equal	equal	equal
1556	chr5	179088554	179089054	500	179088354	179089254	1	13	13	24	False	0	0.0	2	2	2	24	0.0	False	het	2	-	352	+352@179088780	-	352,0	339,-11	False	1.0	het	2	-	352	+352@179088780	-	352,0	339,-11	False	1.0	2	1556.0,1556.1	10,14	24	-11,344	0	2	0	2	kmeans	2	1	0	0	0	False	False	2	2	1	INS+352:0/1:PASS:DV13/TC23:V5TP:T2TTP:hapGT0/1	1	0	1	0	0	+352:1/0:TP	1	0	0	+352:1/0:TP	equal	equal	equal
1557	chr6	1515121	1515621	500	1514921	1515821	1	14	14	20	True	134	0.268	2	2	2	20	0.0	False	het	2	-	67	-67@1515305	-	-67,0	-67,0	False	1.0	het	2	-	67	-67@1515305	-	-67,0	-67,0	False	1.0	2	1557.0,1557.1	14,6	20	-67,0	0	2	0	2	kmeans	2	0	0	0	0	False	False	2	2	1	DEL-67:0/1:PASS:DV14/TC20:V5TP:T2TTP:hapGT0/1	1	0	1	0	0	-67:1/0:TP	1	0	0	-67:1/0:TP	equal	equal	equal
1558	chr6	1533715	1534886	1171	1533515	1535086	1	24	10	22	True	1201	0.959	2	2	2	22	0.0	False	het	2	-	250	-	+150@1533765,+100@1534745	0,250	0,249	False	1.0	het	2	-	250	-	+150@1533765,+100@1534745	0,250	0,249	False	1.0	2	1558.0,1558.1	10,12	22	250,0	0	2	0	2	kmeans	2	2	0	0	0	False	False	2	2	2	INS+150:0/1:PASS:DV10/TC20:V5TP:T2TTP:hapGT0/0;INS+100:0/1:PASS:DV10/TC22:V5TP:T2TTP:hapGT0/0	2	0	2	0	0	+150:0/1:TP;+100:0/1:TP	2	0	0	+150:0/1:TP;+100:0/1:TP	equal	equal	equal
1559	chr6	1541856	1542356	500	1541656	1542556	1	29	17	30	True	503	0.92	2	2	2	30	0.0	False	het	2	-	102	-	+98@1542000,+32@1542067,-28@1542266	0,102	0,110	False	1.0	het	2	-	102	-	+98@1542000,+32@1542067,-28@1542266	0,102	0,110	False	1.0	2	1559.0,1559.1	18,12	30	116,0	0	2	0	2	kmeans	2	0	0	0	0	False	False	2	2	2	INS+98:0/1:PASS:DV17/TC29:V5TP:T2TTP:hapGT0/1;INS+32:0/1:PASS:DV17/TC29:V5ref:T2Tref:hapGT0/0	2	0	1	0	0	+98:0/1:TP	1	0	0	+98:0/1:TP	equal	equal	equal
1560	chr6	1652438	1652938	500	1652238	1653138	1	5	5	13	True	402	0.668	2	2	2	13	0.0	False	cpx_het	2	one_net_small	29	-34@1652443,+23@1652581	-29@1652596	-11,-29	-25,-35	False	1.0	cpx_het	2	one_net_small	29	-34@1652443,+23@1652581	-29@1652596	-11,-29	-20,-35	False	1.0	2	1560.0,1560.1	7,6	13	-36,0	0	2	0	2	kmeans	2	0	0	0	0	False	False	2	2	1	DEL-31:0/1:PASS:DV5/TC11:V5ref:T2Tref:hapGT0/1	1	0	0	0	0	-	0	0	0	-	equal	equal	equal
1561	chr6	1673715	1674215	500	1673515	1674415	1	3	3	13	False	0	0.0	2	2	2	12	0.0	False	het	2	-	151	+151@1673959	-	151,0	150,0	False	1.0	het	2	-	151	+151@1673959	-	151,0	150,0	False	1.0	2	1561.0,1561.1	10,3	13	0,145	0	2	0	2	kmeans	2	1	0	0	0	False	False	2	2	1	INS+145:0/1:PASS:DV3/TC12:V5TP:T2TTP:hapGT0/1	1	0	1	0	0	+151:1/0:TP	1	0	0	+151:1/0:TP	equal	equal	equal
1562	chr6	1682507	1684138	1631	1682307	1684338	1	22	13	13	True	1516	0.929	2	2	2	12	0.0	False	cpx_het	2	size_diff	411	-311@1682557	-311@1682557,-100@1683957	-311,-411	-323,-411	False	1.0	cpx_het	2	size_diff	411	-311@1682557	-311@1682557,-100@1683957	-311,-411	-323,-411	False	1.0	2	1562.0,1562.1	4,9	13	-323,-411	0	2	0	2	other	0	1	0	0	0	False	False	2	2	2	DEL-311:0/1:PASS:DV10/TC12:V5TP:T2TTP:hapGT1/1;DEL-100:0/1:PASS:DV9/TC13:V5TP:T2TTP:hapGT0/0	3	1	2	0	0	-311:1/1:TP;-100:0/1:TP	2	0	0	-311:1/1:TP;-100:0/1:TP	equal	equal	equal
1563	chr6	1707367	1707867	500	1707167	1708067	1	19	19	20	True	190	0.38	2	2	2	20	0.0	False	cpx_het	2	size_diff	124	+124@1707524	+62@1707569	124,62	124,62	False	1.0	cpx_het	2	size_diff	124	+124@1707524	+62@1707569	124,62	124,62	False	1.0	2	1563.0,1563.1	11,9	20	62,124	0	2	0	2	kmeans	2	1	0	0	0	False	False	2	2	2	INS+124:0/1:PASS:DV9/TC20:V5TP:T2TTP:hapGT0/1;INS+62:0/1:PASS:DV11/TC20:V5TP:T2TTP:hapGT0/1	2	0	2	0	0	+124:1/0:TP;+62:0/1:TP	2	0	0	+124:1/0:TP;+62:0/1:TP	equal	equal	equal
1564	chr6	1745140	1745640	500	1744940	1745840	1	21	21	22	True	216	0.432	2	2	2	22	0.0	False	hom	1	-	72	-72@1745300	-72@1745300	-72,-72	-70,-72	False	1.0	hom	1	-	72	-72@1745300	-72@1745300	-72,-72	-70,-72	False	1.0	1	1564.0	22	22	-72	0	1	0	1	kmeans	1	1	0	0	0	False	False	1	1	1	DEL-72:1/1:PASS:DV21/TC22:V5TP:T2TTP:hapGT1/1	1	0	1	0	0	-72:1/1:TP	1	0	0	-72:1/1:TP	equal	equal	equal
1565	chr6	1827158	1827658	500	1826958	1827858	1	7	7	20	True	437	0.714	2	2	2	20	0.0	False	het	2	-	76	-	-76@1827370	0,-76	2,-80	False	1.0	het	2	-	76	-	-76@1827370	0,-76	2,-80	False	1.0	2	1565.0,1565.1	13,7	20	0,-76	0	2	0	2	kmeans	2	0	0	0	0	False	False	2	2	1	DEL-76:0/1:PASS:DV7/TC20:V5TP:T2TTP:hapGT0/1	1	0	1	0	0	-76:0/1:TP	1	0	0	-76:0/1:TP	equal	equal	equal
1566	chr6	1897795	1898295	500	1897595	1898495	1	24	18	20	True	258	0.516	2	2	2	19	0.0	False	cpx_het	2	opposite_sign	155	+155@1898047	-31@1897946,-31@1898101	155,-62	155,-62	False	1.0	cpx_het	2	opposite_sign	155	+155@1898047	-31@1897946,-31@1898101	155,-62	155,-62	False	1.0	2	1566.0,1566.1	9,11	20	-62,155	0	2	0	2	kmeans	2	0	0	0	0	False	False	2	2	3	DEL-31:0/1:PASS:DV7/TC18:V5ref:T2Tref:hapGT0/0;INS+155:0/1:PASS:DV11/TC19:V5TP:T2TTP:hapGT0/1;DEL-31:0/1:PASS:DV7/TC19:V5ref:T2Tref:hapGT0/0	3	0	1	0	0	+155:1/0:TP	1	0	0	+155:1/0:TP	equal	equal	equal
1567	chr6	1926916	1927457	541	1926716	1927759	1	40	20	23	True	743	0.908	2	2	2	23	0.0	False	cpx_het	2	size_diff	926	+568@1927143,+358@1927217	+119@1927028,+595@1927268,+60@1927337	926,774	926,774	False	1.0	cpx_het	2	size_diff	926	+568@1927143,+358@1927217	+119@1927028,+595@1927268,+60@1927337	926,774	926,774	False	1.0	2	1567.0,1567.1	13,10	23	927,779	0	2	0	2	other	0	0	0	0	0	False	False	2	2	3	INS+119:0/1:PASS:DV10/TC23:V5ref:T2Tref:hapGT0/0;INS+927:0/1:PASS:DV13/TC23:V5ref:T2Tref:hapGT1/1;INS+660:0/1:PASS:DV7/TC22:V5ref:T2Tref:hapGT1/1	3	2	0	2	1	+749:0/1:FN;+927:1/0:FN	0	2	1	+775:0/1:FN;+927:1/0:FN	equal	equal	equal
1568	chr6	1999729	2000229	500	1999529	2000429	1	15	15	28	True	158	0.316	2	2	2	28	0.0	False	het	2	-	135	-	+135@1999970	0,135	0,135	False	1.0	het	2	-	135	-	+135@1999970	0,135	0,135	False	1.0	2	1568.0,1568.1	13,15	28	0,135	0	2	0	2	kmeans	2	1	0	0	0	False	False	2	2	1	INS+135:0/1:PASS:DV15/TC26:V5TP:T2TTP:hapGT0/1	1	0	1	0	0	+135:0/1:TP	1	0	0	+135:0/1:TP	equal	equal	equal
1569	chr6	2324910	2326333	1423	2324710	2326533	1	6	3	27	False	0	0.0	2	2	2	23	0.0	False	ref	1	-	0	-	-	0,0	0,0	False	1.0	ref	1	-	0	-	-	0,0	0,0	False	1.0	2	1569.0,1569.1	24,3	27	0,NA	1	1	0	1	kmeans	2	2	0	0	0	False	False	1	1	0	-	1	0	0	0	0	-	0	0	0	-	over	over	over
1570	chr6	2375998	2376498	500	2375798	2376698	1	18	18	22	True	531	0.826	2	2	2	22	0.0	False	hom	1	-	672	+672@2376246	+672@2376246	672,672	672,672	False	1.0	hom	1	-	672	+672@2376246	+672@2376246	672,672	672,672	False	1.0	2	1570.0,1570.1	19,2	21	672,16	0	1	0	2	kmeans	2	2	0	0	0	False	False	1	1	1	INS+672:0/1:PASS:DV18/TC19:V5TP:T2Tref:hapGT1/1;INS+34:0/0:LowQual:DV0/TC19:V5-:T2T-	2	1	1	0	0	+672:1/1:TP	0	0	0	-	over	over	over
1571	chr6	2384023	2384523	500	2383823	2384723	1	8	8	22	False	0	0.0	2	2	2	21	0.0	False	het	2	-	956	-	+956@2384273	0,956	0,956	False	1.0	het	2	-	956	-	+956@2384273	0,956	0,956	False	1.0	2	1571.0,1571.1	11,11	22	958,0	0	2	0	2	kmeans	2	2	0	0	0	False	False	2	2	1	INS+958:0/1:PASS:DV9/TC20:V5TP:T2TTP:hapGT0/1	1	0	1	0	0	+956:0/1:TP	1	0	0	+956:0/1:TP	equal	equal	equal
1572	chr6	2468177	2468677	500	2467925	2468877	1	3	3	15	True	641	0.878	2	2	2	14	0.0	False	het	2	-	52	-52@2468402	-	-52,0	-55,0	False	1.0	het	2	-	52	-52@2468402	-	-52,0	-55,0	False	1.0	2	1572.0,1572.1	6,9	15	0,-50	0	2	0	2	kmeans	2	1	0	0	0	False	False	2	2	1	DEL-50:0/1:PASS:DV3/TC8:V5TP:T2TTP:hapGT0/1	1	0	1	0	0	-52:1/0:TP	1	0	0	-52:1/0:TP	equal	equal	equal
1573	chr6	2504523	2505026	503	2504323	2505282	1	40	22	23	True	679	0.94	2	2	2	23	0.0	False	cpx_het	2	size_diff	500	+396@2504884,+104@2504935	+432@2504884	500,432	501,432	False	1.0	cpx_het	2	size_diff	500	+396@2504884,+104@2504935	+432@2504884	500,432	501,432	False	1.0	2	1573.0,1573.1	13,10	23	501,432	0	2	0	2	kmeans	2	1	0	0	0	False	False	2	2	2	INS+397:0/1:PASS:DV22/TC23:V5TP:T2Tref:hapGT1/1;INS+104:0/1:PASS:DV12/TC23:V5TP:T2Tref:hapGT0/0	3	1	2	0	0	+432:1/1:TP;+104:1/0:TP	1	1	0	+384:0/1:FN;+407:1/0:TP	equal	equal	equal
1574	chr6	2565430	2565930	500	2565230	2566130	1	10	10	21	False	0	0.0	2	2	2	21	0.0	False	het	2	-	46	+46@2565680	-	46,0	46,0	False	1.0	het	2	-	46	+46@2565680	-	46,0	46,0	False	1.0	2	1574.0,1574.1	10,11	21	46,0	0	2	0	2	kmeans	2	0	0	0	0	False	False	2	2	1	INS+46:0/1:PASS:DV10/TC21:V5ref:T2Tref:hapGT0/1	1	0	0	0	0	-	0	0	0	-	equal	equal	equal
1575	chr6	2604985	2605485	500	2604785	2605685	1	65	24	24	True	340	0.68	2	2	2	24	0.0	False	cpx_het	2	size_diff	118	-28@2605142,-60@2605286	-30@2605120,-28@2605142,-60@2605286	-88,-118	-92,-122	False	1.0	hom	1	-	90	-28@2605142,-60@2605286	-30@2605120,-60@2605286	-88,-90	-87,-94	False	1.0	1	1575.0	24	24	-92	0	1	0	1	kmeans	1	0	0	0	0	False	False	1	1	2	DEL-32:1/1:PASS:DV24/TC24:V5ref:T2Tref:hapGT0/0;DEL-60:1/1:PASS:DV24/TC24:V5TP:T2TTP:hapGT0/0	2	0	1	0	0	-60:1/1:TP	1	0	0	-60:1/1:TP	under	equal	under
1576	chr6	2694316	2694816	500	2694116	2695016	1	22	19	19	True	213	0.426	2	2	2	18	0.0	False	cpx_het	2	size_diff	298	+266@2694524	+298@2694524	266,298	266,301	False	1.0	cpx_het	2	size_diff	298	+266@2694524	+298@2694524	266,298	266,301	False	1.0	1	1576.0	19	19	274	0	1	0	1	kmeans	1	0	0	0	0	False	False	1	1	1	INS+274:1/1:PASS:DV19/TC19:V5TP:T2TTP:hapGT1/1	1	0	2	0	0	+266:1/0:TP;+298:0/1:TP	2	0	0	+266:1/0:TP;+298:0/1:TP	under	under	under
1577	chr6	2836410	2836910	500	2836210	2837110	1	19	19	20	False	0	0.0	2	2	2	20	0.0	False	hom	1	-	40	-40@2836639	-40@2836639	-40,-40	-40,-40	False	1.0	hom	1	-	40	-40@2836639	-40@2836639	-40,-40	-40,-40	False	1.0	1	1577.0	20	20	-40	0	1	0	1	kmeans	1	1	0	0	0	False	False	1	1	1	DEL-40:1/1:PASS:DV20/TC20:V5ref:T2Tref:hapGT1/1	1	0	0	0	0	-	0	0	0	-	equal	equal	equal
1578	chr6	2853226	2853726	500	2851105	2853926	1	10	10	15	True	2562	0.982	2	2	2	15	0.0	False	het	2	-	91	+91@2853474	-	91,0	91,0	False	1.0	het	2	-	91	+91@2853474	-	91,0	91,0	False	1.0	2	1578.0,1578.1	5,10	15	-5,96	0	2	0	2	kmeans	2	0	0	0	0	False	False	2	2	1	INS+91:0/1:PASS:DV10/TC15:V5TP:T2TTP:hapGT0/1	1	0	1	0	0	+91:1/0:TP	1	0	0	+91:1/0:TP	equal	equal	equal
1579	chr6	2893075	2893575	500	2892875	2893775	1	17	16	17	False	0	0.0	2	2	2	17	0.0	False	cpx_het	2	size_diff	162	+162@2893191	+104@2893191	162,104	161,103	False	1.0	cpx_het	2	size_diff	162	+162@2893191	+104@2893191	162,104	161,103	False	1.0	2	1579.0,1579.1	8,9	17	104,162	0	2	0	2	kmeans	2	0	0	0	0	False	False	2	2	2	INS+162:0/1:PASS:DV9/TC17:V5TP:T2TTP:hapGT0/1;INS+104:0/1:PASS:DV8/TC17:V5TP:T2TTP:hapGT0/1	2	0	2	0	0	+162:1/0:TP;+104:0/1:TP	2	0	0	+162:1/0:TP;+104:0/1:TP	equal	equal	equal
1580	chr6	2919684	2920184	500	2919484	2920384	1	12	11	25	False	0	0.0	2	2	2	25	0.0	False	het	2	-	2560	-	+2560@2919922	0,2560	0,2558	False	1.0	het	2	-	2560	-	+2560@2919922	0,2560	0,2558	False	1.0	2	1580.0,1580.1	13,12	25	2560,0	0	2	0	2	kmeans	2	1	0	0	0	False	False	2	2	1	INS+2560:0/1:PASS:DV12/TC24:V5TP:T2TTP:hapGT0/1	1	0	1	0	0	+2560:0/1:TP	1	0	0	+2560:0/1:TP	equal	equal	equal
1581	chr6	2940399	2940899	500	2940011	2941099	1	8	8	22	True	636	0.596	2	2	2	22	0.0	False	het	2	-	70	-	+70@2940605	0,70	0,70	False	1.0	het	2	-	70	-	+70@2940605	0,70	0,70	False	1.0	2	1581.0,1581.1	9,13	22	70,0	0	2	0	2	kmeans	2	1	0	0	0	False	False	2	2	1	INS+70:0/1:PASS:DV8/TC22:V5TP:T2TTP:hapGT0/1	1	0	1	0	0	+70:0/1:TP	1	0	0	+70:0/1:TP	equal	equal	equal
1582	chr6	2972246	2972746	500	2972046	2972946	1	22	11	24	False	0	0.0	2	2	2	24	0.0	False	het	2	-	311	+311@2972360	-	311,0	301,-18	False	1.0	het	2	-	311	+311@2972360	-	311,0	301,-18	False	1.0	2	1582.0,1582.1	12,12	24	-18,298	0	2	0	2	kmeans	2	0	0	0	0	False	False	2	2	1	INS+307:0/1:PASS:DV11/TC24:V5TP:T2TTP:hapGT0/1	1	0	1	0	0	+311:1/0:TP	1	0	0	+311:1/0:TP	equal	equal	equal
1583	chr6	3090704	3094169	3465	3090504	3094369	1	100	24	26	True	3492	0.986	2	2	2	25	0.0	False	cpx_het	2	size_diff	1922	-930@3090792,-124@3090978,-248@3091629,-155@3092373,-465@3093117	-124@3090978,-248@3091629,-682@3092590,-465@3093117	-1922,-1519	-1904,-1519	False	1.0	cpx_het	2	size_diff	1550	-930@3090792,-155@3092373,-465@3093117	-124@3090978,-248@3091629,-682@3092590	-1550,-1054	-1532,-1054	False	1.0	2	1583.0,1583.1	14,12	26	-1531,-1053	0	2	0	2	other	0	4	0	0	0	False	False	1	2	7	DEL-496:0/1:PASS:DV8/TC19:V5ref:T2Tref:hapGT0/0;DEL-93:0/1:PASS:DV11/TC19:V5ref:T2Tref:hapGT0/0;DEL-31:0/1:PASS:DV11/TC19:V5ref:T2Tref:hapGT0/0;DEL-248:0/1:PASS:DV11/TC20:V5ref:T2Tref:hapGT0/0;DEL-496:0/1:PASS:DV9/TC20:V5ref:T2Tref:hapGT0/0;DEL-681:0/1:PASS:DV11/TC21:V5ref:T2Tref:hapGT0/0;DEL-527:0/1:PASS:DV12/TC24:V5ref:T2Tref:hapGT0/0	7	0	3	5	5	-837:1/0:TP;-620:0/1:FN;-93:1/1:FN;+186:0/1:FN;-155:1/0:FN;-93:0/1:FN;-434:0/1:TP;-465:1/0:TP	3	5	5	-837:1/0:TP;-620:0/1:FN;-93:1/1:FN;+186:0/1:FN;-155:1/0:FN;-93:0/1:FN;-434:0/1:TP;-465:1/0:TP	equal	equal	equal
1584	chr6	3145118	3146823	1705	3144022	3147023	1	84	20	25	True	2837	1.0	2	2	2	25	0.0	False	cpx_het	2	opposite_sign	829	-54@3145151,-341@3145305,-52@3145758,-178@3145987,-204@3146427	+214@3146558	-829,214	-818,214	False	1.0	cpx_het	2	opposite_sign	829	-54@3145151,-341@3145305,-52@3145758,-178@3145987,-204@3146427	+214@3146558	-829,214	-818,214	False	1.0	2	1584.0,1584.1	12,13	25	-818,214	0	2	0	2	other	0	4	0	0	0	False	False	2	2	7	DEL-142:0/1:PASS:DV10/TC20:V5ref:T2Tref:hapGT0/0;DEL-232:0/1:PASS:DV10/TC22:V5ref:T2Tref:hapGT0/0;DEL-70:0/1:PASS:DV10/TC22:V5ref:T2Tref:hapGT0/0;DEL-71:0/1:PASS:DV10/TC21:V5ref:T2Tref:hapGT0/0;DEL-89:0/1:PASS:DV10/TC21:V5ref:T2Tref:hapGT0/0;DEL-204:0/1:PASS:DV10/TC22:V5ref:T2Tref:hapGT0/0;INS+214:0/1:PASS:DV11/TC21:V5ref:T2Tref:hapGT0/1	7	0	0	1	2	-185:1/0:FN	0	1	2	-185:1/0:FN	equal	equal	equal
1585	chr6	3191456	3191956	500	3191256	3192156	1	22	11	26	True	383	0.738	2	2	2	26	0.0	False	ref	1	-	0	-	-	0,0	0,36	False	1.0	ref	1	-	0	-	-	0,0	0,36	False	1.0	2	1585.0,1585.1	10,16	26	36,0	0	2	0	2	kmeans	2	0	0	0	0	False	False	1	1	0	-	0	0	0	0	0	-	0	0	0	-	over	over	over
1586	chr6	3221888	3222388	500	3221688	3222588	1	51	19	20	True	371	0.742	2	2	2	19	0.0	False	hom	1	-	1670	-110@3221982,-86@3221991,+873@3222120,+993@3222288	-86@3221991,+183@3222111,+1557@3222288	1670,1654	1670,1654	False	1.0	hom	1	-	1756	-110@3221982,+873@3222120,+993@3222288	-86@3221991,+183@3222111,+1557@3222288	1756,1654	1756,1654	False	1.0	1	1586.0	19	19	1642	0	1	0	1	other	0	0	1	0	0	False	False	1	1	2	INS+85:1/1:PASS:DV19/TC19:V5ref:T2Tref:hapGT0/0;INS+1557:1/1:PASS:DV19/TC21:V5ref:T2Tref:hapGT1/1	2	0	3	0	0	+76:0/1:TP;+1557:0/1:TP;+1709:1/0:TP	3	0	0	+76:0/1:TP;+1557:0/1:TP;+1709:1/0:TP	equal	equal	equal
1587	chr6	3310031	3310531	500	3309831	3310731	1	8	7	16	True	245	0.49	2	2	2	16	0.0	False	het	2	-	59	-	-59@3310321	0,-59	0,-59	False	1.0	het	2	-	59	-	-59@3310321	0,-59	0,-59	False	1.0	2	1587.0,1587.1	8,8	16	0,-59	0	2	0	2	kmeans	2	0	0	0	0	False	False	2	2	1	DEL-59:0/1:PASS:DV7/TC15:V5TP:T2TTP:hapGT0/1	1	0	1	0	0	-59:0/1:TP	1	0	0	-59:0/1:TP	equal	equal	equal
1588	chr6	3355820	3356320	500	3355620	3356520	1	25	24	28	True	73	0.146	2	2	2	28	0.0	False	hom	1	-	344	+344@3356090	+344@3356090	344,344	344,344	False	1.0	hom	1	-	344	+344@3356090	+344@3356090	344,344	344,344	False	1.0	1	1588.0	28	28	344	0	1	0	1	kmeans	1	3	0	0	0	False	False	1	1	1	INS+344:1/1:PASS:DV26/TC27:V5TP:T2TTP:hapGT1/1	1	0	1	0	0	+344:1/1:TP	1	0	0	+344:1/1:TP	equal	equal	equal
1589	chr6	3402176	3402676	500	3401976	3402876	1	10	10	21	True	215	0.43	2	2	2	21	0.0	False	het	2	-	90	+90@3402417	-	90,0	90,0	False	1.0	het	2	-	90	+90@3402417	-	90,0	90,0	False	1.0	2	1589.0,1589.1	10,11	21	0,90	0	2	0	2	kmeans	2	2	0	0	0	False	False	2	2	1	INS+90:0/1:PASS:DV11/TC21:V5TP:T2TTP:hapGT0/1	1	0	1	0	0	+90:1/0:TP	1	0	0	+90:1/0:TP	equal	equal	equal
1590	chr6	3516706	3517206	500	3516332	3517406	1	23	21	24	True	964	1.0	2	2	2	23	0.0	False	hom	1	-	275	+256@3517049	+275@3517049	256,275	256,275	False	1.0	hom	1	-	275	+256@3517049	+275@3517049	256,275	256,275	False	1.0	2	1590.0,1590.1	10,12	22	256,275	0	2	0	1	other	0	1	0	0	0	False	False	1	1	1	INS+275:0/1:PASS:DV20/TC22:V5TP:T2Tref:hapGT1/1	2	1	1	0	0	+275:1/1:TP	0	0	0	-	over	over	over
1591	chr6	3571754	3572254	500	3571554	3572454	1	18	18	18	False	0	0.0	2	2	2	15	0.0	False	hom	1	-	40	+40@3571989	+40@3571989	40,40	40,40	False	1.0	hom	1	-	40	+40@3571989	+40@3571989	40,40	40,40	False	1.0	1	1591.0	18	18	40	0	1	0	1	kmeans	1	0	0	0	0	False	False	1	1	1	INS+40:1/1:PASS:DV18/TC18:V5ref:T2Tref:hapGT1/1	1	0	0	0	0	-	0	0	0	-	equal	equal	equal
1592	chr6	3626802	3627302	500	3626602	3627502	1	9	9	12	True	217	0.434	2	2	2	12	0.0	False	het	2	-	64	+64@3627066	-	64,0	59,0	False	1.0	het	2	-	64	+64@3627066	-	64,0	59,0	False	1.0	2	1592.0,1592.1	3,9	12	0,59	0	2	0	2	kmeans	2	0	0	0	0	False	False	2	2	1	INS+64:0/1:PASS:DV9/TC12:V5TP:T2TTP:hapGT0/1	1	0	1	0	0	+64:1/0:TP	1	0	0	+64:1/0:TP	equal	equal	equal
1593	chr6	3634795	3635295	500	3634595	3635495	1	26	13	17	True	196	0.392	2	2	2	17	0.0	False	het	2	-	178	+70@3634956,+76@3635021,+32@3635108	-	178,0	174,0	False	1.0	het	2	-	178	+70@3634956,+76@3635021,+32@3635108	-	178,0	174,0	False	1.0	2	1593.0,1593.1	14,3	17	157,0	0	2	0	2	kmeans	2	1	0	0	0	False	False	2	2	2	INS+114:1/1:PASS:DV13/TC16:V5ref:T2Tref:hapGT0/0;INS+31:0/1:PASS:DV13/TC17:V5ref:T2Tref:hapGT0/0	2	0	1	0	0	+144:1/0:TP	1	0	0	+144:1/0:TP	equal	equal	equal
1594	chr6	3638818	3639318	500	3638618	3639518	1	12	12	18	False	0	0.0	2	2	2	18	0.0	False	het	2	-	36	-36@3639050	-	-36,0	-36,0	False	1.0	het	2	-	36	-36@3639050	-	-36,0	-36,0	False	1.0	2	1594.0,1594.1	12,6	18	-36,0	0	2	0	2	kmeans	2	1	0	0	0	False	False	2	2	1	DEL-36:0/1:PASS:DV12/TC18:V5ref:T2Tref:hapGT0/1	1	0	0	0	0	-	0	0	0	-	equal	equal	equal
1595	chr6	3776410	3776910	500	3776210	3777271	1	34	17	20	True	804	0.986	2	2	2	18	0.0	False	hom	1	-	696	+692@3776795	+696@3776795	692,696	704,708	False	1.0	hom	1	-	696	+692@3776795	+696@3776795	692,696	704,708	False	1.0	1	1595.0	20	20	706	0	1	0	1	kmeans	1	3	0	0	0	False	False	1	1	1	INS+696:1/1:PASS:DV17/TC19:V5TP:T2TTP:hapGT1/1	1	0	1	0	0	+696:1/1:TP	2	0	0	+696:0/1:TP;+692:1/0:TP	equal	equal	equal
1596	chr6	3877290	3877790	500	3877090	3877990	1	14	13	28	True	174	0.348	2	2	2	27	0.0	False	cpx_het	2	size_diff	38	-38@3877507	-24@3877507	-38,-24	-38,-22	False	1.0	cpx_het	2	size_diff	38	-38@3877507	-24@3877507	-38,-24	-38,-22	False	1.0	2	1596.0,1596.1	14,13	27	-22,-38	0	2	0	2	kmeans	2	0	0	0	0	False	False	2	2	1	DEL-38:0/1:PASS:DV12/TC27:V5ref:T2Tref:hapGT0/1	1	0	0	0	0	-	0	0	0	-	equal	equal	equal
1597	chr6	4049926	4050426	500	4049726	4050626	1	17	16	16	False	0	0.0	2	2	2	16	0.0	False	hom	1	-	319	-319@4050007	-319@4050007	-319,-319	-319,-319	False	1.0	hom	1	-	319	-319@4050007	-319@4050007	-319,-319	-319,-319	False	1.0	1	1597.0	16	16	-319	0	1	0	1	kmeans	1	0	0	0	0	False	False	1	1	1	DEL-319:1/1:PASS:DV16/TC17:V5TP:T2TTP:hapGT1/1	1	0	1	0	0	-319:1/1:TP	1	0	0	-319:1/1:TP	equal	equal	equal
1598	chr6	4254535	4255169	634	4254335	4255369	1	27	14	15	True	534	0.842	2	2	2	14	0.0	False	hom	1	-	98	+49@4254834,+49@4254927	+49@4254834,+49@4254927	98,98	98,98	False	1.0	hom	1	-	98	+49@4254834,+49@4254927	+49@4254834,+49@4254927	98,98	98,98	False	1.0	1	1598.0	15	15	98	0	1	0	1	kmeans	1	1	0	0	0	False	False	1	1	2	INS+49:1/1:PASS:DV14/TC15:V5ref:T2Tref:hapGT0/0;INS+49:1/1:PASS:DV15/TC15:V5ref:T2Tref:hapGT0/0	2	0	0	0	0	-	0	0	0	-	equal	equal	equal
1599	chr6	4482866	4483366	500	4482666	4483566	1	13	7	28	True	359	0.718	2	2	2	27	0.0	False	ref	1	-	0	-	-	0,0	0,-32	False	1.0	ref	1	-	0	-	-	0,0	0,-32	False	1.0	1	1599.0	27	27	2	0	1	0	1	kmeans	1	2	0	0	0	False	False	1	1	0	-	0	0	0	0	0	-	0	0	0	-	equal	equal	equal
1600	chr6	4549012	4549512	500	4548812	4549712	1	7	7	22	True	250	0.5	2	2	2	22	0.0	False	het	2	-	28	+28@4549210	-	28,0	32,0	False	1.0	het	2	-	28	+28@4549210	-	28,0	32,0	False	1.0	1	1600.0	22	22	28	0	1	0	1	kmeans	1	1	0	0	0	False	False	1	1	0	-	0	0	0	0	0	-	0	0	0	-	under	under	under
1601	chr6	4710139	4710639	500	4709939	4710839	1	15	15	25	True	67	0.134	2	2	2	25	0.0	False	het	2	-	36	+36@4710379	-	36,0	36,12	False	1.0	het	2	-	36	+36@4710379	-	36,0	36,12	False	1.0	2	1601.0,1601.1	8,17	25	12,36	0	2	0	2	kmeans	2	2	0	0	0	False	False	2	2	1	INS+36:0/1:PASS:DV15/TC24:V5ref:T2Tref:hapGT0/1	1	0	0	0	0	-	0	0	0	-	equal	equal	equal
1602	chr6	4894877	4895530	653	4894677	4895730	1	22	15	18	True	724	1.0	2	2	2	18	0.056	False	cpx_het	2	opposite_sign	126	-70@4895402,+168@4895480	-56@4895382,-70@4895402	98,-126	106,-104	False	1.0	cpx_het	2	opposite_sign	98	-70@4895402,+168@4895480	-56@4895382	98,-56	106,-34	False	1.0	2	1602.0,1602.1	8,10	18	100,-40	0	2	0	2	kmeans	2	3	0	0	0	False	False	1	2	2	DEL-42:0/1:PASS:DV8/TC16:V5ref:T2Tref:hapGT0/0;INS+84:0/1:PASS:DV8/TC16:V5ref:T2Tref:hapGT0/1	2	0	0	0	0	-	0	0	0	-	equal	equal	equal
1603	chr6	4971392	4972051	659	4971192	4972251	1	14	10	22	True	94	0.143	2	2	2	20	0.0	False	het	2	-	31	+31@4971924	-	31,0	39,-2	False	1.0	het	2	-	31	+31@4971924	-	31,0	39,-2	False	1.0	2	1603.0,1603.1	11,11	22	39,0	0	2	0	2	kmeans	2	2	0	0	0	False	False	2	2	1	INS+31:0/1:PASS:DV10/TC22:V5ref:T2Tref:hapGT0/1	1	0	0	0	0	-	0	0	0	-	equal	equal	equal
1604	chr6	4978275	4978775	500	4978075	4978975	1	5	4	21	True	74	0.148	2	2	2	20	0.0	False	het	2	-	22	+22@4978547	-	22,0	28,-2	False	1.0	het	2	-	22	+22@4978547	-	22,0	28,-2	False	1.0	1	1604.0	21	21	29	0	1	0	1	kmeans	1	0	0	0	0	False	False	1	1	0	-	0	0	0	0	0	-	0	0	0	-	under	under	under
1605	chr6	5034703	5039010	4307	5034503	5039210	1	117	29	51	True	1691	0.393	2	2	2	30	0.2	True	hom	1	-	1602	+32@5034753,+20@5035533,+167@5035577,+120@5035628,-1936@5037010	+31@5034753,+20@5035533,+167@5035577,+116@5035628,-1936@5037010	-1597,-1602	-1595,-1600	False	1.0	hom	1	-	1602	+32@5034753,+20@5035533,+167@5035577,+120@5035628,-1936@5037010	+31@5034753,+20@5035533,+167@5035577,+116@5035628,-1936@5037010	-1597,-1602	-1595,-1600	False	1.0	2	1605.0,1605.1	30,4	34	-1596,24	0	1	0	2	kmeans	2	7	0	0	0	False	False	1	1	3	INS+187:0/1:PASS:DV21/TC29:V5TP:T2Tref:hapGT0/0;INS+118:0/1:PASS:DV22/TC29:V5TP:T2Tref:hapGT0/0;DEL-1924:1/1:PASS:DV20/TC20:V5TP:T2TTP:hapGT1/1	3	0	3	0	0	+167:1/1:TP;+120:1/1:TP;-1936:1/1:TP	1	0	0	-1936:1/1:TP	over	over	over
1606	chr6	5097085	5097585	500	5096885	5097785	1	14	14	25	True	177	0.354	2	2	2	25	0.0	False	het	2	-	90	+90@5097261	-	90,0	94,0	False	1.0	het	2	-	90	+90@5097261	-	90,0	94,0	False	1.0	2	1606.0,1606.1	14,11	25	90,0	0	2	0	2	kmeans	2	0	0	0	0	False	False	2	2	1	INS+90:0/1:PASS:DV14/TC25:V5TP:T2TTP:hapGT0/1	1	0	1	0	0	+90:1/0:TP	1	0	0	+90:1/0:TP	equal	equal	equal
1607	chr6	5134937	5135622	685	5134737	5135822	1	20	19	20	True	670	0.917	2	2	2	19	0.0	False	cpx_het	2	size_diff	308	-28@5134914,-224@5135062	-28@5134914,-56@5135038,-224@5135062	-252,-308	-252,-308	False	1.0	cpx_het	2	size_diff	252	-28@5134914,-224@5135062	-28@5134914,-56@5135038	-252,-84	-252,-84	False	1.0	2	1607.0,1607.1	10,10	20	-83,-251	0	2	0	2	kmeans	2	1	0	0	0	False	False	1	2	2	DEL-83:0/1:PASS:DV10/TC20:V5ref:T2Tref:hapGT0/0;DEL-251:0/1:PASS:DV10/TC20:V5ref:T2Tref:hapGT1/1	2	1	0	2	1	-56:0/1:FN;-224:1/0:FN	0	2	1	-56:0/1:FN;-224:1/0:FN	equal	equal	equal
1608	chr6	5148203	5148703	500	5148003	5148903	1	16	16	17	True	83	0.166	2	2	2	17	0.0	False	cpx_het	2	size_diff	135	+90@5148445	+135@5148445	90,135	86,135	False	1.0	cpx_het	2	size_diff	135	+90@5148445	+135@5148445	90,135	86,135	False	1.0	2	1608.0,1608.1	9,8	17	90,135	0	2	0	2	kmeans	2	1	0	0	0	False	False	2	2	2	INS+90:0/1:PASS:DV9/TC17:V5TP:T2TTP:hapGT0/1;INS+135:0/1:PASS:DV8/TC17:V5TP:T2TTP:hapGT0/1	2	0	2	0	0	+90:1/0:TP;+135:0/1:TP	2	0	0	+90:1/0:TP;+135:0/1:TP	equal	equal	equal
1609	chr6	5392640	5393140	500	5392440	5393340	1	9	9	21	True	384	0.75	2	2	2	21	0.0	False	het	2	-	35	+35@5392927	-	35,0	21,-18	False	1.0	het	2	-	35	+35@5392927	-	35,0	21,-18	False	1.0	2	1609.0,1609.1	12,9	21	-18,23	0	2	0	2	kmeans	2	1	0	0	0	False	False	1	1	1	INS+35:0/1:PASS:DV9/TC20:V5ref:T2Tref:hapGT0/1	1	0	0	0	0	-	0	0	0	-	equal	equal	equal
1610	chr6	5406816	5407316	500	5406616	5407516	1	15	15	22	False	0	0.0	2	2	2	22	0.0	False	cpx_het	2	near_hom_le10bp	32	+28@5407066	+32@5407066	28,32	26,32	False	1.0	cpx_het	2	near_hom_le10bp	32	+28@5407066	+32@5407066	28,32	26,32	False	1.0	1	1610.0	22	22	32	0	1	0	1	kmeans	1	2	0	0	0	False	False	1	1	1	INS+32:1/1:PASS:DV20/TC21:V5ref:T2Tref:hapGT1/1	1	0	0	0	0	-	0	0	0	-	under	under	under
1611	chr6	5537283	5537783	500	5537083	5537983	1	22	20	22	True	234	0.468	2	2	2	22	0.0	False	hom	1	-	56	+56@5537423	+56@5537423	56,56	56,56	False	1.0	hom	1	-	56	+56@5537423	+56@5537423	56,56	56,56	False	1.0	1	1611.0	22	22	56	0	1	0	1	kmeans	1	0	0	0	0	False	False	1	1	1	INS+56:1/1:PASS:DV20/TC20:V5TP:T2TTP:hapGT1/1	1	0	1	0	0	+56:1/1:TP	1	0	0	+56:1/1:TP	equal	equal	equal
1612	chr6	5539047	5539547	500	5538847	5539747	1	16	15	25	False	0	0.0	2	2	2	25	0.0	False	het	2	-	34	+34@5539384	-	34,0	34,0	False	1.0	het	2	-	34	+34@5539384	-	34,0	34,0	False	1.0	2	1612.0,1612.1	11,14	25	0,32	0	2	0	2	kmeans	2	1	0	0	0	False	False	2	2	1	INS+32:0/1:PASS:DV14/TC23:V5ref:T2Tref:hapGT0/1	1	0	0	0	0	-	0	0	0	-	equal	equal	equal
1613	chr6	5717683	5718183	500	5717483	5718383	1	4	4	17	False	0	0.0	2	2	2	16	0.0	False	het	2	-	32	-	+32@5717933	0,32	18,32	False	1.0	het	2	-	32	-	+32@5717933	0,32	18,32	False	1.0	1	1613.0	17	17	29	0	1	0	1	kmeans	1	2	0	0	0	False	False	0	0	0	-	0	0	0	0	0	-	0	0	0	-	under	under	under
1614	chr6	5895028	5895528	500	5894828	5895728	1	10	10	21	True	91	0.182	2	2	2	20	0.0	False	het	2	-	36	-	-36@5895230	0,-36	0,-36	False	1.0	het	2	-	36	-	-36@5895230	0,-36	0,-36	False	1.0	2	1614.0,1614.1	10,11	21	0,-36	0	2	0	2	kmeans	2	2	0	0	0	False	False	2	2	1	DEL-36:0/1:PASS:DV10/TC20:V5ref:T2Tref:hapGT0/1	1	0	0	0	0	-	0	0	0	-	equal	equal	equal
1615	chr6	6045679	6046994	1315	6045479	6047194	1	152	22	27	True	1151	0.817	2	2	2	24	0.0	False	cpx_het	2	size_diff	234	+187@6045753,-50@6045968,-73@6046280,+28@6046463,+58@6046654	+422@6045753,-168@6045886,-50@6045968,-73@6046280,+45@6046463,+58@6046654	150,234	121,209	False	1.0	cpx_het	2	size_diff	284	+187@6045753,-50@6045968,-73@6046280,+28@6046463,+58@6046654	+422@6045753,-168@6045886,-73@6046280,+45@6046463,+58@6046654	150,284	121,288	False	1.0	2	1615.0,1615.1	11,16	27	269,119	0	2	0	2	other	0	4	0	0	0	False	False	2	2	4	INS+131:0/1:PASS:DV8/TC22:V5ref:T2Tref:hapGT0/1;INS+30:0/1:PASS:DV8/TC22:V5ref:T2Tref:hapGT0/0;INS+38:0/1:PASS:DV22/TC23:V5ref:T2Tref:hapGT0/0;INS+58:0/1:PASS:DV23/TC25:V5ref:T2Tref:hapGT0/0	6	0	2	2	0	+115:1/0:FN;+118:0/1:TP;-73:1/1:FN;+58:1/1:TP	2	2	0	+115:1/0:FN;+118:0/1:TP;-73:1/1:FN;+58:1/1:TP	equal	equal	equal
1616	chr6	6068528	6069028	500	6068328	6069228	1	25	25	25	False	0	0.0	2	2	2	24	0.0	False	hom	1	-	341	-341@6068604	-341@6068604	-341,-341	-341,-341	False	1.0	hom	1	-	341	-341@6068604	-341@6068604	-341,-341	-341,-341	False	1.0	1	1616.0	24	24	-341	0	1	0	1	kmeans	1	0	0	0	0	False	False	1	1	1	DEL-341:1/1:PASS:DV24/TC25:V5TP:T2TTP:hapGT1/1	1	0	1	0	0	-341:1/1:TP	1	0	0	-341:1/1:TP	equal	equal	equal
1617	chr6	6094673	6095182	509	6094473	6095382	1	18	9	21	True	473	0.929	2	2	2	21	0.0	False	het	2	-	26	+26@6094723	-	26,0	23,13	False	1.0	het	2	-	26	+26@6094723	-	26,0	23,13	False	1.0	1	1617.0	21	21	22	0	1	0	1	kmeans	1	1	0	0	0	False	False	1	1	0	-	0	0	0	0	0	-	0	0	0	-	under	under	under
1618	chr6	6210245	6210745	500	6210045	6210945	1	6	6	25	True	74	0.148	2	2	2	25	0.0	False	het	2	-	13	+24@6210324,-37@6210476	-	-13,0	-13,0	False	1.0	het	2	-	13	+24@6210324,-37@6210476	-	-13,0	-13,0	False	1.0	2	1618.0,1618.1	16,9	25	0,-13	0	2	0	1	kmeans	2	1	0	0	0	False	False	2	2	1	DEL-37:0/1:PASS:DV6/TC22:V5ref:T2Tref:hapGT0/0	1	0	0	0	0	-	0	0	0	-	equal	equal	equal
1619	chr6	6261528	6262302	774	6261328	6262502	1	51	31	32	True	737	0.933	2	2	2	32	0.0	False	cpx_het	2	opposite_sign	777	+37@6261651,+740@6261873	-74@6261580	777,-74	777,-74	False	1.0	cpx_het	2	opposite_sign	777	+37@6261651,+740@6261873	-74@6261580	777,-74	777,-74	False	1.0	2	1619.0,1619.1	13,19	32	777,-74	0	2	0	2	kmeans	2	1	0	0	0	False	False	2	2	2	DEL-74:0/1:PASS:DV19/TC32:V5TP:T2TTP:hapGT0/1;INS+777:0/1:PASS:DV13/TC31:V5TP:T2TTP:hapGT0/1	2	0	2	0	0	-74:0/1:TP;+740:1/0:TP	2	0	0	-74:0/1:TP;+740:1/0:TP	equal	equal	equal
1620	chr6	6276987	6277487	500	6276787	6277687	1	13	13	30	False	0	0.0	2	2	2	30	0.0	False	het	2	-	262	-262@6277107	-	-262,0	-262,0	False	1.0	het	2	-	262	-262@6277107	-	-262,0	-262,0	False	1.0	2	1620.0,1620.1	13,17	30	-262,0	0	2	0	2	kmeans	2	2	0	0	0	False	False	2	2	1	DEL-262:0/1:PASS:DV13/TC29:V5TP:T2TTP:hapGT0/1	1	0	1	0	0	-262:1/0:TP	1	0	0	-262:1/0:TP	equal	equal	equal
1621	chr6	6311480	6311980	500	6311280	6312180	1	36	13	15	True	526	0.812	2	2	2	15	0.0	False	hom	1	-	1	+30@6311614,-31@6311715	+30@6311614,-31@6311715	-1,-1	-11,-11	False	1.0	hom	1	-	1	+30@6311614,-31@6311715	+30@6311614,-31@6311715	-1,-1	-11,-11	False	1.0	1	1621.0	15	15	-13	0	1	0	1	kmeans	1	2	0	0	0	False	False	1	1	2	INS+30:1/1:PASS:DV13/TC13:V5ref:T2Tref:hapGT0/0;DEL-31:1/1:PASS:DV13/TC13:V5ref:T2Tref:hapGT0/0	2	0	0	0	0	-	0	0	0	-	equal	equal	equal
1622	chr6	6436244	6436744	500	6436044	6436944	1	9	9	17	False	0	0.0	2	2	2	17	0.0	False	het	2	-	31	-	+31@6436493	0,31	0,31	False	1.0	het	2	-	31	-	+31@6436493	0,31	0,31	False	1.0	2	1622.0,1622.1	8,9	17	31,0	0	2	0	2	kmeans	2	1	0	0	0	False	False	2	2	1	INS+31:0/1:PASS:DV8/TC17:V5ref:T2Tref:hapGT0/1	1	0	0	0	0	-	0	0	0	-	equal	equal	equal
1623	chr6	6537340	6537840	500	6537140	6538040	1	21	19	22	True	72	0.144	2	2	2	22	0.0	False	cpx_het	2	size_diff	1420	+557@6537568	+1420@6537568	557,1420	553,1420	False	1.0	cpx_het	2	size_diff	1420	+557@6537568	+1420@6537568	557,1420	553,1420	False	1.0	2	1623.0,1623.1	8,14	22	1429,552	0	2	0	2	other	0	1	0	0	0	False	False	2	2	2	INS+557:0/1:PASS:DV14/TC22:V5TP:T2TTP:hapGT0/1;INS+1429:0/1:PASS:DV8/TC22:V5TP:T2TTP:hapGT0/1	2	0	2	0	0	+1420:0/1:TP;+557:1/0:TP	2	0	0	+1420:0/1:TP;+557:1/0:TP	equal	equal	equal
1624	chr6	6574539	6575039	500	6574339	6575239	1	10	10	12	False	0	0.0	2	2	2	12	0.0	False	hom	1	-	42	+42@6574804	+42@6574773	42,42	45,43	False	1.0	hom	1	-	42	+42@6574804	+42@6574773	42,42	45,43	False	1.0	1	1624.0	12	12	42	0	1	0	1	kmeans	1	0	0	0	0	False	False	1	1	1	INS+42:1/1:PASS:DV10/TC12:V5ref:T2Tref:hapGT1/1	1	0	0	0	0	-	0	0	0	-	equal	equal	equal
1625	chr6	6577446	6577946	500	6577246	6578146	1	13	13	14	True	102	0.204	2	2	2	14	0.0	False	hom	1	-	42	-42@6577651	-42@6577651	-42,-42	-36,-40	False	1.0	hom	1	-	42	-42@6577651	-42@6577651	-42,-42	-36,-40	False	1.0	1	1625.0	14	14	-35	0	1	0	1	kmeans	1	1	0	0	0	False	False	1	1	1	DEL-35:1/1:PASS:DV14/TC14:V5ref:T2Tref:hapGT1/1	1	0	0	0	0	-	0	0	0	-	equal	equal	equal
1626	chr6	6585431	6585931	500	6585231	6586131	1	11	11	12	False	0	0.0	2	2	2	11	0.0	False	cpx_het	2	near_hom_le10bp	40	+30@6585671	+40@6585675	30,40	31,41	False	1.0	cpx_het	2	near_hom_le10bp	40	+30@6585671	+40@6585675	30,40	31,41	False	1.0	1	1626.0	12	12	38	0	1	0	1	kmeans	1	0	0	0	0	False	False	1	1	1	INS+38:1/1:PASS:DV11/TC11:V5ref:T2Tref:hapGT1/1	1	0	0	0	0	-	0	0	0	-	under	under	under
1627	chr6	6598510	6599010	500	6598310	6599210	1	10	10	23	True	66	0.132	2	2	2	22	0.0	False	het	2	-	33	-33@6598732	-	-33,0	-33,0	False	1.0	het	2	-	33	-33@6598732	-	-33,0	-33,0	False	1.0	2	1627.0,1627.1	10,11	21	0,-33	0	2	0	2	kmeans	2	2	0	0	0	False	False	2	2	1	DEL-33:0/1:PASS:DV10/TC23:V5ref:T2Tref:hapGT0/1	1	0	0	0	0	-	0	0	0	-	equal	equal	equal
1628	chr6	6612686	6613186	500	6612486	6613386	1	13	13	25	True	575	1.0	2	2	2	24	0.0	False	het	2	-	160	-	-160@6612831	0,-160	0,-158	False	1.0	het	2	-	160	-	-160@6612831	0,-160	0,-158	False	1.0	2	1628.0,1628.1	13,11	24	-160,0	0	2	0	2	kmeans	2	1	0	0	0	False	False	2	2	1	DEL-160:0/1:PASS:DV13/TC25:V5TP:T2TTP:hapGT0/1	1	0	1	0	0	-160:0/1:TP	1	0	0	-160:0/1:TP	equal	equal	equal
1629	chr6	6624148	6624648	500	6623948	6624848	1	11	11	18	True	52	0.104	2	2	2	18	0.0	False	het	2	-	40	-	+40@6624374	0,40	0,40	False	1.0	het	2	-	40	-	+40@6624374	0,40	0,40	False	1.0	2	1629.0,1629.1	7,11	18	0,40	0	2	0	2	kmeans	2	0	0	0	0	False	False	2	2	1	INS+40:0/1:PASS:DV11/TC18:V5ref:T2Tref:hapGT0/1	1	0	0	0	0	-	0	0	0	-	equal	equal	equal
1630	chr6	6658750	6659250	500	6658550	6659450	1	15	14	14	False	0	0.0	2	2	2	14	0.0	False	hom	1	-	48	+48@6659078	+48@6659078	48,48	49,48	False	1.0	hom	1	-	48	+48@6659078	+48@6659078	48,48	49,48	False	1.0	1	1630.0	14	14	48	0	1	0	1	kmeans	1	0	0	0	0	False	False	1	1	1	INS+48:1/1:PASS:DV14/TC14:V5ref:T2Tref:hapGT1/1	1	0	0	0	0	-	0	0	0	-	equal	equal	equal
1631	chr6	6716013	6716513	500	6715813	6716713	1	7	7	20	False	0	0.0	2	2	2	20	0.0	False	cpx_het	2	near_hom_le10bp	30	+26@6716263	+30@6716263	26,30	26,30	False	1.0	cpx_het	2	near_hom_le10bp	30	+26@6716263	+30@6716263	26,30	26,30	False	1.0	1	1631.0	20	20	31	0	1	0	1	kmeans	1	0	0	0	0	False	False	1	1	1	INS+31:1/1:PASS:DV20/TC20:V5ref:T2Tref:hapGT1/1	1	0	0	0	0	-	0	0	0	-	under	under	under
1632	chr6	6771082	6771582	500	6770882	6771782	1	8	8	19	True	328	0.656	2	2	2	19	0.0	False	het	2	-	43	-43@6771269	-	-43,0	-43,0	False	1.0	het	2	-	43	-43@6771269	-	-43,0	-43,0	False	1.0	2	1632.0,1632.1	10,9	19	0,-42	0	2	0	2	kmeans	2	0	0	0	0	False	False	2	2	1	DEL-42:0/1:PASS:DV8/TC18:V5ref:T2Tref:hapGT0/1	1	0	0	0	0	-	0	0	0	-	equal	equal	equal
1633	chr6	6821716	6822216	500	6821516	6822416	1	30	25	30	True	337	0.674	2	2	2	30	0.033	False	hom	1	-	432	+429@6821922	+432@6821922	429,432	429,432	False	1.0	hom	1	-	432	+429@6821922	+432@6821922	429,432	429,432	False	1.0	1	1633.0	30	30	432	0	1	0	1	kmeans	1	3	0	0	0	False	False	1	1	1	INS+432:1/1:PASS:DV27/TC27:V5TP:T2TTP:hapGT1/1	1	0	1	0	0	+432:1/1:TP	2	0	0	+429:1/0:TP;+432:0/1:TP	equal	equal	equal
1634	chr6	7009720	7010287	567	7009520	7010487	1	32	20	21	False	0	0.0	2	2	2	20	0.0	False	cpx_het	2	one_net_small	24	-44@7009771,+20@7010195	-44@7009771,+30@7010195	-24,-14	-18,-8	False	1.0	cpx_het	2	one_net_small	24	-44@7009771,+20@7010195	-44@7009771,+30@7010195	-24,-14	-18,-8	False	1.0	1	1634.0	21	21	-8	0	1	0	1	kmeans	1	1	0	0	0	False	False	0	0	2	DEL-44:1/1:PASS:DV21/TC22:V5ref:T2Tref:hapGT0/0;INS+30:1/1:PASS:DV21/TC21:V5ref:T2Tref:hapGT0/0	2	0	0	0	0	-	0	0	0	-	under	under	under
1635	chr6	7012082	7012582	500	7011882	7012782	1	20	20	20	True	215	0.43	2	2	2	19	0.0	False	hom	1	-	146	-146@7012258	-146@7012258	-146,-146	-145,-145	False	1.0	hom	1	-	146	-146@7012258	-146@7012258	-146,-146	-145,-145	False	1.0	1	1635.0	20	20	-146	0	1	0	1	kmeans	1	0	0	0	0	False	False	1	1	1	DEL-146:1/1:PASS:DV20/TC20:V5TP:T2TTP:hapGT1/1	1	0	1	0	0	-146:1/1:TP	1	0	0	-146:1/1:TP	equal	equal	equal
1636	chr6	7021413	7021913	500	7021213	7022113	1	18	18	18	True	125	0.25	2	2	2	18	0.0	False	cpx_het	2	near_hom_le10bp	42	+32@7021663	+42@7021663	32,42	35,49	False	1.0	cpx_het	2	near_hom_le10bp	42	+32@7021663	+42@7021663	32,42	35,49	False	1.0	1	1636.0	18	18	48	0	1	0	1	kmeans	1	0	0	0	0	False	False	0	0	1	INS+42:1/1:PASS:DV18/TC18:V5ref:T2Tref:hapGT1/1	1	0	0	0	0	-	0	0	0	-	under	under	under
1637	chr6	7103081	7103581	500	7102217	7104359	1	11	10	23	True	2042	1.0	2	2	2	23	0.0	False	het	2	-	64	+64@7103356	-	64,0	64,0	False	1.0	het	2	-	64	+64@7103356	-	64,0	64,0	False	1.0	2	1637.0,1637.1	10,13	23	64,0	0	2	0	2	kmeans	2	1	0	0	0	False	False	2	2	1	INS+64:0/1:PASS:DV10/TC22:V5TP:T2TTP:hapGT0/1	1	0	1	0	0	+64:1/0:TP	1	0	0	+64:1/0:TP	equal	equal	equal
1638	chr6	7271908	7274511	2603	7271708	7274711	1	48	18	20	True	1920	0.738	2	2	2	19	0.0	False	cpx_het	2	size_diff	530	-320@7272051,+37@7273554	-558@7273126,+28@7274429	-283,-530	-265,-510	False	1.0	cpx_het	2	size_diff	530	-320@7272051,+37@7273554	-558@7273126,+28@7274429	-283,-530	-265,-510	False	1.0	2	1638.0,1638.1	11,9	20	-521,-265	0	2	0	2	kmeans	2	2	0	0	0	False	False	2	2	3	DEL-320:0/1:PASS:DV9/TC20:V5TP:T2TTP:hapGT0/1;DEL-558:0/1:PASS:DV9/TC18:V5TP:T2TTP:hapGT0/1;INS+37:0/1:PASS:DV9/TC18:V5ref:T2Tref:hapGT0/0	3	0	2	0	0	-320:1/0:TP;-558:0/1:TP	2	0	0	-320:1/0:TP;-558:0/1:TP	equal	equal	equal
1639	chr6	7316572	7317148	576	7316372	7317348	1	32	16	27	True	73	0.127	2	2	2	25	0.0	False	het	2	-	33	-	-41@7316623,-20@7317069,+28@7317273	0,-33	0,-37	False	1.0	het	2	-	33	-	-41@7316623,-20@7317069,+28@7317273	0,-33	0,-37	False	1.0	2	1639.0,1639.1	16,11	27	-33,0	0	2	0	2	kmeans	2	1	0	0	0	False	False	2	2	1	DEL-41:0/1:PASS:DV16/TC27:V5ref:T2Tref:hapGT0/1	1	0	0	0	0	-	0	0	0	-	equal	equal	equal
1640	chr6	7439212	7439712	500	7439012	7439912	1	24	24	27	False	0	0.0	2	2	2	26	0.0	False	hom	1	-	41	+41@7439450	+41@7439450	41,41	43,43	False	1.0	hom	1	-	41	+41@7439450	+41@7439450	41,41	43,43	False	1.0	1	1640.0	27	27	41	0	1	0	1	kmeans	1	1	0	0	0	False	False	1	1	1	INS+41:1/1:PASS:DV24/TC24:V5ref:T2Tref:hapGT1/1	1	0	0	0	0	-	0	0	0	-	equal	equal	equal
1641	chr6	7441628	7442128	500	7441428	7442351	1	21	21	25	True	616	0.886	2	2	2	24	0.0	False	hom	1	-	82	+82@7441879	+82@7441879	82,82	81,81	False	1.0	hom	1	-	82	+82@7441879	+82@7441879	82,82	81,81	False	1.0	1	1641.0	25	25	82	0	1	0	1	kmeans	1	1	0	0	0	False	False	1	1	1	INS+82:1/1:PASS:DV21/TC21:V5TP:T2TTP:hapGT1/1	1	0	1	0	0	+82:1/1:TP	1	0	0	+82:1/1:TP	equal	equal	equal
1642	chr6	7717054	7717554	500	7716854	7717754	1	21	21	21	False	0	0.0	2	2	2	20	0.0	False	hom	1	-	335	-335@7717134	-335@7717134	-335,-335	-335,-335	False	1.0	hom	1	-	335	-335@7717134	-335@7717134	-335,-335	-335,-335	False	1.0	1	1642.0	20	20	-335	0	1	0	1	kmeans	1	0	0	0	0	False	False	1	1	1	DEL-335:1/1:PASS:DV20/TC21:V5TP:T2TTP:hapGT1/1	1	0	1	0	0	-335:1/1:TP	1	0	0	-335:1/1:TP	equal	equal	equal
1643	chr6	7741253	7741753	500	7741053	7741953	1	10	10	19	True	297	0.594	2	2	2	18	0.0	False	het	2	-	136	-	-136@7741381	0,-136	0,-136	False	1.0	het	2	-	136	-	-136@7741381	0,-136	0,-136	False	1.0	2	1643.0,1643.1	12,7	19	-136,0	0	2	0	2	kmeans	2	3	0	0	0	False	False	2	2	1	DEL-136:0/1:PASS:DV12/TC19:V5TP:T2TTP:hapGT0/1	1	0	1	0	0	-136:0/1:TP	1	0	0	-136:0/1:TP	equal	equal	equal
1644	chr6	8227604	8228104	500	8227404	8228699	1	7	7	20	True	964	0.838	2	2	2	20	0.0	False	het	2	-	318	-318@8227690	-	-318,0	-318,0	False	1.0	het	2	-	318	-318@8227690	-	-318,0	-318,0	False	1.0	2	1644.0,1644.1	9,10	19	-318,7	0	2	0	2	kmeans	2	2	0	0	0	False	False	2	2	1	DEL-318:0/1:PASS:DV7/TC20:V5TP:T2TTP:hapGT0/1	1	0	1	0	0	-318:1/0:TP	1	0	0	-318:1/0:TP	equal	equal	equal
1645	chr6	8254027	8254527	500	8253782	8254727	1	64	33	35	True	701	1.0	2	2	2	33	0.0	False	cpx_het	2	size_diff	437	-60@8253919,-47@8254108,+544@8254415	-43@8254071,-47@8254108,+180@8254253	437,90	435,92	False	1.0	cpx_het	2	size_diff	437	-60@8253919,-47@8254108,+544@8254415	-43@8254071,+180@8254253	437,137	435,139	False	1.0	2	1645.0,1645.1	20,15	35	424,120	0	2	0	2	kmeans	2	2	0	0	0	False	False	2	2	2	INS+403:0/1:PASS:DV18/TC34:V5ref:T2Tref:hapGT0/1;INS+120:0/1:PASS:DV14/TC34:V5ref:T2Tref:hapGT0/1	2	0	1	1	0	+180:0/1:FN;+480:1/0:TP	1	1	0	+180:0/1:FN;+480:1/0:TP	equal	equal	equal
1646	chr6	8262961	8263461	500	8262761	8263661	1	3	3	33	True	244	0.488	2	2	2	32	0.0	False	het	2	-	36	-36@8263179	-	-36,0	-25,0	False	1.0	het	2	-	36	-36@8263179	-	-36,0	-25,0	False	1.0	1	1646.0	33	33	0	0	1	0	1	kmeans	1	0	0	0	0	False	False	0	0	0	-	0	0	0	0	0	-	0	0	0	-	under	under	under
1647	chr6	8297506	8298006	500	8297306	8298206	1	7	7	24	False	0	0.0	2	2	2	24	0.0	False	het	2	-	34	-	+34@8297756	0,34	18,34	False	1.0	het	2	-	34	-	+34@8297756	0,34	18,34	False	1.0	2	1647.0,1647.1	16,8	24	14,34	0	2	0	2	kmeans	2	2	0	0	0	False	False	2	2	1	INS+34:0/1:PASS:DV7/TC23:V5ref:T2Tref:hapGT0/1	1	0	0	0	0	-	0	0	0	-	equal	equal	equal
1648	chr6	8438816	8439316	500	8438616	8439516	1	7	7	23	True	401	0.556	2	2	2	23	0.0	False	cpx_het	2	size_diff	40	+20@8439066	+40@8439066	20,40	10,41	False	1.0	cpx_het	2	size_diff	40	+20@8439066	+40@8439066	20,40	10,41	False	1.0	2	1648.0,1648.1	16,7	23	14,40	0	2	0	2	kmeans	2	3	0	0	0	False	False	2	2	1	INS+40:0/1:PASS:DV7/TC22:V5ref:T2Tref:hapGT0/1	1	0	0	0	0	-	0	0	0	-	equal	equal	equal
1649	chr6	8596989	8597489	500	8596789	8597689	1	12	12	20	True	122	0.244	2	2	2	20	0.0	False	het	2	-	68	-	+68@8597223	0,68	0,68	False	1.0	het	2	-	68	-	+68@8597223	0,68	0,68	False	1.0	2	1649.0,1649.1	12,7	19	68,0	0	2	0	2	kmeans	2	2	0	0	0	False	False	2	2	1	INS+68:0/1:PASS:DV12/TC19:V5TP:T2TTP:hapGT0/1	1	0	1	0	0	+68:0/1:TP	1	0	0	+68:0/1:TP	equal	equal	equal
1650	chr6	8760955	8761455	500	8760755	8761655	1	21	21	26	True	93	0.186	2	2	2	25	0.0	False	hom	1	-	99	+99@8761209	+99@8761209	99,99	99,99	False	1.0	hom	1	-	99	+99@8761209	+99@8761209	99,99	99,99	False	1.0	1	1650.0	26	26	99	0	1	0	1	kmeans	1	3	0	0	0	False	False	1	1	1	INS+99:1/1:PASS:DV22/TC24:V5TP:T2TTP:hapGT1/1	1	0	1	0	0	+99:1/1:TP	1	0	0	+99:1/1:TP	equal	equal	equal
1651	chr6	8803559	8804059	500	8803359	8804259	1	13	13	20	False	0	0.0	2	2	2	19	0.0	False	cpx_het	2	size_diff	32	+32@8803795	+20@8803795	32,20	32,20	False	1.0	cpx_het	2	size_diff	32	+32@8803795	+20@8803795	32,20	32,20	False	1.0	1	1651.0	20	20	32	0	1	0	1	kmeans	1	1	0	0	0	False	False	1	1	1	INS+32:1/1:PASS:DV18/TC19:V5ref:T2Tref:hapGT0/1	1	1	0	0	0	-	0	0	0	-	under	under	under
1652	chr6	8827577	8828113	536	8827377	8828313	1	23	18	20	True	623	1.0	2	2	2	19	0.0	False	cpx_het	2	opposite_sign	783	+783@8827678	-75@8827627	783,-75	786,-72	False	1.0	cpx_het	2	opposite_sign	783	+783@8827678	-75@8827627	783,-75	786,-72	False	1.0	2	1652.0,1652.1	16,4	20	783,-75	0	2	0	2	other	0	1	0	0	0	False	False	2	2	2	DEL-75:0/0:PASS:DV3/TC19:V5ref:T2Tref:hapGT0/1;INS+783:0/1:PASS:DV16/TC19:V5ref:T2Tref:hapGT0/1	2	1	0	1	0	-99:0/1:FN	0	1	0	-99:0/1:FN	equal	equal	equal
1653	chr6	8901694	8902194	500	8901494	8902394	1	7	7	19	False	0	0.0	2	2	2	18	0.0	False	het	2	-	56	+56@8901934	-	56,0	56,-1	False	1.0	het	2	-	56	+56@8901934	-	56,0	56,-1	False	1.0	2	1653.0,1653.1	11,8	19	0,56	0	2	0	2	kmeans	2	1	0	0	0	False	False	2	2	1	INS+56:0/1:PASS:DV7/TC18:V5TP:T2TTP:hapGT0/1	1	0	1	0	0	+56:1/0:TP	1	0	0	+56:1/0:TP	equal	equal	equal
1654	chr6	9012867	9013367	500	9012667	9013567	1	12	10	27	True	146	0.292	2	2	2	26	0.0	False	het	2	-	78	-	+78@9013141	0,78	-2,73	False	1.0	het	2	-	78	-	+78@9013141	0,78	-2,73	False	1.0	2	1654.0,1654.1	16,11	27	0,80	0	2	0	2	kmeans	2	1	0	0	0	False	False	2	2	1	INS+74:0/1:PASS:DV10/TC25:V5TP:T2TTP:hapGT0/1	1	0	1	0	0	+78:0/1:TP	1	0	0	+78:0/1:TP	equal	equal	equal
1655	chr6	9014390	9014890	500	9014190	9015090	1	9	9	28	False	0	0.0	2	2	2	27	0.0	False	het	2	-	108	-	-108@9014583	0,-108	0,-108	False	1.0	het	2	-	108	-	-108@9014583	0,-108	0,-108	False	1.0	2	1655.0,1655.1	11,17	28	-108,0	0	2	0	2	kmeans	2	1	0	0	0	False	False	2	2	1	DEL-108:0/1:PASS:DV9/TC26:V5TP:T2TTP:hapGT0/1	1	0	1	0	0	-108:0/1:TP	1	0	0	-108:0/1:TP	equal	equal	equal
1656	chr6	9100225	9100725	500	9100025	9100925	1	14	13	22	True	342	0.684	2	2	2	22	0.0	False	hom	1	-	31	-61@9100411,+92@9100580	-61@9100411,+92@9100580	31,31	31,31	False	1.0	hom	1	-	31	-61@9100411,+92@9100580	-61@9100411,+92@9100580	31,31	31,31	False	1.0	2	1656.0,1656.1	16,6	22	30,32	0	2	0	1	kmeans	2	1	0	0	0	False	False	1	1	1	INS+32:0/1:PASS:DV6/TC20:V5ref:T2Tref:hapGT1/1	1	1	0	2	0	-61:1/1:FN;+92:1/1:FN	0	2	0	-61:1/1:FN;+92:1/1:FN	over	over	over
1657	chr6	9145949	9146735	786	9145749	9146935	1	43	25	27	True	904	1.0	2	2	2	27	0.0	False	hom	1	-	876	-428@9146093,-372@9146293	-76@9146017,-428@9146093,-372@9146293	-800,-876	-800,-876	False	1.0	hom	1	-	448	-428@9146093	-76@9146017,-372@9146293	-428,-448	-428,-448	False	1.0	1	1657.0	27	27	-448	0	1	0	1	kmeans	2	1	1	0	0	False	False	0	1	2	DEL-76:1/1:PASS:DV25/TC26:V5TP:T2TTP:hapGT0/0;DEL-372:1/1:PASS:DV26/TC26:V5TP:T2TTP:hapGT0/0	2	0	3	0	0	-76:0/1:TP;-428:1/0:TP;-372:0/1:TP	3	0	0	-76:0/1:TP;-428:1/0:TP;-372:0/1:TP	equal	equal	equal
1658	chr6	9159265	9159765	500	9159065	9159965	1	8	8	20	True	64	0.128	2	2	2	20	0.0	False	het	2	-	42	-42@9159487	-	-42,0	-42,-18	False	1.0	het	2	-	42	-42@9159487	-	-42,0	-42,-18	False	1.0	2	1658.0,1658.1	9,11	20	-42,-14	0	2	0	2	kmeans	2	2	0	0	0	False	False	2	2	1	DEL-42:0/1:PASS:DV8/TC19:V5ref:T2Tref:hapGT0/1	1	0	0	0	0	-	0	0	0	-	equal	equal	equal
1659	chr6	9179507	9180007	500	9179307	9180207	1	15	8	19	True	158	0.316	2	2	2	19	0.0	False	het	2	-	99	-	+99@9179684	0,99	0,109	False	1.0	het	2	-	99	-	+99@9179684	0,99	0,109	False	1.0	2	1659.0,1659.1	9,10	19	109,0	0	2	0	2	kmeans	2	3	0	0	0	False	False	2	2	1	INS+99:0/1:PASS:DV8/TC17:V5TP:T2TTP:hapGT0/1	1	0	1	0	0	+99:0/1:TP	1	0	0	+99:0/1:TP	equal	equal	equal
1660	chr6	9343966	9344466	500	9343766	9344666	1	13	13	22	False	0	0.0	2	2	2	20	0.0	False	het	2	-	198	-	+198@9344216	0,198	0,199	False	1.0	het	2	-	198	-	+198@9344216	0,198	0,199	False	1.0	2	1660.0,1660.1	6,16	22	0,198	0	2	0	2	kmeans	2	3	0	0	0	False	False	2	2	1	INS+198:0/1:PASS:DV15/TC22:V5TP:T2TTP:hapGT0/1	1	0	1	0	0	+198:0/1:TP	1	0	0	+198:0/1:TP	equal	equal	equal
1661	chr6	9508760	9509260	500	9508560	9509460	1	24	12	19	True	210	0.42	2	2	2	18	0.0	False	het	2	-	47	+23@9508911,+24@9509083	-	47,0	47,-2	False	1.0	het	2	-	47	+23@9508911,+24@9509083	-	47,0	47,-2	False	1.0	2	1661.0,1661.1	12,7	19	49,0	0	2	0	2	kmeans	2	1	0	0	0	False	False	2	2	0	-	0	0	0	0	0	-	0	0	0	-	equal	equal	equal
1662	chr6	9517262	9517762	500	9517062	9517962	1	21	19	21	True	111	0.222	2	2	2	20	0.0	False	cpx_het	2	size_diff	248	+155@9517467	+248@9517467	155,248	155,248	False	1.0	cpx_het	2	size_diff	248	+155@9517467	+248@9517467	155,248	155,248	False	1.0	2	1662.0,1662.1	14,7	21	155,251	0	2	0	2	kmeans	2	2	0	0	0	False	False	2	2	2	INS+155:0/1:PASS:DV14/TC20:V5TP:T2TTP:hapGT0/1;INS+251:0/1:PASS:DV6/TC20:V5TP:T2TTP:hapGT0/1	2	0	2	0	0	+155:1/0:TP;+248:0/1:TP	2	0	0	+155:1/0:TP;+248:0/1:TP	equal	equal	equal
1663	chr6	9569028	9569528	500	9568760	9569728	1	21	21	23	True	684	0.932	2	2	2	23	0.0	False	hom	1	-	38	-38@9569251	-38@9569251	-38,-38	-50,-50	False	1.0	hom	1	-	38	-38@9569251	-38@9569251	-38,-38	-50,-50	False	1.0	1	1663.0	23	23	-41	0	1	0	1	kmeans	1	1	0	0	0	False	False	1	1	1	DEL-36:1/1:PASS:DV21/TC22:V5ref:T2Tref:hapGT1/1	1	0	0	0	0	-	0	0	0	-	equal	equal	equal
1664	chr6	9795028	9795528	500	9794828	9795728	1	12	6	27	True	256	0.512	2	2	2	25	0.0	False	hom	1	-	24	+24@9795274	+24@9795239	24,24	18,31	False	1.0	hom	1	-	24	+24@9795274	+24@9795239	24,24	18,31	False	1.0	1	1664.0	27	27	31	0	1	0	1	kmeans	1	2	0	0	0	False	False	1	1	0	-	0	0	0	0	0	-	0	0	0	-	equal	equal	equal
1665	chr6	9988429	9988929	500	9988229	9989129	1	7	7	17	False	0	0.0	2	2	2	16	0.0	False	het	2	-	225	-	+225@9988679	0,225	0,225	False	1.0	het	2	-	225	-	+225@9988679	0,225	0,225	False	1.0	2	1665.0,1665.1	10,7	17	0,225	0	2	0	2	kmeans	2	1	0	0	0	False	False	2	2	1	INS+225:0/1:PASS:DV7/TC17:V5TP:T2TTP:hapGT0/1	1	0	1	0	0	+225:0/1:TP	1	0	0	+225:0/1:TP	equal	equal	equal
1666	chr6	10035027	10035527	500	10034827	10035727	1	10	10	20	True	98	0.196	2	2	2	19	0.0	False	het	2	-	53	+53@10035310	-	53,0	47,0	False	1.0	het	2	-	53	+53@10035310	-	53,0	47,0	False	1.0	2	1666.0,1666.1	12,8	20	44,0	0	2	0	2	kmeans	2	3	0	0	0	False	False	2	2	1	INS+52:0/1:PASS:DV10/TC17:V5TP:T2TTP:hapGT0/1	1	0	1	0	0	+53:1/0:TP	1	0	0	+53:1/0:TP	equal	equal	equal
1667	chr6	10070468	10070968	500	10070268	10071168	1	16	16	18	False	0	0.0	2	2	2	18	0.0	False	hom	1	-	313	-313@10070559	-313@10070559	-313,-313	-313,-313	False	1.0	hom	1	-	313	-313@10070559	-313@10070559	-313,-313	-313,-313	False	1.0	1	1667.0	18	18	-313	0	1	0	1	kmeans	1	0	0	0	0	False	False	1	1	1	DEL-313:1/1:PASS:DV16/TC16:V5TP:T2TTP:hapGT1/1	1	0	1	0	0	-313:1/1:TP	1	0	0	-313:1/1:TP	equal	equal	equal
1668	chr6	10285938	10286438	500	10285455	10286638	1	16	13	34	True	877	0.888	2	2	2	21	0.0	False	het	2	-	33	+33@10286347	-	33,0	31,12	False	1.0	het	2	-	33	+33@10286347	-	33,0	31,12	False	1.0	1	1668.0	34	34	30	0	0	0	1	kmeans	1	0	0	0	0	False	False	1	1	1	INS+30:1/1:PASS:DV26/TC26:V5ref:T2Tref:hapGT0/1	1	1	0	0	0	-	0	0	0	-	under	under	under
1669	chr6	10293585	10294085	500	10293385	10294621	1	8	8	21	True	649	0.326	2	2	2	20	0.0	False	het	2	-	145	-	-145@10293762	0,-145	9,-134	False	1.0	het	2	-	145	-	-145@10293762	0,-145	9,-134	False	1.0	2	1669.0,1669.1	12,9	21	7,-136	0	2	0	2	kmeans	2	0	0	0	0	False	False	2	2	1	DEL-145:0/1:PASS:DV8/TC20:V5TP:T2TTP:hapGT0/1	1	0	1	0	0	-145:0/1:TP	1	0	0	-145:0/1:TP	equal	equal	equal
1670	chr6	10307669	10308169	500	10307469	10308718	1	27	17	22	True	823	0.648	2	2	2	21	0.0	False	cpx_het	2	opposite_sign	34	+20@10307933	-34@10307901	20,-34	34,-34	False	1.0	cpx_het	2	opposite_sign	34	+20@10307933	-34@10307901	20,-34	34,-34	False	1.0	2	1670.0,1670.1	7,15	22	-34,34	0	1	0	2	kmeans	2	2	0	0	0	False	False	1	1	1	DEL-34:0/1:PASS:DV7/TC19:V5ref:T2Tref:hapGT0/1	1	0	0	0	0	-	0	0	0	-	equal	equal	equal
1671	chr6	10310470	10310970	500	10310270	10311170	1	1	1	21	False	0	0.0	2	2	2	20	0.0	False	ref	1	-	0	-	-	0,0	0,0	False	1.0	ref	1	-	0	-	-	0,0	0,0	False	1.0	1	1671.0	21	21	0	0	1	0	1	kmeans	1	3	0	0	0	False	False	1	1	0	-	0	0	0	0	0	-	0	0	0	-	equal	equal	equal
1672	chr6	10319270	10319770	500	10319070	10319970	1	18	18	20	True	478	0.886	2	2	2	19	0.0	False	hom	1	-	151	+151@10319563	+151@10319563	151,151	151,151	False	1.0	hom	1	-	151	+151@10319563	+151@10319563	151,151	151,151	False	1.0	1	1672.0	19	19	151	0	1	0	1	kmeans	1	1	0	0	0	False	False	1	1	1	INS+151:1/1:PASS:DV17/TC18:V5TP:T2TTP:hapGT1/1	1	0	1	0	0	+151:1/1:TP	2	0	0	+151:1/0:TP;+151:0/1:TP	equal	equal	equal
1673	chr6	10461753	10462253	500	10461553	10462453	1	16	16	23	True	427	0.85	2	2	2	22	0.0	False	ref	1	-	0	-	-	0,0	-29,-29	False	1.0	ref	1	-	0	-	-	0,0	-29,-29	False	1.0	1	1673.0	23	23	-35	0	1	0	1	kmeans	1	2	0	0	0	False	False	0	0	1	DEL-35:1/1:PASS:DV19/TC21:V5ref:T2Tref:hapGT0/0	1	0	0	0	0	-	0	0	0	-	equal	equal	equal
1674	chr7	146534887	146535387	500	146534687	146535587	1	26	21	23	True	342	0.586	2	2	2	21	0.0	False	cpx_het	2	size_diff	220	+194@146535114,+26@146535161	+194@146535114	220,194	220,194	False	1.0	cpx_het	2	size_diff	220	+194@146535114,+26@146535161	+194@146535114	220,194	220,194	False	1.0	1	1674.0	23	23	194	0	1	0	1	kmeans	2	0	1	0	0	False	False	1	1	1	INS+194:1/1:PASS:DV21/TC21:V5TP:T2TTP:hapGT1/1	1	0	1	0	0	+194:1/1:TP	1	0	0	+194:1/1:TP	under	under	under
1675	chr7	146711796	146712445	649	146711029	146712645	1	25	16	18	True	1312	0.917	2	2	2	16	0.0	False	cpx_het	2	size_diff	134	+108@146712283	+26@146711791,+108@146712283	108,134	107,134	False	1.0	cpx_het	2	size_diff	134	+108@146712283	+26@146711791,+108@146712283	108,134	107,134	False	1.0	1	1675.0	18	18	135	0	1	0	1	kmeans	2	2	1	0	0	False	False	1	1	1	INS+108:1/1:PASS:DV16/TC17:V5TP:T2TTP:hapGT1/1	1	0	1	0	0	+108:1/1:TP	1	0	0	+108:1/1:TP	under	under	under
1676	chr7	146725416	146725916	500	146725216	146726116	1	8	8	18	False	0	0.0	2	2	2	17	0.0	False	het	2	-	505	-	+505@146725666	0,505	0,505	False	1.0	het	2	-	505	-	+505@146725666	0,505	0,505	False	1.0	2	1676.0,1676.1	10,8	18	499,0	0	2	0	2	kmeans	2	2	0	0	0	False	False	2	2	1	INS+499:0/1:PASS:DV8/TC15:V5TP:T2TTP:hapGT0/1	1	0	1	0	0	+505:0/1:TP	1	0	0	+505:0/1:TP	equal	equal	equal
1677	chr7	146822771	146823271	500	146822519	146823776	1	21	21	23	True	1157	1.0	2	2	2	23	0.0	False	hom	1	-	64	-64@146822864	-64@146822864	-64,-64	-64,-64	False	1.0	hom	1	-	64	-64@146822864	-64@146822864	-64,-64	-64,-64	False	1.0	1	1677.0	23	23	-64	0	1	0	1	kmeans	1	1	0	0	0	False	False	1	1	1	DEL-64:1/1:PASS:DV21/TC22:V5TP:T2TTP:hapGT1/1	1	0	1	0	0	-64:1/1:TP	1	0	0	-64:1/1:TP	equal	equal	equal
1678	chr7	147083737	147084500	763	147083470	147084935	1	21	15	21	True	1365	1.0	2	2	2	21	0.0	False	cpx_het	2	opposite_sign	64	-31@147084313	+29@147083787,+35@147084375	-31,64	-35,66	False	1.0	cpx_het	2	opposite_sign	64	-31@147084313	+29@147083787,+35@147084375	-31,64	-35,66	False	1.0	2	1678.0,1678.1	13,8	21	64,-31	0	2	0	2	kmeans	2	2	0	0	0	False	False	2	2	2	DEL-31:0/1:PASS:DV7/TC19:V5ref:T2Tref:hapGT0/1;INS+35:0/1:PASS:DV11/TC19:V5ref:T2Tref:hapGT0/0	2	0	0	0	0	-	0	0	0	-	equal	equal	equal
1679	chr7	147186721	147187221	500	147186521	147187421	1	3	3	16	False	0	0.0	2	2	2	15	0.0	False	het	2	-	213	-	-213@147186864	0,-213	0,-213	False	1.0	het	2	-	213	-	-213@147186864	0,-213	0,-213	False	1.0	2	1679.0,1679.1	11,5	16	0,-213	0	2	0	2	kmeans	2	1	0	0	0	False	False	2	2	1	DEL-213:0/1:PASS:DV3/TC13:V5TP:T2TTP:hapGT0/1	1	0	1	0	0	-213:0/1:TP	1	0	0	-213:0/1:TP	equal	equal	equal
1680	chr7	147234118	147234618	500	147233918	147234818	1	8	8	15	False	0	0.0	2	2	2	15	0.0	False	het	2	-	47	-	+47@147234368	0,47	2,47	False	1.0	het	2	-	47	-	+47@147234368	0,47	2,47	False	1.0	2	1680.0,1680.1	10,5	15	47,0	0	2	0	2	kmeans	2	2	0	0	0	False	False	2	2	1	INS+47:0/1:PASS:DV9/TC15:V5ref:T2Tref:hapGT0/1	1	0	0	0	0	-	0	0	0	-	equal	equal	equal
1681	chr7	147347207	147347707	500	147347007	147347907	1	18	18	20	True	95	0.19	2	2	2	20	0.0	False	cpx_het	2	size_diff	94	-36@147347421	-58@147347420,-36@147347421	-36,-94	-36,-94	False	1.0	cpx_het	2	size_diff	58	-36@147347421	-58@147347420	-36,-58	-36,-58	False	1.0	1	1681.0	20	20	-56	0	1	0	1	kmeans	1	1	0	0	0	False	False	0	0	1	DEL-50:1/1:PASS:DV18/TC19:V5TP:T2TTP:hapGT0/1	1	1	1	0	0	-58:0/1:TP	1	0	0	-58:0/1:TP	under	under	under
1682	chr7	147574964	147575464	500	147574764	147575664	1	4	4	12	True	459	0.714	2	2	2	12	0.0	False	het	2	-	53	-53@147575131	-	-53,0	-59,-2	False	1.0	het	2	-	53	-53@147575131	-	-53,0	-59,-2	False	1.0	2	1682.0,1682.1	8,4	12	0,-57	0	2	0	2	kmeans	2	1	0	0	0	False	False	2	2	1	DEL-51:0/1:PASS:DV4/TC12:V5TP:T2TTP:hapGT0/1	1	0	1	0	0	-53:1/0:TP	1	0	0	-53:1/0:TP	equal	equal	equal
1683	chr7	147775100	147775600	500	147774900	147775800	1	16	16	29	True	274	0.548	2	2	2	29	0.0	False	het	2	-	82	-82@147775284	-	-82,0	-82,0	False	1.0	het	2	-	82	-82@147775284	-	-82,0	-82,0	False	1.0	2	1683.0,1683.1	17,12	29	-82,0	0	2	0	2	kmeans	2	2	0	0	0	False	False	2	2	1	DEL-82:0/1:PASS:DV16/TC28:V5TP:T2TTP:hapGT0/1	1	0	1	0	0	-82:1/0:TP	1	0	0	-82:1/0:TP	equal	equal	equal
1684	chr7	147831974	147832474	500	147831774	147833052	1	7	7	17	True	929	0.802	2	2	2	17	0.0	False	het	2	-	33	-	-33@147832155	0,-33	1,-32	False	1.0	het	2	-	33	-	-33@147832155	0,-33	1,-32	False	1.0	2	1684.0,1684.1	9,8	17	-33,0	0	2	0	2	kmeans	2	1	0	0	0	False	False	2	2	1	DEL-33:0/1:PASS:DV7/TC16:V5ref:T2Tref:hapGT0/1	1	0	0	0	0	-	0	0	0	-	equal	equal	equal
1685	chr7	147888440	147888940	500	147888240	147889140	1	6	6	17	False	0	0.0	2	2	2	17	0.0	False	het	2	-	318	-	+318@147888683	0,318	0,315	False	1.0	het	2	-	318	-	+318@147888683	0,318	0,315	False	1.0	2	1685.0,1685.1	8,9	17	317,0	0	2	0	2	kmeans	2	2	0	0	0	False	False	2	2	1	INS+317:0/1:PASS:DV7/TC16:V5TP:T2TTP:hapGT0/1	1	0	1	0	0	+318:0/1:TP	1	0	0	+318:0/1:TP	equal	equal	equal
1686	chr7	148481293	148481793	500	148481093	148481993	1	3	3	11	False	0	0.0	2	2	2	11	0.182	False	het	2	-	336	-	+336@148481543	0,336	-2,334	False	1.0	het	2	-	336	-	+336@148481543	0,336	-2,334	False	1.0	2	1686.0,1686.1	8,3	11	0,330	0	2	0	2	kmeans	2	0	0	0	0	False	False	2	2	1	INS+330:0/1:PASS:DV3/TC8:V5TP:T2TTP:hapGT0/1	1	0	1	0	0	+336:0/1:TP	1	0	0	+336:0/1:TP	equal	equal	equal
1687	chr7	148616794	148617294	500	148616594	148617494	1	34	14	25	True	300	0.6	2	2	2	25	0.0	False	het	2	-	87	-	+58@148617018,+29@148617113	0,87	0,87	False	1.0	het	2	-	87	-	+58@148617018,+29@148617113	0,87	0,87	False	1.0	2	1687.0,1687.1	15,10	25	87,0	0	2	0	2	kmeans	2	1	0	0	0	False	False	2	2	1	INS+58:0/1:PASS:DV14/TC23:V5TP:T2TTP:hapGT0/0	1	0	1	0	0	+58:0/1:TP	1	0	0	+58:0/1:TP	equal	equal	equal
1688	chr7	148647701	148648417	716	148647378	148649005	1	17	16	18	True	1527	1.0	2	2	2	18	0.0	False	cpx_het	2	size_diff	170	-68@148647645,-102@148647932	-68@148647645,-34@148647830	-170,-102	-170,-102	False	1.0	cpx_het	2	size_diff	170	-68@148647645,-102@148647932	-68@148647645,-34@148647830	-170,-102	-170,-102	False	1.0	2	1688.0,1688.1	8,10	18	-170,-102	0	2	0	2	kmeans	2	1	0	0	0	False	False	2	2	2	DEL-170:0/1:PASS:DV7/TC17:V5ref:T2Tref:hapGT0/1;DEL-102:0/1:PASS:DV10/TC17:V5ref:T2Tref:hapGT0/1	2	0	0	2	1	-170:1/0:FN;-68:0/1:FN	0	2	1	-170:1/0:FN;-68:0/1:FN	equal	equal	equal
1689	chr7	148741456	148741956	500	148741256	148742156	1	3	3	19	True	288	0.576	2	2	2	19	0.0	False	het	2	-	135	-135@148741585	-	-135,0	-135,0	False	1.0	het	2	-	135	-135@148741585	-	-135,0	-135,0	False	1.0	2	1689.0,1689.1	15,4	19	0,-134	0	2	0	2	kmeans	2	2	0	0	0	False	False	2	2	1	DEL-134:0/0:PASS:DV3/TC18:V5ref:T2Tref:hapGT0/1	1	1	0	1	0	-135:1/0:FN	0	1	0	-135:1/0:FN	equal	equal	equal
1690	chr7	148866284	148866784	500	148866084	148866984	1	10	10	21	True	230	0.46	2	2	2	20	0.0	False	het	2	-	54	-	-54@148866502	0,-54	18,-54	False	1.0	het	2	-	54	-	-54@148866502	0,-54	18,-54	False	1.0	2	1690.0,1690.1	10,11	21	18,-54	0	2	0	2	kmeans	2	0	0	0	0	False	False	2	2	1	DEL-54:0/1:PASS:DV10/TC20:V5TP:T2TTP:hapGT0/1	1	0	1	0	0	-54:0/1:TP	1	0	0	-54:0/1:TP	equal	equal	equal
1691	chr7	148935977	148936477	500	148935777	148936700	1	16	16	16	True	406	0.466	2	2	2	16	0.0	False	hom	1	-	439	+439@148936226	+439@148936226	439,439	439,439	False	1.0	hom	1	-	439	+439@148936226	+439@148936226	439,439	439,439	False	1.0	1	1691.0	16	16	439	0	1	0	1	kmeans	1	0	0	0	0	False	False	1	1	1	INS+439:1/1:PASS:DV16/TC16:V5TP:T2TTP:hapGT1/1	1	0	1	0	0	+439:1/1:TP	2	0	0	+439:1/0:TP;+439:0/1:TP	equal	equal	equal
1692	chr7	148943727	148944711	984	148943311	148945249	1	30	11	12	True	1838	1.0	2	2	2	12	0.0	False	cpx_het	2	opposite_sign	172	-34@148943777,-63@148944154	+66@148943962,+58@148944123,+24@148944285,+24@148944484	-97,172	-103,173	False	1.0	cpx_het	2	opposite_sign	172	-34@148943777,-63@148944154	+66@148943962,+58@148944123,+24@148944285,+24@148944484	-97,172	-103,173	False	1.0	2	1692.0,1692.1	4,8	12	180,-97	0	2	0	2	kmeans	2	1	0	0	0	False	False	2	2	5	INS+34:0/1:PASS:DV3/TC11:V5ref:T2Tref:hapGT0/0;INS+63:0/1:PASS:DV3/TC11:V5ref:T2Tref:hapGT0/0;DEL-58:0/1:PASS:DV8/TC11:V5ref:T2Tref:hapGT0/0;DEL-39:0/1:PASS:DV8/TC11:V5ref:T2Tref:hapGT0/0;INS+93:0/1:PASS:DV3/TC12:V5ref:T2Tref:hapGT0/0	5	0	0	1	0	-63:1/0:FN	0	1	0	-63:1/0:FN	equal	equal	equal
1693	chr7	149120996	149121496	500	149120796	149122420	1	22	22	23	True	1337	0.926	2	2	2	22	0.0	False	hom	1	-	312	-312@149121082	-312@149121082	-312,-312	-314,-314	False	1.0	hom	1	-	312	-312@149121082	-312@149121082	-312,-312	-314,-314	False	1.0	1	1693.0	23	23	-312	0	1	0	1	kmeans	1	0	0	0	0	False	False	1	1	1	DEL-312:1/1:PASS:DV22/TC23:V5TP:T2TTP:hapGT1/1	1	0	1	0	0	-312:1/1:TP	1	0	0	-312:1/1:TP	equal	equal	equal
1694	chr7	149128525	149129025	500	149128325	149130410	1	18	17	21	True	1534	0.398	2	2	2	20	0.0	False	hom	1	-	30	+30@149128755	+30@149128755	30,30	30,30	False	1.0	hom	1	-	30	+30@149128755	+30@149128755	30,30	30,30	False	1.0	1	1694.0	21	21	30	0	1	0	1	kmeans	1	2	0	0	0	False	False	1	1	1	INS+30:1/1:PASS:DV19/TC19:V5ref:T2Tref:hapGT1/1	1	0	0	0	0	-	0	0	0	-	equal	equal	equal
1695	chr7	149322731	149323231	500	149322531	149323431	1	17	17	27	True	139	0.278	2	2	2	26	0.0	False	het	2	-	42	-	+42@149322970	0,42	0,43	False	1.0	het	2	-	42	-	+42@149322970	0,42	0,43	False	1.0	2	1695.0,1695.1	17,10	27	42,0	0	2	0	2	kmeans	2	1	0	0	0	False	False	2	2	1	INS+42:0/1:PASS:DV17/TC27:V5ref:T2Tref:hapGT0/1	1	0	0	0	0	-	0	0	0	-	equal	equal	equal
1696	chr7	149391877	149392377	500	149391677	149392577	1	1	1	22	False	0	0.0	2	2	2	22	0.0	False	ref	1	-	0	-	-	0,0	1,3	False	1.0	ref	1	-	0	-	-	0,0	1,3	False	1.0	1	1696.0	21	21	0	0	1	0	1	kmeans	1	2	0	0	0	False	False	1	1	0	-	0	0	0	0	0	-	0	0	0	-	equal	equal	equal
1697	chr7	149409114	149409614	500	149408914	149409814	1	27	27	29	False	0	0.0	2	2	2	28	0.0	False	hom	1	-	37	+37@149409363	+37@149409363	37,37	37,37	False	1.0	hom	1	-	37	+37@149409363	+37@149409363	37,37	37,37	False	1.0	1	1697.0	29	29	37	0	1	0	1	kmeans	1	1	0	0	0	False	False	1	1	1	INS+37:1/1:PASS:DV27/TC27:V5ref:T2Tref:hapGT1/1	1	0	0	0	0	-	0	0	0	-	equal	equal	equal
1698	chr7	149554550	149555050	500	149553344	149555469	1	17	17	18	True	2025	1.0	2	2	2	18	0.0	False	hom	1	-	50	+50@149554813	+50@149554813	50,50	50,50	False	1.0	hom	1	-	50	+50@149554813	+50@149554813	50,50	50,50	False	1.0	1	1698.0	18	18	50	0	1	0	1	kmeans	1	0	0	0	0	False	False	1	1	1	INS+50:1/1:PASS:DV17/TC17:V5TP:T2TTP:hapGT1/1	1	0	1	0	0	+50:1/1:TP	1	0	0	+50:1/1:TP	equal	equal	equal
1699	chr7	149865677	149866177	500	149865477	149866377	1	7	5	21	True	195	0.39	2	2	2	21	0.0	False	het	2	-	84	-84@149865834	-	-84,0	-86,0	False	1.0	het	2	-	84	-84@149865834	-	-84,0	-86,0	False	1.0	2	1699.0,1699.1	11,9	20	0,-84	0	2	0	2	kmeans	2	2	0	0	0	False	False	2	2	1	DEL-84:0/1:PASS:DV6/TC18:V5TP:T2TTP:hapGT0/1	1	0	1	0	0	-84:1/0:TP	1	0	0	-84:1/0:TP	equal	equal	equal
1700	chr7	149878676	149879176	500	149878476	149879376	1	11	11	21	False	0	0.0	2	2	2	20	0.0	False	het	2	-	164	-164@149878839	-	-164,0	-165,4	False	1.0	het	2	-	164	-164@149878839	-	-164,0	-165,4	False	1.0	2	1700.0,1700.1	9,12	21	0,-164	0	2	0	2	kmeans	2	1	0	0	0	False	False	2	2	1	DEL-164:0/1:PASS:DV11/TC20:V5TP:T2TTP:hapGT0/1	1	0	1	0	0	-164:1/0:TP	1	0	0	-164:1/0:TP	equal	equal	equal
1701	chr7	149934626	149935126	500	149933569	149935326	1	15	15	15	False	0	0.0	2	2	2	15	0.0	False	hom	1	-	321	+307@149934876	+321@149934876	307,321	307,321	False	1.0	hom	1	-	321	+307@149934876	+321@149934876	307,321	307,321	False	1.0	1	1701.0	15	15	317	0	1	0	1	kmeans	1	0	0	0	0	False	False	1	1	1	INS+317:1/1:PASS:DV15/TC15:V5TP:T2TTP:hapGT1/1	1	0	1	0	0	+321:1/1:TP	2	0	0	+307:1/0:TP;+321:0/1:TP	equal	equal	equal
1702	chr7	149969054	149969554	500	149968854	149969754	1	12	12	27	True	62	0.124	2	2	2	26	0.0	False	cpx_het	2	size_diff	36	-36@149969269	-20@149969269	-36,-20	-36,-20	False	1.0	cpx_het	2	size_diff	36	-36@149969269	-20@149969269	-36,-20	-36,-20	False	1.0	2	1702.0,1702.1	12,15	27	-36,-20	0	2	0	2	kmeans	2	2	0	0	0	False	False	2	2	1	DEL-36:0/1:PASS:DV12/TC26:V5ref:T2Tref:hapGT0/1	1	0	0	0	0	-	0	0	0	-	equal	equal	equal
1703	chr7	149991744	149992244	500	149991544	149992444	1	6	6	18	True	263	0.526	2	2	2	18	0.0	False	het	2	-	140	-140@149991916	-	-140,0	-140,0	False	1.0	het	2	-	140	-140@149991916	-	-140,0	-140,0	False	1.0	2	1703.0,1703.1	12,6	18	0,-140	0	2	0	2	kmeans	2	1	0	0	0	False	False	2	2	1	DEL-140:0/1:PASS:DV6/TC17:V5TP:T2TTP:hapGT0/1	1	0	1	0	0	-140:1/0:TP	1	0	0	-140:1/0:TP	equal	equal	equal
1704	chr7	150022969	150023469	500	150022769	150023669	1	10	9	18	True	236	0.472	2	2	2	17	0.0	False	het	2	-	32	-32@150023136	-	-32,0	-27,17	False	1.0	het	2	-	32	-32@150023136	-	-32,0	-27,17	False	1.0	2	1704.0,1704.1	9,9	18	16,-28	0	2	0	2	kmeans	2	0	0	0	0	False	False	2	2	1	DEL-32:0/1:PASS:DV9/TC18:V5ref:T2Tref:hapGT0/1	1	0	0	0	0	-	0	0	0	-	equal	equal	equal
1705	chr7	150035345	150042378	7033	150034593	150043436	1	39	12	20	True	8743	1.0	2	2	2	19	0.0	False	het	2	-	392	+318@150035445,+80@150037203,-81@150037735,-936@150038856,+227@150042238	-	-392,0	-398,0	False	1.0	het	2	-	392	+318@150035445,+80@150037203,-81@150037735,-936@150038856,+227@150042238	-	-392,0	-398,0	False	1.0	2	1705.0,1705.1	7,13	20	-375,505	0	2	0	2	other	0	7	0	0	0	False	False	1	1	5	DEL-43:0/0:LowQual:DV2/TC13:V5-:T2T-;INS+81:0/1:PASS:DV4/TC15:V5TP:T2TTP:hapGT0/0;DEL-81:0/1:PASS:DV4/TC15:V5TP:T2TTP:hapGT0/0;DEL-936:0/0:PASS:DV3/TC15:V5ref:T2Tref:hapGT0/0;INS+227:0/1:PASS:DV3/TC12:V5ref:T2Tref:hapGT0/0;INS+341:0/1:PASS:DV10/TC12:V5ref:T2Tref:hapGT0/0	7	0	3	2	0	+318:1/0:FN;+80:1/0:TP;-81:1/0:TP;-936:1/0:FN;+227:1/0:TP	3	2	0	+318:1/0:FN;+80:1/0:TP;-81:1/0:TP;-936:1/0:FN;+227:1/0:TP	equal	equal	equal
1706	chr7	150110271	150110771	500	150110071	150110971	1	17	17	20	True	491	0.688	2	2	2	20	0.0	False	cpx_het	2	size_diff	207	-69@150110499	-138@150110427,-69@150110499	-69,-207	-69,-207	False	1.0	cpx_het	2	size_diff	138	-69@150110499	-138@150110427	-69,-138	-69,-138	False	1.0	2	1706.0,1706.1	8,12	20	-138,-69	0	2	0	2	kmeans	2	0	0	0	0	False	False	1	2	2	DEL-138:0/1:PASS:DV8/TC20:V5TP:T2TTP:hapGT0/0;DEL-69:0/1:PASS:DV9/TC19:V5TP:T2TTP:hapGT0/1	2	0	2	0	0	-138:0/1:TP;-69:1/0:TP	2	0	0	-138:0/1:TP;-69:1/0:TP	equal	equal	equal
1707	chr7	150150503	150152109	1606	150150303	150152309	1	10	10	21	False	0	0.0	2	2	2	20	0.0	False	het	2	-	1486	-	-1486@150150553	0,-1486	0,-1486	False	1.0	het	2	-	1486	-	-1486@150150553	0,-1486	0,-1486	False	1.0	2	1707.0,1707.1	10,11	21	-1486,0	0	2	0	2	kmeans	2	2	0	0	0	False	False	2	2	1	DEL-1486:0/1:PASS:DV10/TC21:V5TP:T2TTP:hapGT0/1	1	0	1	0	0	-1486:0/1:TP	1	0	0	-1486:0/1:TP	equal	equal	equal
1708	chr7	150342270	150342770	500	150342070	150342970	1	15	15	25	False	0	0.0	2	2	2	24	0.0	False	het	2	-	55	+55@150342493	-	55,0	55,0	False	1.0	het	2	-	55	+55@150342493	-	55,0	55,0	False	1.0	2	1708.0,1708.1	9,16	25	0,55	0	2	0	2	kmeans	2	2	0	0	0	False	False	2	2	1	INS+55:0/1:PASS:DV16/TC25:V5TP:T2TTP:hapGT0/1	1	0	1	0	0	+55:1/0:TP	1	0	0	+55:1/0:TP	equal	equal	equal
1709	chr7	150385254	150385754	500	150385054	150385954	1	15	15	15	True	192	0.384	2	2	2	15	0.0	False	hom	1	-	41	-41@150385481	-41@150385481	-41,-41	-41,-41	False	1.0	hom	1	-	41	-41@150385481	-41@150385481	-41,-41	-41,-41	False	1.0	1	1709.0	15	15	-41	0	1	0	1	kmeans	1	0	0	0	0	False	False	1	1	1	DEL-41:1/1:PASS:DV15/TC15:V5ref:T2Tref:hapGT1/1	1	0	0	0	0	-	0	0	0	-	equal	equal	equal
1710	chr7	150425956	150426456	500	150425756	150426656	1	21	11	25	True	89	0.178	2	2	2	24	0.0	False	het	2	-	32	+32@150426374	-	32,0	46,14	False	1.0	het	2	-	32	+32@150426374	-	32,0	46,14	False	1.0	2	1710.0,1710.1	14,11	25	12,45	0	2	0	2	kmeans	2	1	0	0	0	False	False	2	2	1	INS+33:0/1:PASS:DV11/TC26:V5ref:T2Tref:hapGT0/1	1	0	0	0	0	-	0	0	0	-	equal	equal	equal
1711	chr7	150474279	150474779	500	150474079	150474979	1	11	11	27	False	0	0.0	2	2	2	27	0.0	False	het	2	-	35	-	-35@150474511	0,-35	0,-35	False	1.0	het	2	-	35	-	-35@150474511	0,-35	0,-35	False	1.0	2	1711.0,1711.1	13,14	27	-35,0	0	2	0	2	kmeans	2	3	0	0	0	False	False	2	2	1	DEL-35:0/1:PASS:DV11/TC25:V5ref:T2Tref:hapGT0/1	1	0	0	0	0	-	0	0	0	-	equal	equal	equal
1712	chr7	150495791	150496291	500	150495591	150496491	1	11	11	27	True	219	0.438	2	2	2	27	0.0	False	het	2	-	32	-	-32@150496012	0,-32	0,-32	False	1.0	het	2	-	32	-	-32@150496012	0,-32	0,-32	False	1.0	2	1712.0,1712.1	11,16	27	-32,0	0	2	0	2	kmeans	2	1	0	0	0	False	False	2	2	1	DEL-32:0/1:PASS:DV11/TC27:V5ref:T2Tref:hapGT0/1	1	0	0	0	0	-	0	0	0	-	equal	equal	equal
1713	chr7	150506101	150506601	500	150505901	150506801	1	12	12	27	True	96	0.192	2	2	2	27	0.0	False	het	2	-	49	-	+49@150506332	0,49	0,49	False	1.0	het	2	-	49	-	+49@150506332	0,49	0,49	False	1.0	2	1713.0,1713.1	12,15	27	49,0	0	2	0	2	kmeans	2	1	0	0	0	False	False	2	2	1	INS+49:0/1:PASS:DV12/TC27:V5ref:T2Tref:hapGT0/1	1	0	0	0	0	-	0	0	0	-	equal	equal	equal
1714	chr7	150548782	150549282	500	150548582	150549482	1	7	6	15	True	157	0.314	2	2	2	14	0.0	False	het	2	-	47	-	-47@150549021	0,-47	-8,-51	False	1.0	het	2	-	47	-	-47@150549021	0,-47	-8,-51	False	1.0	2	1714.0,1714.1	9,6	15	-47,-8	0	2	0	2	kmeans	2	2	0	0	0	False	False	2	2	1	DEL-47:0/1:PASS:DV6/TC13:V5ref:T2Tref:hapGT0/1	1	0	0	0	0	-	0	0	0	-	equal	equal	equal
1715	chr7	150603890	150609404	5514	150603690	150609604	1	10	10	24	True	135	0.024	2	2	2	24	0.0	False	het	2	-	5414	-	-5414@150603940	0,-5414	0,-5414	False	1.0	het	2	-	5414	-	-5414@150603940	0,-5414	0,-5414	False	1.0	2	1715.0,1715.1	10,14	24	-5414,0	0	2	0	2	kmeans	2	3	0	0	0	False	False	2	2	1	DEL-5414:0/1:PASS:DV10/TC23:V5TP:T2TTP:hapGT0/1	1	0	1	0	0	-5414:0/1:TP	1	0	0	-5414:0/1:TP	equal	equal	equal
1716	chr7	150779799	150780299	500	150779599	150780499	1	17	17	22	True	324	0.648	2	2	2	20	0.0	False	hom	1	-	105	-105@150779940	-105@150779940	-105,-105	-105,-105	False	1.0	hom	1	-	105	-105@150779940	-105@150779940	-105,-105	-105,-105	False	1.0	1	1716.1	20	20	-105	0	1	0	1	kmeans	2	0	1	0	0	False	False	1	1	1	DEL-105:1/1:PASS:DV18/TC21:V5TP:T2TTP:hapGT1/1	1	0	1	0	0	-105:1/1:TP	1	0	0	-105:1/1:TP	equal	equal	equal
1717	chr7	150876711	150877211	500	150876511	150877411	1	16	16	19	False	0	0.0	2	2	2	18	0.0	False	hom	1	-	75	+75@150876949	+75@150876955	75,75	75,75	False	1.0	hom	1	-	75	+75@150876949	+75@150876955	75,75	75,75	False	1.0	1	1717.0	19	19	75	0	1	0	1	kmeans	1	2	0	0	0	False	False	1	1	1	INS+75:1/1:PASS:DV16/TC16:V5TP:T2TTP:hapGT1/1	1	0	1	0	0	+75:1/1:TP	2	0	0	+75:1/0:TP;+75:0/1:TP	equal	equal	equal
1718	chr7	150909651	150910723	1072	150909451	150911168	1	54	22	37	True	1411	0.948	2	2	2	27	0.0	False	het	2	-	760	-	+50@150910217,+710@150910594	0,760	-9,780	False	1.0	het	2	-	760	-	+50@150910217,+710@150910594	0,760	-9,780	False	1.0	2	1718.0,1718.1	19,14	33	-9,776	0	1	0	2	kmeans	2	3	0	0	0	False	False	2	2	2	INS+39:0/1:PASS:DV11/TC33:V5TP:T2TTP:hapGT0/0;INS+723:0/1:PASS:DV11/TC33:V5TP:T2TTP:hapGT0/1	3	0	2	0	0	+50:0/1:TP;+710:0/1:TP	2	0	0	+50:0/1:TP;+710:0/1:TP	equal	equal	equal
1719	chr7	150978661	150979161	500	150978461	150979361	1	9	9	18	True	104	0.208	2	2	2	18	0.0	False	het	2	-	32	-32@150978899	-	-32,0	-33,-5	False	1.0	het	2	-	32	-32@150978899	-	-32,0	-33,-5	False	1.0	2	1719.0,1719.1	9,9	18	-32,0	0	2	0	2	kmeans	2	1	0	0	0	False	False	2	2	1	DEL-32:0/1:PASS:DV9/TC18:V5ref:T2Tref:hapGT0/1	1	0	0	0	0	-	0	0	0	-	equal	equal	equal
1720	chr7	150985908	150986408	500	150985708	150986608	1	16	8	20	True	60	0.12	2	2	2	20	0.0	False	ref	1	-	0	-	-	0,0	-33,0	False	1.0	ref	1	-	0	-	-	0,0	-33,0	False	1.0	2	1720.0,1720.1	13,7	20	0,-33	0	2	0	2	kmeans	2	0	0	0	0	False	False	1	1	0	-	0	0	0	0	0	-	0	0	0	-	over	over	over
1721	chr7	150995316	150995816	500	150995116	150996470	1	31	23	30	True	891	0.574	2	2	2	28	0.0	False	cpx_het	2	size_diff	552	+337@150995593	+552@150995593	337,552	337,552	False	1.0	cpx_het	2	size_diff	552	+337@150995593	+552@150995593	337,552	337,552	False	1.0	2	1721.0,1721.1	13,16	29	552,342	0	2	0	2	other	0	5	0	0	0	False	False	2	2	2	INS+552:0/1:PASS:DV11/TC28:V5TP:T2TTP:hapGT0/1;INS+337:0/1:PASS:DV15/TC28:V5TP:T2TTP:hapGT0/1	2	0	2	0	0	+552:0/1:TP;+337:1/0:TP	2	0	0	+552:0/1:TP;+337:1/0:TP	equal	equal	equal
1722	chr7	151316330	151316830	500	151316130	151317030	1	26	26	28	True	156	0.312	2	2	2	28	0.0	False	hom	1	-	90	-85@151316527	-90@151316527	-85,-90	-85,-90	False	1.0	hom	1	-	90	-85@151316527	-90@151316527	-85,-90	-85,-90	False	1.0	1	1722.0	28	28	-85	0	1	0	1	kmeans	1	1	0	0	0	False	False	1	1	1	DEL-85:1/1:PASS:DV26/TC26:V5TP:T2TTP:hapGT1/1	1	0	1	0	0	-90:1/1:TP	2	0	0	-85:1/0:TP;-90:0/1:TP	equal	equal	equal
1723	chr7	151360717	151361217	500	151360517	151361417	1	19	19	19	False	0	0.0	2	2	2	18	0.0	False	hom	1	-	144	-144@151360895	-144@151360895	-144,-144	-144,-144	False	1.0	hom	1	-	144	-144@151360895	-144@151360895	-144,-144	-144,-144	False	1.0	1	1723.0	19	19	-144	0	1	0	1	kmeans	1	0	0	0	0	False	False	1	1	1	DEL-144:1/1:PASS:DV19/TC19:V5TP:T2TTP:hapGT1/1	1	0	1	0	0	-144:1/1:TP	1	0	0	-144:1/1:TP	equal	equal	equal
1724	chr7	151397473	151397973	500	151397273	151398796	1	33	9	23	True	1136	0.726	2	2	2	23	0.0	False	cpx_het	2	size_diff	199	+55@151397632,-34@151397771	+163@151397612,+36@151397824	21,199	23,237	False	1.0	cpx_het	2	size_diff	199	+55@151397632,-34@151397771	+163@151397612,+36@151397824	21,199	23,237	False	1.0	2	1724.0,1724.1	10,13	23	233,19	0	2	0	2	kmeans	2	2	0	0	0	False	False	2	2	2	INS+179:0/1:PASS:DV9/TC22:V5ref:T2Tref:hapGT0/1;INS+37:0/1:PASS:DV9/TC21:V5ref:T2Tref:hapGT0/0	2	0	1	1	0	+55:1/0:FN;+163:0/1:TP	1	1	0	+55:1/0:FN;+163:0/1:TP	equal	equal	equal
1725	chr7	151526009	151526547	538	151525736	151528115	1	6	6	17	True	2279	1.0	2	2	2	17	0.0	False	het	2	-	360	-	-360@151526059	0,-360	0,-360	False	1.0	het	2	-	360	-	-360@151526059	0,-360	0,-360	False	1.0	2	1725.0,1725.1	10,7	17	-5,-360	0	2	0	2	kmeans	2	0	0	0	0	False	False	2	2	1	DEL-360:0/1:PASS:DV6/TC16:V5TP:T2TTP:hapGT0/1	1	0	1	0	0	-360:0/1:TP	1	0	0	-360:0/1:TP	equal	equal	equal
1726	chr7	151533264	151533764	500	151533064	151533964	1	20	20	21	True	122	0.244	2	2	2	21	0.0	False	cpx_het	2	size_diff	72	+39@151533517	+72@151533517	39,72	39,72	False	0.809	cpx_het	2	size_diff	72	+39@151533517	+72@151533517	39,72	39,72	False	0.809	2	1726.0,1726.1	11,10	21	35,69	0	2	0	2	kmeans	2	1	0	0	0	False	False	2	2	2	INS+35:0/1:PASS:DV11/TC21:V5ref:T2Tref:hapGT0/1;INS+69:0/1:PASS:DV9/TC21:V5ref:T2Tref:hapGT0/1	2	0	0	0	0	-	0	0	0	-	equal	equal	equal
1727	chr7	151603082	151603683	601	151602882	151603883	1	38	16	20	True	567	0.938	2	2	2	19	0.0	False	cpx_het	2	size_diff	626	+596@151603423,+30@151603633	+30@151603132	626,30	626,30	False	1.0	cpx_het	2	size_diff	626	+596@151603423,+30@151603633	+30@151603132	626,30	626,30	False	1.0	2	1727.0,1727.1	10,10	20	626,30	0	2	0	2	kmeans	2	2	0	0	0	False	False	2	2	2	INS+30:0/1:PASS:DV19/TC20:V5ref:T2Tref:hapGT0/1;INS+596:0/1:PASS:DV9/TC20:V5TP:T2TTP:hapGT0/1	3	0	1	0	0	+596:1/0:TP	1	0	0	+596:1/0:TP	equal	equal	equal
1728	chr7	151669633	151670133	500	151669433	151670333	1	19	19	23	True	455	0.812	2	2	2	22	0.0	False	cpx_het	2	size_diff	60	+30@151669882	+60@151669882	30,60	34,60	False	1.0	cpx_het	2	size_diff	60	+30@151669882	+60@151669882	30,60	34,60	False	1.0	2	1728.0,1728.1	15,7	22	30,60	0	2	0	2	kmeans	2	2	0	0	0	False	False	2	2	2	INS+30:0/1:PASS:DV14/TC22:V5ref:T2Tref:hapGT0/1;INS+60:0/1:PASS:DV7/TC22:V5TP:T2TTP:hapGT0/1	2	0	1	0	0	+60:0/1:TP	1	0	0	+60:0/1:TP	equal	equal	equal
1729	chr7	151820520	151821226	706	151820320	151821426	1	54	25	26	True	267	0.203	2	2	2	25	0.0	False	hom	1	-	100	-54@151820593,+154@151821039	-54@151820593,+154@151821039	100,100	101,101	False	1.0	hom	1	-	100	-54@151820593,+154@151821039	-54@151820593,+154@151821039	100,100	101,101	False	1.0	1	1729.0	26	26	100	0	1	0	1	kmeans	1	3	0	0	0	False	False	1	1	2	DEL-54:1/1:PASS:DV24/TC25:V5TP:T2TTP:hapGT0/0;INS+154:1/1:PASS:DV25/TC26:V5TP:T2TTP:hapGT0/0	2	0	2	0	0	-54:1/1:TP;+154:1/1:TP	2	0	0	-54:1/1:TP;+154:1/1:TP	equal	equal	equal
1730	chr7	151841965	151842465	500	151841247	151842904	1	11	11	18	True	1557	1.0	2	2	2	18	0.0	False	het	2	-	47	-	-47@151842156	0,-47	0,-51	False	1.0	het	2	-	47	-	-47@151842156	0,-47	0,-51	False	1.0	2	1730.0,1730.1	13,5	18	-47,0	0	2	0	2	kmeans	2	2	0	0	0	False	False	2	2	1	DEL-47:0/1:PASS:DV11/TC17:V5ref:T2Tref:hapGT0/1	1	0	0	0	0	-	0	0	0	-	equal	equal	equal
1731	chr7	151854933	151855524	591	151854733	151855753	1	87	21	22	True	789	1.0	2	2	2	22	0.0	False	cpx_het	2	size_diff	1514	-48@151854961,+721@151855320,+841@151855454	+56@151855061,+29@151855320,+159@151855396,+172@151855474	1514,416	1516,416	False	1.0	cpx_het	2	size_diff	1514	-48@151854961,+721@151855320,+841@151855454	+56@151855061,+29@151855320,+159@151855396,+172@151855474	1514,416	1516,416	False	1.0	2	1731.0,1731.1	12,10	22	411,1514	0	2	0	2	other	0	3	0	0	0	False	False	2	2	4	INS+56:0/1:PASS:DV10/TC22:V5ref:T2Tref:hapGT0/0;INS+628:0/1:PASS:DV9/TC21:V5ref:T2Tref:hapGT0/0;INS+313:0/1:PASS:DV11/TC21:V5ref:T2Tref:hapGT0/1;INS+841:0/1:PASS:DV10/TC22:V5ref:T2Tref:hapGT0/0	4	0	1	2	0	+56:0/1:FN;+326:0/1:FN;+1533:1/0:TP	1	2	0	+56:0/1:FN;+326:0/1:FN;+1533:1/0:TP	equal	equal	equal
1732	chr7	151874088	151874590	502	151873888	151874790	1	27	20	23	True	603	0.932	2	2	2	23	0.0	False	cpx_het	2	size_diff	204	-168@151874312,-36@151874438	-36@151874438	-204,-36	-204,-36	False	1.0	cpx_het	2	size_diff	168	-168@151874312	-36@151874438	-168,-36	-168,-36	False	1.0	2	1732.0,1732.1	14,9	23	-36,-167	0	2	0	2	kmeans	2	3	0	0	0	False	False	2	2	2	DEL-146:0/1:PASS:DV8/TC23:V5TP:T2TTP:hapGT0/1;DEL-36:0/1:PASS:DV13/TC23:V5ref:T2Tref:hapGT0/1	2	0	1	0	0	-168:1/0:TP	1	0	0	-168:1/0:TP	equal	equal	equal
1733	chr7	151894366	151895117	751	151894166	151895317	1	41	20	21	True	717	0.885	2	2	2	20	0.0	False	hom	1	-	85	-34@151894726,-51@151894896	-34@151894726,-51@151894896	-85,-85	-85,-85	False	1.0	hom	1	-	85	-34@151894726,-51@151894896	-34@151894726,-51@151894896	-85,-85	-85,-85	False	1.0	1	1733.0	20	20	-85	0	1	0	1	kmeans	1	3	0	0	0	False	False	1	1	2	DEL-34:1/1:PASS:DV19/TC21:V5ref:T2Tref:hapGT0/0;DEL-51:1/1:PASS:DV19/TC20:V5TP:T2TTP:hapGT0/0	2	0	1	0	0	-51:1/1:TP	1	0	0	-51:1/1:TP	equal	equal	equal
1734	chr7	151904283	151904783	500	151904083	151904983	1	17	16	16	True	110	0.22	2	2	2	16	0.0	False	cpx_het	2	size_diff	108	+72@151904576	+108@151904542	72,108	72,108	False	1.0	cpx_het	2	size_diff	108	+72@151904576	+108@151904542	72,108	72,108	False	1.0	2	1734.0,1734.1	7,9	16	108,72	0	2	0	2	kmeans	2	0	0	0	0	False	False	2	2	2	INS+108:0/1:PASS:DV7/TC16:V5TP:T2TTP:hapGT0/1;INS+72:0/1:PASS:DV9/TC16:V5TP:T2TTP:hapGT0/1	2	0	2	0	0	+108:0/1:TP;+72:1/0:TP	2	0	0	+108:0/1:TP;+72:1/0:TP	equal	equal	equal
1735	chr7	151910606	151911106	500	151910406	151911306	1	3	3	20	True	165	0.33	2	2	2	20	0.0	False	hom	1	-	25	-25@151910845	-25@151910845	-25,-25	-25,-25	False	1.0	hom	1	-	25	-25@151910845	-25@151910845	-25,-25	-25,-25	False	1.0	1	1735.0	20	20	-25	0	1	0	1	kmeans	1	1	0	0	0	False	False	1	1	0	-	0	0	0	0	0	-	0	0	0	-	equal	equal	equal
1736	chr7	151912619	151913119	500	151912419	151913319	1	14	7	19	True	78	0.156	2	2	2	19	0.0	False	het	2	-	24	-	+24@151912837	0,24	21,37	False	1.0	het	2	-	24	-	+24@151912837	0,24	21,37	False	1.0	2	1736.0,1736.1	13,6	19	20,37	0	2	0	2	kmeans	2	0	0	0	0	False	False	1	1	0	-	0	0	0	0	0	-	0	0	0	-	equal	equal	equal
1737	chr7	151916002	151916502	500	151915802	151916702	1	8	8	21	True	88	0.176	2	2	2	21	0.0	False	het	2	-	46	-	-46@151916212	0,-46	0,-46	False	1.0	het	2	-	46	-	-46@151916212	0,-46	0,-46	False	1.0	2	1737.0,1737.1	12,9	21	0,-46	0	2	0	2	kmeans	2	2	0	0	0	False	False	2	2	1	DEL-46:0/1:PASS:DV8/TC19:V5ref:T2Tref:hapGT0/1	1	0	0	0	0	-	0	0	0	-	equal	equal	equal
1738	chr7	152376057	152376557	500	152375857	152376757	1	15	15	37	False	0	0.0	2	2	2	30	0.133	False	ref	1	-	0	-	-	0,0	0,0	False	1.0	ref	1	-	0	-	-	0,0	0,0	False	1.0	1	1738.0	36	36	84	0	1	0	1	kmeans	1	1	0	0	0	False	False	0	0	0	-	0	0	0	0	0	-	0	0	0	-	equal	equal	equal
1739	chr7	152379371	152380834	1463	152379171	152381034	1	35	19	44	True	778	0.532	2	2	2	37	0.108	False	ref	1	-	0	-	-	0,0	0,0	False	1.0	ref	1	-	0	-	-	0,0	0,0	False	1.0	2	1739.0,1739.1	24,20	44	0,334	0	2	0	2	kmeans	2	4	0	0	0	False	False	1	1	1	INS+348:0/1:PASS:DV19/TC41:V5FP:T2TFP:hapGT0/0	1	0	0	0	1	-	0	0	1	-	over	over	over
1740	chr7	152384495	152385713	1218	152384295	152386148	1	95	50	75	True	912	0.433	2	2	2	66	0.121	True	ref	1	-	0	-	-	0,0	-10,-13	False	1.0	ref	1	-	0	-	-	0,0	-10,-13	False	1.0	2	1740.0,1740.1	24,51	75	-16,1229	0	2	0	2	other	0	3	0	0	0	False	False	1	1	2	INS+1773:0/1:PASS:DV42/TC69:V5FP:T2TFP:hapGT0/0;DEL-331:0/1:PASS:DV51/TC73:V5FP:T2TFP:hapGT0/0	3	0	0	0	2	-	0	0	2	-	over	over	over
1741	chr7	152388025	152393152	5127	152387825	152393352	1	205	77	104	True	504	0.098	2	2	2	93	0.108	True	ref	1	-	0	-	-	0,0	3,3	False	1.0	ref	1	-	0	-	-	0,0	3,3	False	1.0	1	1741.0	104	104	NA	1	0	0	0	other	0	11	1	0	0	False	False	0	0	0	-	1	0	0	0	0	-	0	0	0	-	equal	equal	equal
1742	chr7	152403573	152404073	500	152403373	152404273	1	60	33	132	False	0	0.0	2	2	2	111	0.081	True	ref	1	-	0	-	-	0,0	-2,2	False	1.0	ref	1	-	0	-	-	0,0	-2,2	False	1.0	2	1742.0,1742.1	25,106	131	NA,NA	2	0	0	0	kmeans	2	5	0	0	0	False	False	0	0	0	-	0	0	0	0	0	-	0	0	0	-	over	over	over
1743	chr7	152416416	152416916	500	152416039	152417142	1	45	45	64	True	1003	1.0	2	2	2	51	0.059	True	ref	1	-	0	-	-	0,0	0,0	False	1.0	ref	1	-	0	-	-	0,0	0,0	False	1.0	1	1743.0	64	64	13	0	0	0	1	kmeans	1	0	0	0	0	False	False	1	1	0	-	0	0	0	0	0	-	0	0	0	-	equal	equal	equal
1744	chr7	152466089	152466669	580	152465829	152466869	1	4	2	17	True	326	0.2	2	2	2	16	0.0	False	hom	1	-	20	-20@152466315	-20@152466315	-20,-20	10,11	False	1.0	hom	1	-	20	-20@152466315	-20@152466315	-20,-20	10,11	False	1.0	1	1744.0	17	17	8	0	1	0	1	kmeans	1	2	0	0	0	False	False	0	0	0	-	0	0	0	0	0	-	0	0	0	-	equal	equal	equal
1745	chr7	152480368	152480868	500	152480168	152481068	1	18	18	25	True	84	0.168	2	2	2	25	0.0	False	hom	1	-	30	-30@152480599	-30@152480599	-30,-30	-30,-30	False	1.0	hom	1	-	30	-30@152480599	-30@152480599	-30,-30	-30,-30	False	1.0	1	1745.0	25	25	-30	0	1	0	1	kmeans	1	2	0	0	0	False	False	1	1	1	DEL-30:1/1:PASS:DV23/TC23:V5ref:T2Tref:hapGT1/1	1	0	0	0	0	-	0	0	0	-	equal	equal	equal
1746	chr7	152484351	152485387	1036	152484151	152485587	1	39	18	21	False	0	0.0	2	2	2	21	0.0	False	hom	1	-	24	+24@152484862	+24@152484862	24,24	42,42	False	1.0	hom	1	-	24	+24@152484862	+24@152484862	24,24	42,42	False	1.0	1	1746.0	21	21	42	0	1	0	1	kmeans	1	1	0	0	0	False	False	0	0	0	-	0	0	0	0	0	-	0	0	0	-	equal	equal	equal
1747	chr7	152493515	152494015	500	152493315	152494215	1	3	3	22	True	209	0.418	2	2	2	22	0.0	False	cpx_het	2	near_hom_le10bp	25	-25@152493745	-20@152493745	-25,-20	-27,-22	False	1.0	cpx_het	2	near_hom_le10bp	25	-25@152493745	-20@152493745	-25,-20	-27,-22	False	1.0	1	1747.0	22	22	-25	0	1	0	1	kmeans	1	0	0	0	0	False	False	1	1	0	-	0	0	0	0	0	-	0	0	0	-	under	under	under
1748	chr7	152540194	152540694	500	152539994	152540894	1	20	20	23	False	0	0.0	2	2	2	23	0.0	False	hom	1	-	131	+131@152540442	+131@152540442	131,131	131,131	False	1.0	hom	1	-	131	+131@152540442	+131@152540442	131,131	131,131	False	1.0	1	1748.0	23	23	131	0	1	0	1	kmeans	1	2	0	0	0	False	False	1	1	1	INS+131:1/1:PASS:DV22/TC22:V5TP:T2TTP:hapGT1/1	1	0	1	0	0	+131:1/1:TP	1	0	0	+131:1/1:TP	equal	equal	equal
1749	chr7	152569905	152570405	500	152569705	152570605	1	11	11	23	False	0	0.0	2	2	2	23	0.043	False	het	2	-	336	-	+336@152570155	0,336	0,337	False	1.0	het	2	-	336	-	+336@152570155	0,336	0,337	False	1.0	2	1749.0,1749.1	10,13	23	0,335	0	2	0	2	kmeans	2	2	0	0	0	False	False	2	2	1	INS+335:0/1:PASS:DV12/TC22:V5TP:T2TTP:hapGT0/1	1	0	1	0	0	+336:0/1:TP	1	0	0	+336:0/1:TP	equal	equal	equal
1750	chr7	152573905	152574405	500	152573705	152574605	1	14	14	28	False	0	0.0	2	2	2	28	0.036	False	het	2	-	191	-	+191@152574155	0,191	0,189	False	1.0	het	2	-	191	-	+191@152574155	0,191	0,189	False	1.0	2	1750.0,1750.1	16,12	28	188,0	0	2	0	2	kmeans	2	3	0	0	0	False	False	2	2	1	INS+188:0/1:PASS:DV15/TC27:V5TP:T2TTP:hapGT0/1	1	0	1	0	0	+191:0/1:TP	1	0	0	+191:0/1:TP	equal	equal	equal
1751	chr7	152584557	152587292	2735	152584357	152587492	1	15	15	31	True	1682	0.615	2	2	2	29	0.034	False	het	2	-	2613	-	-2613@152584607	0,-2613	0,-2613	False	0.461	het	2	-	2613	-	-2613@152584607	0,-2613	0,-2612	False	0.461	2	1751.0,1751.1	17,13	30	174,-2613	0	2	0	2	kmeans	2	3	0	0	0	False	False	1	1	1	DEL-2613:0/1:PASS:DV12/TC31:V5ref:T2Tref:hapGT0/1	2	0	0	0	0	-	0	0	0	-	equal	equal	equal
1752	chr7	152621809	152622309	500	152621609	152622509	1	25	13	13	True	85	0.17	2	2	2	13	0.0	False	hom	1	-	60	-60@152622032	-60@152622032	-60,-60	-60,-60	False	1.0	hom	1	-	60	-60@152622032	-60@152622032	-60,-60	-60,-60	False	1.0	1	1752.0	13	13	-60	0	1	0	1	kmeans	1	1	0	0	0	False	False	1	1	1	DEL-60:1/1:PASS:DV13/TC13:V5TP:T2TTP:hapGT1/1	1	0	1	0	0	-60:1/1:TP	1	0	0	-60:1/1:TP	equal	equal	equal
1753	chr7	152674484	152674984	500	152674284	152675184	1	24	21	22	True	177	0.354	2	2	2	22	0.0	False	cpx_het	2	size_diff	206	+169@152674710	+179@152674705,+27@152674739	169,206	169,206	False	1.0	cpx_het	2	size_diff	206	+169@152674710	+179@152674705,+27@152674739	169,206	169,206	False	1.0	2	1753.0,1753.1	8,14	22	207,169	0	2	0	2	kmeans	2	1	0	0	0	False	False	2	2	2	INS+207:0/1:PASS:DV8/TC22:V5TP:T2TTP:hapGT1/1;INS+169:0/1:PASS:DV14/TC22:V5TP:T2TTP:hapGT1/1	2	2	1	0	0	+179:1/1:TP	2	0	0	+179:0/1:TP;+169:1/0:TP	equal	equal	equal
1754	chr7	152712585	152713119	534	152712385	152713319	1	15	5	17	True	416	0.779	2	2	2	13	0.0	False	cpx_het	2	opposite_sign	20	-20@152712923	+20@152712704	-20,20	-10,25	False	1.0	cpx_het	2	opposite_sign	20	-20@152712923	+20@152712704	-20,20	-10,25	False	1.0	1	1754.0	16	16	20	0	1	0	1	kmeans	2	0	1	0	0	False	False	0	0	0	-	0	0	0	0	0	-	0	0	0	-	under	under	under
1755	chr7	152722222	152722722	500	152721378	152722922	1	7	7	16	False	0	0.0	2	2	2	15	0.0	False	het	2	-	316	-	-316@152722314	0,-316	14,-316	False	1.0	het	2	-	316	-	-316@152722314	0,-316	14,-316	False	1.0	2	1755.0,1755.1	9,7	16	6,-316	0	2	0	2	kmeans	2	0	0	0	0	False	False	2	2	1	DEL-316:0/1:PASS:DV7/TC15:V5TP:T2TTP:hapGT0/1	1	0	1	0	0	-316:0/1:TP	1	0	0	-316:0/1:TP	equal	equal	equal
1756	chr7	152870810	152872836	2026	152870508	152873036	1	34	16	17	True	1134	0.394	2	2	2	17	0.0	False	hom	1	-	144	-156@152870860,+300@152872639	-156@152870860,+300@152872639	144,144	158,158	False	1.0	hom	1	-	144	-156@152870860,+300@152872639	-156@152870860,+300@152872639	144,144	158,158	False	1.0	2	1756.0,1756.1	3,14	17	-126,157	0	2	0	2	other	0	2	0	0	0	False	False	1	1	2	DEL-156:0/1:PASS:DV12/TC12:V5TP:T2TTP:hapGT0/0;INS+300:0/1:PASS:DV12/TC15:V5TP:T2TTP:hapGT0/0	3	0	2	0	0	-156:1/1:TP;+300:1/1:TP	2	0	0	-156:1/1:TP;+300:1/1:TP	over	over	over
1757	chr7	152886131	152886631	500	152885931	152886831	1	13	13	13	True	301	0.602	2	2	2	13	0.0	False	hom	1	-	74	-74@152886299	-74@152886299	-74,-74	-74,-74	False	1.0	hom	1	-	74	-74@152886299	-74@152886299	-74,-74	-74,-74	False	1.0	1	1757.0	13	13	-74	0	1	0	1	kmeans	1	0	0	0	0	False	False	1	1	1	DEL-74:1/1:PASS:DV13/TC13:V5TP:T2TTP:hapGT1/1	1	0	1	0	0	-74:1/1:TP	1	0	0	-74:1/1:TP	equal	equal	equal
1758	chr7	152927404	152927904	500	152927204	152928104	1	13	13	27	True	83	0.166	2	2	2	25	0.0	False	cpx_het	2	size_diff	38	-38@152927618	-22@152927618	-38,-22	-34,-22	False	0.93	cpx_het	2	size_diff	38	-38@152927618	-22@152927618	-38,-22	-34,-22	False	0.93	2	1758.0,1758.1	12,15	27	-33,-22	0	2	0	2	kmeans	2	0	0	0	0	False	False	2	2	1	DEL-38:0/1:PASS:DV12/TC27:V5ref:T2Tref:hapGT0/1	1	0	0	0	0	-	0	0	0	-	equal	equal	equal
1759	chr7	153099200	153099700	500	153099000	153099900	1	25	24	26	True	309	0.618	2	2	2	25	0.0	False	hom	1	-	202	+202@153099474	+202@153099474	202,202	202,202	False	1.0	hom	1	-	202	+202@153099474	+202@153099474	202,202	202,202	False	1.0	1	1759.0	26	26	202	0	1	0	1	kmeans	1	2	0	0	0	False	False	1	1	1	INS+202:1/1:PASS:DV26/TC26:V5TP:T2TTP:hapGT1/1	1	0	1	0	0	+202:1/1:TP	1	0	0	+202:1/1:TP	equal	equal	equal
1760	chr7	153112447	153113424	977	153112247	153113624	1	46	21	22	True	602	0.535	2	2	2	22	0.0	False	hom	1	-	318	-180@153112499,-138@153112751	-180@153112499,-138@153112751	-318,-318	-291,-291	False	1.0	hom	1	-	318	-180@153112499,-138@153112751	-180@153112499,-138@153112751	-318,-318	-291,-291	False	1.0	1	1760.0	22	22	-282	0	1	0	1	kmeans	1	1	0	0	0	False	False	1	1	2	DEL-232:1/1:PASS:DV22/TC22:V5ref:T2Tref:hapGT1/1;DEL-50:1/1:PASS:DV21/TC21:V5ref:T2Tref:hapGT0/0	2	0	0	0	0	-	0	0	0	-	equal	equal	equal
1761	chr7	153169186	153169686	500	153168986	153169886	1	11	11	32	True	61	0.122	2	2	2	32	0.0	False	het	2	-	40	-	-40@153169415	0,-40	-2,-40	False	1.0	het	2	-	40	-	-40@153169415	0,-40	-2,-40	False	1.0	2	1761.0,1761.1	13,19	32	-40,0	0	2	0	2	kmeans	2	2	0	0	0	False	False	2	2	1	DEL-40:0/1:PASS:DV11/TC30:V5ref:T2Tref:hapGT0/1	1	0	0	0	0	-	0	0	0	-	equal	equal	equal
1762	chr7	153189102	153189602	500	153188902	153189802	1	8	8	21	True	152	0.304	2	2	2	21	0.0	False	het	2	-	30	-	-30@153189328	0,-30	20,-30	False	1.0	het	2	-	30	-	-30@153189328	0,-30	20,-30	False	1.0	2	1762.0,1762.1	8,13	21	-30,15	0	2	0	2	kmeans	2	0	0	0	0	False	False	2	2	1	DEL-30:0/1:PASS:DV8/TC21:V5ref:T2Tref:hapGT0/1	1	0	0	0	0	-	0	0	0	-	equal	equal	equal
1763	chr7	153278132	153278632	500	153277932	153278832	1	65	19	19	True	769	1.0	2	2	2	19	0.0	False	hom	1	-	230	+230@153278368	+230@153278368	230,230	231,230	False	1.0	hom	1	-	230	+230@153278368	+230@153278368	230,230	231,230	False	0.747	1	1763.0	19	19	194	0	1	0	1	kmeans	1	0	0	0	0	False	False	1	1	1	INS+177:1/1:PASS:DV19/TC19:V5ref:T2TTP:hapGT1/1	1	0	0	0	0	-	1	0	0	+230:1/1:TP	equal	equal	equal
1764	chr7	153314734	153315234	500	153314510	153316281	1	20	20	22	True	1671	1.0	2	2	2	22	0.0	False	hom	1	-	66	-66@153314948	-66@153314948	-66,-66	-72,-72	False	1.0	hom	1	-	66	-66@153314948	-66@153314948	-66,-66	-72,-72	False	1.0	1	1764.0	22	22	-72	0	1	0	1	kmeans	1	2	0	0	0	False	False	1	1	1	DEL-66:1/1:PASS:DV20/TC22:V5TP:T2TTP:hapGT1/1	1	0	1	0	0	-66:1/1:TP	1	0	0	-66:1/1:TP	equal	equal	equal
1765	chr7	153329157	153329657	500	153328957	153329857	1	14	12	23	True	194	0.388	2	2	2	23	0.0	False	cpx_het	2	opposite_sign	64	+29@153329518	-64@153329369	29,-64	31,-63	False	1.0	cpx_het	2	opposite_sign	64	+29@153329518	-64@153329369	29,-64	31,-63	False	1.0	2	1765.0,1765.1	14,9	23	-64,8	0	2	0	2	kmeans	2	4	0	0	0	False	False	1	1	1	DEL-64:0/1:PASS:DV13/TC21:V5TP:T2TTP:hapGT0/1	1	0	1	0	0	-64:0/1:TP	1	0	0	-64:0/1:TP	equal	equal	equal
1766	chr7	153367176	153367676	500	153366976	153367876	1	13	13	27	True	110	0.22	2	2	2	24	0.0	False	het	2	-	51	-51@153367424	-	-51,0	-41,0	False	1.0	het	2	-	51	-51@153367424	-	-51,0	-41,0	False	1.0	2	1766.0,1766.1	13,13	26	0,-36	0	2	0	2	kmeans	2	0	0	0	0	False	False	2	2	1	DEL-50:0/1:PASS:DV13/TC27:V5TP:T2TTP:hapGT0/1	1	0	1	0	0	-51:1/0:TP	1	0	0	-51:1/0:TP	equal	equal	equal
1767	chr7	153505606	153506629	1023	153505406	153506829	1	68	14	18	True	961	0.939	2	2	2	18	0.0	False	hom	1	-	2221	+31@153505932,+23@153506208,+2167@153506470	+31@153505932,+23@153506208,+2045@153506470	2221,2099	2211,2091	False	1.0	hom	1	-	2221	+31@153505932,+23@153506208,+2167@153506470	+31@153505932,+23@153506208,+2045@153506470	2221,2099	2211,2091	False	1.0	2	1767.0,1767.1	10,8	18	2205,2087	0	2	0	1	other	0	5	0	0	0	False	False	1	1	2	INS+32:0/1:PASS:DV13/TC14:V5ref:T2Tref:hapGT0/0;INS+2034:0/1:PASS:DV14/TC14:V5TP:T2Tref:hapGT1/1	4	1	1	0	0	+2167:1/1:TP	1	1	0	+2201:1/0:FN;+2079:0/1:TP	over	over	over
1768	chr7	153612991	153613783	792	153612791	153613983	1	7	7	12	False	0	0.0	2	2	2	12	0.0	False	hom	1	-	690	-690@153613042	-690@153613042	-690,-690	-690,-690	False	1.0	hom	1	-	690	-690@153613042	-690@153613042	-690,-690	-690,-690	False	1.0	1	1768.0	12	12	-690	0	1	0	1	kmeans	2	2	1	0	0	False	False	1	1	1	DEL-690:1/1:PASS:DV10/TC10:V5TP:T2TTP:hapGT1/1	1	0	1	0	0	-690:1/1:TP	1	0	0	-690:1/1:TP	equal	equal	equal
1769	chr7	153624526	153625026	500	153624326	153625226	1	14	14	14	False	0	0.0	2	2	2	13	0.0	False	hom	1	-	84	+84@153624776	+84@153624776	84,84	84,84	False	1.0	hom	1	-	84	+84@153624776	+84@153624776	84,84	84,84	False	1.0	1	1769.0	14	14	84	0	1	0	1	kmeans	1	1	0	0	0	False	False	1	1	1	INS+84:1/1:PASS:DV14/TC14:V5TP:T2TTP:hapGT1/1	1	0	1	0	0	+84:1/1:TP	1	0	0	+84:1/1:TP	equal	equal	equal
1770	chr7	153698370	153698870	500	153698170	153699070	1	10	5	16	True	374	0.748	2	2	2	15	0.0	False	het	2	-	100	-25@153698539,-75@153698622	-	-100,0	-103,0	False	1.0	het	2	-	100	-25@153698539,-75@153698622	-	-100,0	-103,0	False	1.0	2	1770.0,1770.1	10,6	16	0,-96	0	2	0	2	kmeans	2	0	0	0	0	False	False	2	2	1	DEL-73:0/1:PASS:DV5/TC15:V5TP:T2TTP:hapGT0/1	1	0	1	0	0	-75:1/0:TP	1	0	0	-75:1/0:TP	equal	equal	equal
1771	chr7	153918270	153918770	500	153918070	153918970	1	23	14	19	True	225	0.45	2	2	2	18	0.0	False	cpx_het	2	size_diff	52	-26@153918559,-26@153918565	-26@153918565	-52,-26	-60,-24	False	0.371	hom	1	-	26	-26@153918559	-26@153918565	-26,-26	-34,-24	False	0.371	2	1771.0,1771.1	13,6	19	-18,-28	0	2	0	2	kmeans	2	1	0	0	0	False	False	1	1	0	-	0	0	0	0	0	-	0	0	0	-	equal	over	equal
1772	chr7	154062221	154063260	1039	154057278	154063827	1	32	12	16	True	6449	1.0	2	2	2	16	0.0	False	het	2	-	244	-	+163@154062306,+163@154062424,-82@154063118	0,244	1,244	False	1.0	het	2	-	244	-	+163@154062306,+163@154062424,-82@154063118	0,244	1,244	False	1.0	2	1772.0,1772.1	11,5	16	193,-6	0	2	0	2	kmeans	2	0	0	0	0	False	False	2	2	3	INS+163:0/1:PASS:DV11/TC16:V5TP:T2TTP:hapGT0/0;INS+163:0/1:PASS:DV11/TC16:V5TP:T2TTP:hapGT0/0;DEL-82:0/1:PASS:DV11/TC16:V5TP:T2TTP:hapGT0/0	3	0	3	0	0	+163:0/1:TP;+163:0/1:TP;-82:0/1:TP	3	0	0	+163:0/1:TP;+163:0/1:TP;-82:0/1:TP	equal	equal	equal
1773	chr7	154093069	154093711	642	154092869	154093911	1	23	18	23	True	611	0.914	2	2	2	23	0.0	False	hom	1	-	560	+560@154093469	+560@154093469	560,560	560,560	False	1.0	hom	1	-	560	+560@154093469	+560@154093469	560,560	560,560	False	1.0	2	1773.0,1773.1	19,4	23	560,569	0	2	0	1	kmeans	2	1	0	0	0	False	False	1	1	1	INS+560:0/1:PASS:DV22/TC23:V5TP:T2TTP:hapGT1/1	2	1	1	0	0	+560:1/1:TP	1	0	0	+560:1/1:TP	over	over	over
1774	chr7	154123537	154124037	500	154123337	154124237	1	20	20	20	True	471	0.764	2	2	2	19	0.0	False	hom	1	-	94	-94@154123682	-94@154123682	-94,-94	-94,-94	False	1.0	hom	1	-	94	-94@154123682	-94@154123682	-94,-94	-94,-94	False	1.0	1	1774.0	20	20	-94	0	1	0	1	kmeans	1	0	0	0	0	False	False	1	1	1	DEL-94:1/1:PASS:DV20/TC20:V5TP:T2TTP:hapGT1/1	1	0	1	0	0	-94:1/1:TP	1	0	0	-94:1/1:TP	equal	equal	equal
1775	chr7	154264745	154265245	500	154264545	154265445	1	30	25	30	True	714	1.0	2	2	2	28	0.0	False	hom	1	-	135	+135@154264991	+135@154264991	135,135	135,135	False	1.0	hom	1	-	135	+135@154264991	+135@154264991	135,135	135,135	False	1.0	1	1775.0	29	29	135	0	1	0	1	kmeans	1	5	0	0	0	False	False	1	1	1	INS+135:1/1:PASS:DV27/TC28:V5TP:T2TTP:hapGT1/1	1	0	1	0	0	+135:1/1:TP	1	0	0	+135:1/1:TP	equal	equal	equal
1776	chr7	154304805	154305305	500	154304605	154305505	1	12	12	28	True	101	0.202	2	2	2	28	0.0	False	cpx_het	2	near_hom_le10bp	30	-24@154305018	-30@154305018	-24,-30	-24,-29	False	1.0	cpx_het	2	near_hom_le10bp	30	-24@154305018	-30@154305018	-24,-30	-24,-29	False	1.0	2	1776.0,1776.1	16,12	28	-24,-30	0	2	0	2	kmeans	2	0	0	0	0	False	False	2	2	1	DEL-30:0/1:PASS:DV12/TC28:V5ref:T2Tref:hapGT1/1	1	1	0	0	0	-	0	0	0	-	equal	equal	equal
1777	chr7	154313468	154313968	500	154313268	154314168	1	22	11	23	True	67	0.134	2	2	2	23	0.0	False	het	2	-	30	+30@154313714	-	30,0	40,4	False	1.0	het	2	-	30	+30@154313714	-	30,0	40,4	False	1.0	1	1777.0	23	23	38	0	1	0	1	kmeans	1	3	0	0	0	False	False	1	1	0	-	0	0	0	0	0	-	0	0	0	-	under	under	under
1778	chr7	154416508	154417008	500	154416308	154417208	1	11	11	26	False	0	0.0	2	2	2	26	0.0	False	het	2	-	81	-	+81@154416749	0,81	0,82	False	1.0	het	2	-	81	-	+81@154416749	0,81	0,82	False	1.0	2	1778.0,1778.1	14,12	26	0,81	0	2	0	2	kmeans	2	1	0	0	0	False	False	2	2	1	INS+81:0/1:PASS:DV12/TC25:V5TP:T2TTP:hapGT0/1	1	0	1	0	0	+81:0/1:TP	1	0	0	+81:0/1:TP	equal	equal	equal
1779	chr7	154574130	154575881	1751	154573930	154576081	1	68	35	50	True	1648	0.941	2	2	2	23	0.087	False	cpx_het	2	size_diff	39	+39@154575445	+21@154575442	39,21	39,7	False	0.228	cpx_het	2	size_diff	39	+39@154575445	+21@154575442	39,21	39,7	False	0.228	1	1779.0	44	44	39	0	1	0	1	kmeans	2	5	1	0	0	False	False	1	1	0	-	2	0	0	0	0	-	0	0	0	-	under	under	under
1780	chr7	154590311	154590811	500	154590111	154591011	1	13	13	28	False	0	0.0	2	2	2	26	0.0	False	het	2	-	334	-	+334@154590555	0,334	0,334	False	1.0	het	2	-	334	-	+334@154590555	0,334	0,334	False	1.0	2	1780.0,1780.1	14,14	28	0,331	0	2	0	2	kmeans	2	0	0	0	0	False	False	2	2	1	INS+331:0/1:PASS:DV13/TC27:V5TP:T2TTP:hapGT0/1	1	0	1	0	0	+334:0/1:TP	1	0	0	+334:0/1:TP	equal	equal	equal
1781	chr7	154600141	154608115	7974	154599941	154608693	1	30	15	33	True	977	0.056	2	2	2	32	0.0	False	het	2	-	7852	-	-7852@154600191	0,-7852	-1,-7841	False	1.0	het	2	-	7852	-	-7852@154600191	0,-7852	-1,-7837	False	1.0	2	1781.0,1781.1	16,17	33	-7840,-6	0	2	0	2	kmeans	2	4	0	0	0	False	False	2	2	1	DEL-7852:0/1:PASS:DV16/TC32:V5TP:T2TTP:hapGT0/1	1	0	1	0	0	-7852:0/1:TP	1	0	0	-7852:0/1:TP	equal	equal	equal
1782	chr7	154654165	154654665	500	154653965	154654865	1	18	17	19	False	0	0.0	2	2	2	19	0.0	False	cpx_het	2	near_hom_le10bp	52	+46@154654419	+52@154654406	46,52	44,50	False	1.0	cpx_het	2	near_hom_le10bp	52	+46@154654419	+52@154654406	46,52	44,50	False	1.0	1	1782.0	19	19	52	0	1	0	1	kmeans	1	0	0	0	0	False	False	1	1	1	INS+52:1/1:PASS:DV18/TC18:V5TP:T2TTP:hapGT1/1	1	0	1	0	0	+52:0/1:TP	1	0	0	+52:0/1:TP	under	under	under
1783	chr7	154656110	154657794	1684	154655910	154657994	1	66	19	20	True	1616	0.96	2	2	2	20	0.0	False	cpx_het	2	size_diff	635	+195@154656427,-111@154656867,-220@154657194,-300@154657262,-111@154657616	-78@154656251,-111@154656867,-146@154657017,-300@154657262	-547,-635	-545,-625	False	1.0	cpx_het	2	size_diff	635	+195@154656427,-111@154656867,-220@154657194,-111@154657616	-78@154656251,-111@154656867,-146@154657017,-300@154657262	-247,-635	-245,-625	False	1.0	2	1783.0,1783.1	10,10	20	-245,-623	0	2	0	2	kmeans	2	0	0	0	0	False	False	1	2	5	DEL-78:0/1:PASS:DV9/TC19:V5ref:T2Tref:hapGT0/0;INS+195:0/1:PASS:DV10/TC19:V5ref:T2Tref:hapGT0/0;DEL-111:0/1:PASS:DV19/TC19:V5ref:T2Tref:hapGT0/0;DEL-434:0/1:PASS:DV9/TC19:V5ref:T2Tref:hapGT0/1;DEL-329:0/1:PASS:DV10/TC19:V5ref:T2Tref:hapGT0/0	6	0	0	4	2	+195:1/0:FN;-78:0/1:FN;-84:0/1:FN;-440:1/1:FN	0	4	2	+195:1/0:FN;-78:0/1:FN;-84:0/1:FN;-440:1/1:FN	equal	equal	equal
1784	chr7	154660189	154664238	4049	154659989	154664438	1	108	24	26	True	4126	1.0	2	2	2	26	0.0	False	cpx_het	2	size_diff	1936	-44@154660239,-132@154660878,-88@154660980,-47@154661776,-44@154662422,-44@154663326,+87@154663626	-44@154660239,-88@154660980,-220@154661244,-44@154661596,-1496@154662549,-44@154663326	-312,-1936	-312,-1936	False	1.0	cpx_het	2	size_diff	1892	-44@154660239,-132@154660878,-47@154661776,-44@154662422,-44@154663326,+87@154663626	-44@154660239,-88@154660980,-220@154661244,-44@154661596,-1496@154662549	-224,-1892	-224,-1892	False	1.0	2	1784.0,1784.1	11,15	26	-1892,-221	0	2	0	2	other	0	4	0	0	0	False	False	2	2	6	DEL-88:0/1:PASS:DV23/TC23:V5ref:T2Tref:hapGT0/0;DEL-132:0/1:PASS:DV23/TC23:V5ref:T2Tref:hapGT0/0;DEL-220:0/1:PASS:DV10/TC22:V5ref:T2Tref:hapGT0/1;DEL-38:0/1:PASS:DV12/TC23:V5ref:T2Tref:hapGT0/0;DEL-1496:0/1:PASS:DV10/TC23:V5ref:T2Tref:hapGT0/1;INS+42:0/1:PASS:DV12/TC22:V5ref:T2Tref:hapGT0/0	8	0	5	3	0	-264:1/1:TP;-132:1/1:FN;+220:1/0:FN;+88:1/1:TP;-132:1/1:TP;-88:0/1:TP;-1408:0/1:TP;+87:1/0:FN	5	3	0	-264:1/1:TP;-132:1/1:FN;+220:1/0:FN;+88:1/1:TP;-132:1/1:TP;-88:0/1:TP;-1408:0/1:TP;+87:1/0:FN	equal	equal	equal
1785	chr7	154667791	154668291	500	154667591	154668491	1	23	22	23	False	0	0.0	2	2	2	23	0.0	False	cpx_het	2	size_diff	120	+82@154668207	+120@154668197	82,120	82,120	False	1.0	cpx_het	2	size_diff	120	+82@154668207	+120@154668197	82,120	82,120	False	1.0	2	1785.0,1785.1	11,12	23	86,124	0	2	0	2	kmeans	2	1	0	0	0	False	False	2	2	2	INS+124:0/1:PASS:DV12/TC23:V5TP:T2TTP:hapGT0/1;INS+86:0/1:PASS:DV11/TC23:V5TP:T2TTP:hapGT1/1	2	1	2	0	0	+120:0/1:TP;+82:1/0:TP	2	0	0	+120:0/1:TP;+82:1/0:TP	equal	equal	equal
1786	chr7	154749024	154749614	590	154748824	154750105	1	32	27	30	True	1086	1.0	2	2	2	30	0.0	False	cpx_het	2	size_diff	258	+258@154749231	+50@154749414,+52@154749501,-52@154749721	258,50	258,50	False	1.0	cpx_het	2	size_diff	258	+258@154749231	+50@154749414,+52@154749501,-52@154749721	258,50	258,50	False	1.0	2	1786.0,1786.1	16,14	30	258,50	0	2	0	2	kmeans	2	2	0	0	0	False	False	2	2	2	INS+258:0/1:PASS:DV15/TC29:V5ref:T2Tref:hapGT0/1;INS+50:0/1:PASS:DV14/TC30:V5ref:T2Tref:hapGT0/1	2	0	1	0	0	+50:0/1:TP	1	0	0	+50:0/1:TP	equal	equal	equal
1787	chr7	154778599	154779157	558	154778399	154779479	1	26	18	20	True	858	1.0	2	2	2	19	0.053	False	cpx_het	2	size_diff	1266	+749@154778649,+541@154779089,-24@154779255	+610@154779089	1266,610	1266,610	False	1.0	cpx_het	2	size_diff	1266	+749@154778649,+541@154779089,-24@154779255	+610@154779089	1266,610	1266,610	False	1.0	2	1787.0,1787.1	11,9	20	610,1266	0	2	0	2	kmeans	2	3	0	0	0	False	False	2	2	3	INS+749:0/1:PASS:DV8/TC19:V5TP:T2TTP:hapGT0/1;INS+541:0/1:PASS:DV8/TC19:V5TP:T2TTP:hapGT0/1;INS+610:0/1:PASS:DV11/TC19:V5TP:T2TTP:hapGT0/1	3	0	3	0	0	+749:1/0:TP;+541:1/0:TP;+610:0/1:TP	3	0	0	+749:1/0:TP;+541:1/0:TP;+610:0/1:TP	equal	equal	equal
1788	chr7	154794622	154795122	500	154794422	154795322	1	20	19	19	False	0	0.0	2	2	2	19	0.0	False	cpx_het	2	near_hom_le10bp	53	+53@154794811	+47@154794811	53,47	53,47	False	1.0	cpx_het	2	near_hom_le10bp	53	+53@154794811	+47@154794811	53,47	53,47	False	1.0	1	1788.0	19	19	48	0	1	0	1	kmeans	1	0	0	0	0	False	False	1	1	1	INS+48:1/1:PASS:DV19/TC19:V5TP:T2TTP:hapGT1/1	1	0	1	0	0	+53:1/0:TP	1	0	0	+53:1/0:TP	under	under	under
1789	chr7	154817668	154818168	500	154817257	154818368	1	13	13	14	True	583	0.444	2	2	2	14	0.0	False	het	2	-	93	-	-93@154817770	0,-93	0,-93	False	1.0	het	2	-	93	-	-93@154817770	0,-93	0,-93	False	1.0	2	1789.0,1789.1	12,2	14	-93,-24	0	2	0	2	kmeans	2	0	0	0	0	False	False	1	1	1	DEL-93:1/1:PASS:DV12/TC14:V5TP:T2TTP:hapGT0/1	1	1	1	0	0	-93:0/1:TP	1	0	0	-93:0/1:TP	equal	equal	equal
1790	chr8	134070620	134076846	6226	134070420	134077046	1	26	26	30	True	74	0.012	2	2	2	29	0.069	False	hom	1	-	6102	-6102@134070670	-6102@134070670	-6102,-6102	-6102,-6102	False	1.0	hom	1	-	6102	-6102@134070670	-6102@134070670	-6102,-6102	-6102,-6102	False	1.0	1	1790.0	28	28	-6102	0	1	0	1	kmeans	2	3	1	0	0	False	False	1	1	1	DEL-6102:1/1:PASS:DV27/TC28:V5TP:T2TTP:hapGT1/1	1	0	1	0	0	-6102:1/1:TP	1	0	0	-6102:1/1:TP	equal	equal	equal
1791	chr8	134219288	134219788	500	134219088	134219988	1	4	4	24	True	125	0.25	2	2	2	22	0.045	False	het	2	-	62	-62@134219487	-	-62,0	-62,0	False	1.0	het	2	-	62	-62@134219487	-	-62,0	-62,0	False	1.0	2	1791.0,1791.1	17,7	24	0,-62	0	2	0	2	kmeans	2	1	0	0	0	False	False	2	2	1	DEL-62:0/0:PASS:DV4/TC21:V5ref:T2Tref:hapGT0/1	1	1	0	1	0	-62:1/0:FN	0	1	0	-62:1/0:FN	equal	equal	equal
1792	chr8	134243159	134243697	538	134242959	134244054	1	28	19	23	True	876	1.0	2	2	2	22	0.0	False	cpx_het	2	opposite_sign	81	+52@134243224,+90@134243312,-75@134243594,-21@134243715	-81@134243507	46,-81	62,-78	False	1.0	cpx_het	2	opposite_sign	81	+52@134243224,+90@134243312,-75@134243594,-21@134243715	-81@134243507	46,-81	62,-78	False	1.0	2	1792.0,1792.1	10,12	22	42,-81	0	2	0	2	kmeans	2	1	0	0	0	False	False	2	2	1	DEL-81:0/1:PASS:DV12/TC22:V5ref:T2Tref:hapGT0/1	1	0	1	1	0	+52:1/0:FN;-81:0/1:TP	1	1	0	+52:1/0:FN;-81:0/1:TP	equal	equal	equal
1793	chr8	134346191	134346691	500	134345991	134346891	1	13	13	25	True	192	0.384	2	2	2	24	0.0	False	het	2	-	61	+61@134346441	-	61,0	57,0	False	1.0	het	2	-	61	+61@134346441	-	61,0	57,0	False	1.0	2	1793.0,1793.1	12,13	25	0,61	0	2	0	2	kmeans	2	0	0	0	0	False	False	2	2	1	INS+61:0/1:PASS:DV13/TC25:V5TP:T2TTP:hapGT0/1	1	0	1	0	0	+61:1/0:TP	1	0	0	+61:1/0:TP	equal	equal	equal
1794	chr8	134439349	134439849	500	134439149	134440249	1	14	13	22	True	830	0.96	2	2	2	22	0.0	False	het	2	-	72	-	+72@134439516	0,72	0,74	False	1.0	het	2	-	72	-	+72@134439516	0,72	0,74	False	1.0	2	1794.0,1794.1	15,7	22	72,0	0	2	0	2	kmeans	2	2	0	0	0	False	False	2	2	1	INS+72:0/1:PASS:DV14/TC22:V5TP:T2TTP:hapGT0/1	1	0	1	0	0	+72:0/1:TP	1	0	0	+72:0/1:TP	equal	equal	equal
1795	chr8	134454970	134455470	500	134454770	134455670	1	28	28	28	True	218	0.436	2	2	2	27	0.0	False	hom	1	-	48	-48@134455121	-48@134455121	-48,-48	-48,-48	False	1.0	hom	1	-	48	-48@134455121	-48@134455121	-48,-48	-48,-48	False	1.0	1	1795.0	28	28	-48	0	1	0	1	kmeans	1	0	0	0	0	False	False	1	1	1	DEL-48:1/1:PASS:DV28/TC28:V5ref:T2Tref:hapGT1/1	1	0	0	0	0	-	0	0	0	-	equal	equal	equal
1796	chr8	134464683	134466745	2062	134463597	134467224	1	28	28	31	True	3527	1.0	2	2	2	30	0.0	False	cpx_het	2	size_diff	1057	-49@134466618	-1057@134464736	-49,-1057	-49,-1056	False	1.0	cpx_het	2	size_diff	1057	-49@134466618	-1057@134464736	-49,-1057	-49,-1056	False	1.0	2	1796.0,1796.1	20,11	31	-1063,-49	0	2	0	2	kmeans	2	3	0	0	0	False	False	2	2	2	DEL-1057:0/1:PASS:DV18/TC29:V5TP:T2TTP:hapGT0/1;DEL-49:0/1:PASS:DV10/TC30:V5ref:T2Tref:hapGT0/1	2	0	1	0	0	-1057:0/1:TP	1	0	0	-1057:0/1:TP	equal	equal	equal
1797	chr8	134497434	134498240	806	134497234	134499739	1	21	13	13	True	2302	1.0	2	2	2	13	0.0	False	cpx_het	2	size_diff	177	-118@134498049	-59@134497814,-118@134498049	-118,-177	-117,-176	False	1.0	cpx_het	2	size_diff	177	-118@134498049	-59@134497814,-118@134498049	-118,-177	-117,-176	False	1.0	2	1797.0,1797.1	9,4	13	-175,-113	0	2	0	2	kmeans	2	1	0	0	0	False	False	2	2	2	DEL-58:0/1:PASS:DV9/TC13:V5TP:T2TTP:hapGT0/0;DEL-117:0/1:PASS:DV12/TC13:V5TP:T2TTP:hapGT0/1	3	0	2	0	0	-59:0/1:TP;-118:1/1:TP	2	0	0	-59:0/1:TP;-118:1/1:TP	equal	equal	equal
1798	chr8	134930293	134930835	542	134930093	134931035	1	22	17	20	True	483	0.891	2	2	2	20	0.0	False	hom	1	-	210	+210@134930393	+210@134930393	210,210	210,210	False	1.0	hom	1	-	210	+210@134930393	+210@134930393	210,210	210,210	False	1.0	1	1798.0	20	20	210	0	1	0	1	kmeans	1	2	0	0	0	False	False	1	1	1	INS+210:1/1:PASS:DV19/TC19:V5TP:T2TTP:hapGT1/1	1	0	1	0	0	+210:1/1:TP	1	0	0	+210:1/1:TP	equal	equal	equal
1799	chr8	135082133	135082633	500	135081933	135082833	1	14	14	20	False	0	0.0	2	2	2	19	0.0	False	hom	1	-	35	+35@135082366	+35@135082366	35,35	35,35	False	1.0	hom	1	-	35	+35@135082366	+35@135082366	35,35	35,35	False	1.0	1	1799.0	20	20	35	0	1	0	1	kmeans	1	1	0	0	0	False	False	1	1	1	INS+35:1/1:PASS:DV18/TC19:V5ref:T2Tref:hapGT1/1	1	0	0	0	0	-	0	0	0	-	equal	equal	equal
1800	chr8	135109421	135109921	500	135109221	135110121	1	21	21	23	True	58	0.116	2	2	2	23	0.0	False	hom	1	-	30	-30@135109644	-30@135109644	-30,-30	-30,-30	False	1.0	hom	1	-	30	-30@135109644	-30@135109644	-30,-30	-30,-30	False	1.0	1	1800.0	23	23	-30	0	1	0	1	kmeans	1	0	0	0	0	False	False	1	1	1	DEL-30:1/1:PASS:DV22/TC22:V5ref:T2Tref:hapGT1/1	1	0	0	0	0	-	0	0	0	-	equal	equal	equal
1801	chr8	135485592	135486092	500	135485392	135486292	1	4	4	15	False	0	0.0	2	2	2	15	0.0	False	het	2	-	30	-	+30@135485842	0,30	0,30	False	1.0	het	2	-	30	-	+30@135485842	0,30	0,30	False	1.0	1	1801.0	15	15	30	0	1	0	1	kmeans	1	0	0	0	0	False	False	0	0	1	INS+30:0/1:PASS:DV11/TC15:V5ref:T2Tref:hapGT0/1	1	0	0	0	0	-	0	0	0	-	under	under	under
1802	chr8	135535160	135535660	500	135534960	135535860	1	25	22	22	True	320	0.64	2	2	2	22	0.0	False	cpx_het	2	opposite_sign	145	+145@135535225	-116@135535225	145,-116	145,-116	False	1.0	cpx_het	2	opposite_sign	145	+145@135535225	-116@135535225	145,-116	145,-116	False	1.0	2	1802.0,1802.1	6,16	22	145,-116	0	2	0	2	kmeans	2	0	0	0	0	False	False	2	2	2	INS+145:0/1:PASS:DV6/TC22:V5TP:T2TTP:hapGT0/1;DEL-116:0/1:PASS:DV16/TC22:V5TP:T2TTP:hapGT0/1	2	0	2	0	0	+145:1/0:TP;-116:0/1:TP	2	0	0	+145:1/0:TP;-116:0/1:TP	equal	equal	equal
1803	chr8	135573943	135574443	500	135573743	135574643	1	8	8	22	True	112	0.224	2	2	2	21	0.0	False	cpx_het	2	opposite_sign	44	+44@135574143	-22@135574143	44,-22	44,-22	False	1.0	cpx_het	2	opposite_sign	44	+44@135574143	-22@135574143	44,-22	44,-22	False	1.0	2	1803.0,1803.1	9,13	22	44,-22	0	2	0	2	kmeans	2	1	0	0	0	False	False	2	2	1	INS+44:0/1:PASS:DV8/TC21:V5ref:T2Tref:hapGT0/1	1	0	0	0	0	-	0	0	0	-	equal	equal	equal
1804	chr8	135599752	135600252	500	135599552	135600452	1	15	13	16	True	204	0.408	2	2	2	16	0.0	False	cpx_het	2	opposite_sign	136	-34@135600031	+136@135599908	-34,136	-34,136	False	1.0	cpx_het	2	opposite_sign	136	-34@135600031	+136@135599908	-34,136	-34,136	False	1.0	2	1804.0,1804.1	8,8	16	136,-34	0	2	0	2	kmeans	2	1	0	0	0	False	False	2	2	2	INS+136:0/1:PASS:DV8/TC16:V5TP:T2TTP:hapGT0/1;DEL-34:0/1:PASS:DV8/TC16:V5ref:T2Tref:hapGT0/1	2	0	1	0	0	+136:0/1:TP	1	0	0	+136:0/1:TP	equal	equal	equal
1805	chr8	135617003	135617503	500	135616803	135617703	1	8	8	14	True	123	0.246	2	2	2	14	0.0	False	cpx_het	2	near_hom_le10bp	30	-20@135617230	-30@135617230	-20,-30	-20,-30	False	1.0	cpx_het	2	near_hom_le10bp	30	-20@135617230	-30@135617230	-20,-30	-20,-30	False	1.0	2	1805.0,1805.1	6,8	14	-20,-30	0	2	0	2	kmeans	2	0	0	0	0	False	False	2	2	1	DEL-30:0/1:PASS:DV8/TC14:V5ref:T2Tref:hapGT0/1	1	0	0	0	0	-	0	0	0	-	equal	equal	equal
1806	chr8	135668164	135668664	500	135667964	135668864	1	1	1	20	True	366	0.732	2	2	2	20	0.0	False	cpx_het	2	near_hom_le10bp	28	+28@135668407	+24@135668407	28,24	28,24	False	1.0	cpx_het	2	near_hom_le10bp	28	+28@135668407	+24@135668407	28,24	28,24	False	1.0	1	1806.0	20	20	28	0	1	0	1	kmeans	1	0	0	0	0	False	False	1	1	0	-	0	0	0	0	0	-	0	0	0	-	under	under	under
1807	chr8	135709404	135709904	500	135709204	135710104	1	16	16	18	True	91	0.182	2	2	2	17	0.0	False	hom	1	-	45	-45@135709611	-45@135709611	-45,-45	-45,-47	False	1.0	hom	1	-	45	-45@135709611	-45@135709611	-45,-45	-45,-47	False	1.0	1	1807.0	18	18	-45	0	1	0	1	kmeans	1	2	0	0	0	False	False	1	1	1	DEL-45:1/1:PASS:DV16/TC16:V5ref:T2Tref:hapGT1/1	1	0	0	0	0	-	0	0	0	-	equal	equal	equal
1808	chr8	135771550	135772050	500	135771350	135772250	1	16	16	17	True	414	0.688	2	2	2	16	0.0	False	hom	1	-	42	+42@135771749	+42@135771749	42,42	42,42	False	1.0	hom	1	-	42	+42@135771749	+42@135771749	42,42	42,42	False	1.0	1	1808.0	17	17	42	0	1	0	1	kmeans	1	1	0	0	0	False	False	1	1	1	INS+42:1/1:PASS:DV16/TC16:V5ref:T2Tref:hapGT1/1	1	0	0	0	0	-	0	0	0	-	equal	equal	equal
1809	chr8	135834967	135835467	500	135834767	135835667	1	17	16	18	True	220	0.44	2	2	2	18	0.0	False	cpx_het	2	size_diff	180	-116@135835180,-64@135835215	-64@135835215	-180,-64	-180,-64	False	1.0	cpx_het	2	size_diff	116	-116@135835180	-64@135835215	-116,-64	-114,-64	False	1.0	2	1809.0,1809.1	6,12	18	-116,-64	0	2	0	2	kmeans	2	1	0	0	0	False	False	1	2	2	DEL-116:0/1:PASS:DV6/TC17:V5TP:T2TTP:hapGT0/0;DEL-64:0/1:PASS:DV10/TC17:V5TP:T2TTP:hapGT0/1	2	0	2	0	0	-116:1/0:TP;-64:0/1:TP	2	0	0	-116:1/0:TP;-64:0/1:TP	equal	equal	equal
1810	chr8	135985260	135985760	500	135985060	135985960	1	60	21	23	True	208	0.416	2	2	2	23	0.0	False	hom	1	-	138	+34@135985431,+92@135985563	+34@135985431,+74@135985563,+30@135985587	126,138	138,140	False	1.0	hom	1	-	138	+34@135985431,+92@135985563	+34@135985431,+74@135985563,+30@135985587	126,138	138,140	False	1.0	1	1810.0	23	23	138	0	1	0	1	kmeans	1	3	0	0	0	False	False	1	1	2	INS+34:1/1:PASS:DV21/TC22:V5ref:T2Tref:hapGT0/0;INS+104:1/1:PASS:DV22/TC23:V5TP:T2TTP:hapGT1/1	2	0	2	0	0	+74:0/1:TP;+92:1/0:TP	2	0	0	+74:0/1:TP;+92:1/0:TP	equal	equal	equal
1811	chr8	135993960	135994460	500	135993760	135994660	1	19	19	20	True	149	0.298	2	2	2	20	0.0	False	hom	1	-	42	-42@135994190	-42@135994190	-42,-42	-40,-40	False	1.0	hom	1	-	42	-42@135994190	-42@135994190	-42,-42	-40,-40	False	1.0	1	1811.0	20	20	-42	0	1	0	1	kmeans	1	1	0	0	0	False	False	1	1	1	DEL-42:1/1:PASS:DV19/TC19:V5ref:T2Tref:hapGT1/1	1	0	0	0	0	-	0	0	0	-	equal	equal	equal
1812	chr8	136026657	136027157	500	136026457	136027357	1	18	18	19	False	0	0.0	2	2	2	19	0.0	False	hom	1	-	1961	+1961@136026907	+1961@136026907	1961,1961	1961,1961	False	1.0	hom	1	-	1961	+1961@136026907	+1961@136026907	1961,1961	1961,1961	False	1.0	1	1812.0	19	19	1960	0	1	0	1	kmeans	2	1	1	0	0	False	False	1	1	1	INS+1960:1/1:PASS:DV19/TC19:V5TP:T2TTP:hapGT1/1	1	0	1	0	0	+1961:1/1:TP	1	0	0	+1961:1/1:TP	equal	equal	equal
1813	chr8	136049701	136050201	500	136049501	136050401	1	18	18	20	False	0	0.0	2	2	2	19	0.0	False	hom	1	-	318	+318@136049948	+318@136049948	318,318	318,318	False	1.0	hom	1	-	318	+318@136049948	+318@136049948	318,318	318,318	False	1.0	1	1813.0	20	20	320	0	1	0	1	kmeans	1	0	0	0	0	False	False	1	1	1	INS+320:1/1:PASS:DV18/TC18:V5TP:T2TTP:hapGT1/1	1	0	1	0	0	+318:1/1:TP	1	0	0	+318:1/1:TP	equal	equal	equal
1814	chr8	136204675	136205175	500	136204475	136205375	1	8	8	17	True	89	0.178	2	2	2	17	0.0	False	cpx_het	2	size_diff	40	-20@136204903	-40@136204903	-20,-40	-17,-40	False	1.0	cpx_het	2	size_diff	40	-20@136204903	-40@136204903	-20,-40	-17,-40	False	1.0	2	1814.0,1814.1	9,8	17	-20,-40	0	2	0	2	kmeans	2	0	0	0	0	False	False	2	2	1	DEL-40:0/1:PASS:DV8/TC17:V5ref:T2Tref:hapGT0/1	1	0	0	0	0	-	0	0	0	-	equal	equal	equal
1815	chr8	136257498	136257998	500	136257298	136258198	1	5	5	16	True	85	0.17	2	2	2	14	0.0	False	het	2	-	76	-	+76@136257727	0,76	-2,76	False	0.894	het	2	-	76	-	+76@136257727	0,76	-2,76	False	0.894	2	1815.0,1815.1	10,6	16	0,78	0	2	0	2	kmeans	2	2	0	0	0	False	False	2	2	1	INS+78:0/1:PASS:DV5/TC15:V5ref:T2Tref:hapGT0/1	1	0	0	0	0	-	0	0	0	-	equal	equal	equal
1816	chr8	136342247	136342747	500	136342047	136342947	1	12	12	13	False	0	0.0	2	2	2	13	0.0	False	hom	1	-	31	-31@136342481	-31@136342481	-31,-31	-31,-31	False	1.0	hom	1	-	31	-31@136342481	-31@136342481	-31,-31	-31,-31	False	1.0	1	1816.0	13	13	-31	0	1	0	1	kmeans	1	1	0	0	0	False	False	1	1	1	DEL-31:1/1:PASS:DV12/TC13:V5ref:T2Tref:hapGT1/1	1	0	0	0	0	-	0	0	0	-	equal	equal	equal
1817	chr8	136353608	136354108	500	136353408	136354308	1	7	7	19	True	143	0.286	2	2	2	19	0.0	False	het	2	-	39	-	-39@136353846	0,-39	-15,-54	False	1.0	het	2	-	39	-	-39@136353846	0,-39	-15,-39	False	1.0	2	1817.0,1817.1	7,12	19	-39,-15	0	2	0	2	kmeans	2	1	0	0	0	False	False	2	2	1	DEL-39:0/1:PASS:DV6/TC18:V5ref:T2Tref:hapGT0/1	1	0	0	0	0	-	0	0	0	-	equal	equal	equal
1818	chr8	136704493	136704993	500	136704293	136705193	1	24	24	25	False	0	0.0	2	2	2	25	0.0	False	hom	1	-	326	-326@136704570	-326@136704570	-326,-326	-326,-326	False	1.0	hom	1	-	326	-326@136704570	-326@136704570	-326,-326	-326,-326	False	1.0	1	1818.0	25	25	-326	0	1	0	1	kmeans	2	0	1	0	0	False	False	1	1	1	DEL-326:1/1:PASS:DV25/TC25:V5TP:T2TTP:hapGT1/1	1	0	1	0	0	-326:1/1:TP	1	0	0	-326:1/1:TP	equal	equal	equal
1819	chr8	136955548	136956048	500	136955348	136956248	1	60	25	29	True	417	0.834	2	2	2	29	0.0	False	cpx_het	2	size_diff	1374	+460@136955648,+374@136955734,+540@136955811	+453@136955648,+616@136955711,+110@136955811	1374,1179	1373,1174	False	1.0	cpx_het	2	size_diff	1374	+460@136955648,+374@136955734,+540@136955811	+453@136955648,+616@136955711,+110@136955811	1374,1179	1373,1174	False	1.0	2	1819.0,1819.1	13,16	29	1378,1186	0	2	0	2	other	0	3	0	0	0	False	False	2	2	2	INS+1166:0/1:PASS:DV26/TC27:V5ref:T2Tref:hapGT1/1;INS+221:0/1:PASS:DV13/TC27:V5ref:T2Tref:hapGT0/0	3	1	0	0	0	-	0	0	0	-	equal	equal	equal
1820	chr8	137052290	137052790	500	137052090	137052990	1	10	10	19	True	181	0.362	2	2	2	19	0.0	False	het	2	-	32	-	-32@137052462	0,-32	0,-32	False	1.0	het	2	-	32	-	-32@137052462	0,-32	0,-32	False	1.0	2	1820.0,1820.1	10,9	19	-32,0	0	2	0	2	kmeans	2	0	0	0	0	False	False	2	2	1	DEL-32:0/1:PASS:DV10/TC19:V5ref:T2Tref:hapGT0/1	1	0	0	0	0	-	0	0	0	-	equal	equal	equal
1821	chr8	137062502	137063002	500	137062302	137063585	1	12	12	20	True	1096	1.0	2	2	2	20	0.0	False	het	2	-	200	-	-200@137062612	0,-200	0,-191	False	1.0	het	2	-	200	-	-200@137062612	0,-200	0,-191	False	1.0	2	1821.0,1821.1	12,8	20	-194,0	0	2	0	2	kmeans	2	0	0	0	0	False	False	2	2	1	DEL-200:0/1:PASS:DV12/TC20:V5TP:T2TTP:hapGT0/1	1	0	1	0	0	-200:0/1:TP	1	0	0	-200:0/1:TP	equal	equal	equal
1822	chr8	137137675	137138175	500	137136831	137138690	1	9	8	18	True	1759	1.0	2	2	2	17	0.0	False	het	2	-	32	-	-26@137136881,+58@137137886	0,32	0,26	False	1.0	het	2	-	32	-	-26@137136881,+58@137137886	0,32	0,26	False	1.0	2	1822.0,1822.1	9,9	18	0,26	0	2	0	2	kmeans	2	0	0	0	0	False	False	2	2	1	INS+51:0/1:PASS:DV8/TC17:V5TP:T2TTP:hapGT0/0	1	0	1	0	0	+58:0/1:TP	1	0	0	+58:0/1:TP	equal	equal	equal
1823	chr8	137187802	137188302	500	137187602	137188502	1	13	12	28	False	0	0.0	2	2	2	27	0.0	False	het	2	-	245	-	-245@137187919	0,-245	-4,-249	False	1.0	het	2	-	245	-	-245@137187919	0,-245	-4,-245	False	1.0	2	1823.0,1823.1	15,13	28	0,-245	0	2	0	2	kmeans	2	2	0	0	0	False	False	2	2	1	DEL-245:0/1:PASS:DV12/TC28:V5TP:T2TTP:hapGT0/1	1	0	1	0	0	-245:0/1:TP	1	0	0	-245:0/1:TP	equal	equal	equal
1824	chr8	137194903	137195403	500	137194703	137195603	1	7	5	28	True	313	0.626	2	2	2	27	0.0	False	hom	1	-	20	-20@137194997	-20@137194997	-20,-20	-16,-30	False	0.996	hom	1	-	20	-20@137194997	-20@137194997	-20,-20	-16,-30	False	0.996	1	1824.0	28	28	-20	0	1	0	1	kmeans	2	0	1	0	0	False	False	1	1	0	-	0	0	0	0	0	-	0	0	0	-	equal	equal	equal
1825	chr8	137235690	137237999	2309	137235490	137238199	1	57	19	24	True	2545	1.0	2	2	2	23	0.0	False	cpx_het	2	size_diff	216	+75@137235890,-74@137236584,+113@137237489,+29@137237755,+73@137237949	+41@137235890,-74@137236584,-36@137236834,+113@137237489,+29@137237755,+73@137237949	216,146	219,147	False	1.0	cpx_het	2	size_diff	216	+75@137235890,-74@137236584,+113@137237489,+29@137237755,+73@137237949	+41@137235890,-74@137236584,-36@137236834,+113@137237489,+29@137237755,+73@137237949	216,146	219,149	False	1.0	2	1825.0,1825.1	9,15	24	222,152	0	2	0	2	kmeans	2	4	0	0	0	False	False	2	2	4	INS+41:0/1:PASS:DV12/TC21:V5ref:T2Tref:hapGT0/0;INS+75:0/1:PASS:DV7/TC21:V5ref:T2Tref:hapGT0/0;INS+36:0/1:PASS:DV7/TC19:V5ref:T2Tref:hapGT0/0;INS+96:0/1:PASS:DV19/TC20:V5ref:T2Tref:hapGT0/0	5	0	1	0	0	+68:1/1:TP	1	0	0	+68:1/1:TP	equal	equal	equal
1826	chr8	137282671	137283171	500	137282471	137283371	1	31	16	18	False	0	0.0	2	2	2	18	0.0	False	hom	1	-	318	+317@137282940	+318@137282940	317,318	315,316	False	1.0	hom	1	-	318	+317@137282940	+318@137282940	317,318	315,316	False	1.0	1	1826.0	18	18	317	0	1	0	1	kmeans	1	2	0	0	0	False	False	1	1	1	INS+318:1/1:PASS:DV18/TC18:V5TP:T2TTP:hapGT1/1	1	0	1	0	0	+318:1/1:TP	2	0	0	+317:1/0:TP;+318:0/1:TP	equal	equal	equal
1827	chr8	137295553	137296266	713	137295353	137296466	1	27	24	24	True	604	0.847	2	2	2	24	0.0	False	hom	1	-	133	-133@137295821	-133@137295821	-133,-133	-149,-145	False	1.0	hom	1	-	133	-133@137295821	-133@137295821	-133,-133	-149,-145	False	1.0	1	1827.0	24	24	-132	0	1	0	1	kmeans	2	0	1	0	0	False	False	1	1	1	DEL-132:1/1:PASS:DV24/TC24:V5TP:T2TTP:hapGT1/1	1	0	1	0	0	-133:1/1:TP	1	0	0	-133:1/1:TP	equal	equal	equal
1828	chr8	137309964	137310464	500	137309764	137310664	1	23	22	23	False	0	0.0	2	2	2	23	0.0	False	hom	1	-	46	+46@137310161	+46@137310161	46,46	46,46	False	1.0	hom	1	-	46	+46@137310161	+46@137310161	46,46	46,46	False	1.0	1	1828.0	23	23	46	0	1	0	1	kmeans	1	0	0	0	0	False	False	1	1	1	INS+46:1/1:PASS:DV23/TC23:V5ref:T2Tref:hapGT1/1	1	0	0	0	0	-	0	0	0	-	equal	equal	equal
1829	chr8	137320447	137320947	500	137320247	137321147	1	42	21	22	False	0	0.0	2	2	2	22	0.0	False	hom	1	-	151	+151@137320668	+151@137320668	151,151	134,134	False	1.0	hom	1	-	151	+151@137320668	+151@137320668	151,151	134,134	False	1.0	1	1829.0	21	21	127	0	1	0	1	kmeans	1	1	0	0	0	False	False	1	1	1	INS+119:1/1:PASS:DV20/TC21:V5TP:T2TTP:hapGT1/1	1	0	1	0	0	+151:1/1:TP	1	0	0	+151:1/1:TP	equal	equal	equal
1830	chr8	137419875	137420375	500	137419675	137420575	1	12	12	23	True	142	0.284	2	2	2	23	0.0	False	het	2	-	30	+30@137420123	-	30,0	31,0	False	1.0	het	2	-	30	+30@137420123	-	30,0	31,0	False	1.0	2	1830.0,1830.1	11,12	23	0,30	0	2	0	2	kmeans	2	0	0	0	0	False	False	2	2	1	INS+30:0/1:PASS:DV12/TC23:V5ref:T2Tref:hapGT0/1	1	0	0	0	0	-	0	0	0	-	equal	equal	equal
1831	chr8	137595242	137595742	500	137595042	137595942	1	19	19	24	True	291	0.582	2	2	2	22	0.0	False	hom	1	-	146	+146@137595487	+136@137595487	146,136	147,137	False	1.0	hom	1	-	146	+146@137595487	+136@137595487	146,136	147,137	False	1.0	2	1831.0,1831.1	3,20	23	0,142	0	1	0	2	kmeans	2	1	0	0	0	False	False	1	1	1	INS+142:1/1:PASS:DV20/TC24:V5TP:T2TTP:hapGT1/1	1	0	1	0	0	+146:1/1:TP	2	0	0	+146:1/0:TP;+136:0/1:TP	over	over	over
1832	chr8	137682863	137683363	500	137682663	137683563	1	14	13	18	True	183	0.366	2	2	2	17	0.0	False	hom	1	-	31	+31@137683063	+31@137683063	31,31	31,31	False	1.0	hom	1	-	31	+31@137683063	+31@137683063	31,31	31,31	False	1.0	1	1832.0	18	18	31	0	1	0	1	kmeans	1	3	0	0	0	False	False	1	1	1	INS+31:1/1:PASS:DV16/TC16:V5ref:T2Tref:hapGT1/1	1	0	0	0	0	-	0	0	0	-	equal	equal	equal
1833	chr8	137730672	137731671	999	137730472	137731871	1	9	9	11	False	0	0.0	2	2	2	11	0.0	False	hom	1	-	896	-896@137730722	-896@137730722	-896,-896	-896,-896	False	1.0	hom	1	-	896	-896@137730722	-896@137730722	-896,-896	-896,-896	False	1.0	2	1833.0,1833.1	9,2	11	-896,0	0	1	0	2	kmeans	2	0	0	0	0	False	False	1	1	1	DEL-896:1/1:PASS:DV9/TC11:V5TP:T2TTP:hapGT1/1	1	0	1	0	0	-896:1/1:TP	1	0	0	-896:1/1:TP	over	over	over
1834	chr8	137806290	137806790	500	137806090	137806990	1	9	9	27	False	0	0.0	2	2	2	25	0.0	False	het	2	-	37	+37@137806523	-	37,0	37,0	False	1.0	het	2	-	37	+37@137806523	-	37,0	37,0	False	1.0	2	1834.0,1834.1	18,9	27	0,38	0	2	0	2	kmeans	2	1	0	0	0	False	False	2	2	1	INS+38:0/1:PASS:DV9/TC25:V5ref:T2Tref:hapGT0/1	1	0	0	0	0	-	0	0	0	-	equal	equal	equal
1835	chr8	137836515	137837015	500	137836315	137837215	1	7	7	18	True	112	0.224	2	2	2	18	0.0	False	het	2	-	36	-	-36@137836739	0,-36	0,-36	False	1.0	het	2	-	36	-	-36@137836739	0,-36	0,-36	False	1.0	2	1835.0,1835.1	9,9	18	0,-36	0	2	0	2	kmeans	2	1	0	0	0	False	False	2	2	1	DEL-36:0/1:PASS:DV7/TC16:V5ref:T2Tref:hapGT0/1	1	0	0	0	0	-	0	0	0	-	equal	equal	equal
1836	chr8	137848219	137848719	500	137848019	137848994	1	11	11	12	True	639	0.828	2	2	2	12	0.0	False	hom	1	-	324	-324@137848305	-324@137848305	-324,-324	-323,-321	False	1.0	hom	1	-	324	-324@137848305	-324@137848305	-324,-324	-323,-321	False	1.0	1	1836.0	12	12	-324	0	1	0	1	kmeans	1	0	0	0	0	False	False	1	1	1	DEL-324:1/1:PASS:DV11/TC11:V5TP:T2TTP:hapGT1/1	1	0	1	0	0	-324:1/1:TP	1	0	0	-324:1/1:TP	equal	equal	equal
1837	chr8	137947316	137947816	500	137947116	137948016	1	10	10	22	True	105	0.21	2	2	2	21	0.0	False	het	2	-	32	-32@137947549	-	-32,0	-32,6	False	1.0	het	2	-	32	-32@137947549	-	-32,0	-32,6	False	1.0	2	1837.0,1837.1	10,12	22	-32,6	0	2	0	2	kmeans	2	0	0	0	0	False	False	2	2	1	DEL-32:0/1:PASS:DV10/TC22:V5ref:T2Tref:hapGT0/1	1	0	0	0	0	-	0	0	0	-	equal	equal	equal
1838	chr8	138059263	138059763	500	138059063	138059963	1	10	10	18	True	420	0.84	2	2	2	18	0.0	False	het	2	-	114	-114@138059356	-	-114,0	-114,0	False	1.0	het	2	-	114	-114@138059356	-	-114,0	-114,0	False	1.0	2	1838.0,1838.1	8,10	18	0,-114	0	2	0	2	kmeans	2	0	0	0	0	False	False	2	2	1	DEL-114:0/1:PASS:DV10/TC18:V5TP:T2TTP:hapGT0/1	1	0	1	0	0	-114:1/0:TP	1	0	0	-114:1/0:TP	equal	equal	equal
1839	chr8	138066137	138066637	500	138065937	138066837	1	18	9	26	True	431	0.758	2	2	2	26	0.0	False	ref	1	-	0	-	-	0,0	18,40	False	1.0	ref	1	-	0	-	-	0,0	18,40	False	1.0	1	1839.0	26	26	30	0	1	0	1	kmeans	1	4	0	0	0	False	False	0	0	0	-	0	0	0	0	0	-	0	0	0	-	equal	equal	equal
1840	chr8	138205891	138207033	1142	138205691	138207233	1	40	19	22	True	1048	0.918	2	2	2	22	0.0	False	hom	1	-	1457	-27@138206099,+28@138206294,+1456@138206341	+1428@138206341	1457,1428	1453,1428	False	1.0	hom	1	-	1457	-27@138206099,+28@138206294,+1456@138206341	+1428@138206341	1457,1428	1453,1428	False	1.0	2	1840.0,1840.1	16,6	22	1428,1450	0	2	0	1	other	0	2	0	0	0	False	False	1	1	1	INS+1428:0/1:PASS:DV19/TC19:V5TP:T2Tref:hapGT1/1	2	1	1	0	0	+1456:1/1:TP	0	0	0	-	over	over	over
1841	chr8	138313478	138313978	500	138313278	138314178	1	16	16	17	False	0	0.0	2	2	2	17	0.0	False	hom	1	-	313	+313@138313722	+313@138313722	313,313	313,313	False	1.0	hom	1	-	313	+313@138313722	+313@138313722	313,313	313,313	False	1.0	1	1841.0	17	17	313	0	1	0	1	kmeans	1	1	0	0	0	False	False	1	1	1	INS+313:1/1:PASS:DV17/TC17:V5TP:T2TTP:hapGT1/1	1	0	1	0	0	+313:1/1:TP	1	0	0	+313:1/1:TP	equal	equal	equal
1842	chr8	138636259	138636759	500	138636059	138636959	1	29	22	24	True	56	0.112	2	2	2	24	0.0	False	hom	1	-	45	+45@138636532	+45@138636532	45,45	45,45	False	1.0	hom	1	-	45	+45@138636532	+45@138636532	45,45	45,45	False	1.0	1	1842.0	24	24	45	0	1	0	1	kmeans	1	1	0	0	0	False	False	1	1	1	INS+45:1/1:PASS:DV23/TC23:V5ref:T2Tref:hapGT1/1	1	0	0	0	0	-	0	0	0	-	equal	equal	equal
1843	chr8	138676180	138676680	500	138675980	138676880	1	8	8	25	True	63	0.126	2	2	2	24	0.0	False	cpx_het	2	near_hom_le10bp	36	+28@138676454	+36@138676454	28,36	29,37	False	1.0	cpx_het	2	near_hom_le10bp	36	+28@138676454	+36@138676454	28,36	29,37	False	1.0	2	1843.0,1843.1	16,9	25	28,40	0	2	0	2	kmeans	2	0	0	0	0	False	False	2	2	1	INS+40:0/1:PASS:DV8/TC23:V5ref:T2Tref:hapGT1/1	1	1	0	0	0	-	0	0	0	-	equal	equal	equal
1844	chr8	138691614	138692367	753	138691229	138692567	1	24	20	22	True	1231	1.0	2	2	2	22	0.0	False	hom	1	-	692	+692@138692270	+692@138692270	692,692	686,688	False	1.0	hom	1	-	692	+692@138692270	+692@138692270	692,692	686,688	False	1.0	1	1844.0	22	22	692	0	1	0	1	kmeans	1	2	0	0	0	False	False	1	1	1	INS+692:1/1:PASS:DV19/TC21:V5TP:T2TTP:hapGT1/1	1	0	1	0	0	+692:1/1:TP	1	0	0	+692:1/1:TP	equal	equal	equal
1845	chr8	138712415	138712915	500	138712215	138713115	1	27	27	30	True	528	0.89	2	2	2	30	0.0	False	hom	1	-	44	+44@138712631	+44@138712631	44,44	44,44	False	1.0	hom	1	-	44	+44@138712631	+44@138712631	44,44	44,44	False	1.0	1	1845.0	30	30	44	0	1	0	1	kmeans	1	4	0	0	0	False	False	1	1	1	INS+44:1/1:PASS:DV27/TC28:V5ref:T2Tref:hapGT1/1	1	0	0	0	0	-	0	0	0	-	equal	equal	equal
1846	chr8	138742210	138742863	653	138741739	138743591	1	22	21	22	True	1752	1.0	2	2	2	21	0.0	False	hom	1	-	330	+330@138742284	+330@138742284	330,330	330,330	False	1.0	hom	1	-	330	+330@138742284	+330@138742284	330,330	330,330	False	1.0	1	1846.0	22	22	330	0	1	0	1	kmeans	1	1	0	0	0	False	False	1	1	1	INS+330:1/1:PASS:DV22/TC22:V5TP:T2TTP:hapGT1/1	1	0	1	0	0	+330:1/1:TP	1	0	0	+330:1/1:TP	equal	equal	equal
1847	chr8	138805859	138806359	500	138804645	138806559	1	20	18	21	True	1654	0.98	2	2	2	20	0.0	False	hom	1	-	318	+318@138806033	+318@138806033	318,318	318,318	False	1.0	hom	1	-	318	+318@138806033	+318@138806033	318,318	318,318	False	1.0	1	1847.0	21	21	318	0	1	0	1	kmeans	2	2	1	0	0	False	False	1	1	1	INS+318:1/1:PASS:DV20/TC21:V5TP:T2TTP:hapGT1/1	1	0	1	0	0	+318:1/1:TP	1	0	0	+318:1/1:TP	equal	equal	equal
1848	chr8	138813414	138813914	500	138813214	138814114	1	10	10	22	True	142	0.284	2	2	2	22	0.0	False	het	2	-	46	-	-46@138813610	0,-46	0,-48	False	1.0	het	2	-	46	-	-46@138813610	0,-46	0,-48	False	1.0	2	1848.0,1848.1	12,10	22	-46,0	0	2	0	2	kmeans	2	2	0	0	0	False	False	2	2	1	DEL-46:0/1:PASS:DV10/TC20:V5ref:T2Tref:hapGT0/1	1	0	0	0	0	-	0	0	0	-	equal	equal	equal
1849	chr8	138940283	138940783	500	138940083	138940983	1	8	7	13	True	138	0.276	2	2	2	13	0.0	False	cpx_het	2	size_diff	57	+21@138940495	+57@138940489	21,57	22,57	False	1.0	cpx_het	2	size_diff	57	+21@138940495	+57@138940489	21,57	22,57	False	1.0	2	1849.0,1849.1	8,5	13	56,21	0	2	0	2	kmeans	2	2	0	0	0	False	False	2	2	1	INS+56:0/1:PASS:DV7/TC13:V5TP:T2TTP:hapGT0/1	1	0	1	0	0	+57:0/1:TP	1	0	0	+57:0/1:TP	equal	equal	equal
1850	chr8	138952320	138952820	500	138952120	138953020	1	6	6	20	True	529	0.896	2	2	2	19	0.0	False	het	2	-	176	-	-176@138952372	0,-176	0,-176	False	1.0	het	2	-	176	-	-176@138952372	0,-176	0,-176	False	1.0	2	1850.0,1850.1	14,6	20	0,-176	0	2	0	2	kmeans	2	1	0	0	0	False	False	2	2	1	DEL-176:0/1:PASS:DV6/TC19:V5TP:T2TTP:hapGT0/1	1	0	1	0	0	-176:0/1:TP	1	0	0	-176:0/1:TP	equal	equal	equal
1851	chr8	139001653	139002153	500	139001453	139002426	1	12	12	18	True	549	0.652	2	2	2	16	0.0	False	het	2	-	117	-	-117@139001827	0,-117	0,-117	False	1.0	het	2	-	117	-	-117@139001827	0,-117	0,-117	False	1.0	2	1851.0,1851.1	14,4	18	-117,0	0	2	0	2	kmeans	2	0	0	0	0	False	False	2	2	1	DEL-117:0/1:PASS:DV12/TC16:V5TP:T2TTP:hapGT0/1	1	0	1	0	0	-117:0/1:TP	1	0	0	-117:0/1:TP	equal	equal	equal
1852	chr8	139046703	139047203	500	139046296	139047403	1	10	5	15	True	686	0.658	2	2	2	14	0.0	False	het	2	-	24	-24@139046909	-	-24,0	-36,8	False	1.0	het	2	-	24	-24@139046909	-	-24,0	-36,8	False	1.0	2	1852.0,1852.1	11,4	15	8,-36	0	2	0	2	kmeans	2	0	0	0	0	False	False	1	1	1	DEL-36:0/1:PASS:DV4/TC15:V5ref:T2Tref:hapGT0/0	1	0	0	0	0	-	0	0	0	-	equal	equal	equal
1853	chr8	139069023	139069523	500	139068823	139069723	1	7	7	22	False	0	0.0	2	2	2	22	0.0	False	het	2	-	347	+347@139069273	-	347,0	347,0	False	1.0	het	2	-	347	+347@139069273	-	347,0	347,0	False	1.0	2	1853.0,1853.1	7,15	22	339,0	0	2	0	2	kmeans	2	0	0	0	0	False	False	2	2	1	INS+339:0/1:PASS:DV7/TC22:V5TP:T2TTP:hapGT0/1	1	0	1	0	0	+347:1/0:TP	1	0	0	+347:1/0:TP	equal	equal	equal
1854	chr8	139088441	139088941	500	139088241	139089141	1	13	13	15	False	0	0.0	2	2	2	15	0.0	False	hom	1	-	155	+155@139088686	+155@139088686	155,155	155,155	False	1.0	hom	1	-	155	+155@139088686	+155@139088686	155,155	155,155	False	1.0	1	1854.0	15	15	157	0	1	0	1	kmeans	1	1	0	0	0	False	False	1	1	1	INS+157:1/1:PASS:DV13/TC13:V5TP:T2TTP:hapGT1/1	1	0	1	0	0	+155:1/1:TP	1	0	0	+155:1/1:TP	equal	equal	equal
1855	chr8	139113762	139114262	500	139113562	139114462	1	17	17	17	True	129	0.258	2	2	2	16	0.0	False	cpx_het	2	size_diff	80	+40@139113963	+80@139113963	40,80	40,80	False	1.0	cpx_het	2	size_diff	80	+40@139113963	+80@139113963	40,80	40,80	False	1.0	2	1855.0,1855.1	9,8	17	80,40	0	2	0	2	kmeans	2	0	0	0	0	False	False	2	2	2	INS+80:0/1:PASS:DV9/TC17:V5TP:T2TTP:hapGT0/1;INS+40:0/1:PASS:DV8/TC17:V5ref:T2Tref:hapGT0/1	2	0	1	0	0	+80:0/1:TP	1	0	0	+80:0/1:TP	equal	equal	equal
1856	chr8	139148967	139149467	500	139148767	139149667	1	12	12	25	False	0	0.0	2	2	2	25	0.0	False	het	2	-	193	-193@139149121	-	-193,0	-192,4	False	1.0	het	2	-	193	-193@139149121	-	-193,0	-192,4	False	1.0	2	1856.0,1856.1	13,12	25	0,-193	0	2	0	2	kmeans	2	1	0	0	0	False	False	2	2	1	DEL-193:0/1:PASS:DV12/TC25:V5TP:T2TTP:hapGT0/1	1	0	1	0	0	-193:1/0:TP	1	0	0	-193:1/0:TP	equal	equal	equal
1857	chr8	139157698	139158198	500	139157498	139158398	1	18	18	21	False	0	0.0	2	2	2	21	0.0	False	hom	1	-	858	+858@139157948	+857@139157948	858,857	858,857	False	1.0	hom	1	-	858	+858@139157948	+857@139157948	858,857	858,857	False	1.0	1	1857.0	21	21	857	0	1	0	1	kmeans	1	3	0	0	0	False	False	1	1	1	INS+857:1/1:PASS:DV19/TC19:V5TP:T2TTP:hapGT1/1	1	0	1	0	0	+858:1/1:TP	2	0	0	+857:0/1:TP;+858:1/0:TP	equal	equal	equal
1858	chr8	139159255	139159755	500	139159055	139159955	1	8	8	22	False	0	0.0	2	2	2	22	0.0	False	het	2	-	48	+48@139159505	-	48,0	48,4	False	1.0	het	2	-	48	+48@139159505	-	48,0	48,4	False	1.0	2	1858.0,1858.1	8,14	22	48,0	0	2	0	2	kmeans	2	1	0	0	0	False	False	2	2	1	INS+48:0/1:PASS:DV8/TC22:V5ref:T2Tref:hapGT0/1	1	0	0	0	0	-	0	0	0	-	equal	equal	equal
1859	chr8	139296564	139297064	500	139296364	139297264	1	15	15	28	True	61	0.122	2	2	2	28	0.0	False	het	2	-	31	-31@139296794	-	-31,0	-31,0	False	1.0	het	2	-	31	-31@139296794	-	-31,0	-31,0	False	1.0	2	1859.0,1859.1	15,12	27	-31,0	0	2	0	2	kmeans	2	2	0	0	0	False	False	2	2	1	DEL-31:0/1:PASS:DV15/TC27:V5ref:T2Tref:hapGT0/1	1	0	0	0	0	-	0	0	0	-	equal	equal	equal
1860	chr8	139313669	139314169	500	139313469	139314369	1	12	10	21	True	82	0.164	2	2	2	21	0.0	False	cpx_het	2	size_diff	35	+35@139313899	+20@139313899	35,20	35,20	False	1.0	cpx_het	2	size_diff	35	+35@139313899	+20@139313899	35,20	35,20	False	1.0	2	1860.0,1860.1	13,8	21	20,35	0	2	0	2	kmeans	2	0	0	0	0	False	False	2	2	1	INS+35:0/1:PASS:DV8/TC20:V5ref:T2Tref:hapGT0/1	1	0	0	0	0	-	0	0	0	-	equal	equal	equal
1861	chr8	139409986	139410486	500	139409786	139410686	1	8	8	16	True	539	1.0	2	2	2	15	0.0	False	het	2	-	155	-155@139409951	-	-155,0	-154,0	False	1.0	het	2	-	155	-155@139409951	-	-155,0	-154,0	False	1.0	2	1861.0,1861.1	9,5	14	-156,0	0	2	0	2	kmeans	2	3	0	0	0	False	False	2	2	1	DEL-156:0/1:PASS:DV8/TC13:V5TP:T2TTP:hapGT0/1	1	0	1	0	0	-155:1/0:TP	1	0	0	-155:1/0:TP	equal	equal	equal
1862	chr8	139455940	139456440	500	139455740	139456640	1	13	12	17	True	140	0.28	2	2	2	17	0.0	False	cpx_het	2	one_net_small	53	-53@139456117	-53@139456117,+34@139456205	-53,-19	-54,-19	False	1.0	cpx_het	2	opposite_sign	53	-53@139456117	+34@139456205	-53,34	-54,34	False	1.0	2	1862.0,1862.1	9,8	17	-49,30	0	2	0	2	kmeans	2	1	0	0	0	False	False	1	2	2	DEL-49:0/1:PASS:DV8/TC16:V5TP:T2TTP:hapGT0/1;INS+30:0/1:PASS:DV8/TC16:V5ref:T2Tref:hapGT0/0	2	0	1	0	0	-53:1/0:TP	1	0	0	-53:1/0:TP	equal	equal	equal
1863	chr8	139462634	139463409	775	139462434	139463609	1	19	17	21	False	0	0.0	2	2	2	19	0.0	False	hom	1	-	332	-332@139463015	-332@139463015	-332,-332	-331,-332	False	1.0	hom	1	-	332	-332@139463015	-332@139463015	-332,-332	-331,-332	False	1.0	1	1863.0	20	20	-332	0	1	0	1	kmeans	2	2	1	0	0	False	False	1	1	1	DEL-332:1/1:PASS:DV19/TC21:V5TP:T2TTP:hapGT1/1	1	0	1	0	0	-332:1/1:TP	1	0	0	-332:1/1:TP	equal	equal	equal
1864	chr8	139518616	139519116	500	139518416	139519316	1	2	2	17	False	0	0.0	2	2	2	16	0.0	False	het	2	-	5	+31@139518866,-26@139518872	-	5,0	3,3	False	1.0	het	2	-	5	+31@139518866,-26@139518872	-	5,0	5,3	False	1.0	1	1864.0	17	17	25	0	1	0	1	kmeans	1	1	0	0	0	False	False	0	0	0	-	0	0	0	0	0	-	0	0	0	-	under	under	under
1865	chr8	139568451	139568951	500	139568251	139569151	1	18	18	25	True	115	0.23	2	2	2	25	0.0	False	cpx_het	2	size_diff	46	-23@139568643	-46@139568643	-23,-46	-23,-46	False	1.0	cpx_het	2	size_diff	46	-23@139568643	-46@139568643	-23,-46	-23,-46	False	1.0	2	1865.0,1865.1	18,7	25	-46,-23	0	2	0	2	kmeans	2	0	0	0	0	False	False	2	2	1	DEL-46:0/1:PASS:DV18/TC25:V5ref:T2Tref:hapGT0/1	1	0	0	0	0	-	0	0	0	-	equal	equal	equal
1866	chr8	139677594	139678094	500	139677394	139678294	1	15	11	19	True	453	0.906	2	2	2	19	0.0	False	cpx_het	2	one_net_small	44	+44@139677665,-44@139677828	+44@139678022	0,44	0,44	False	1.0	cpx_het	2	one_net_small	44	+44@139677665,-44@139677828	+44@139678022	0,44	0,44	False	1.0	2	1866.0,1866.1	8,11	19	0,44	0	2	0	2	kmeans	2	1	0	0	0	False	False	2	2	1	INS+44:0/1:PASS:DV11/TC19:V5ref:T2Tref:hapGT0/1	1	0	0	0	0	-	0	0	0	-	equal	equal	equal
1867	chr8	139747675	139748175	500	139747335	139748649	1	4	4	27	True	1214	1.0	2	2	2	27	0.0	False	het	2	-	119	-	-119@139747902	0,-119	0,-118	False	1.0	het	2	-	119	-	-119@139747902	0,-119	0,-118	False	1.0	2	1867.0,1867.1	4,22	26	-119,0	0	2	0	2	kmeans	2	0	0	0	0	False	False	2	2	1	DEL-119:0/0:PASS:DV4/TC25:V5ref:T2Tref:hapGT0/1	1	1	0	1	0	-119:0/1:FN	0	1	0	-119:0/1:FN	equal	equal	equal
1868	chr8	139755164	139756542	1378	139754964	139757640	1	38	22	24	True	2338	0.936	2	2	2	24	0.0	False	cpx_het	2	size_diff	817	+39@139756401	+700@139755504,+39@139755651,+78@139755982	39,817	39,817	False	1.0	cpx_het	2	size_diff	817	+39@139756401	+700@139755504,+39@139755651,+78@139755982	39,817	39,817	False	1.0	2	1868.0,1868.1	5,18	23	819,39	0	2	0	2	kmeans	2	1	0	0	0	False	False	2	2	4	INS+349:0/1:PASS:DV5/TC22:V5ref:T2Tref:hapGT0/0;INS+392:0/1:PASS:DV5/TC22:V5ref:T2Tref:hapGT0/0;INS+78:0/1:PASS:DV5/TC22:V5ref:T2Tref:hapGT0/0;INS+39:0/1:PASS:DV17/TC22:V5ref:T2Tref:hapGT0/1	4	0	1	0	0	+78:0/1:TP	1	0	0	+78:0/1:TP	equal	equal	equal
1869	chr8	139790695	139791195	500	139790495	139791673	1	10	5	18	False	0	0.0	2	2	2	13	0.0	False	ref	1	-	0	-	-	0,0	4,0	False	1.0	ref	1	-	0	-	-	0,0	4,0	False	1.0	1	1869.0	13	13	0	0	1	0	1	kmeans	1	1	0	0	0	False	False	1	1	0	-	0	0	0	0	0	-	0	0	0	-	equal	equal	equal
1870	chr8	139872286	139872996	710	139871747	139873196	1	19	13	14	True	1329	1.0	2	2	2	13	0.0	False	cpx_het	2	size_diff	388	-200@139872728	-188@139872336,-200@139872728	-200,-388	-200,-388	False	1.0	cpx_het	2	size_diff	388	-200@139872728	-188@139872336,-200@139872728	-200,-388	-200,-388	False	1.0	2	1870.0,1870.1	7,7	14	-200,-388	0	2	0	2	kmeans	2	0	0	0	0	False	False	2	2	1	DEL-388:0/1:PASS:DV13/TC13:V5ref:T2Tref:hapGT0/1	2	0	0	2	1	-192:0/1:FN;-200:1/1:FN	0	2	1	-192:0/1:FN;-200:1/1:FN	equal	equal	equal
1871	chr8	139922858	139923358	500	139922658	139923558	1	7	7	18	False	0	0.0	2	2	2	17	0.0	False	het	2	-	32	-32@139923092	-	-32,0	-32,0	False	1.0	het	2	-	32	-32@139923092	-	-32,0	-32,0	False	1.0	2	1871.0,1871.1	9,9	18	0,-32	0	2	0	2	kmeans	2	2	0	0	0	False	False	2	2	1	DEL-32:0/1:PASS:DV8/TC17:V5ref:T2Tref:hapGT0/1	1	0	0	0	0	-	0	0	0	-	equal	equal	equal
1872	chr8	139936714	139937214	500	139936514	139937414	1	6	6	13	True	517	0.752	2	2	2	13	0.0	False	het	2	-	42	-	+42@139936963	0,42	0,42	False	1.0	het	2	-	42	-	+42@139936963	0,42	0,42	False	1.0	2	1872.0,1872.1	9,4	13	42,0	0	2	0	2	kmeans	2	3	0	0	0	False	False	2	2	1	INS+42:0/1:PASS:DV7/TC12:V5ref:T2Tref:hapGT0/1	1	0	0	0	0	-	0	0	0	-	equal	equal	equal
1873	chr8	139947666	139948166	500	139947466	139948366	1	6	5	14	True	386	0.558	2	2	2	14	0.0	False	het	2	-	32	-	+32@139947907	0,32	0,19	False	1.0	het	2	-	32	-	+32@139947907	0,32	0,19	False	1.0	1	1873.0	14	14	12	0	1	0	1	kmeans	1	1	0	0	0	False	False	1	1	0	-	0	0	0	0	0	-	0	0	0	-	under	under	under
1874	chr8	139958756	139959256	500	139958556	139959456	1	27	16	18	True	239	0.478	2	2	2	18	0.0	False	hom	1	-	81	+27@139958928,+54@139959017	+27@139958928,+54@139959017	81,81	81,81	False	1.0	hom	1	-	81	+27@139958928,+54@139959017	+27@139958928,+54@139959017	81,81	81,81	False	1.0	1	1874.0	18	18	81	0	1	0	1	kmeans	1	2	0	0	0	False	False	1	1	1	INS+54:1/1:PASS:DV16/TC17:V5TP:T2TTP:hapGT0/0	1	0	1	0	0	+54:1/1:TP	1	0	0	+54:1/1:TP	equal	equal	equal
1875	chr8	139997411	139997988	577	139997089	139998188	1	96	34	36	True	948	1.0	2	2	2	34	0.0	False	hom	1	-	136	-23@139997466,-90@139997574,-23@139997859	-23@139997466,-90@139997574,-23@139997859	-136,-136	-136,-136	False	1.0	hom	1	-	136	-23@139997466,-90@139997574,-23@139997859	-23@139997466,-90@139997574,-23@139997859	-136,-136	-136,-136	False	1.0	1	1875.0	35	35	-136	0	1	0	1	kmeans	1	1	0	0	0	False	False	1	1	1	DEL-90:1/1:PASS:DV33/TC35:V5TP:T2TTP:hapGT0/0	1	0	1	0	0	-90:1/1:TP	1	0	0	-90:1/1:TP	equal	equal	equal
1876	chr8	140037645	140038145	500	140037445	140038345	1	14	13	26	True	350	0.54	2	2	2	25	0.0	False	het	2	-	349	+349@140037951	-	349,0	345,0	False	1.0	het	2	-	349	+349@140037951	-	349,0	345,0	False	1.0	2	1876.0,1876.1	13,13	26	336,0	0	2	0	2	kmeans	2	2	0	0	0	False	False	2	2	1	INS+336:0/1:PASS:DV13/TC26:V5TP:T2TTP:hapGT0/1	1	0	1	0	0	+349:1/0:TP	1	0	0	+349:1/0:TP	equal	equal	equal
1877	chr8	140110189	140110689	500	140109989	140111116	1	4	4	14	True	930	1.0	2	2	2	14	0.0	False	het	2	-	262	-	-262@140110308	0,-262	16,-261	False	1.0	het	2	-	262	-	-262@140110308	0,-262	16,-261	False	1.0	2	1877.0,1877.1	9,5	14	16,-262	0	2	0	2	kmeans	2	0	0	0	0	False	False	2	2	1	DEL-262:0/1:PASS:DV4/TC13:V5TP:T2TTP:hapGT0/1	1	0	1	0	0	-262:0/1:TP	1	0	0	-262:0/1:TP	equal	equal	equal
1878	chr8	140156879	140157429	550	140156679	140157629	1	49	20	21	True	466	0.847	2	2	2	20	0.0	False	cpx_het	2	size_diff	1480	+431@140156972,+740@140157085,+309@140157284	+104@140156940	1480,104	1479,105	False	1.0	cpx_het	2	size_diff	1480	+431@140156972,+740@140157085,+309@140157284	+104@140156940	1480,104	1479,105	False	1.0	2	1878.0,1878.1	9,12	21	104,1482	0	2	0	2	kmeans	2	1	0	0	0	False	False	2	2	3	INS+104:0/1:PASS:DV9/TC20:V5ref:T2Tref:hapGT0/1;INS+1152:0/1:PASS:DV11/TC20:V5ref:T2Tref:hapGT0/1;INS+330:0/1:PASS:DV11/TC20:V5ref:T2Tref:hapGT0/0	3	0	3	0	0	+104:0/1:TP;+63:1/0:TP;+1383:1/0:TP	3	0	0	+104:0/1:TP;+63:1/0:TP;+1383:1/0:TP	equal	equal	equal
1879	chr8	140183663	140184163	500	140183463	140184363	1	8	7	27	True	114	0.228	2	2	2	27	0.0	False	het	2	-	32	-32@140183932	-	-32,0	-38,-5	False	1.0	het	2	-	32	-32@140183932	-	-32,0	-38,-5	False	1.0	1	1879.0	27	27	0	0	1	0	1	kmeans	1	1	0	0	0	False	False	0	0	0	-	0	0	0	0	0	-	0	0	0	-	under	under	under
1880	chr8	140195907	140196669	762	140194727	140196997	1	29	28	28	True	2170	1.0	2	2	2	28	0.0	False	cpx_het	2	opposite_sign	45	-45@140195897,+88@140196130	+45@140195951,-90@140196469	43,-45	40,-44	False	1.0	cpx_het	2	opposite_sign	45	-45@140195897,+88@140196130	+45@140195951,-90@140196469	43,-45	40,-44	False	1.0	2	1880.0,1880.1	17,11	28	-39,40	0	2	0	2	kmeans	2	0	0	0	0	False	False	2	2	2	INS+40:0/1:PASS:DV11/TC28:V5ref:T2Tref:hapGT0/1;DEL-39:0/1:PASS:DV17/TC28:V5ref:T2Tref:hapGT0/1	2	0	0	2	0	+88:1/0:FN;-90:0/1:FN	0	2	0	+88:1/0:FN;-90:0/1:FN	equal	equal	equal
1881	chr8	140199317	140199817	500	140199117	140200017	1	23	23	26	True	128	0.256	2	2	2	26	0.0	False	hom	1	-	64	-64@140199505	-64@140199505	-64,-64	-64,-64	False	1.0	hom	1	-	64	-64@140199505	-64@140199505	-64,-64	-64,-64	False	1.0	1	1881.0	26	26	-64	0	1	0	1	kmeans	1	0	0	0	0	False	False	1	1	1	DEL-64:1/1:PASS:DV25/TC26:V5TP:T2TTP:hapGT1/1	1	0	1	0	0	-64:1/1:TP	1	0	0	-64:1/1:TP	equal	equal	equal
1882	chr8	140267961	140268461	500	140267761	140268661	1	17	17	20	True	98	0.196	2	2	2	20	0.0	False	hom	1	-	38	+38@140268193	+38@140268193	38,38	38,38	False	1.0	hom	1	-	38	+38@140268193	+38@140268193	38,38	38,38	False	1.0	1	1882.0	20	20	38	0	1	0	1	kmeans	1	2	0	0	0	False	False	1	1	1	INS+38:1/1:PASS:DV18/TC19:V5ref:T2Tref:hapGT1/1	1	0	0	0	0	-	0	0	0	-	equal	equal	equal
1883	chr8	140338671	140339171	500	140338471	140339371	1	10	10	20	True	578	0.952	2	2	2	20	0.0	False	het	2	-	53	-	-53@140338806	0,-53	0,-53	False	1.0	het	2	-	53	-	-53@140338806	0,-53	0,-53	False	1.0	2	1883.0,1883.1	7,12	19	0,-53	0	2	0	2	kmeans	2	1	0	0	0	False	False	2	2	1	DEL-53:0/1:PASS:DV11/TC19:V5TP:T2TTP:hapGT0/1	1	0	1	0	0	-53:0/1:TP	1	0	0	-53:0/1:TP	equal	equal	equal
1884	chr8	140350928	140351428	500	140350728	140351628	1	8	8	23	False	0	0.0	2	2	2	23	0.0	False	het	2	-	325	-	+325@140351171	0,325	0,324	False	1.0	het	2	-	325	-	+325@140351171	0,325	0,324	False	1.0	2	1884.0,1884.1	8,15	23	322,0	0	2	0	2	kmeans	2	1	0	0	0	False	False	2	2	1	INS+322:0/1:PASS:DV8/TC22:V5TP:T2TTP:hapGT0/1	1	0	1	0	0	+325:0/1:TP	1	0	0	+325:0/1:TP	equal	equal	equal
1885	chr8	140500858	140501358	500	140500658	140501558	1	44	23	26	True	59	0.118	2	2	2	26	0.0	False	cpx_het	2	size_diff	222	+190@140501181	+32@140501023,+190@140501181	190,222	202,222	False	1.0	cpx_het	2	size_diff	222	+190@140501181	+32@140501023,+190@140501181	190,222	202,222	False	1.0	2	1885.0,1885.1	23,3	26	217,-185	0	2	0	2	kmeans	2	0	0	0	0	False	False	1	1	1	DEL-37:0/0:LowQual:DV0/TC23:V5-:T2T-;DEL-63:0/0:LowQual:DV2/TC25:V5-:T2T-;DEL-32:0/0:LowQual:DV2/TC25:V5-:T2T-;INS+190:0/1:PASS:DV23/TC25:V5TP:T2TTP:hapGT1/1	4	1	1	0	0	+190:1/1:TP	1	0	0	+190:1/1:TP	equal	equal	equal
1886	chr8	140575039	140575539	500	140574839	140575739	1	16	16	19	True	171	0.342	2	2	2	19	0.0	False	hom	1	-	35	-35@140575236	-35@140575236	-35,-35	-35,-35	False	1.0	hom	1	-	35	-35@140575236	-35@140575236	-35,-35	-35,-35	False	1.0	1	1886.0	19	19	-35	0	1	0	1	kmeans	1	1	0	0	0	False	False	1	1	1	DEL-35:1/1:PASS:DV16/TC16:V5ref:T2Tref:hapGT1/1	1	0	0	0	0	-	0	0	0	-	equal	equal	equal
1887	chr8	140595544	140596044	500	140595344	140596244	1	31	25	26	True	436	0.872	2	2	2	26	0.0	False	hom	1	-	57	-27@140595738,-30@140595791	-27@140595738,-30@140595791	-57,-57	-52,-52	False	1.0	hom	1	-	57	-27@140595738,-30@140595791	-27@140595738,-30@140595791	-57,-57	-52,-52	False	1.0	1	1887.0	26	26	-50	0	1	0	1	kmeans	1	2	0	0	0	False	False	1	1	1	DEL-57:1/1:PASS:DV25/TC26:V5FP:T2TFP:hapGT1/1	1	0	0	0	1	-	0	0	1	-	equal	equal	equal
1888	chr8	140607244	140607744	500	140606591	140607944	1	28	25	28	True	888	0.57	2	2	2	27	0.0	False	hom	1	-	32	-32@140607485	-32@140607485	-32,-32	-32,-32	False	1.0	hom	1	-	32	-32@140607485	-32@140607485	-32,-32	-32,-32	False	1.0	1	1888.0	28	28	-32	0	1	0	1	kmeans	1	3	0	0	0	False	False	1	1	1	DEL-32:1/1:PASS:DV25/TC26:V5ref:T2Tref:hapGT1/1	1	0	0	0	0	-	0	0	0	-	equal	equal	equal
1889	chr8	140622208	140623655	1447	140622008	140623855	1	55	25	25	True	1076	0.744	2	2	2	25	0.0	False	hom	1	-	360	-60@140622276,-300@140622984	-60@140622276,-300@140622984	-360,-360	-360,-360	False	1.0	hom	1	-	360	-60@140622276,-300@140622984	-60@140622276,-300@140622984	-360,-360	-360,-360	False	1.0	1	1889.0	25	25	-360	0	1	0	1	kmeans	1	2	0	0	0	False	False	1	1	2	DEL-30:1/1:PASS:DV25/TC25:V5ref:T2Tref:hapGT0/0;DEL-330:1/1:PASS:DV24/TC24:V5ref:T2Tref:hapGT1/1	2	0	1	0	0	-330:1/1:TP	1	0	0	-330:1/1:TP	equal	equal	equal
1890	chr8	140949807	140950307	500	140949607	140950507	1	20	20	22	False	0	0.0	2	2	2	21	0.0	False	hom	1	-	70	+70@140950043	+70@140950043	70,70	70,70	False	1.0	hom	1	-	70	+70@140950043	+70@140950043	70,70	70,70	False	1.0	1	1890.0	22	22	70	0	1	0	1	kmeans	1	2	0	0	0	False	False	1	1	1	INS+70:1/1:PASS:DV20/TC22:V5TP:T2TTP:hapGT1/1	1	0	1	0	0	+70:1/1:TP	1	0	0	+70:1/1:TP	equal	equal	equal
1891	chr8	141075397	141075897	500	141075197	141076097	1	17	17	22	False	0	0.0	2	2	2	20	0.0	False	hom	1	-	34	+34@141075645	+34@141075645	34,34	34,34	False	1.0	hom	1	-	34	+34@141075645	+34@141075645	34,34	34,34	False	1.0	1	1891.0	22	22	34	0	1	0	1	kmeans	1	3	0	0	0	False	False	1	1	1	INS+34:1/1:PASS:DV19/TC21:V5ref:T2Tref:hapGT1/1	1	0	0	0	0	-	0	0	0	-	equal	equal	equal
1892	chr8	141203071	141203571	500	141202093	141203771	1	19	11	12	True	1463	1.0	2	2	2	12	0.0	False	cpx_het	2	opposite_sign	504	+156@141203228,+348@141203284	-65@141203416	504,-65	508,-77	False	0.756	cpx_het	2	opposite_sign	504	+156@141203228,+348@141203284	-65@141203416	504,-65	508,-70	False	0.756	2	1892.0,1892.1	3,9	12	536,-71	0	2	0	2	kmeans	2	1	0	0	0	False	False	2	2	2	INS+529:0/1:PASS:DV3/TC12:V5ref:T2Tref:hapGT0/1;DEL-71:0/1:PASS:DV8/TC11:V5ref:T2Tref:hapGT0/1	2	0	0	0	0	-	0	0	0	-	equal	equal	equal
1893	chr8	141246304	141246804	500	141246104	141247004	1	8	8	15	False	0	0.0	2	2	2	15	0.0	False	het	2	-	118	+118@141246518	-	118,0	118,0	False	1.0	het	2	-	118	+118@141246518	-	118,0	118,0	False	1.0	2	1893.0,1893.1	6,9	15	0,118	0	2	0	2	kmeans	2	1	0	0	0	False	False	2	2	1	INS+118:0/1:PASS:DV8/TC15:V5TP:T2TTP:hapGT0/1	1	0	1	0	0	+118:1/0:TP	1	0	0	+118:1/0:TP	equal	equal	equal
1894	chr8	141252401	141253177	776	141252201	141253434	1	24	16	18	True	1034	1.0	2	2	2	18	0.0	False	hom	1	-	32	+36@141252507,-104@141252615,+36@141252918	+36@141252507,-104@141252615,+36@141252918	-32,-32	-32,-32	False	1.0	hom	1	-	32	+36@141252507,-104@141252615,+36@141252918	+36@141252507,-104@141252615,+36@141252918	-32,-32	-32,-32	False	1.0	2	1894.0,1894.1	11,7	18	-32,-34	0	2	0	1	kmeans	2	2	0	0	0	False	False	1	1	3	INS+38:0/1:PASS:DV7/TC17:V5ref:T2Tref:hapGT0/0;DEL-32:0/1:PASS:DV10/TC18:V5ref:T2Tref:hapGT1/1;DEL-72:0/1:PASS:DV7/TC18:V5ref:T2Tref:hapGT0/0	3	1	1	0	0	-72:1/1:TP	1	0	0	-72:1/1:TP	over	over	over
1895	chr8	141335040	141335966	926	141334840	141336166	1	32	13	16	True	975	1.0	2	2	2	16	0.125	False	hom	1	-	455	+284@141335531,+171@141335699	+284@141335531,+171@141335699	455,455	455,455	False	1.0	hom	1	-	455	+284@141335531,+171@141335699	+284@141335531,+171@141335699	455,455	455,455	False	1.0	1	1895.0	16	16	452	0	1	0	1	kmeans	1	1	0	0	0	False	False	1	1	2	INS+56:1/1:PASS:DV14/TC14:V5ref:T2Tref:hapGT0/0;INS+396:1/1:PASS:DV14/TC14:V5ref:T2Tref:hapGT1/1	2	0	0	0	0	-	0	0	0	-	equal	equal	equal
1896	chr8	141347517	141348222	705	141347317	141348737	1	13	7	12	True	1156	0.98	2	2	2	11	0.364	True	hom	1	-	90	+84@141347994	+90@141348008	84,90	82,81	False	1.0	hom	1	-	90	+84@141347994	+90@141348008	84,90	82,90	False	1.0	1	1896.0	12	12	93	0	1	0	1	kmeans	1	1	0	0	0	False	False	1	1	1	INS+86:1/1:PASS:DV8/TC8:V5TP:T2TTP:hapGT1/1	1	0	1	0	0	+84:1/1:TP	2	0	0	+84:1/0:TP;+90:0/1:TP	equal	equal	equal
1897	chr8	141375994	141376494	500	141375794	141376694	1	4	4	12	True	683	1.0	2	2	2	12	1.0	True	het	2	-	46	-	+46@141376248	0,46	0,46	False	1.0	het	2	-	46	-	+46@141376248	0,46	0,46	False	1.0	2	1897.0,1897.1	6,6	12	NA,46	1	1	0	1	kmeans	2	0	0	0	0	False	False	0	0	1	INS+46:0/1:PASS:DV4/TC6:V5ref:T2Tref:hapGT0/1	1	0	0	0	0	-	0	0	0	-	equal	equal	equal
1898	chr8	141429567	141430067	500	141429367	141430555	1	1	1	4	True	1030	1.0	2	2	2	4	0.75	True	het	2	-	511	-	+52@141429666,+153@141429889,+306@141430064	0,511	1,511	False	1.0	het	2	-	511	-	+52@141429666,+153@141429889,+306@141430064	0,511	1,511	False	1.0	1	1898.0	4	4	522	0	1	0	1	kmeans	1	1	0	0	0	False	False	0	0	0	INS+522:1/1:LowQual:DV2/TC2:V5-:T2T-	1	0	0	3	0	+52:0/1:FN;+153:0/1:FN;+306:0/1:FN	0	3	0	+52:0/1:FN;+153:0/1:FN;+306:0/1:FN	under	under	under
1899	chr8	141436930	141437430	500	141436730	141437630	1	6	6	10	True	341	0.682	2	2	2	10	0.5	True	het	2	-	259	-	-259@141437040	0,-259	0,-254	False	1.0	het	2	-	259	-	-259@141437040	0,-259	0,-254	False	1.0	2	1899.0,1899.1	9,1	10	-254,0	0	1	0	2	kmeans	2	0	0	0	0	False	False	2	2	1	DEL-259:1/1:PASS:DV6/TC6:V5TP:T2TTP:hapGT0/1	1	1	1	0	0	-259:0/1:TP	1	0	0	-259:0/1:TP	equal	equal	equal
1900	chr8	141468379	141469653	1274	141468179	141469907	1	43	21	25	True	791	0.461	2	2	2	25	0.0	False	cpx_het	2	size_diff	57	+44@141468438	+30@141469477,+27@141469603	44,57	37,57	False	1.0	cpx_het	2	size_diff	57	+44@141468438	+30@141469477,+27@141469603	44,57	37,57	False	1.0	2	1900.0,1900.1	15,10	25	37,56	0	2	0	2	kmeans	2	3	0	0	0	False	False	2	2	0	-	0	0	0	0	0	-	0	0	0	-	equal	equal	equal
1901	chr8	141487886	141488557	671	141487686	141488757	1	16	11	14	True	669	0.987	2	2	2	14	0.0	False	hom	1	-	36	+36@141488204	+36@141488204	36,36	33,36	False	1.0	hom	1	-	36	+36@141488204	+36@141488204	36,36	33,36	False	1.0	1	1901.0	14	14	36	0	1	0	1	kmeans	1	1	0	0	0	False	False	1	1	1	INS+36:1/1:PASS:DV11/TC13:V5ref:T2Tref:hapGT1/1	1	0	0	0	0	-	0	0	0	-	equal	equal	equal
1902	chr8	141492117	141493187	1070	141491917	141493387	1	77	15	16	True	985	0.893	2	2	2	16	0.062	False	cpx_het	2	size_diff	1517	+1517@141492231	+1353@141492562	1517,1353	1517,1353	False	1.0	cpx_het	2	size_diff	1517	+1517@141492231	+1353@141492562	1517,1353	1517,1353	False	1.0	2	1902.0,1902.1	10,6	16	1526,1358	0	2	0	2	other	0	3	0	0	0	False	False	2	2	4	INS+247:0/1:PASS:DV8/TC14:V5ref:T2Tref:hapGT0/0;INS+1279:0/1:PASS:DV8/TC14:V5ref:T2Tref:hapGT1/1;INS+942:0/1:PASS:DV5/TC14:V5ref:T2Tref:hapGT0/0;INS+411:0/1:PASS:DV4/TC15:V5ref:T2Tref:hapGT0/0	4	1	3	3	5	+205:1/0:TP;+1066:0/1:FN;+1066:1/0:TP;+82:0/1:FN;+82:1/0:FN;+82:1/0:TP	3	3	5	+205:1/0:TP;+1066:0/1:FN;+1066:1/0:TP;+82:0/1:FN;+82:1/0:FN;+82:1/0:TP	equal	equal	equal
1903	chr8	141496922	141497422	500	141496722	141497622	1	22	12	12	True	456	0.892	2	2	2	12	0.0	False	cpx_het	2	opposite_sign	108	-72@141497037	+36@141497033,+72@141497177	-72,108	-72,108	False	1.0	cpx_het	2	opposite_sign	108	-72@141497037	+36@141497033,+72@141497177	-72,108	-72,108	False	1.0	2	1903.0,1903.1	8,4	12	108,-71	0	2	0	2	kmeans	2	0	0	0	0	False	False	2	2	3	INS+36:0/1:PASS:DV8/TC12:V5ref:T2Tref:hapGT0/0;DEL-71:0/1:PASS:DV4/TC12:V5TP:T2TTP:hapGT0/1;INS+72:0/1:PASS:DV8/TC12:V5TP:T2TTP:hapGT0/0	3	0	2	0	0	-72:1/0:TP;+72:0/1:TP	2	0	0	-72:1/0:TP;+72:0/1:TP	equal	equal	equal
1904	chr8	141515047	141515547	500	141514847	141515747	1	18	18	19	True	189	0.378	2	2	2	19	0.0	False	hom	1	-	293	+293@141515291	+293@141515291	293,293	293,293	False	1.0	hom	1	-	293	+293@141515291	+293@141515291	293,293	293,293	False	1.0	1	1904.0	19	19	289	0	1	0	1	kmeans	2	1	1	0	0	False	False	1	1	1	INS+289:1/1:PASS:DV19/TC19:V5TP:T2TTP:hapGT1/1	1	0	1	0	0	+293:1/1:TP	2	0	0	+293:1/0:TP;+293:0/1:TP	equal	equal	equal
1905	chr8	141517054	141517554	500	141516854	141517754	1	17	17	22	False	0	0.0	2	2	2	22	0.0	False	het	2	-	69	-	+69@141517268	0,69	0,69	False	1.0	het	2	-	69	-	+69@141517268	0,69	0,69	False	1.0	2	1905.0,1905.1	18,4	22	69,0	0	2	0	2	kmeans	2	1	0	0	0	False	False	2	2	1	INS+69:1/1:PASS:DV17/TC21:V5TP:T2TTP:hapGT0/1	1	1	1	0	0	+69:0/1:TP	1	0	0	+69:0/1:TP	equal	equal	equal
1906	chr8	141538002	141538502	500	141537802	141538702	1	10	10	16	True	208	0.416	2	2	2	16	0.0	False	het	2	-	43	-	-43@141538224	0,-43	-2,-44	False	1.0	het	2	-	43	-	-43@141538224	0,-43	-2,-44	False	1.0	2	1906.0,1906.1	10,6	16	-43,0	0	2	0	2	kmeans	2	0	0	0	0	False	False	2	2	1	DEL-43:0/1:PASS:DV10/TC16:V5ref:T2Tref:hapGT0/1	1	0	0	0	0	-	0	0	0	-	equal	equal	equal
1907	chr8	141540847	141541347	500	141540647	141541547	1	41	19	20	True	512	0.908	2	2	2	20	0.0	False	hom	1	-	575	+575@141540991	+553@141540991	575,553	542,524	False	1.0	hom	1	-	575	+575@141540991	+553@141540991	575,553	542,524	False	1.0	2	1907.0,1907.1	13,7	20	541,508	0	2	0	1	kmeans	2	1	0	0	0	False	False	1	1	4	INS+392:0/1:PASS:DV12/TC19:V5ref:T2Tref:hapGT0/1;INS+182:0/1:PASS:DV6/TC19:V5ref:T2Tref:hapGT0/0;INS+129:0/1:PASS:DV12/TC19:V5ref:T2Tref:hapGT0/0;INS+326:0/1:PASS:DV7/TC19:V5ref:T2Tref:hapGT0/0	4	0	0	1	1	+590:1/1:FN	0	2	1	+568:0/1:FN;+590:1/0:FN	over	over	over
1908	chr8	141550342	141551625	1283	141550142	141551825	1	55	18	18	True	1177	0.917	2	2	2	18	0.0	False	cpx_het	2	size_diff	1722	+246@141550712	+492@141550410,+820@141550767,+41@141551033,+369@141551361	246,1722	246,1722	False	1.0	cpx_het	2	size_diff	1722	+246@141550712	+492@141550410,+820@141550767,+41@141551033,+369@141551361	246,1722	246,1722	False	1.0	2	1908.0,1908.1	10,8	18	246,1735	0	2	0	2	kmeans	2	4	0	0	0	False	False	2	2	6	INS+370:0/1:PASS:DV8/TC18:V5ref:T2Tref:hapGT0/0;INS+164:0/1:PASS:DV10/TC18:V5ref:T2Tref:hapGT0/0;INS+950:0/1:PASS:DV7/TC18:V5ref:T2Tref:hapGT0/0;INS+82:0/1:PASS:DV8/TC17:V5ref:T2Tref:hapGT0/0;INS+373:0/1:PASS:DV6/TC16:V5ref:T2Tref:hapGT0/0;INS+42:0/1:PASS:DV6/TC17:V5ref:T2Tref:hapGT0/0	6	0	3	0	2	+287:0/1:TP;+779:0/1:TP;+369:0/1:TP	3	0	2	+287:0/1:TP;+779:0/1:TP;+369:0/1:TP	equal	equal	equal
1909	chr8	141554312	141555069	757	141554112	141555570	1	27	15	17	True	801	0.462	2	2	2	17	0.0	False	cpx_het	2	size_diff	495	-25@141554375,-39@141554868,+435@141555012	+495@141555012	371,495	371,485	False	1.0	cpx_het	2	size_diff	495	-25@141554375,-39@141554868,+435@141555012	+495@141555012	371,495	371,485	False	1.0	2	1909.0,1909.1	7,10	17	487,371	0	2	0	2	other	0	1	0	0	0	False	False	2	2	3	INS+98:0/1:PASS:DV8/TC15:V5ref:T2Tref:hapGT0/0;INS+298:0/1:PASS:DV8/TC15:V5ref:T2Tref:hapGT0/1;INS+495:0/1:PASS:DV7/TC15:V5ref:T2Tref:hapGT1/1	3	1	1	1	0	+436:1/0:FN;+496:0/1:TP	1	1	0	+436:1/0:FN;+496:0/1:TP	equal	equal	equal
1910	chr8	141563374	141563874	500	141563174	141564074	1	8	8	17	True	272	0.544	2	2	2	17	0.0	False	het	2	-	32	-	+32@141563624	0,32	0,35	False	1.0	het	2	-	32	-	+32@141563624	0,32	0,35	False	1.0	2	1910.0,1910.1	8,9	17	0,32	0	2	0	2	kmeans	2	2	0	0	0	False	False	2	2	1	INS+32:0/1:PASS:DV8/TC17:V5ref:T2Tref:hapGT0/1	1	0	0	0	0	-	0	0	0	-	equal	equal	equal
1911	chr8	141600814	141601314	500	141600614	141601514	1	10	10	16	True	273	0.546	2	2	2	16	0.0	False	hom	1	-	30	+30@141601004	+30@141601021	30,30	30,30	False	1.0	hom	1	-	30	+30@141601004	+30@141601021	30,30	30,30	False	1.0	2	1911.0,1911.1	7,9	16	30,30	0	2	0	1	kmeans	2	0	0	0	0	False	False	1	1	1	INS+30:0/1:PASS:DV16/TC16:V5ref:T2Tref:hapGT1/1	2	1	0	0	0	-	0	0	0	-	over	over	over
1912	chr8	141632232	141634760	2528	141630365	141635038	1	17	17	17	True	4573	1.0	2	2	2	17	0.0	False	hom	1	-	1126	-1126@141632966	-1126@141632966	-1126,-1126	-1126,-1126	False	1.0	hom	1	-	1126	-1126@141632966	-1126@141632966	-1126,-1126	-1126,-1126	False	1.0	2	1912.0,1912.1	3,14	17	-804,-1132	0	2	0	2	kmeans	2	0	0	0	0	False	False	1	1	1	DEL-715:0/0:LowQual:DV2/TC19:V5-:T2T-;DEL-89:0/0:LowQual:DV2/TC17:V5-:T2T-;DEL-1126:0/1:PASS:DV14/TC17:V5TP:T2TTP:hapGT1/1	3	1	1	0	0	-1126:1/1:TP	1	0	0	-1126:1/1:TP	over	over	over
1913	chr8	141657922	141658422	500	141657722	141658622	1	16	16	19	True	298	0.576	2	2	2	18	0.0	False	hom	1	-	790	+790@141658206	+790@141658206	790,790	793,793	False	1.0	hom	1	-	790	+790@141658206	+790@141658206	790,790	793,793	False	1.0	2	1913.0,1913.1	5,14	19	7,790	0	1	0	2	kmeans	2	3	0	0	0	False	False	1	1	1	INS+790:0/1:PASS:DV13/TC18:V5TP:T2TTP:hapGT1/1	1	1	1	0	0	+790:1/1:TP	1	0	0	+790:1/1:TP	over	over	over
1914	chr9	126814090	126815355	1265	126813890	126815555	1	36	20	22	True	403	0.298	2	2	2	21	0.0	False	cpx_het	2	size_diff	300	+240@126814265	+330@126814265,-30@126815214	240,300	240,300	False	1.0	cpx_het	2	size_diff	300	+240@126814265	+330@126814265,-30@126815214	240,300	240,300	False	1.0	2	1914.0,1914.1	13,9	22	301,241	0	2	0	2	other	0	2	0	0	0	False	False	2	2	3	INS+241:0/1:PASS:DV9/TC22:V5TP:T2TTP:hapGT1/1;INS+331:0/1:PASS:DV13/TC22:V5TP:T2TTP:hapGT1/1;DEL-30:0/1:PASS:DV12/TC20:V5ref:T2Tref:hapGT0/0	3	2	2	0	0	+240:1/0:TP;+330:0/1:TP	2	0	0	+240:1/0:TP;+330:0/1:TP	equal	equal	equal
1915	chr9	126875934	126876434	500	126875734	126876634	1	31	19	24	True	57	0.114	2	2	2	24	0.0	False	cpx_het	2	size_diff	1036	+1036@126876197	+807@126876166	1036,807	1034,814	False	1.0	cpx_het	2	size_diff	1036	+1036@126876197	+807@126876166	1036,807	1034,814	False	1.0	2	1915.0,1915.1	12,12	24	784,1006	0	2	0	2	other	0	2	0	0	0	False	False	2	2	2	INS+778:0/1:PASS:DV11/TC22:V5TP:T2TTP:hapGT1/1;INS+1006:0/1:PASS:DV11/TC22:V5TP:T2TTP:hapGT1/1	2	2	2	0	0	+807:0/1:TP;+1036:1/0:TP	2	0	0	+807:0/1:TP;+1036:1/0:TP	equal	equal	equal
1916	chr9	126908972	126909472	500	126908772	126909672	1	2	2	23	False	0	0.0	2	2	2	23	0.0	False	cpx_het	2	near_hom_le10bp	28	+28@126909178	+20@126909178	28,20	28,20	False	1.0	cpx_het	2	near_hom_le10bp	28	+28@126909178	+20@126909178	28,20	28,20	False	1.0	1	1916.0	23	23	26	0	1	0	1	kmeans	1	1	0	0	0	False	False	1	1	0	-	0	0	0	0	0	-	0	0	0	-	under	under	under
1917	chr9	127199470	127199983	513	127199270	127200183	1	35	15	29	True	605	0.903	2	2	2	29	0.0	False	cpx_het	2	size_diff	41	+21@127199520	+21@127199520,+20@127199919	21,41	21,41	False	1.0	cpx_het	2	size_diff	41	+21@127199520	+21@127199520,+20@127199919	21,41	21,41	False	1.0	2	1917.0,1917.1	14,15	29	41,21	0	2	0	2	kmeans	2	1	0	0	0	False	False	2	2	0	-	0	0	0	0	0	-	0	0	0	-	equal	equal	equal
1918	chr9	127230797	127231297	500	127230597	127231497	1	9	9	20	True	110	0.22	2	2	2	20	0.0	False	het	2	-	73	+73@127231051	-	73,0	75,5	False	1.0	het	2	-	73	+73@127231051	-	73,0	75,5	False	1.0	2	1918.0,1918.1	9,11	20	74,5	0	2	0	2	kmeans	2	0	0	0	0	False	False	2	2	1	INS+69:0/1:PASS:DV9/TC20:V5TP:T2TTP:hapGT0/1	1	0	1	0	0	+73:1/0:TP	1	0	0	+73:1/0:TP	equal	equal	equal
1919	chr9	127391283	127391783	500	127390963	127391983	1	8	8	12	True	693	0.846	2	2	2	12	0.0	False	cpx_het	2	size_diff	49	+49@127391533	+33@127391533	49,33	49,33	False	1.0	cpx_het	2	size_diff	49	+49@127391533	+33@127391533	49,33	49,33	False	1.0	2	1919.0,1919.1	8,4	12	52,29	0	2	0	2	kmeans	2	1	0	0	0	False	False	2	2	1	INS+52:0/1:PASS:DV8/TC11:V5FP:T2TFP:hapGT0/1	1	0	0	0	1	-	0	0	1	-	equal	equal	equal
1920	chr9	127406608	127409662	3054	127406408	127409862	1	112	27	31	True	784	0.257	2	2	2	31	0.0	False	hom	1	-	541	+41@127406661,+481@127408233,-22@127409080,+41@127409324	+41@127406661,+480@127408233,-22@127409080,+41@127409324	541,540	560,559	False	1.0	hom	1	-	541	+41@127406661,+481@127408233,-22@127409080,+41@127409324	+41@127406661,+480@127408233,-22@127409080,+41@127409324	541,540	560,559	False	1.0	2	1920.0,1920.1	26,5	31	563,-1225	0	2	0	2	kmeans	2	3	0	0	0	False	False	1	1	4	DEL-841:0/0:LowQual:DV2/TC25:V5-:T2T-;INS+41:0/1:PASS:DV22/TC23:V5ref:T2Tref:hapGT0/0;DEL-422:0/0:PASS:DV3/TC25:V5ref:T2Tref:hapGT0/0;INS+480:0/1:PASS:DV22/TC23:V5TP:T2Tref:hapGT1/1;INS+41:0/1:PASS:DV23/TC25:V5ref:T2Tref:hapGT0/0	6	1	1	0	0	+481:1/1:TP	1	1	0	+481:1/0:FN;+480:0/1:TP	over	over	over
1921	chr9	127720626	127721126	500	127720426	127721326	1	28	26	29	True	188	0.376	2	2	2	28	0.0	False	cpx_het	2	size_diff	530	+530@127720831	+432@127720831	530,432	530,432	False	1.0	cpx_het	2	size_diff	530	+530@127720831	+432@127720831	530,432	530,432	False	1.0	2	1921.0,1921.1	12,17	29	529,432	0	2	0	2	kmeans	2	2	0	0	0	False	False	2	2	2	INS+432:0/1:PASS:DV17/TC27:V5TP:T2TTP:hapGT1/1;INS+529:0/1:PASS:DV10/TC27:V5TP:T2TTP:hapGT1/1	2	2	2	0	0	+432:0/1:TP;+530:1/0:TP	2	0	0	+432:0/1:TP;+530:1/0:TP	equal	equal	equal
1922	chr9	127882332	127882832	500	127882132	127883032	1	17	17	18	False	0	0.0	2	2	2	18	0.0	False	hom	1	-	386	+386@127882566	+386@127882566	386,386	386,386	False	1.0	hom	1	-	386	+386@127882566	+386@127882566	386,386	386,386	False	1.0	1	1922.0	18	18	386	0	1	0	1	kmeans	1	1	0	0	0	False	False	1	1	1	INS+386:1/1:PASS:DV18/TC18:V5TP:T2TTP:hapGT1/1	1	0	1	0	0	+386:1/1:TP	1	0	0	+386:1/1:TP	equal	equal	equal
1923	chr9	127985413	127985913	500	127985213	127987108	1	17	17	23	True	1395	0.5	2	2	2	22	0.0	False	cpx_het	2	near_hom_le10bp	34	+34@127985663	+30@127985663	34,30	25,23	False	1.0	cpx_het	2	near_hom_le10bp	34	+34@127985663	+30@127985663	34,30	25,23	False	1.0	1	1923.0	23	23	26	0	1	0	1	kmeans	1	2	0	0	0	False	False	1	1	1	INS+34:1/1:PASS:DV22/TC22:V5ref:T2Tref:hapGT1/1	1	0	0	0	0	-	0	0	0	-	under	under	under
1924	chr9	128055091	128055591	500	128054577	128055791	1	45	22	25	True	782	0.636	2	2	2	23	0.0	False	hom	1	-	153	+153@128055332	+153@128055332	153,153	153,153	False	1.0	hom	1	-	153	+153@128055332	+153@128055332	153,153	153,153	False	1.0	1	1924.0	25	25	153	0	1	0	1	kmeans	1	2	0	0	0	False	False	1	1	1	INS+153:1/1:PASS:DV23/TC24:V5TP:T2TTP:hapGT1/1	1	0	1	0	0	+153:1/1:TP	1	0	0	+153:1/1:TP	equal	equal	equal
1925	chr9	128118659	128119159	500	128118459	128119359	1	66	23	26	True	648	1.0	2	2	2	25	0.0	False	hom	1	-	72	+48@128118835,+24@128118878	+48@128118835,+24@128118878	72,72	75,75	False	1.0	hom	1	-	72	+48@128118835,+24@128118878	+48@128118835,+24@128118878	72,72	75,75	False	1.0	1	1925.0	26	26	75	0	1	0	1	kmeans	1	3	0	0	0	False	False	1	1	1	INS+88:1/1:PASS:DV25/TC25:V5FP:T2TFP:hapGT1/1	1	0	0	0	1	-	0	0	1	-	equal	equal	equal
1926	chr9	128138448	128140285	1837	128138219	128140485	1	46	19	20	True	1599	0.773	2	2	2	19	0.0	False	cpx_het	2	size_diff	1519	-80@128138654,-878@128138901,-561@128139128	-78@128138609,-80@128138654,-79@128138757,-561@128139128	-1519,-798	-1520,-799	False	1.0	cpx_het	2	size_diff	958	-80@128138654,-878@128138901	-78@128138609,-79@128138757,-561@128139128	-958,-718	-958,-719	False	1.0	2	1926.0,1926.1	8,11	19	-717,-960	0	2	0	2	other	0	1	0	0	0	False	False	1	2	3	DEL-81:0/1:PASS:DV18/TC19:V5ref:T2Tref:hapGT0/0;DEL-879:0/1:PASS:DV11/TC19:V5ref:T2Tref:hapGT0/1;DEL-561:0/1:PASS:DV7/TC19:V5ref:T2Tref:hapGT0/1	4	0	2	1	0	-158:1/1:FN;-238:1/0:TP;-561:1/1:TP	1	0	1	-561:1/1:TP	equal	equal	equal
1927	chr9	128353501	128354001	500	128353301	128354293	1	8	8	12	True	374	0.264	2	2	2	12	0.0	False	het	2	-	121	-	+121@128353758	0,121	0,121	False	1.0	het	2	-	121	-	+121@128353758	0,121	0,121	False	1.0	2	1927.0,1927.1	4,8	12	0,118	0	2	0	2	kmeans	2	0	0	0	0	False	False	2	2	1	INS+118:0/1:PASS:DV8/TC12:V5TP:T2TTP:hapGT0/1	1	0	1	0	0	+121:0/1:TP	1	0	0	+121:0/1:TP	equal	equal	equal
1928	chr9	128356521	128357021	500	128356321	128357498	1	8	8	15	True	920	0.986	2	2	2	15	0.0	False	het	2	-	150	-	-150@128356700	0,-150	0,-148	False	1.0	het	2	-	150	-	-150@128356700	0,-150	0,-148	False	1.0	2	1928.0,1928.1	9,6	15	-150,0	0	2	0	2	kmeans	2	1	0	0	0	False	False	2	2	1	DEL-150:0/1:PASS:DV9/TC15:V5TP:T2TTP:hapGT0/1	1	0	1	0	0	-150:0/1:TP	1	0	0	-150:0/1:TP	equal	equal	equal
1929	chr9	128437359	128438134	775	128437159	128438334	1	32	17	19	True	812	1.0	2	2	2	19	0.0	False	cpx_het	2	size_diff	228	-28@128437814,-48@128437918	+26@128437385,-24@128437427,-182@128437888,-48@128437918	-76,-228	-84,-240	False	1.0	cpx_het	2	size_diff	180	-28@128437814,-48@128437918	+26@128437385,-24@128437427,-182@128437888	-76,-180	-84,-192	False	1.0	2	1929.0,1929.1	8,11	19	-188,-84	0	2	0	2	kmeans	2	2	0	0	0	False	False	2	2	2	DEL-178:0/1:PASS:DV7/TC18:V5TP:T2TTP:hapGT0/1;DEL-48:0/1:PASS:DV11/TC18:V5ref:T2Tref:hapGT0/0	2	0	1	0	0	-182:0/1:TP	1	0	0	-182:0/1:TP	equal	equal	equal
1930	chr9	128463676	128464911	1235	128463476	128467913	1	35	23	23	True	4152	0.972	2	2	2	23	0.0	False	cpx_het	2	size_diff	196	-228@128464678,+32@128464907	+34@128463726,-228@128464678,+32@128464907	-196,-162	-220,-178	False	0.975	cpx_het	2	size_diff	196	-228@128464678,+32@128464907	+34@128463726,-228@128464678,+32@128464907	-196,-162	-205,-178	False	0.975	2	1930.0,1930.1	11,12	23	-209,-182	0	2	0	2	kmeans	2	1	0	0	0	False	False	2	2	2	INS+34:0/1:PASS:DV12/TC23:V5ref:T2Tref:hapGT0/0;DEL-196:0/1:PASS:DV22/TC22:V5TP:T2TTP:hapGT1/1	3	1	1	0	0	-228:1/1:TP	1	0	0	-228:1/1:TP	equal	equal	equal
1931	chr9	128649727	128668380	18653	128649386	128672398	1	38	15	31	True	19624	0.824	2	2	2	29	0.0	False	het	2	-	2004	-1920@128649777,-84@128668239	-	-2004,0	-1995,-1	False	1.0	het	2	-	2004	-1920@128649777,-84@128668239	-	-2004,0	-1991,-1	False	1.0	1	1931.1	31	31	-6	0	0	0	1	other	0	8	1	0	0	False	False	0	0	0	-	0	0	0	2	0	-1920:1/0:FN;-84:1/0:FN	0	2	0	-1920:1/0:FN;-84:1/0:FN	under	under	under
1932	chr9	128733893	128734393	500	128733693	128734673	1	5	5	12	True	496	0.532	2	2	2	12	0.0	False	cpx_het	2	near_hom_le10bp	33	+28@128734142	+33@128734144	28,33	28,33	False	0.873	cpx_het	2	near_hom_le10bp	33	+28@128734142	+33@128734144	28,33	28,33	False	0.873	2	1932.0,1932.1	6,6	12	33,29	0	2	0	2	kmeans	2	1	0	0	0	False	False	2	2	1	INS+33:0/1:PASS:DV5/TC10:V5ref:T2Tref:hapGT1/1	1	1	0	0	0	-	0	0	0	-	equal	equal	equal
1933	chr9	128865084	128865584	500	128864884	128865784	1	4	4	17	True	134	0.268	2	2	2	17	0.0	False	het	2	-	32	-32@128865308	-	-32,0	-32,10	False	1.0	het	2	-	32	-32@128865308	-	-32,0	-32,10	False	1.0	2	1933.0,1933.1	6,11	17	-31,9	0	2	0	2	kmeans	2	0	0	0	0	False	False	2	2	1	DEL-31:0/1:PASS:DV4/TC14:V5ref:T2Tref:hapGT0/1	1	0	0	0	0	-	0	0	0	-	equal	equal	equal
1934	chr9	128938596	128939928	1332	128937864	128940128	1	4	4	19	True	2053	1.0	2	2	2	19	0.0	False	het	2	-	1232	-	-1232@128938646	0,-1232	0,-1232	False	1.0	het	2	-	1232	-	-1232@128938646	0,-1232	0,-1232	False	1.0	2	1934.0,1934.1	13,6	19	0,-1232	0	2	0	2	kmeans	2	4	0	0	0	False	False	2	2	1	DEL-1232:0/1:PASS:DV5/TC16:V5TP:T2TTP:hapGT0/1	1	0	1	0	0	-1232:0/1:TP	1	0	0	-1232:0/1:TP	equal	equal	equal
1935	chr9	129025372	129025872	500	129024114	129026072	1	8	8	11	True	1466	0.516	2	2	2	11	0.0	False	cpx_het	2	size_diff	40	+40@129025611	+28@129025611	40,28	39,28	False	1.0	cpx_het	2	size_diff	40	+40@129025611	+28@129025611	40,28	39,28	False	1.0	2	1935.0,1935.1	8,3	11	40,33	0	2	0	2	kmeans	2	0	0	0	0	False	False	2	2	1	INS+40:1/1:PASS:DV8/TC10:V5ref:T2Tref:hapGT1/1	1	0	0	0	0	-	0	0	0	-	equal	equal	equal
1936	chr9	129232782	129233282	500	129232526	129233482	1	28	8	12	True	694	0.976	2	2	2	12	0.0	False	ref	1	-	0	-	-	0,0	32,32	False	1.0	ref	1	-	0	-	-	0,0	32,32	False	1.0	1	1936.0	12	12	39	0	1	0	1	kmeans	1	3	0	0	0	False	False	0	0	0	-	0	0	0	0	0	-	0	0	0	-	equal	equal	equal
1937	chr9	129238930	129239430	500	129238730	129240107	1	8	7	12	True	1001	0.748	2	2	2	12	0.0	False	cpx_het	2	size_diff	92	+158@129239099,-132@129239282	+158@129239099,-66@129239282	26,92	26,92	False	1.0	cpx_het	2	size_diff	92	+158@129239099,-132@129239282	+158@129239099,-66@129239282	26,92	26,92	False	1.0	2	1937.0,1937.1	5,7	12	13,77	0	2	0	2	kmeans	2	0	0	0	0	False	False	1	1	1	INS+71:0/1:PASS:DV7/TC12:V5ref:T2Tref:hapGT0/1	1	0	1	1	0	+72:1/1:TP;-66:1/0:FN	1	2	0	+72:0/1:TP;+72:1/0:FN;-66:1/0:FN	equal	equal	equal
1938	chr9	129264356	129265840	1484	129264156	129266040	1	16	16	18	False	0	0.0	2	2	2	17	0.0	False	hom	1	-	1384	-1384@129264406	-1384@129264406	-1384,-1384	-1384,-1384	False	1.0	hom	1	-	1384	-1384@129264406	-1384@129264406	-1384,-1384	-1384,-1384	False	1.0	1	1938.0	18	18	-1384	0	1	0	1	kmeans	1	2	0	0	0	False	False	1	1	1	DEL-1384:1/1:PASS:DV18/TC18:V5TP:T2TTP:hapGT1/1	1	0	1	0	0	-1384:1/1:TP	1	0	0	-1384:1/1:TP	equal	equal	equal
1939	chr9	129396385	129396936	551	129395052	129397809	1	19	18	24	True	2657	1.0	2	2	2	24	0.0	False	hom	1	-	489	+489@129396780	+489@129396780	489,489	489,489	False	1.0	hom	1	-	489	+489@129396780	+489@129396780	489,489	489,489	False	1.0	1	1939.0	24	24	489	0	1	0	1	kmeans	1	6	0	0	0	False	False	1	1	1	INS+489:1/1:PASS:DV21/TC23:V5TP:T2TTP:hapGT1/1	1	0	1	0	0	+489:1/1:TP	1	0	0	+489:1/1:TP	equal	equal	equal
1940	chr9	129410176	129410676	500	129409976	129410876	1	47	21	21	True	398	0.796	2	2	2	20	0.0	False	hom	1	-	1900	+1644@129410444,+250@129410537	+1647@129410444,+253@129410537	1894,1900	1900,1903	False	1.0	hom	1	-	1900	+1644@129410444,+250@129410537	+1647@129410444,+253@129410537	1894,1900	1900,1903	False	1.0	1	1940.0	21	21	1903	0	1	0	1	kmeans	2	2	1	0	0	False	False	1	1	2	INS+1650:1/1:PASS:DV20/TC21:V5TP:T2TTP:hapGT1/1;INS+253:1/1:PASS:DV20/TC21:V5TP:T2TTP:hapGT0/0	2	0	2	0	0	+1647:1/1:TP;+253:1/1:TP	4	0	0	+1644:1/0:TP;+1647:0/1:TP;+250:1/0:TP;+253:0/1:TP	equal	equal	equal
1941	chr9	129454121	129454621	500	129453116	129454821	1	31	17	22	True	1566	1.0	2	2	2	20	0.0	False	cpx_het	2	size_diff	539	+539@129454341	+138@129454347	539,138	539,147	False	1.0	cpx_het	2	size_diff	539	+539@129454341	+138@129454347	539,138	539,147	False	1.0	2	1941.0,1941.1	16,6	22	147,539	0	2	0	2	other	0	0	0	0	0	False	False	2	2	2	INS+539:0/1:PASS:DV5/TC20:V5TP:T2TTP:hapGT0/1;INS+138:0/1:PASS:DV14/TC20:V5TP:T2TTP:hapGT0/1	2	0	2	0	0	+539:1/0:TP;+138:0/1:TP	2	0	0	+539:1/0:TP;+138:0/1:TP	equal	equal	equal
1942	chr9	129514423	129514923	500	129513858	129515123	1	18	18	19	False	0	0.0	2	2	2	19	0.0	False	hom	1	-	71	+71@129514655	+71@129514655	71,71	72,72	False	1.0	hom	1	-	71	+71@129514655	+71@129514655	71,71	72,72	False	1.0	1	1942.0	19	19	71	0	1	0	1	kmeans	1	0	0	0	0	False	False	1	1	1	INS+71:1/1:PASS:DV18/TC18:V5TP:T2TTP:hapGT1/1	1	0	1	0	0	+71:1/1:TP	1	0	0	+71:1/1:TP	equal	equal	equal
1943	chr9	129647768	129648268	500	129647568	129648468	1	21	21	24	True	551	1.0	2	2	2	24	0.0	False	hom	1	-	34	-34@129648021	-34@129648021	-34,-34	-28,-28	False	1.0	hom	1	-	34	-34@129648021	-34@129648021	-34,-34	-28,-28	False	1.0	1	1943.0	24	24	-33	0	1	0	1	kmeans	1	3	0	0	0	False	False	1	1	1	DEL-33:1/1:PASS:DV23/TC24:V5ref:T2Tref:hapGT1/1	1	0	0	0	0	-	0	0	0	-	equal	equal	equal
1944	chr9	129859019	129859519	500	129858819	129859719	1	20	20	21	False	0	0.0	2	2	2	21	0.0	False	hom	1	-	126	+121@129859254	+126@129859254	121,126	121,126	False	1.0	hom	1	-	126	+121@129859254	+126@129859254	121,126	121,126	False	1.0	1	1944.0	21	21	125	0	1	0	1	kmeans	1	0	0	0	0	False	False	1	1	1	INS+125:1/1:PASS:DV21/TC21:V5TP:T2TTP:hapGT1/1	1	0	1	0	0	+126:1/1:TP	2	0	0	+121:1/0:TP;+126:0/1:TP	equal	equal	equal
1945	chr9	129875635	129876135	500	129875435	129876335	1	20	20	21	True	65	0.13	2	2	2	21	0.0	False	hom	1	-	31	+31@129875859	+31@129875859	31,31	31,31	False	1.0	hom	1	-	31	+31@129875859	+31@129875859	31,31	31,31	False	1.0	1	1945.0	21	21	31	0	1	0	1	kmeans	1	0	0	0	0	False	False	1	1	1	INS+31:1/1:PASS:DV21/TC21:V5ref:T2Tref:hapGT1/1	1	0	0	0	0	-	0	0	0	-	equal	equal	equal
1946	chr9	130169039	130169539	500	130168839	130169739	1	10	10	22	True	93	0.186	2	2	2	22	0.0	False	het	2	-	36	-	-36@130169259	0,-36	-12,-37	False	1.0	het	2	-	36	-	-36@130169259	0,-36	-12,-37	False	1.0	2	1946.0,1946.1	12,10	22	-36,-12	0	2	0	2	kmeans	2	1	0	0	0	False	False	2	2	1	DEL-36:0/1:PASS:DV10/TC20:V5ref:T2Tref:hapGT0/1	1	0	0	0	0	-	0	0	0	-	equal	equal	equal
1947	chr9	130175925	130176425	500	130175725	130176625	1	10	10	22	True	59	0.118	2	2	2	22	0.0	False	het	2	-	31	-31@130176155	-	-31,0	-31,8	False	1.0	het	2	-	31	-31@130176155	-	-31,0	-31,8	False	1.0	2	1947.0,1947.1	11,11	22	-30,6	0	2	0	2	kmeans	2	1	0	0	0	False	False	2	2	1	DEL-30:0/1:PASS:DV11/TC22:V5ref:T2Tref:hapGT0/1	1	0	0	0	0	-	0	0	0	-	equal	equal	equal
1948	chr9	130221341	130222140	799	130221022	130222340	1	15	11	13	True	1110	1.0	2	2	2	13	0.0	False	cpx_het	2	size_diff	340	-32@130221395,+203@130221846,+169@130221958	+129@130221881	340,129	321,113	False	1.0	cpx_het	2	size_diff	340	-32@130221395,+203@130221846,+169@130221958	+129@130221881	340,129	335,113	False	1.0	2	1948.0,1948.1	6,7	13	336,112	0	2	0	2	kmeans	2	1	0	0	0	False	False	2	2	3	DEL-32:0/1:PASS:DV4/TC11:V5ref:T2Tref:hapGT0/0;INS+129:0/1:PASS:DV7/TC11:V5ref:T2Tref:hapGT0/1;INS+368:0/1:PASS:DV3/TC11:V5ref:T2Tref:hapGT0/1	3	0	0	0	0	-	0	0	0	-	equal	equal	equal
1949	chr9	130277646	130278146	500	130277446	130279692	1	30	23	26	True	1962	0.932	2	2	2	25	0.0	False	cpx_het	2	size_diff	219	-108@130277739,-111@130277832	-111@130277832	-219,-111	-219,-123	False	1.0	hom	1	-	111	-108@130277739	-111@130277832	-108,-111	-108,-123	False	1.0	1	1949.0	26	26	-108	0	1	0	1	kmeans	1	2	0	0	0	False	False	0	1	1	DEL-108:1/1:PASS:DV24/TC25:V5TP:T2TTP:hapGT0/1	1	1	1	0	0	-108:1/1:TP	2	0	0	-108:1/0:TP;-111:0/1:TP	under	equal	under
1950	chr9	130312256	130312756	500	130312056	130312956	1	3	3	28	True	227	0.454	2	2	2	28	0.0	False	het	2	-	32	+32@130312505	-	32,0	32,16	False	0.769	het	2	-	32	+32@130312505	-	32,0	32,16	False	0.769	1	1950.0	28	28	11	0	1	0	1	kmeans	1	0	0	0	0	False	False	0	0	0	-	0	0	0	0	0	-	0	0	0	-	under	under	under
1951	chr9	130315049	130315549	500	130314849	130315749	1	17	14	41	True	267	0.534	2	2	2	28	0.107	False	het	2	-	69	-	+69@130315371	0,69	15,58	False	1.0	het	2	-	69	-	+69@130315371	0,69	15,58	False	1.0	2	1951.0,1951.1	24,14	38	36,60	0	2	0	2	kmeans	2	2	0	0	0	False	False	1	1	1	INS+69:0/1:PASS:DV12/TC23:V5TP:T2TTP:hapGT0/1	1	0	1	0	0	+69:0/1:TP	1	0	0	+69:0/1:TP	equal	equal	equal
1952	chr9	130344761	130345261	500	130344191	130345702	1	14	14	19	True	1411	1.0	2	2	2	19	0.0	False	hom	1	-	118	+118@130345011	+118@130345011	118,118	122,118	False	1.0	hom	1	-	118	+118@130345011	+118@130345011	118,118	122,118	False	1.0	1	1952.0	19	19	118	0	1	0	1	kmeans	1	2	0	0	0	False	False	1	1	1	INS+118:1/1:PASS:DV16/TC16:V5TP:T2TTP:hapGT1/1	1	0	1	0	0	+118:1/1:TP	1	0	0	+118:1/1:TP	equal	equal	equal
1953	chr9	130506451	130506951	500	130506251	130508207	1	17	17	19	True	1744	1.0	2	2	2	19	0.0	False	cpx_het	2	one_net_small	40	-40@130506679	-40@130506679,+24@130507833	-40,-16	-11,1	False	0.956	cpx_het	2	one_net_small	40	-40@130506679	-40@130506679,+24@130507833	-40,-16	-11,2	False	0.882	1	1953.0	19	19	-16	0	1	0	1	kmeans	1	2	0	0	0	False	False	0	0	1	DEL-40:1/1:PASS:DV17/TC17:V5ref:T2Tref:hapGT0/1	1	1	0	0	0	-	0	0	0	-	under	under	under
1954	chr9	130777549	130778190	641	130777231	130778442	1	32	32	32	True	1111	1.0	2	2	2	31	0.0	False	hom	1	-	76	-76@130777774	-76@130777774	-76,-76	-76,-76	False	1.0	hom	1	-	76	-76@130777774	-76@130777774	-76,-76	-76,-76	False	1.0	1	1954.0	32	32	-76	0	1	0	1	kmeans	1	0	0	0	0	False	False	1	1	1	DEL-76:1/1:PASS:DV32/TC32:V5TP:T2TTP:hapGT1/1	1	0	1	0	0	-76:1/1:TP	1	0	0	-76:1/1:TP	equal	equal	equal
1955	chr9	130954957	130955457	500	130954757	130955657	1	33	26	29	True	546	1.0	2	2	2	28	0.0	False	hom	1	-	849	+849@130955308	+849@130955308	849,849	849,849	False	1.0	hom	1	-	849	+849@130955308	+849@130955308	849,849	849,849	False	1.0	1	1955.0	29	29	849	0	1	0	1	kmeans	2	4	1	0	0	False	False	1	1	1	INS+849:1/1:PASS:DV27/TC28:V5TP:T2TTP:hapGT1/1	1	0	1	0	0	+849:1/1:TP	1	0	0	+849:1/1:TP	equal	equal	equal
1956	chr9	130958523	130959154	631	130958323	130959354	1	37	30	34	True	522	0.827	2	2	2	31	0.0	False	hom	1	-	2466	+2466@130958905	+2466@130958905	2466,2466	2466,2466	False	1.0	hom	1	-	2466	+2466@130958905	+2466@130958905	2466,2466	2466,2466	False	1.0	2	1956.0,1956.1	31,3	34	2466,2728	0	2	1	1	other	0	5	0	0	0	False	False	1	1	1	INS+2466:0/1:PASS:DV27/TC31:V5TP:T2TTP:hapGT1/1;DEL-368:0/0:LowQual:DV2/TC22:V5-:T2T-	2	1	1	0	0	+2466:1/1:TP	1	0	0	+2466:1/1:TP	over	over	over
1957	chr9	130971888	130972388	500	130971596	130972759	1	21	18	21	True	1063	1.0	2	2	2	21	0.0	False	hom	1	-	138	+138@130972154	+138@130972154	138,138	138,138	False	1.0	hom	1	-	138	+138@130972154	+138@130972154	138,138	138,138	False	1.0	1	1957.0	21	21	138	0	1	0	1	kmeans	1	1	0	0	0	False	False	1	1	1	INS+138:1/1:PASS:DV18/TC19:V5TP:T2TTP:hapGT1/1	1	0	1	0	0	+138:1/1:TP	1	0	0	+138:1/1:TP	equal	equal	equal
1958	chr9	131096153	131096653	500	131095953	131096853	1	4	4	12	True	99	0.198	2	2	2	12	0.0	False	het	2	-	20	-	+20@131096449	0,20	-19,39	False	1.0	het	2	-	20	-	+20@131096449	0,20	-19,39	False	1.0	2	1958.0,1958.1	4,8	12	38,-19	0	2	0	2	kmeans	2	0	0	0	0	False	False	1	1	1	INS+38:0/1:PASS:DV4/TC12:V5ref:T2Tref:hapGT0/0	1	0	0	0	0	-	0	0	0	-	equal	equal	equal
1959	chr9	131359048	131359548	500	131358848	131361377	1	6	6	19	True	2175	0.792	2	2	2	19	0.0	False	het	2	-	1140	+1140@131359298	-	1140,0	1144,0	False	1.0	het	2	-	1140	+1140@131359298	-	1140,0	1144,0	False	1.0	2	1959.0,1959.1	12,7	19	0,1103	0	2	0	2	kmeans	2	1	0	0	0	False	False	2	2	1	INS+1139:0/1:PASS:DV6/TC17:V5TP:T2TTP:hapGT0/1	1	0	1	0	0	+1140:1/0:TP	1	0	0	+1140:1/0:TP	equal	equal	equal
1960	chr9	131369874	131370374	500	131369674	131370574	1	22	21	22	False	0	0.0	2	2	2	22	0.0	False	hom	1	-	66	+66@131370207	+66@131370238	66,66	66,72	False	1.0	hom	1	-	66	+66@131370207	+66@131370238	66,66	66,72	False	1.0	1	1960.0	22	22	72	0	1	0	1	kmeans	1	0	0	0	0	False	False	1	1	1	INS+66:1/1:PASS:DV21/TC21:V5TP:T2TTP:hapGT1/1	1	0	1	0	0	+66:1/1:TP	2	0	0	+66:1/0:TP;+66:0/1:TP	equal	equal	equal
1961	chr9	131414159	131414659	500	131413959	131415310	1	5	5	12	True	681	0.16	2	2	2	12	0.0	False	het	2	-	3356	-	+3356@131414409	0,3356	1,3356	False	1.0	het	2	-	3356	-	+3356@131414409	0,3356	1,3356	False	1.0	2	1961.0,1961.1	7,5	12	3358,6	0	2	1	2	kmeans	2	4	0	0	0	False	False	2	2	1	INS+3358:0/1:PASS:DV6/TC10:V5TP:T2TTP:hapGT0/1	1	0	1	0	0	+3356:0/1:TP	1	0	0	+3356:0/1:TP	equal	equal	equal
1962	chr9	131420249	131420749	500	131420049	131420949	1	9	9	21	True	69	0.138	2	2	2	21	0.0	False	cpx_het	2	size_diff	41	+41@131420494	+25@131420493	41,25	41,25	False	1.0	cpx_het	2	size_diff	41	+41@131420494	+25@131420493	41,25	41,25	False	1.0	2	1962.0,1962.1	10,11	21	24,47	0	2	0	2	kmeans	2	3	0	0	0	False	False	2	2	1	INS+47:0/1:PASS:DV9/TC18:V5ref:T2Tref:hapGT0/1	1	0	0	0	0	-	0	0	0	-	equal	equal	equal
1963	chr9	131515717	131516431	714	131515517	131516631	1	70	22	23	True	977	1.0	2	2	2	23	0.0	False	cpx_het	2	size_diff	190	+144@131515784,+46@131516023	+34@131515767,+51@131516296	190,85	162,62	False	1.0	cpx_het	2	size_diff	190	+144@131515784,+46@131516023	+34@131515767,+51@131516296	190,85	162,62	False	1.0	2	1963.0,1963.1	12,9	21	156,58	0	2	0	2	kmeans	2	0	0	0	0	False	False	1	1	3	INS+34:0/1:PASS:DV9/TC23:V5ref:T2Tref:hapGT0/0;INS+144:0/1:PASS:DV12/TC23:V5TP:T2TTP:hapGT0/1;INS+46:0/1:PASS:DV21/TC23:V5ref:T2TTP:hapGT0/0	4	0	1	0	0	+144:1/0:TP	2	0	0	+144:1/0:TP;+51:0/1:TP	equal	equal	equal
1964	chr9	131586261	131587323	1062	131586061	131587523	1	22	11	21	True	1205	1.0	2	2	2	21	0.0	False	het	2	-	644	-	-394@131586495,-250@131586971	0,-644	26,-650	False	1.0	het	2	-	644	-	-394@131586495,-250@131586971	0,-644	26,-650	False	1.0	2	1964.0,1964.1	9,12	21	22,-638	0	2	0	2	kmeans	2	1	0	0	0	False	False	1	1	2	DEL-394:0/1:PASS:DV11/TC20:V5TP:T2TTP:hapGT0/0;DEL-250:0/1:PASS:DV11/TC20:V5TP:T2TTP:hapGT0/0	2	0	2	0	0	-394:0/1:TP;-250:0/1:TP	2	0	0	-394:0/1:TP;-250:0/1:TP	equal	equal	equal
1965	chr9	131788903	131789403	500	131788703	131789603	1	17	16	17	True	293	0.586	2	2	2	16	0.0	False	hom	1	-	322	+318@131789213	+322@131789213	318,322	315,319	False	1.0	hom	1	-	322	+318@131789213	+322@131789213	318,322	315,319	False	1.0	1	1965.0	17	17	316	0	1	0	1	kmeans	1	1	0	0	0	False	False	1	1	1	INS+324:1/1:PASS:DV16/TC17:V5TP:T2TTP:hapGT1/1	1	0	1	0	0	+322:1/1:TP	2	0	0	+318:1/0:TP;+322:0/1:TP	equal	equal	equal
1966	chr9	131798312	131798812	500	131798112	131799012	1	8	8	19	False	0	0.0	2	2	2	19	0.0	False	het	2	-	89	-89@131798519	-	-89,0	-89,0	False	1.0	het	2	-	89	-89@131798519	-	-89,0	-89,0	False	1.0	2	1966.0,1966.1	11,8	19	0,-89	0	2	0	2	kmeans	2	1	0	0	0	False	False	2	2	1	DEL-89:0/1:PASS:DV8/TC18:V5TP:T2TTP:hapGT0/1	1	0	1	0	0	-89:1/0:TP	1	0	0	-89:1/0:TP	equal	equal	equal
1967	chr9	131832887	131833387	500	131832538	131833587	1	7	7	17	False	0	0.0	2	2	2	17	0.0	False	cpx_het	2	opposite_sign	30	+30@131833125	-20@131832588	30,-20	38,-20	False	1.0	cpx_het	2	opposite_sign	30	+30@131833125	-20@131832588	30,-20	38,-20	False	1.0	1	1967.0	17	17	36	0	1	0	1	kmeans	1	0	0	0	0	False	False	1	1	1	INS+30:1/1:PASS:DV17/TC17:V5ref:T2Tref:hapGT0/1	1	1	0	0	0	-	0	0	0	-	under	under	under
1968	chr9	131848695	131849195	500	131848495	131849395	1	5	5	22	True	85	0.17	2	2	2	22	0.0	False	hom	1	-	29	+29@131848901	+29@131848901	29,29	29,29	False	1.0	hom	1	-	29	+29@131848901	+29@131848901	29,29	29,29	False	1.0	1	1968.0	22	22	29	0	1	0	1	kmeans	1	1	0	0	0	False	False	1	1	0	-	0	0	0	0	0	-	0	0	0	-	equal	equal	equal
1969	chr9	131964083	131964583	500	131963883	131964783	1	17	17	24	True	153	0.306	2	2	2	24	0.0	False	hom	1	-	731	+731@131964326	+731@131964326	731,731	731,731	False	1.0	hom	1	-	731	+731@131964326	+731@131964326	731,731	731,731	False	1.0	1	1969.0	24	24	731	0	1	0	1	kmeans	2	6	1	0	0	False	False	1	1	1	INS+731:1/1:PASS:DV22/TC24:V5TP:T2TTP:hapGT1/1	1	0	1	0	0	+731:1/1:TP	1	0	0	+731:1/1:TP	equal	equal	equal
1970	chr9	132142352	132142852	500	132142152	132143052	1	10	10	12	True	155	0.31	2	2	2	12	0.0	False	hom	1	-	524	+524@132142602	+524@132142602	524,524	528,524	False	1.0	hom	1	-	524	+524@132142602	+524@132142602	524,524	528,524	False	1.0	1	1970.0	12	12	524	0	1	0	1	kmeans	2	0	1	0	0	False	False	1	1	1	INS+524:1/1:PASS:DV10/TC10:V5TP:T2TTP:hapGT1/1	1	0	1	0	0	+524:1/1:TP	2	0	0	+524:0/1:TP;+524:1/0:TP	equal	equal	equal
1971	chr9	132173736	132174236	500	132173536	132174466	1	21	21	25	True	789	1.0	2	2	2	25	0.0	False	hom	1	-	104	+104@132173939	+104@132173939	104,104	108,108	False	1.0	hom	1	-	104	+104@132173939	+104@132173939	104,104	108,108	False	1.0	1	1971.0	25	25	104	0	1	0	1	kmeans	1	3	0	0	0	False	False	1	1	1	INS+104:1/1:PASS:DV23/TC23:V5TP:T2TTP:hapGT1/1	1	0	1	0	0	+104:1/1:TP	1	0	0	+104:1/1:TP	equal	equal	equal
1972	chr9	132421401	132421901	500	132421201	132422101	1	20	20	21	False	0	0.0	2	2	2	19	0.0	False	hom	1	-	76	-76@132421610	-76@132421610	-76,-76	-76,-76	False	1.0	hom	1	-	76	-76@132421610	-76@132421610	-76,-76	-76,-76	False	1.0	1	1972.0	21	21	-76	0	1	0	1	kmeans	1	2	0	0	0	False	False	1	1	1	DEL-76:1/1:PASS:DV20/TC20:V5TP:T2TTP:hapGT1/1	1	0	1	0	0	-76:1/1:TP	1	0	0	-76:1/1:TP	equal	equal	equal
1973	chr9	132458427	132458927	500	132458227	132459127	1	10	10	26	False	0	0.0	2	2	2	26	0.0	False	het	2	-	24	+24@132458677	-	24,0	31,0	False	1.0	het	2	-	24	+24@132458677	-	24,0	31,0	False	1.0	1	1973.0	26	26	30	0	1	0	1	kmeans	1	1	0	0	0	False	False	1	1	0	-	0	0	0	0	0	-	0	0	0	-	under	under	under
1974	chr9	132485794	132486294	500	132485594	132486494	1	13	11	29	True	125	0.25	2	2	2	29	0.0	False	het	2	-	30	-	-30@132485985	0,-30	2,-33	False	1.0	het	2	-	30	-	-30@132485985	0,-30	2,-33	False	1.0	2	1974.0,1974.1	12,17	29	-30,0	0	2	0	2	kmeans	2	2	0	0	0	False	False	2	2	1	DEL-30:0/1:PASS:DV11/TC28:V5ref:T2Tref:hapGT0/1	1	0	0	0	0	-	0	0	0	-	equal	equal	equal
1975	chr9	132519404	132519904	500	132519099	132520104	1	17	12	13	True	815	1.0	2	2	2	13	0.0	False	hom	1	-	200	+200@132519499	+200@132519499	200,200	200,176	False	1.0	hom	1	-	200	+200@132519499	+200@132519499	200,200	200,176	False	1.0	1	1975.0	13	13	200	0	1	0	1	kmeans	2	1	1	0	0	False	False	1	1	1	INS+200:1/1:PASS:DV12/TC13:V5TP:T2TTP:hapGT1/1	1	0	1	0	0	+200:1/1:TP	1	0	0	+200:1/1:TP	equal	equal	equal
1976	chr9	132631991	132632491	500	132631791	132632691	1	13	12	27	True	57	0.114	2	2	2	26	0.0	False	het	2	-	54	-	+54@132632238	0,54	12,54	False	1.0	het	2	-	54	-	+54@132632238	0,54	12,54	False	1.0	2	1976.0,1976.1	13,14	27	56,12	0	2	0	2	kmeans	2	1	0	0	0	False	False	2	2	1	INS+56:0/1:PASS:DV12/TC25:V5TP:T2TTP:hapGT0/1	1	0	1	0	0	+54:0/1:TP	1	0	0	+54:0/1:TP	equal	equal	equal
1977	chr9	132686175	132686675	500	132685975	132686875	1	5	5	17	False	0	0.0	2	2	2	16	0.0	False	het	2	-	30	-30@132686410	-	-30,0	-30,3	False	1.0	het	2	-	30	-30@132686410	-	-30,0	-30,3	False	1.0	1	1977.0	17	17	0	0	1	0	1	kmeans	1	0	0	0	0	False	False	0	0	0	-	0	0	0	0	0	-	0	0	0	-	under	under	under
1978	chr9	132716492	132716992	500	132716292	132717192	1	6	6	11	True	317	0.634	2	2	2	11	0.0	False	het	2	-	45	-	-45@132716613	0,-45	0,-45	False	1.0	het	2	-	45	-	-45@132716613	0,-45	0,-45	False	1.0	2	1978.0,1978.1	3,8	11	0,-45	0	2	0	2	kmeans	2	1	0	0	0	False	False	2	2	1	DEL-45:0/1:PASS:DV6/TC9:V5ref:T2Tref:hapGT0/1	1	0	0	0	0	-	0	0	0	-	equal	equal	equal
1979	chr9	132721591	132722678	1087	132721391	132722878	1	7	3	17	False	0	0.0	2	2	2	13	0.0	False	ref	1	-	0	-	-	0,0	0,0	False	1.0	ref	1	-	0	-	-	0,0	0,0	False	1.0	1	1979.0	16	16	0	0	1	0	1	kmeans	1	0	0	0	0	False	False	1	1	0	-	0	0	0	0	0	-	0	0	0	-	equal	equal	equal
1980	chr9	132812480	132813253	773	132812280	132813453	1	20	9	15	True	410	0.53	2	2	2	15	0.0	False	cpx_het	2	size_diff	575	+29@132812530	+31@132812530,+544@132813070	29,575	29,577	False	1.0	cpx_het	2	size_diff	575	+29@132812530	+31@132812530,+544@132813070	29,575	29,577	False	1.0	2	1980.0,1980.1	8,7	15	29,575	0	2	0	2	other	0	0	0	0	0	False	False	2	2	1	INS+544:0/1:PASS:DV7/TC13:V5TP:T2TTP:hapGT0/1	1	0	1	0	0	+544:0/1:TP	1	0	0	+544:0/1:TP	equal	equal	equal
1981	chr9	132821719	132822415	696	132821519	132822615	1	6	5	14	True	809	1.0	2	2	2	14	0.0	False	cpx_het	2	size_diff	90	-90@132821769	-90@132821769,+28@132822250	-90,-62	-90,-68	False	1.0	cpx_het	2	opposite_sign	90	-90@132821769	+28@132822250	-90,28	-90,22	False	1.0	2	1981.0,1981.1	7,7	14	-88,24	0	2	0	2	kmeans	2	1	0	0	0	False	False	1	2	1	DEL-88:0/1:PASS:DV5/TC12:V5TP:T2TTP:hapGT1/1	1	1	1	0	0	-90:1/0:TP	1	0	0	-90:1/0:TP	equal	equal	equal
1982	chr9	132950446	132950946	500	132950246	132951146	1	34	18	20	False	0	0.0	2	2	2	20	0.05	False	hom	1	-	4147	+2240@132950665,+1907@132950727	+2224@132950665,+1910@132950727	4147,4134	4145,4131	False	1.0	hom	1	-	4147	+2240@132950665,+1907@132950727	+2224@132950665,+1910@132950727	4147,4134	4145,4131	False	1.0	2	1982.0,1982.1	14,6	20	4149,4147	0	2	0	1	kmeans	2	0	0	0	0	False	False	1	1	2	INS+2240:0/1:PASS:DV18/TC18:V5TP:T2Tref:hapGT0/0;INS+1909:0/1:PASS:DV17/TC18:V5TP:T2Tref:hapGT0/0	4	0	2	0	0	+2240:1/1:TP;+1910:1/1:TP	2	2	0	+2240:1/0:TP;+2224:0/1:FN;+1910:0/1:TP;+1907:1/0:FN	over	over	over
1983	chr9	133059899	133060399	500	133059699	133060599	1	3	3	21	False	0	0.0	2	2	2	18	0.0	False	ref	1	-	0	-	-	0,0	-1,0	False	1.0	ref	1	-	0	-	-	0,0	-1,0	False	1.0	1	1983.0	21	21	0	0	1	0	1	kmeans	1	4	0	0	0	False	False	1	1	1	DEL-27609:0/0:PASS:DV4/TC37:V5ref:T2Tref:hapGT0/0	0	0	0	0	0	-	0	0	0	-	equal	equal	equal
1984	chr9	133071161	133071661	500	133070961	133071861	1	15	14	16	True	551	0.988	2	2	2	16	0.0	False	cpx_het	2	opposite_sign	20327	+20327@133071339	-33@133071534	20327,-33	20327,-33	False	1.0	cpx_het	2	opposite_sign	20327	+20327@133071339	-33@133071534	20327,-33	20327,-33	False	1.0	2	1984.0,1984.1	9,6	15	-13,-99	0	2	0	2	kmeans	2	2	0	0	0	False	False	0	0	2	DEL-27609:0/0:PASS:DV4/TC37:V5ref:T2Tref:hapGT0/0;DEL-99:0/1:PASS:DV6/TC15:V5ref:T2Tref:hapGT0/0	1	0	0	0	1	-	0	0	1	-	equal	equal	equal
1985	chr9	133081027	133081527	500	133080827	133081727	1	6	6	19	False	0	0.0	2	2	2	18	0.056	False	ref	1	-	0	-	-	0,0	0,1	False	1.0	ref	1	-	0	-	-	0,0	0,1	False	1.0	2	1985.0,1985.1	13,6	19	0,-88	0	2	0	2	kmeans	2	3	0	0	0	False	False	1	1	2	DEL-27609:0/0:PASS:DV4/TC37:V5ref:T2Tref:hapGT0/0;DEL-88:0/1:PASS:DV6/TC19:V5FP:T2TFP:hapGT0/0	1	0	0	0	1	-	0	0	1	-	over	over	over
1986	chr9	133083613	133084113	500	133083413	133084313	1	5	4	19	False	0	0.0	2	2	2	18	0.111	False	ref	1	-	0	-	-	0,0	0,0	False	1.0	ref	1	-	0	-	-	0,0	0,0	False	1.0	2	1986.0,1986.1	14,5	19	0,4878	0	2	0	2	kmeans	2	4	0	0	0	False	False	1	1	2	DEL-27609:0/0:PASS:DV4/TC37:V5ref:T2Tref:hapGT0/0;INS+4873:0/1:PASS:DV5/TC18:V5FP:T2TFP:hapGT0/0	1	0	0	0	1	-	0	0	1	-	over	over	over
1987	chr9	133086975	133087475	500	133086775	133087675	1	26	18	24	True	220	0.44	2	2	2	23	0.043	False	cpx_het	2	size_diff	46	+32@133087198	+46@133087218	32,46	28,27	False	1.0	cpx_het	2	size_diff	46	+32@133087198	+46@133087218	32,46	28,27	False	1.0	2	1987.0,1987.1	20,4	24	31,211	0	1	0	2	kmeans	2	2	0	0	0	False	False	1	1	3	DEL-27609:0/0:PASS:DV4/TC37:V5ref:T2Tref:hapGT0/0;INS+199:0/0:PASS:DV4/TC22:V5ref:T2Tref:hapGT0/0;INS+31:0/1:PASS:DV18/TC23:V5ref:T2Tref:hapGT0/1	3	0	0	0	0	-	0	0	0	-	equal	equal	equal
1988	chr9	133105609	133106109	500	133105409	133106309	1	14	13	25	True	101	0.202	2	2	2	23	0.0	False	cpx_het	2	size_diff	48	-48@133105848	-24@133105848	-48,-24	-48,-24	False	1.0	cpx_het	2	size_diff	48	-48@133105848	-24@133105848	-48,-24	-48,-24	False	1.0	2	1988.0,1988.1	13,11	24	-24,-48	0	2	0	2	kmeans	2	1	0	0	0	False	False	2	2	1	DEL-48:0/1:PASS:DV11/TC24:V5ref:T2Tref:hapGT0/1	1	0	0	0	0	-	0	0	0	-	equal	equal	equal
1989	chr9	133166319	133166819	500	133166119	133167019	1	4	4	19	False	0	0.0	2	2	2	17	0.0	False	hom	1	-	28	+28@133166566	+28@133166566	28,28	28,28	False	1.0	hom	1	-	28	+28@133166566	+28@133166566	28,28	28,28	False	1.0	1	1989.0	19	19	28	0	1	0	1	kmeans	1	0	0	0	0	False	False	1	1	0	-	0	0	0	0	0	-	0	0	0	-	equal	equal	equal
1990	chr9	133168295	133169252	957	133168095	133169452	1	24	20	21	True	213	0.223	2	2	2	20	0.0	False	hom	1	-	8	-28@133168347,+36@133169117	-28@133168347,+36@133169117	8,8	8,8	False	1.0	hom	1	-	8	-28@133168347,+36@133169117	-28@133168347,+36@133169117	8,8	8,8	False	1.0	2	1990.0,1990.1	16,5	21	10,6	0	2	0	1	kmeans	2	1	0	0	0	False	False	1	1	2	DEL-30:0/1:PASS:DV5/TC20:V5ref:T2Tref:hapGT0/0;INS+36:0/1:PASS:DV21/TC21:V5ref:T2Tref:hapGT0/0	3	0	0	0	0	-	0	0	0	-	over	over	over
1991	chr9	133185278	133185896	618	133185078	133186096	1	43	22	24	False	0	0.0	2	2	2	23	0.0	False	hom	1	-	317	-317@133185328	-317@133185328	-317,-317	-326,-326	False	1.0	hom	1	-	317	-317@133185328	-317@133185328	-317,-317	-326,-326	False	1.0	1	1991.0	24	24	-329	0	1	0	1	kmeans	1	2	0	0	0	False	False	1	1	1	DEL-317:1/1:PASS:DV24/TC24:V5TP:T2TTP:hapGT1/1	1	0	1	0	0	-317:1/1:TP	1	0	0	-317:1/1:TP	equal	equal	equal
1992	chr9	133190202	133190702	500	133190002	133191873	1	23	23	25	True	1532	0.822	2	2	2	25	0.0	False	hom	1	-	196	-224@133190331,+28@133191180	-224@133190331,+28@133191180	-196,-196	-196,-196	False	1.0	hom	1	-	196	-224@133190331,+28@133191180	-224@133190331,+28@133191180	-196,-196	-196,-196	False	1.0	1	1992.0	25	25	-195	0	1	0	1	kmeans	1	2	0	0	0	False	False	1	1	1	DEL-224:1/1:PASS:DV23/TC25:V5TP:T2TTP:hapGT1/1	1	0	1	0	0	-224:1/1:TP	1	0	0	-224:1/1:TP	equal	equal	equal
1993	chr9	133254629	133255129	500	133254429	133255681	1	40	19	19	True	1020	1.0	2	2	2	19	0.0	False	hom	1	-	286	+202@133254833,+80@133254953	+206@133254833,+80@133254953	282,286	282,286	False	1.0	hom	1	-	286	+202@133254833,+80@133254953	+206@133254833,+80@133254953	282,286	282,286	False	1.0	1	1993.0	19	19	286	0	1	0	1	kmeans	1	0	0	0	0	False	False	1	1	2	INS+206:1/1:PASS:DV19/TC19:V5TP:T2TTP:hapGT1/1;INS+80:1/1:PASS:DV19/TC19:V5TP:T2TTP:hapGT0/0	2	0	2	0	0	+206:1/1:TP;+80:1/1:TP	3	0	0	+202:1/0:TP;+206:0/1:TP;+80:1/1:TP	equal	equal	equal
1994	chr9	133276081	133276581	500	133275881	133276781	1	23	20	21	False	0	0.0	2	2	2	21	0.0	False	hom	1	-	36	+36@133276163	+36@133276163	36,36	42,30	False	1.0	hom	1	-	36	+36@133276163	+36@133276163	36,36	42,30	False	1.0	1	1994.0	21	21	42	0	1	0	1	kmeans	1	0	0	0	0	False	False	1	1	1	INS+36:1/1:PASS:DV20/TC20:V5ref:T2Tref:hapGT1/1	1	0	0	0	0	-	0	0	0	-	equal	equal	equal
1995	chr9	133278628	133279128	500	133278428	133279328	1	19	19	21	False	0	0.0	2	2	2	21	0.0	False	hom	1	-	129	+129@133278856	+129@133278860	129,129	129,129	False	1.0	hom	1	-	129	+129@133278856	+129@133278860	129,129	129,129	False	1.0	1	1995.0	21	21	129	0	1	0	1	kmeans	1	1	0	0	0	False	False	1	1	1	INS+129:1/1:PASS:DV20/TC20:V5TP:T2TTP:hapGT1/1	1	0	1	0	0	+129:1/1:TP	2	0	0	+129:1/0:TP;+129:0/1:TP	equal	equal	equal
1996	chr9	133305754	133306254	500	133305554	133306454	1	19	18	18	True	333	0.62	2	2	2	18	0.0	False	hom	1	-	85	-85@133305988	-85@133305988	-85,-85	-85,-85	False	1.0	hom	1	-	85	-85@133305988	-85@133305988	-85,-85	-85,-85	False	1.0	1	1996.0	18	18	-85	0	1	0	1	kmeans	1	0	0	0	0	False	False	1	1	1	DEL-85:1/1:PASS:DV18/TC18:V5TP:T2TTP:hapGT1/1	1	0	1	0	0	-85:1/1:TP	1	0	0	-85:1/1:TP	equal	equal	equal
1997	chr9	133383220	133383720	500	133382393	133383920	1	41	26	28	True	1351	1.0	2	2	2	28	0.0	False	cpx_het	2	size_diff	611	+611@133383293	+611@133383293,-148@133383438	611,463	611,463	False	1.0	cpx_het	2	size_diff	611	+611@133383293	+611@133383293,-148@133383438	611,463	611,463	False	1.0	2	1997.0,1997.1	16,12	28	611,428	0	2	0	2	kmeans	2	2	0	0	0	False	False	2	2	2	INS+421:0/1:PASS:DV12/TC26:V5ref:T2Tref:hapGT0/1;INS+611:0/1:PASS:DV14/TC26:V5ref:T2Tref:hapGT1/1	2	1	0	1	0	-148:0/1:FN	0	1	0	-148:0/1:FN	equal	equal	equal
1998	chr9	133511802	133512302	500	133511583	133512745	1	24	23	26	True	1062	1.0	2	2	2	26	0.0	False	hom	1	-	46	-46@133512124	-46@133512124	-46,-46	-53,-53	False	1.0	hom	1	-	46	-46@133512124	-46@133512124	-46,-46	-53,-53	False	1.0	1	1998.0	26	26	-57	0	1	0	1	kmeans	1	2	0	0	0	False	False	1	1	1	DEL-50:1/1:PASS:DV23/TC25:V5FP:T2TFP:hapGT1/1	1	0	0	0	1	-	0	0	1	-	equal	equal	equal
1999	chr9	133514013	133514513	500	133513813	133514713	1	23	23	24	True	52	0.104	2	2	2	24	0.0	False	hom	1	-	342	-342@133514088	-342@133514088	-342,-342	-342,-342	False	1.0	hom	1	-	342	-342@133514088	-342@133514088	-342,-342	-342,-342	False	1.0	1	1999.0	24	24	-342	0	1	0	1	kmeans	1	0	0	0	0	False	False	1	1	1	DEL-342:1/1:PASS:DV23/TC23:V5TP:T2TTP:hapGT1/1	1	0	1	0	0	-342:1/1:TP	1	0	0	-342:1/1:TP	equal	equal	equal
2000	chr9	133539420	133539920	500	133539220	133540120	1	23	23	23	False	0	0.0	2	2	2	22	0.0	False	cpx_het	2	size_diff	54	+36@133539653	+54@133539653	36,54	36,54	False	1.0	cpx_het	2	size_diff	54	+36@133539653	+54@133539653	36,54	36,54	False	1.0	1	2000.0	23	23	36	0	1	0	1	kmeans	1	1	0	0	0	False	False	1	1	1	INS+36:1/1:PASS:DV23/TC23:V5ref:T2Tref:hapGT0/1	1	1	0	1	0	+54:0/1:FN	0	1	0	+54:0/1:FN	under	under	under
2001	chr9	133548899	133549399	500	133548699	133549599	1	24	24	26	False	0	0.0	2	2	2	23	0.0	False	hom	1	-	324	-324@133548979	-324@133548979	-324,-324	-329,-330	False	1.0	hom	1	-	324	-324@133548979	-324@133548979	-324,-324	-329,-330	False	1.0	1	2001.0	26	26	-330	0	1	0	1	kmeans	2	1	1	0	0	False	False	1	1	1	DEL-324:1/1:PASS:DV25/TC25:V5TP:T2TTP:hapGT1/1	1	0	1	0	0	-324:1/1:TP	1	0	0	-324:1/1:TP	equal	equal	equal
2002	chr9	133563738	133564814	1076	133563538	133565014	1	55	18	26	True	967	0.899	2	2	2	11	0.364	True	het	2	-	20	-20@133563904	-	-20,0	-38,-2	False	1.0	het	2	-	20	-20@133563904	-	-20,0	-38,-2	False	1.0	1	2002.0	21	21	0	0	1	0	1	kmeans	2	2	1	0	0	False	False	0	0	0	-	0	0	0	0	0	-	0	0	0	-	under	under	under
2003	chr9	133588367	133588867	500	133588167	133589067	1	20	16	19	True	170	0.34	2	2	2	19	0.0	False	hom	1	-	2052	+2052@133588612	+2035@133588612	2052,2035	2052,2035	False	1.0	hom	1	-	2052	+2052@133588612	+2035@133588612	2052,2035	2052,2035	False	1.0	2	2003.0,2003.1	9,10	19	2053,2036	0	2	0	1	other	0	2	0	0	0	False	False	1	1	1	INS+2036:0/1:PASS:DV19/TC19:V5TP:T2Tref:hapGT1/1	2	1	1	0	0	+2052:1/1:TP	1	1	0	+2052:1/0:FN;+2035:0/1:TP	over	over	over
2004	chr9	133668244	133669352	1108	133668044	133669552	1	84	15	18	True	1079	0.972	2	2	2	18	0.0	False	cpx_het	2	size_diff	1408	-42@133668299,+257@133668454,+234@133668588,+109@133668693,+250@133668865,+298@133669031,+302@133669212	+23@133668347,+114@133669224	1408,137	1435,137	False	1.0	cpx_het	2	size_diff	1408	-42@133668299,+257@133668454,+234@133668588,+109@133668693,+250@133668865,+298@133669031,+302@133669212	+23@133668347,+114@133669224	1408,137	1435,137	False	1.0	2	2004.0,2004.1	11,7	18	1426,140	0	2	0	2	kmeans	2	1	0	0	0	False	False	2	2	6	INS+183:0/1:PASS:DV8/TC15:V5ref:T2Tref:hapGT0/1;INS+327:0/1:PASS:DV8/TC15:V5ref:T2Tref:hapGT0/0;INS+250:0/1:PASS:DV8/TC15:V5ref:T2Tref:hapGT0/0;INS+297:0/1:PASS:DV8/TC16:V5ref:T2Tref:hapGT0/0;INS+319:0/1:PASS:DV9/TC16:V5ref:T2Tref:hapGT0/0;INS+117:0/1:PASS:DV7/TC16:V5ref:T2Tref:hapGT0/1	6	0	1	1	0	+1335:1/0:TP;+114:0/1:FN	1	1	0	+1335:1/0:TP;+114:0/1:FN	equal	equal	equal
2005	chr9	133705138	133705638	500	133704938	133705838	1	11	11	11	True	538	0.89	2	2	2	11	0.0	False	hom	1	-	106	-106@133705318	-106@133705318	-106,-106	-105,-105	False	1.0	hom	1	-	106	-106@133705318	-106@133705318	-106,-106	-105,-105	False	1.0	1	2005.0	11	11	-106	0	1	0	1	kmeans	1	0	0	0	0	False	False	1	1	1	DEL-106:1/1:PASS:DV11/TC11:V5TP:T2TTP:hapGT1/1	1	0	1	0	0	-106:1/1:TP	1	0	0	-106:1/1:TP	equal	equal	equal
2006	chr9	133755506	133756006	500	133755306	133756206	1	19	18	18	True	173	0.346	2	2	2	18	0.0	False	hom	1	-	1136	+1136@133755712	+1136@133755712	1136,1136	1136,1136	False	1.0	hom	1	-	1136	+1136@133755712	+1136@133755712	1136,1136	1136,1136	False	1.0	2	2006.0,2006.1	2,16	18	0,1145	0	1	0	2	kmeans	2	1	0	0	0	False	False	1	1	1	INS+1145:1/1:PASS:DV16/TC18:V5TP:T2TTP:hapGT1/1	1	0	1	0	0	+1136:1/1:TP	1	0	0	+1136:1/1:TP	over	over	over
2007	chr9	133772005	133773031	1026	133771805	133773261	1	12	7	15	True	368	0.183	2	2	2	15	0.0	False	het	2	-	43	+31@133772055,-74@133772901	-	-43,0	-49,0	False	1.0	het	2	-	43	+31@133772055,-74@133772901	-	-43,0	-49,0	False	1.0	2	2007.0,2007.1	7,8	15	-48,0	0	2	0	2	kmeans	2	2	0	0	0	False	False	2	2	2	INS+32:0/1:PASS:DV7/TC15:V5ref:T2Tref:hapGT0/0;DEL-74:0/1:PASS:DV6/TC12:V5TP:T2TTP:hapGT0/0	2	0	1	0	0	-74:1/0:TP	1	0	0	-74:1/0:TP	equal	equal	equal
2008	chr9	133786120	133786620	500	133785920	133786820	1	3	3	20	True	58	0.116	2	2	2	18	0.0	False	het	2	-	28	-	-28@133786343	0,-28	-6,-27	False	1.0	het	2	-	28	-	-28@133786343	0,-28	-6,-27	False	1.0	1	2008.0	19	19	0	0	1	0	1	kmeans	1	1	0	0	0	False	False	1	1	0	-	0	0	0	0	0	-	0	0	0	-	under	under	under
2009	chr9	133791839	133792579	740	133791639	133792779	1	24	7	17	True	741	0.932	2	2	2	16	0.0	False	het	2	-	215	-	+215@133791889	0,215	0,180	False	1.0	het	2	-	215	-	+215@133791889	0,215	0,180	False	1.0	2	2009.0,2009.1	9,7	16	0,181	0	2	0	2	kmeans	2	1	0	0	0	False	False	2	2	1	INS+215:0/1:PASS:DV7/TC17:V5TP:T2TTP:hapGT0/1	1	0	1	0	0	+215:0/1:TP	1	0	0	+215:0/1:TP	equal	equal	equal
